<?xml version="1.0" encoding="UTF-8"?>
<kml xmlns="http://www.opengis.net/kml/2.2"><Document><name>Coastline — the salt water</name><Style id="coast"><LineStyle><color>ffd68f2e</color><width>3</width></LineStyle></Style><Folder><name>Coastline</name><Placemark><styleUrl>#coast</styleUrl><LineString><tessellate>1</tessellate><coordinates>17.67078,59.1596,0 17.67101,59.1598,0 17.67041,59.16093,0 17.66933,59.16119,0 17.66901,59.16058,0 17.67017,59.15981,0 17.67018,59.15963,0 17.67078,59.1596,0</coordinates></LineString></Placemark><Placemark><styleUrl>#coast</styleUrl><LineString><tessellate>1</tessellate><coordinates>17.6701,59.14777,0 17.6708,59.14795,0 17.6708,59.14849,0 17.67,59.14883,0 17.66909,59.14852,0 17.66907,59.14822,0 17.66917,59.14799,0 17.6701,59.14777,0</coordinates></LineString></Placemark><Placemark><styleUrl>#coast</styleUrl><LineString><tessellate>1</tessellate><coordinates>17.68524,59.12697,0 17.68473,59.12788,0 17.6849,59.12792,0 17.68449,59.12812,0 17.68429,59.12794,0 17.6847,59.12786,0 17.68389,59.12714,0 17.6843,59.12697,0 17.68524,59.12697,0</coordinates></LineString></Placemark><Placemark><styleUrl>#coast</styleUrl><LineString><tessellate>1</tessellate><coordinates>18.08746,59.3237,0 18.08885,59.32437,0 18.08908,59.32469,0 18.08923,59.32506,0 18.08879,59.32559,0 18.08784,59.32619,0 18.0835,59.3278,0 18.08178,59.32814,0 18.08085,59.32744,0 18.08074,59.327,0 18.07995,59.32673,0 18.08041,59.32626,0 18.08044,59.32547,0 18.08116,59.32445,0 18.08255,59.3237,0 18.08718,59.32396,0 18.08746,59.3237,0</coordinates></LineString></Placemark><Placemark><styleUrl>#coast</styleUrl><LineString><tessellate>1</tessellate><coordinates>18.20274,59.37688,0 18.20181,59.37734,0 18.20107,59.37714,0 18.19534,59.37713,0 18.19507,59.37695,0 18.19454,59.37701,0 18.19446,59.37726,0 18.19393,59.37733,0 18.19322,59.37718,0 18.19301,59.37686,0 18.191,59.37732,0 18.18901,59.37727,0 18.18766,59.37742,0 18.18771,59.37782,0 18.18733,59.37788,0</coordinates></LineString></Placemark><Placemark><styleUrl>#coast</styleUrl><LineString><tessellate>1</tessellate><coordinates>18.08037,59.37484,0 18.08212,59.37472,0 18.08484,59.37377,0 18.08779,59.37318,0 18.08915,59.37339,0 18.08981,59.37327,0 18.09055,59.37348,0 18.09079,59.37368,0 18.09154,59.37381,0 18.09194,59.37421,0 18.09158,59.37431,0 18.09177,59.37448,0 18.09203,59.37443,0 18.09202,59.37425,0 18.09286,59.37412,0 18.09374,59.37373,0 18.09424,59.37376,0 18.09483,59.37358,0</coordinates></LineString></Placemark><Placemark><styleUrl>#coast</styleUrl><LineString><tessellate>1</tessellate><coordinates>18.17784,59.32943,0 18.17796,59.32976,0 18.17642,59.32971,0 18.17563,59.32932,0 18.1736,59.32874,0 18.17278,59.32874,0 18.17208,59.32828,0 18.17333,59.32773,0 18.17412,59.32701,0 18.17476,59.32694,0 18.17494,59.3272,0 18.17597,59.3277,0 18.1771,59.32745,0 18.17714,59.32724,0 18.17763,59.3271,0 18.17889,59.32705,0 18.17943,59.32725,0 18.17956,59.32751,0 18.17827,59.32773,0 18.17815,59.32842,0 18.17788,59.32859,0 18.17704,59.32847,0 18.17677,59.32868,0 18.1769,59.32905,0 18.17747,59.32894,0 18.17833,59.32919,0 18.17784,59.32943,0</coordinates></LineString></Placemark><Placemark><styleUrl>#coast</styleUrl><LineString><tessellate>1</tessellate><coordinates>18.17662,59.33224,0 18.17635,59.3323,0 18.17619,59.33199,0 18.17741,59.33159,0 18.17807,59.33181,0 18.17787,59.33215,0 18.17849,59.33245,0 18.17662,59.33224,0</coordinates></LineString></Placemark><Placemark><styleUrl>#coast</styleUrl><LineString><tessellate>1</tessellate><coordinates>18.17345,59.33146,0 18.17355,59.33199,0 18.17268,59.3323,0 18.17162,59.33194,0 18.17113,59.33203,0 18.17085,59.33187,0 18.17054,59.33207,0 18.17075,59.33177,0 18.17022,59.33161,0 18.16968,59.33115,0 18.16934,59.33099,0 18.16805,59.33099,0 18.16747,59.33045,0 18.16771,59.33026,0 18.16864,59.3302,0 18.17006,59.33061,0 18.17154,59.33026,0 18.17184,59.33036,0 18.17191,59.3309,0 18.17245,59.33096,0 18.173,59.33066,0 18.17309,59.33081,0 18.1728,59.33091,0 18.17299,59.33097,0 18.17258,59.3313,0 18.17288,59.33148,0 18.17345,59.33146,0</coordinates></LineString></Placemark><Placemark><styleUrl>#coast</styleUrl><LineString><tessellate>1</tessellate><coordinates>18.25457,59.29788,0 18.25276,59.29797,0 18.2521,59.29767,0 18.25286,59.29733,0 18.25247,59.29701,0 18.25327,59.29656,0 18.25668,59.29635,0 18.25715,59.29646,0 18.25759,59.29632,0 18.25871,59.29635,0 18.25891,59.29655,0</coordinates></LineString></Placemark><Placemark><styleUrl>#coast</styleUrl><LineString><tessellate>1</tessellate><coordinates>18.169,59.36742,0 18.16741,59.36754,0 18.16703,59.36738,0 18.16722,59.36719,0 18.16916,59.36656,0 18.16936,59.3666,0 18.16931,59.36723,0 18.169,59.36742,0</coordinates></LineString></Placemark><Placemark><styleUrl>#coast</styleUrl><LineString><tessellate>1</tessellate><coordinates>18.05118,59.37877,0 18.05084,59.37866,0 18.05081,59.37831,0 18.05154,59.37739,0 18.05274,59.37678,0 18.0547,59.37663,0 18.05473,59.37728,0 18.05514,59.3774,0 18.05512,59.37755,0 18.05418,59.37786,0 18.05306,59.37857,0 18.05118,59.37877,0</coordinates></LineString></Placemark><Placemark><styleUrl>#coast</styleUrl><LineString><tessellate>1</tessellate><coordinates>18.13699,59.39507,0 18.13652,59.39521,0 18.13616,59.39508,0 18.13503,59.39539,0 18.13424,59.39518,0 18.1339,59.39578,0 18.13244,59.39645,0 18.13081,59.39604,0 18.13015,59.39604,0 18.12953,59.39628,0 18.12888,59.39632,0 18.12878,59.3962,0 18.12921,59.39586,0 18.13016,59.39558,0 18.13016,59.39536,0 18.13135,59.39528,0 18.13304,59.39468,0 18.13423,59.39388,0 18.13394,59.39367,0 18.1349,59.39334,0 18.13731,59.39318,0 18.13798,59.39369,0 18.13733,59.394,0 18.13765,59.39414,0 18.13678,59.39471,0 18.13695,59.39476,0</coordinates></LineString></Placemark><Placemark><styleUrl>#coast</styleUrl><LineString><tessellate>1</tessellate><coordinates>18.12715,59.39796,0 18.12806,59.3971,0 18.12843,59.39698,0 18.12884,59.39691,0 18.12876,59.39709,0 18.12969,59.39721,0 18.12995,59.39739,0 18.1299,59.39771,0 18.12952,59.39791,0 18.12832,59.39812,0 18.12715,59.39796,0</coordinates></LineString></Placemark><Placemark><styleUrl>#coast</styleUrl><LineString><tessellate>1</tessellate><coordinates>18.12599,59.39592,0 18.12665,59.39519,0 18.12657,59.395,0 18.12697,59.39482,0 18.1276,59.39468,0 18.12836,59.39489,0 18.1287,59.39535,0 18.12773,59.39612,0 18.12681,59.39639,0 18.12599,59.39592,0</coordinates></LineString></Placemark><Placemark><styleUrl>#coast</styleUrl><LineString><tessellate>1</tessellate><coordinates>18.10983,59.40152,0 18.11057,59.40104,0 18.11086,59.40202,0 18.10937,59.40251,0 18.10906,59.40228,0 18.10983,59.40152,0</coordinates></LineString></Placemark><Placemark><styleUrl>#coast</styleUrl><LineString><tessellate>1</tessellate><coordinates>18.10104,59.32883,0 18.10137,59.32892,0 18.10116,59.32915,0 18.10089,59.32911,0 18.10104,59.32883,0</coordinates></LineString></Placemark><Placemark><styleUrl>#coast</styleUrl><LineString><tessellate>1</tessellate><coordinates>18.34634,59.39191,0 18.34717,59.39182,0 18.34828,59.39128,0 18.34928,59.39128,0 18.35062,59.39298,0 18.35044,59.39345,0 18.34927,59.39339,0 18.34783,59.39399,0 18.34517,59.39358,0 18.34478,59.39258,0 18.34634,59.39191,0</coordinates></LineString></Placemark><Placemark><styleUrl>#coast</styleUrl><LineString><tessellate>1</tessellate><coordinates>18.35379,59.38901,0 18.35334,59.38918,0 18.3536,59.38927,0 18.35325,59.38948,0 18.35336,59.38937,0 18.35259,59.38899,0 18.35295,59.38855,0 18.35362,59.38832,0 18.35405,59.38848,0 18.35379,59.38901,0</coordinates></LineString></Placemark><Placemark><styleUrl>#coast</styleUrl><LineString><tessellate>1</tessellate><coordinates>18.35307,59.37992,0 18.35101,59.3803,0 18.35019,59.3801,0 18.35262,59.37903,0 18.35377,59.3791,0 18.35402,59.37926,0 18.35388,59.37976,0 18.35307,59.37992,0</coordinates></LineString></Placemark><Placemark><styleUrl>#coast</styleUrl><LineString><tessellate>1</tessellate><coordinates>18.35625,59.37999,0 18.3567,59.37951,0 18.35741,59.37923,0 18.35888,59.37897,0 18.35934,59.37918,0 18.35962,59.37964,0 18.3594,59.37976,0 18.35843,59.37978,0 18.35725,59.38005,0 18.35625,59.37999,0</coordinates></LineString></Placemark><Placemark><styleUrl>#coast</styleUrl><LineString><tessellate>1</tessellate><coordinates>18.39554,59.43013,0 18.39555,59.42973,0 18.39479,59.42986,0 18.39477,59.42971,0 18.39555,59.42954,0 18.39554,59.42924,0 18.3961,59.42925,0 18.39649,59.42902,0 18.39696,59.42898,0 18.39786,59.42906,0 18.39798,59.42929,0 18.39839,59.42935,0 18.39898,59.42912,0 18.40124,59.42904,0 18.40186,59.42936,0 18.40198,59.42975,0</coordinates></LineString></Placemark><Placemark><styleUrl>#coast</styleUrl><LineString><tessellate>1</tessellate><coordinates>18.40138,59.43059,0 18.40082,59.43078,0 18.3997,59.43072,0 18.39825,59.43044,0 18.39757,59.4299,0 18.39675,59.43009,0 18.39554,59.43013,0</coordinates></LineString></Placemark><Placemark><styleUrl>#coast</styleUrl><LineString><tessellate>1</tessellate><coordinates>18.21673,59.36766,0 18.21856,59.36762,0 18.22146,59.36693,0 18.22232,59.36616,0 18.22408,59.36589,0 18.2249,59.36496,0 18.22569,59.36466,0 18.22658,59.36457,0 18.22803,59.36483,0 18.22885,59.36452,0 18.23171,59.36423,0 18.2332,59.36422,0 18.23381,59.36437,0 18.23471,59.36422,0 18.23898,59.36428,0 18.24262,59.36353,0 18.24474,59.36336,0 18.24539,59.36307,0</coordinates></LineString></Placemark><Placemark><styleUrl>#coast</styleUrl><LineString><tessellate>1</tessellate><coordinates>18.11185,59.39876,0 18.112,59.3986,0 18.11185,59.39876,0</coordinates></LineString></Placemark><Placemark><styleUrl>#coast</styleUrl><LineString><tessellate>1</tessellate><coordinates>18.11377,59.41777,0 18.11372,59.41828,0 18.1135,59.4185,0 18.11323,59.41845,0 18.11286,59.41862,0 18.11301,59.41893,0 18.11272,59.4192,0 18.1125,59.41926,0 18.11207,59.41907,0 18.11208,59.41946,0 18.11135,59.41936,0 18.11083,59.41968,0 18.11081,59.42043,0 18.11049,59.42047,0 18.10989,59.41999,0 18.10951,59.42002,0 18.10969,59.42019,0 18.10926,59.42042,0 18.1089,59.4211,0 18.10805,59.42124,0 18.10763,59.42092,0 18.10685,59.42101,0 18.1062,59.42076,0 18.10616,59.42017,0 18.10721,59.41902,0 18.10741,59.41936,0 18.10763,59.41926,0 18.10718,59.41893,0 18.10751,59.41911,0 18.10775,59.41904,0 18.10742,59.4189,0 18.10791,59.4188,0 18.10777,59.41856,0 18.10819,59.41877,0 18.10836,59.41851,0 18.10904,59.41848,0 18.10959,59.41885,0 18.11111,59.41848,0 18.11164,59.41819,0 18.11116,59.41764,0 18.11174,59.4179,0 18.1115,59.41777,0 18.11261,59.4174,0 18.11293,59.41775,0 18.11352,59.41766,0 18.11377,59.41777,0</coordinates></LineString></Placemark><Placemark><styleUrl>#coast</styleUrl><LineString><tessellate>1</tessellate><coordinates>18.15477,59.4213,0 18.15384,59.4217,0 18.15338,59.42146,0 18.15311,59.42112,0 18.1534,59.42052,0 18.15411,59.4199,0 18.15458,59.4198,0 18.15505,59.42008,0 18.15523,59.42069,0</coordinates></LineString></Placemark><Placemark><styleUrl>#coast</styleUrl><LineString><tessellate>1</tessellate><coordinates>18.11363,59.40522,0 18.1131,59.40566,0 18.11347,59.40585,0 18.11355,59.4062,0 18.11302,59.40682,0 18.11225,59.40688,0 18.11134,59.40739,0 18.11076,59.40741,0 18.10948,59.40793,0 18.10894,59.40845,0 18.10878,59.40827,0 18.1081,59.40829,0 18.10733,59.40795,0 18.10704,59.40737,0 18.10741,59.40651,0 18.10794,59.40612,0 18.10995,59.40536,0 18.11012,59.40514,0 18.11018,59.40527,0 18.11172,59.40504,0 18.11215,59.4048,0 18.11254,59.40508,0 18.11345,59.4051,0 18.11363,59.40522,0</coordinates></LineString></Placemark><Placemark><styleUrl>#coast</styleUrl><LineString><tessellate>1</tessellate><coordinates>18.11659,59.40647,0 18.11697,59.40671,0 18.11695,59.407,0 18.11601,59.40773,0 18.11553,59.40782,0 18.11518,59.40768,0 18.11521,59.40687,0 18.11592,59.40654,0 18.11659,59.40647,0</coordinates></LineString></Placemark><Placemark><styleUrl>#coast</styleUrl><LineString><tessellate>1</tessellate><coordinates>18.10974,59.41018,0 18.11024,59.41029,0 18.11055,59.41111,0 18.11035,59.41139,0 18.10978,59.41142,0 18.10955,59.41157,0 18.10953,59.4124,0 18.10808,59.41304,0 18.10725,59.41251,0 18.10726,59.41175,0 18.10845,59.41081,0 18.10974,59.41018,0</coordinates></LineString></Placemark><Placemark><styleUrl>#coast</styleUrl><LineString><tessellate>1</tessellate><coordinates>18.12098,59.40977,0 18.1216,59.40995,0 18.12156,59.41011,0 18.12191,59.41022,0 18.12175,59.4104,0 18.11997,59.41068,0 18.11933,59.41108,0 18.11837,59.41124,0 18.11799,59.41112,0 18.11764,59.41078,0 18.11886,59.40985,0 18.12098,59.40977,0</coordinates></LineString></Placemark><Placemark><styleUrl>#coast</styleUrl><LineString><tessellate>1</tessellate><coordinates>18.11197,59.39932,0 18.11208,59.40005,0 18.11085,59.40088,0 18.11049,59.40066,0 18.11054,59.4004,0 18.11197,59.39932,0</coordinates></LineString></Placemark><Placemark><styleUrl>#coast</styleUrl><LineString><tessellate>1</tessellate><coordinates>18.12131,59.41146,0 18.12156,59.41167,0 18.12235,59.41174,0 18.12256,59.41198,0 18.12191,59.41247,0 18.12094,59.41263,0 18.12063,59.4124,0 18.12131,59.41146,0</coordinates></LineString></Placemark><Placemark><styleUrl>#coast</styleUrl><LineString><tessellate>1</tessellate><coordinates>18.05051,59.37489,0 18.04852,59.37587,0 18.04916,59.37596,0 18.05042,59.37586,0 18.05011,59.376,0 18.05026,59.37667,0 18.05105,59.37714,0 18.05102,59.37732,0 18.04934,59.37864,0 18.04829,59.37919,0 18.04793,59.37973,0 18.04599,59.38065,0 18.04547,59.38109,0 18.04541,59.38148,0 18.04608,59.38204,0 18.04957,59.38141,0 18.05207,59.38048,0 18.0531,59.3803,0 18.05386,59.37974,0 18.0548,59.37936,0 18.05554,59.37927,0 18.05763,59.37848,0 18.05816,59.37847,0 18.05933,59.37813,0 18.06151,59.3781,0 18.06215,59.37828,0 18.0629,59.37811,0 18.06546,59.37816,0 18.06654,59.37791,0 18.06713,59.37809,0 18.06764,59.37862,0 18.06754,59.37877,0 18.0686,59.37918,0 18.07038,59.37957,0 18.07194,59.37899,0 18.07326,59.3789,0 18.07465,59.37846,0 18.0754,59.37835,0 18.07612,59.37851,0 18.0774,59.37824,0 18.07889,59.37866,0 18.07916,59.37913,0 18.07976,59.37939,0 18.08128,59.37914,0 18.08292,59.3791,0 18.08257,59.37955,0 18.08299,59.37976,0 18.08304,59.38001,0 18.082,59.3803,0 18.0835,59.38105,0 18.08406,59.38164,0 18.08302,59.38289,0 18.082,59.38364,0 18.08128,59.3853,0 18.0816,59.38547,0 18.08233,59.38543,0 18.08336,59.38497,0 18.0845,59.38485,0 18.0851,59.38458,0 18.08584,59.38508,0 18.08569,59.38593,0 18.08612,59.38658,0</coordinates></LineString></Placemark><Placemark><styleUrl>#coast</styleUrl><LineString><tessellate>1</tessellate><coordinates>18.07327,59.37152,0 18.07186,59.37156,0 18.07007,59.37233,0 18.0692,59.37247,0 18.06854,59.37287,0 18.0682,59.37285,0 18.06818,59.373,0 18.06758,59.37303,0 18.06588,59.37417,0 18.06285,59.37452,0 18.06128,59.37385,0 18.06016,59.37367,0 18.05981,59.37347,0 18.05789,59.37337,0 18.05633,59.3728,0 18.0553,59.37326,0</coordinates></LineString></Placemark><Placemark><styleUrl>#coast</styleUrl><LineString><tessellate>1</tessellate><coordinates>18.11581,59.36262,0 18.11688,59.36188,0 18.11709,59.36142,0 18.11756,59.36124,0 18.11796,59.35957,0 18.1192,59.35872,0 18.12145,59.35788,0</coordinates></LineString></Placemark><Placemark><styleUrl>#coast</styleUrl><LineString><tessellate>1</tessellate><coordinates>18.11013,59.39027,0 18.1092,59.39039,0 18.10903,59.39097,0 18.10879,59.39106,0 18.10762,59.3911,0 18.10608,59.39088,0</coordinates></LineString></Placemark><Placemark><styleUrl>#coast</styleUrl><LineString><tessellate>1</tessellate><coordinates>18.32544,59.41651,0 18.32475,59.4162,0 18.32316,59.41653,0 18.32138,59.41643,0 18.32117,59.41574,0 18.32005,59.41541,0 18.31885,59.41471,0 18.31881,59.41425,0 18.32008,59.41337,0 18.32113,59.41298,0 18.32237,59.41288,0 18.32372,59.41299,0 18.32391,59.41308,0 18.32373,59.41332,0 18.32441,59.41338,0 18.32574,59.41401,0 18.32571,59.41414,0 18.32628,59.41424,0 18.32633,59.41411,0 18.33095,59.41383,0 18.33182,59.41415,0 18.33196,59.41435,0 18.33241,59.41427,0 18.33337,59.41444,0 18.33393,59.41427,0 18.33476,59.41434,0 18.33497,59.41454,0 18.33542,59.41452,0 18.33574,59.41498,0 18.33621,59.41514,0 18.33682,59.41513,0 18.33724,59.41512,0 18.33793,59.41469,0 18.33903,59.41442,0 18.33961,59.41466,0 18.34103,59.41475,0 18.34362,59.41443,0 18.3435,59.41425,0 18.34386,59.4137,0 18.34553,59.41378,0 18.34676,59.41325,0 18.34768,59.41245,0 18.35002,59.41163,0 18.35075,59.41196,0 18.35218,59.41228,0 18.35248,59.41301,0 18.35186,59.41339,0 18.35073,59.41325,0 18.3503,59.41444,0 18.34801,59.41513,0 18.34731,59.4149,0 18.34595,59.41487,0 18.3453,59.41511,0 18.34492,59.41496,0 18.34445,59.4157,0 18.34344,59.41616,0 18.34169,59.41643,0 18.3414,59.41632,0 18.33998,59.41691,0 18.33936,59.41674,0 18.33923,59.41689,0 18.33849,59.41687,0 18.33844,59.41701,0 18.33834,59.41687,0 18.33811,59.4171,0 18.33802,59.417,0 18.33703,59.41716,0 18.33596,59.41709,0 18.3348,59.41755,0 18.33131,59.41797,0 18.33006,59.41788,0 18.32938,59.4174,0 18.32763,59.41736,0 18.32676,59.41676,0 18.32639,59.4168,0 18.32544,59.41651,0</coordinates></LineString></Placemark><Placemark><styleUrl>#coast</styleUrl><LineString><tessellate>1</tessellate><coordinates>18.41324,59.408,0 18.41204,59.40824,0 18.41139,59.40794,0 18.41053,59.40801,0 18.41029,59.40769,0 18.41153,59.40667,0 18.41202,59.40666,0 18.41373,59.40608,0 18.41434,59.40609,0</coordinates></LineString></Placemark><Placemark><styleUrl>#coast</styleUrl><LineString><tessellate>1</tessellate><coordinates>18.36273,59.4413,0 18.36378,59.44158,0 18.3635,59.44209,0 18.36282,59.4422,0 18.3625,59.44205,0 18.36139,59.44197,0 18.36124,59.44175,0 18.36201,59.4414,0 18.36273,59.4413,0</coordinates></LineString></Placemark><Placemark><styleUrl>#coast</styleUrl><LineString><tessellate>1</tessellate><coordinates>18.35688,59.44212,0 18.35748,59.44176,0 18.35783,59.44176,0 18.35773,59.442,0 18.35849,59.44211,0 18.35843,59.4423,0 18.35801,59.4426,0 18.3563,59.443,0 18.35638,59.44237,0 18.35688,59.44212,0</coordinates></LineString></Placemark><Placemark><styleUrl>#coast</styleUrl><LineString><tessellate>1</tessellate><coordinates>18.3105,59.41727,0 18.31155,59.4171,0 18.31505,59.41709,0 18.31696,59.41812,0 18.31883,59.41797,0 18.31986,59.41805,0 18.32049,59.41852,0 18.32155,59.41877,0 18.32249,59.41881,0 18.32305,59.41859,0 18.32395,59.41883,0 18.32521,59.41882,0 18.3271,59.41919,0 18.3294,59.4199,0 18.3314,59.42011,0 18.33146,59.42034,0 18.33118,59.42052,0 18.32987,59.42076,0 18.32976,59.42095,0 18.33006,59.42099,0 18.33042,59.42144,0 18.33137,59.42165,0 18.33245,59.42163,0 18.33321,59.42189,0 18.33329,59.42209,0 18.33303,59.42218,0 18.33326,59.42233,0 18.33322,59.4228,0 18.33389,59.42287,0 18.33381,59.42306,0 18.33424,59.42303,0 18.33432,59.42318,0 18.33501,59.42318,0 18.33515,59.42336,0 18.33608,59.42342,0 18.33668,59.42362,0 18.33694,59.42391,0 18.33718,59.42369,0 18.33721,59.42387,0 18.33796,59.42398,0 18.33904,59.42458,0 18.33949,59.42445,0 18.34027,59.42471,0 18.34156,59.42483,0 18.34123,59.42533,0 18.34183,59.42498,0 18.34204,59.42507,0 18.34185,59.42522,0 18.34307,59.42556,0 18.34296,59.42568,0</coordinates></LineString></Placemark><Placemark><styleUrl>#coast</styleUrl><LineString><tessellate>1</tessellate><coordinates>18.34258,59.41989,0 18.34232,59.42026,0 18.3425,59.42093,0 18.34222,59.422,0 18.34187,59.42218,0 18.34117,59.42199,0 18.33955,59.42223,0 18.33929,59.42215,0 18.33879,59.42162,0 18.33929,59.42079,0 18.34057,59.42014,0 18.3415,59.41987,0 18.34258,59.41989,0</coordinates></LineString></Placemark><Placemark><styleUrl>#coast</styleUrl><LineString><tessellate>1</tessellate><coordinates>18.35062,59.41769,0 18.35058,59.41842,0 18.35003,59.41888,0 18.34891,59.4191,0 18.34774,59.41888,0 18.34766,59.41822,0 18.34809,59.41802,0 18.34921,59.41766,0 18.35062,59.41769,0</coordinates></LineString></Placemark><Placemark><styleUrl>#coast</styleUrl><LineString><tessellate>1</tessellate><coordinates>18.33419,59.38395,0 18.33402,59.38421,0 18.33275,59.38469,0 18.33254,59.38452,0 18.33185,59.38449,0 18.3316,59.38427,0 18.33273,59.38381,0 18.33419,59.38395,0</coordinates></LineString></Placemark><Placemark><styleUrl>#coast</styleUrl><LineString><tessellate>1</tessellate><coordinates>18.33171,59.38175,0 18.33197,59.38171,0 18.33202,59.38203,0 18.33153,59.38282,0 18.33021,59.38326,0 18.32816,59.38329,0 18.33013,59.38184,0 18.33171,59.38175,0</coordinates></LineString></Placemark><Placemark><styleUrl>#coast</styleUrl><LineString><tessellate>1</tessellate><coordinates>18.34936,59.37205,0 18.35017,59.37184,0 18.35074,59.37191,0 18.35137,59.37221,0 18.35076,59.37241,0 18.34994,59.37208,0 18.34938,59.37223,0 18.34983,59.37235,0 18.34923,59.37239,0 18.34936,59.37205,0</coordinates></LineString></Placemark><Placemark><styleUrl>#coast</styleUrl><LineString><tessellate>1</tessellate><coordinates>18.26428,59.37009,0 18.26475,59.37082,0 18.26387,59.37138,0 18.26303,59.3715,0 18.2633,59.3717,0 18.26281,59.37184,0 18.26319,59.37212,0 18.26305,59.37223,0 18.26272,59.37231,0 18.26309,59.37212,0 18.26263,59.3719,0 18.26212,59.37222,0 18.26187,59.37207,0 18.26139,59.37223,0 18.2614,59.37243,0 18.26219,59.37232,0 18.26228,59.37246,0 18.26128,59.37251,0 18.2608,59.3724,0 18.26076,59.3723,0 18.26123,59.37236,0 18.26136,59.37215,0 18.26108,59.37202,0 18.26085,59.37214,0 18.26112,59.37174,0 18.26056,59.37131,0 18.26096,59.37082,0 18.26139,59.37069,0 18.262,59.37075,0 18.26335,59.36996,0 18.26428,59.37009,0</coordinates></LineString></Placemark><Placemark><styleUrl>#coast</styleUrl><LineString><tessellate>1</tessellate><coordinates>18.273,59.3671,0 18.27279,59.36692,0 18.27318,59.36645,0 18.2743,59.3663,0 18.27487,59.36672,0 18.27501,59.36744,0 18.2741,59.36765,0 18.273,59.3671,0</coordinates></LineString></Placemark><Placemark><styleUrl>#coast</styleUrl><LineString><tessellate>1</tessellate><coordinates>18.27163,59.25771,0 18.27122,59.25781,0 18.27087,59.25818,0 18.27021,59.25828,0 18.26971,59.25886,0</coordinates></LineString></Placemark><Placemark><styleUrl>#coast</styleUrl><LineString><tessellate>1</tessellate><coordinates>18.20432,59.36505,0 18.20422,59.36487,0 18.20489,59.36493,0 18.20464,59.36512,0 18.20432,59.36505,0</coordinates></LineString></Placemark><Placemark><styleUrl>#coast</styleUrl><LineString><tessellate>1</tessellate><coordinates>18.06923,59.32907,0 18.07002,59.32922,0</coordinates></LineString></Placemark><Placemark><styleUrl>#coast</styleUrl><LineString><tessellate>1</tessellate><coordinates>18.31231,59.35874,0 18.31132,59.3592,0 18.31154,59.35957,0 18.31072,59.36014,0 18.3098,59.36049,0 18.30879,59.36051,0 18.30875,59.35993,0 18.30234,59.3608,0</coordinates></LineString></Placemark><Placemark><styleUrl>#coast</styleUrl><LineString><tessellate>1</tessellate><coordinates>18.09097,59.39014,0 18.09105,59.3905,0 18.09059,59.39135,0 18.09156,59.39176,0 18.09183,59.3923,0 18.09237,59.39254,0 18.09306,59.39257,0 18.0938,59.39208,0 18.09384,59.39245,0 18.09327,59.39331,0 18.09449,59.3939,0 18.09316,59.39524,0 18.09386,59.39608,0 18.09659,59.39634,0 18.09702,59.39607,0 18.09752,59.39623,0 18.09792,59.39663,0 18.09881,59.39639,0 18.09927,59.39681,0 18.09981,59.39675,0 18.10004,59.3965,0 18.10104,59.39621,0 18.10263,59.3959,0 18.10298,59.39649,0 18.1028,59.39689,0</coordinates></LineString></Placemark><Placemark><styleUrl>#coast</styleUrl><LineString><tessellate>1</tessellate><coordinates>18.1708,59.43429,0 18.17118,59.43412,0 18.17263,59.43398,0 18.17276,59.43429,0 18.17312,59.43449,0 18.17335,59.43445,0 18.17382,59.4349,0 18.17453,59.43507,0 18.17575,59.43486,0 18.17763,59.43512,0 18.17896,59.43482,0 18.18198,59.43567,0 18.18315,59.43577,0 18.18507,59.43733,0 18.18538,59.43836,0 18.1864,59.43903,0 18.18727,59.4402,0 18.18887,59.44083,0 18.1902,59.44092,0 18.19063,59.44109,0 18.19046,59.44151,0 18.19301,59.44447,0 18.19483,59.44506,0 18.19547,59.44512,0 18.19695,59.44489,0 18.19685,59.44499,0 18.19724,59.44492,0 18.19887,59.44527,0 18.19914,59.44517,0 18.19976,59.44544,0 18.20181,59.44545,0 18.20213,59.44529,0 18.20235,59.44552,0 18.20229,59.44527,0 18.20288,59.44522,0 18.20408,59.44458,0 18.20465,59.44477,0 18.20419,59.4445,0 18.20498,59.44355,0 18.20376,59.44226,0 18.20331,59.44204,0 18.2016,59.44172,0 18.20139,59.44116,0 18.20231,59.44009,0 18.20421,59.43912,0 18.20608,59.43972,0 18.20745,59.44038,0 18.20892,59.44067,0 18.20857,59.44101,0 18.20909,59.4407,0 18.20985,59.4413,0 18.20958,59.44082,0 18.21035,59.44054,0 18.21052,59.44009,0 18.20995,59.43988,0 18.20939,59.43989,0 18.20823,59.43868,0 18.2068,59.43831,0 18.20612,59.43789,0 18.20581,59.43739,0 18.20456,59.43714,0 18.20368,59.43617,0 18.20393,59.43563,0 18.20359,59.43541,0 18.20267,59.43526,0 18.20185,59.43546,0 18.1989,59.4353,0 18.19786,59.43388,0 18.19737,59.43389,0 18.19713,59.43313,0 18.19667,59.43276,0 18.19753,59.43155,0 18.19736,59.43125,0 18.19895,59.43053,0 18.19844,59.43001,0 18.1977,59.42986,0 18.19651,59.42996,0 18.19596,59.43037,0 18.19606,59.43097,0 18.1957,59.43131,0 18.19363,59.43196,0 18.19332,59.43122,0 18.1928,59.43107,0 18.19287,59.4308,0 18.19375,59.43034,0 18.1935,59.43017,0 18.19185,59.43011,0 18.19105,59.42983,0 18.19071,59.43001,0</coordinates></LineString></Placemark><Placemark><styleUrl>#coast</styleUrl><LineString><tessellate>1</tessellate><coordinates>18.29831,59.38867,0 18.29831,59.3891,0 18.2987,59.38925,0 18.30101,59.38928,0 18.30442,59.38896,0 18.30496,59.38904,0 18.30611,59.38977,0 18.30687,59.38956,0 18.30785,59.38969,0 18.30928,59.38949,0 18.30973,59.38979,0 18.30969,59.39013,0 18.31032,59.39077,0 18.31139,59.3906,0 18.312,59.39098,0 18.31269,59.39086,0 18.31314,59.39029,0 18.31442,59.38949,0 18.31552,59.38916,0 18.32043,59.38886,0 18.32298,59.38843,0 18.32465,59.38856,0 18.32633,59.38828,0 18.32663,59.38843,0 18.32648,59.3889,0</coordinates></LineString></Placemark><Placemark><styleUrl>#coast</styleUrl><LineString><tessellate>1</tessellate><coordinates>18.16587,59.38445,0 18.16605,59.38419,0 18.16667,59.38405,0 18.16662,59.38388,0 18.16688,59.3839,0 18.1678,59.38327,0 18.16812,59.38208,0 18.16744,59.38197,0 18.16778,59.38183,0 18.16779,59.38153,0 18.16726,59.38157,0 18.16774,59.38048,0 18.16809,59.38043,0 18.16867,59.37987,0 18.16956,59.37971,0 18.17222,59.3787,0 18.17199,59.37826,0</coordinates></LineString></Placemark><Placemark><styleUrl>#coast</styleUrl><LineString><tessellate>1</tessellate><coordinates>18.15557,59.38314,0 18.15492,59.38313,0 18.15442,59.38341,0 18.15256,59.38378,0 18.15115,59.38365,0 18.14994,59.38399,0 18.14878,59.38451,0 18.14861,59.38475,0 18.14803,59.38485,0 18.14792,59.385,0 18.14851,59.3853,0 18.1487,59.38571,0 18.14753,59.38598,0 18.14774,59.38617,0 18.14748,59.38658,0 18.14678,59.38631,0 18.14566,59.38671,0 18.14544,59.38699,0</coordinates></LineString></Placemark><Placemark><styleUrl>#coast</styleUrl><LineString><tessellate>1</tessellate><coordinates>18.14203,59.38931,0 18.14099,59.3892,0 18.14036,59.38892,0 18.13972,59.38891,0 18.13888,59.38903,0 18.13853,59.38923,0 18.1384,59.38968,0 18.13763,59.38983,0</coordinates></LineString></Placemark><Placemark><styleUrl>#coast</styleUrl><LineString><tessellate>1</tessellate><coordinates>18.10001,59.37925,0 18.10074,59.37874,0 18.10031,59.3783,0 18.10144,59.37743,0 18.10337,59.37709,0 18.10448,59.3764,0 18.10636,59.37579,0 18.10715,59.37531,0 18.1095,59.37499,0 18.11065,59.37458,0 18.11081,59.37429,0 18.11039,59.37401,0 18.1106,59.37322,0 18.11134,59.37293,0 18.11178,59.3725,0 18.11251,59.37244,0 18.11291,59.37259,0 18.11376,59.37231,0 18.11386,59.37197,0 18.11332,59.37168,0 18.11339,59.37133,0 18.11436,59.37045,0 18.11605,59.36988,0 18.11637,59.36903,0 18.11659,59.36901,0 18.11718,59.36987,0 18.11882,59.36968,0 18.11987,59.36932,0 18.11919,59.36863,0 18.1174,59.36795,0 18.1166,59.36816,0 18.11443,59.36809,0 18.11419,59.36762,0 18.11489,59.36717,0 18.11497,59.3669,0 18.11464,59.36646,0</coordinates></LineString></Placemark><Placemark><styleUrl>#coast</styleUrl><LineString><tessellate>1</tessellate><coordinates>18.07429,59.32092,0 18.0747,59.32145,0</coordinates></LineString></Placemark><Placemark><styleUrl>#coast</styleUrl><LineString><tessellate>1</tessellate><coordinates>18.30132,59.41059,0 18.30559,59.40923,0 18.30898,59.40995,0 18.31014,59.41061,0 18.31204,59.41072,0 18.31411,59.41041,0 18.31498,59.41061,0 18.31685,59.41039,0 18.317,59.41063,0 18.31803,59.41092,0 18.31901,59.41162,0</coordinates></LineString></Placemark><Placemark><styleUrl>#coast</styleUrl><LineString><tessellate>1</tessellate><coordinates>18.28895,59.41982,0 18.28921,59.41918,0 18.29094,59.41896,0 18.29179,59.41959,0 18.29312,59.42012,0 18.29277,59.42047,0 18.29243,59.42039,0 18.29185,59.42057,0 18.29102,59.42015,0 18.2901,59.42021,0 18.28943,59.41985,0 18.28895,59.41982,0</coordinates></LineString></Placemark><Placemark><styleUrl>#coast</styleUrl><LineString><tessellate>1</tessellate><coordinates>18.28583,59.41829,0 18.28581,59.41807,0 18.28666,59.41756,0 18.28822,59.41694,0 18.28906,59.41703,0 18.28977,59.41771,0 18.28942,59.41802,0 18.28744,59.41852,0 18.28662,59.41823,0 18.28583,59.41829,0</coordinates></LineString></Placemark><Placemark><styleUrl>#coast</styleUrl><LineString><tessellate>1</tessellate><coordinates>18.29879,59.45644,0 18.29793,59.45605,0 18.29782,59.45573,0 18.29923,59.45442,0 18.30008,59.4538,0 18.30063,59.45365,0 18.30228,59.45377,0 18.30263,59.45363,0 18.30255,59.45399,0 18.30197,59.45438,0 18.30203,59.45488,0 18.30143,59.45545,0 18.30152,59.45568,0 18.30035,59.4565,0 18.30014,59.45653,0 18.30061,59.45607,0 18.29935,59.4565,0 18.29879,59.45644,0</coordinates></LineString></Placemark><Placemark><styleUrl>#coast</styleUrl><LineString><tessellate>1</tessellate><coordinates>18.41556,59.4028,0 18.41348,59.40357,0 18.40974,59.40371,0 18.40708,59.40365,0 18.40706,59.4034,0 18.40647,59.40326,0 18.4064,59.40278,0 18.4053,59.4027,0 18.40367,59.40287,0 18.40054,59.40466,0 18.39946,59.40457,0 18.39878,59.40422,0 18.39783,59.40403,0 18.39676,59.40403,0 18.3953,59.40442,0 18.39395,59.40345,0 18.39353,59.40334,0 18.39232,59.40343,0 18.39122,59.40394,0 18.39088,59.40442,0 18.38981,59.40486,0 18.38831,59.40518,0 18.38702,59.40531,0 18.38456,59.40513,0 18.37972,59.40569,0 18.37882,59.40669,0 18.37788,59.40708,0 18.37741,59.40669,0 18.37616,59.40654,0 18.3762,59.40573,0 18.37517,59.40566,0 18.37423,59.40638,0 18.37341,59.40582,0 18.37256,59.40597,0 18.37066,59.40701,0 18.36884,59.40764,0 18.3678,59.40751,0 18.36749,59.40732,0 18.36678,59.40746,0 18.36656,59.40735,0 18.36623,59.40749,0 18.36614,59.40728,0 18.36294,59.40682,0 18.36247,59.40643,0 18.36247,59.40518,0 18.36374,59.40387,0 18.36532,59.40309,0 18.36544,59.40325,0 18.36836,59.40275,0 18.36868,59.40287,0 18.37166,59.40145,0 18.37213,59.40103,0 18.37221,59.40014,0 18.37324,59.39891,0 18.37286,59.39874,0 18.37625,59.39712,0 18.379,59.39673,0 18.37942,59.3959,0 18.3802,59.39524,0 18.38896,59.39331,0 18.39136,59.39318,0 18.39291,59.39332,0 18.39434,59.39309,0</coordinates></LineString></Placemark><Placemark><styleUrl>#coast</styleUrl><LineString><tessellate>1</tessellate><coordinates>18.35795,59.40396,0 18.35779,59.40333,0 18.35825,59.40265,0 18.3597,59.40235,0 18.36058,59.40254,0 18.3608,59.40238,0 18.36131,59.40254,0 18.36169,59.403,0 18.36158,59.40328,0 18.36011,59.40357,0 18.35909,59.40414,0 18.35795,59.40396,0</coordinates></LineString></Placemark><Placemark><styleUrl>#coast</styleUrl><LineString><tessellate>1</tessellate><coordinates>18.36367,59.39942,0 18.36462,59.39896,0 18.36661,59.39888,0 18.36702,59.39909,0 18.36651,59.39939,0 18.36367,59.39942,0</coordinates></LineString></Placemark><Placemark><styleUrl>#coast</styleUrl><LineString><tessellate>1</tessellate><coordinates>18.13635,59.40821,0 18.13626,59.40797,0 18.13709,59.40742,0 18.13885,59.40709,0 18.13844,59.4073,0 18.13811,59.40798,0 18.13754,59.40832,0 18.13673,59.4085,0 18.13635,59.40821,0</coordinates></LineString></Placemark><Placemark><styleUrl>#coast</styleUrl><LineString><tessellate>1</tessellate><coordinates>18.14947,59.39418,0 18.14982,59.39396,0 18.1515,59.39367,0 18.15178,59.39386,0 18.15133,59.39437,0 18.15015,59.39441,0 18.14947,59.39418,0</coordinates></LineString></Placemark><Placemark><styleUrl>#coast</styleUrl><LineString><tessellate>1</tessellate><coordinates>18.3931,59.40611,0 18.39501,59.40651,0 18.39579,59.40727,0 18.39597,59.4083,0 18.39757,59.40772,0 18.39848,59.40765,0 18.39899,59.40782,0 18.39925,59.40834,0 18.39967,59.4086,0 18.40027,59.40875,0 18.40066,59.40861,0 18.39965,59.40807,0 18.39947,59.40773,0 18.40043,59.40687,0 18.40217,59.40678,0 18.4033,59.40707,0 18.40428,59.40705,0 18.4053,59.40722,0 18.40661,59.40798,0 18.4081,59.40825,0 18.41014,59.41012,0 18.40964,59.41058,0 18.40968,59.41092,0 18.40901,59.41123,0 18.40782,59.41143,0 18.40698,59.41191,0 18.40474,59.41247,0 18.40318,59.41274,0 18.40221,59.41266,0 18.40181,59.4131,0 18.39994,59.41398,0 18.39784,59.4145,0 18.39592,59.41537,0 18.39463,59.41561,0 18.39261,59.41582,0 18.39142,59.41568,0 18.39086,59.41517,0 18.39002,59.41495,0 18.38987,59.41456,0 18.39078,59.41388,0 18.39076,59.41368,0 18.39007,59.41328,0 18.38978,59.41351,0 18.38845,59.41388,0 18.38671,59.41389,0 18.38622,59.41363,0 18.3853,59.41358,0 18.38402,59.41383,0 18.3835,59.41376,0 18.38234,59.41455,0 18.38194,59.41569,0 18.38153,59.41612,0 18.38091,59.41629,0 18.37829,59.41679,0 18.37797,59.41635,0 18.37692,59.41616,0 18.37467,59.41683,0 18.3734,59.41687,0 18.37306,59.4168,0 18.37297,59.4163,0 18.374,59.41512,0 18.37334,59.41463,0 18.37145,59.41403,0 18.37133,59.41365,0 18.36973,59.4128,0 18.36979,59.41225,0 18.36878,59.41193,0 18.36855,59.41168,0 18.3686,59.41125,0 18.3698,59.41046,0 18.36986,59.41024,0 18.36942,59.40991,0 18.36842,59.40959,0 18.36637,59.41036,0 18.36497,59.41004,0 18.36303,59.41029,0 18.36327,59.40993,0 18.36382,59.40971,0 18.36382,59.40944,0 18.36495,59.40916,0 18.36585,59.40898,0 18.366,59.40908,0 18.36868,59.4091,0 18.36876,59.40896,0 18.36839,59.40876,0 18.36846,59.4083,0 18.36995,59.40791,0 18.37085,59.40813,0 18.37143,59.40855,0 18.37232,59.40851,0 18.37242,59.40875,0 18.37309,59.40854,0 18.3727,59.40872,0 18.37283,59.40894,0 18.3748,59.40935,0 18.3766,59.40898,0 18.37677,59.40875,0 18.37642,59.40869,0 18.37652,59.40854,0 18.37755,59.40849,0 18.37858,59.40813,0 18.37976,59.40819,0 18.38054,59.40767,0 18.38175,59.40726,0 18.38536,59.40741,0 18.38649,59.40724,0 18.38829,59.40722,0 18.39039,59.40688,0 18.3931,59.40611,0</coordinates></LineString></Placemark><Placemark><styleUrl>#coast</styleUrl><LineString><tessellate>1</tessellate><coordinates>18.36593,59.41917,0 18.36567,59.41939,0 18.36658,59.42054,0 18.36612,59.42093,0 18.36538,59.42121,0 18.36345,59.4212,0 18.36262,59.42157,0 18.36221,59.42158,0 18.36253,59.42164,0 18.36028,59.422,0 18.35977,59.42191,0 18.35871,59.42209,0 18.35668,59.42214,0 18.35623,59.42231,0 18.35513,59.42192,0 18.3549,59.4215,0 18.35385,59.42186,0 18.35292,59.42188,0 18.35189,59.42162,0 18.35178,59.42134,0 18.35155,59.42132,0 18.35168,59.42116,0 18.35106,59.4201,0 18.35119,59.41979,0 18.35183,59.41927,0 18.3525,59.41916,0 18.35368,59.4185,0 18.35462,59.41848,0 18.35599,59.41881,0 18.35648,59.41863,0 18.35708,59.41872,0 18.35778,59.41859,0 18.35801,59.41817,0 18.35949,59.41773,0 18.36124,59.41764,0 18.36212,59.41775,0 18.36235,59.41807,0 18.36275,59.41818,0 18.36397,59.41821,0 18.36435,59.41841,0 18.36535,59.41848,0 18.36593,59.41917,0</coordinates></LineString></Placemark><Placemark><styleUrl>#coast</styleUrl><LineString><tessellate>1</tessellate><coordinates>18.33978,59.41235,0 18.33835,59.41207,0 18.33811,59.4119,0 18.33823,59.41158,0 18.34007,59.41114,0 18.3427,59.41083,0 18.34292,59.41058,0 18.34316,59.41072,0 18.34313,59.41058,0 18.34352,59.41062,0 18.34565,59.40972,0 18.34681,59.40977,0 18.34802,59.41064,0 18.3481,59.41127,0 18.34763,59.41156,0 18.34474,59.41252,0 18.34312,59.41273,0 18.34264,59.41269,0 18.34259,59.41252,0 18.34138,59.41218,0 18.33978,59.41235,0</coordinates></LineString></Placemark><Placemark><styleUrl>#coast</styleUrl><LineString><tessellate>1</tessellate><coordinates>18.33903,59.41915,0 18.3386,59.41902,0 18.33885,59.41825,0 18.33973,59.41807,0 18.34031,59.41773,0 18.3413,59.41769,0 18.34129,59.41797,0 18.34166,59.4182,0 18.34157,59.41851,0 18.34058,59.41906,0 18.34029,59.419,0 18.33953,59.41926,0 18.33903,59.41915,0</coordinates></LineString></Placemark><Placemark><styleUrl>#coast</styleUrl><LineString><tessellate>1</tessellate><coordinates>18.34213,59.41911,0 18.34188,59.41872,0 18.34207,59.41837,0 18.3432,59.41807,0 18.34343,59.41864,0 18.34286,59.419,0 18.34213,59.41911,0</coordinates></LineString></Placemark><Placemark><styleUrl>#coast</styleUrl><LineString><tessellate>1</tessellate><coordinates>18.34835,59.42335,0 18.3491,59.42312,0 18.35034,59.42313,0 18.35033,59.42341,0 18.34988,59.42373,0 18.34927,59.42375,0 18.34835,59.42335,0</coordinates></LineString></Placemark><Placemark><styleUrl>#coast</styleUrl><LineString><tessellate>1</tessellate><coordinates>18.30873,59.44468,0 18.30965,59.44392,0 18.31005,59.44385,0 18.31088,59.44402,0 18.31095,59.44419,0 18.3104,59.44462,0 18.30891,59.4448,0 18.30873,59.44468,0</coordinates></LineString></Placemark><Placemark><styleUrl>#coast</styleUrl><LineString><tessellate>1</tessellate><coordinates>18.30347,59.43269,0 18.30308,59.43256,0 18.3028,59.43213,0 18.30288,59.43097,0 18.30515,59.43155,0 18.30535,59.43174,0 18.30471,59.43228,0 18.30347,59.43269,0</coordinates></LineString></Placemark><Placemark><styleUrl>#coast</styleUrl><LineString><tessellate>1</tessellate><coordinates>18.29691,59.436,0 18.29728,59.43531,0 18.29673,59.43514,0 18.2967,59.43498,0 18.29793,59.43468,0 18.29845,59.43559,0 18.29779,59.43606,0 18.29754,59.43612,0 18.29726,59.43593,0 18.29691,59.436,0</coordinates></LineString></Placemark><Placemark><styleUrl>#coast</styleUrl><LineString><tessellate>1</tessellate><coordinates>18.24238,59.43925,0 18.24083,59.43894,0 18.23897,59.4383,0 18.2383,59.43824,0 18.23767,59.43783,0 18.23557,59.43772,0 18.23355,59.4374,0 18.23343,59.43723,0 18.2329,59.43712,0 18.23301,59.43653,0 18.23564,59.43434,0 18.23678,59.434,0 18.23761,59.43461,0 18.23851,59.43474,0 18.23915,59.43396,0 18.23918,59.43354,0 18.23961,59.43339,0 18.23981,59.43291,0 18.24033,59.43272,0 18.24112,59.43274,0 18.24216,59.43336,0 18.24279,59.43351,0 18.24409,59.43347,0 18.24519,59.43319,0 18.24651,59.43317,0 18.24693,59.43296,0 18.24697,59.43268,0 18.24831,59.4324,0 18.24907,59.43286,0 18.24874,59.43357,0 18.24891,59.43395,0 18.24803,59.43483,0 18.247,59.4349,0 18.24726,59.43595,0 18.24703,59.43651,0 18.24527,59.43833,0 18.24351,59.43915,0 18.24238,59.43925,0</coordinates></LineString></Placemark><Placemark><styleUrl>#coast</styleUrl><LineString><tessellate>1</tessellate><coordinates>18.34353,59.38412,0 18.34333,59.3834,0 18.34362,59.38309,0 18.3449,59.38249,0 18.34569,59.38257,0 18.34651,59.38241,0 18.3478,59.38261,0 18.34845,59.38238,0 18.34841,59.38223,0 18.34964,59.38212,0 18.34965,59.38199,0 18.35069,59.38217,0 18.35067,59.38239,0 18.35119,59.38242,0 18.35273,59.38294,0 18.35406,59.38281,0 18.35428,59.383,0 18.35505,59.38309,0 18.35501,59.38331,0 18.35361,59.38354,0 18.35278,59.38329,0 18.35045,59.38356,0 18.34797,59.38359,0 18.34758,59.38398,0 18.34552,59.3844,0 18.34353,59.38412,0</coordinates></LineString></Placemark><Placemark><styleUrl>#coast</styleUrl><LineString><tessellate>1</tessellate><coordinates>18.34325,59.39015,0 18.34307,59.38968,0 18.34447,59.38936,0 18.34687,59.38962,0 18.34637,59.39,0 18.34543,59.38992,0 18.34454,59.39013,0 18.34325,59.39015,0</coordinates></LineString></Placemark><Placemark><styleUrl>#coast</styleUrl><LineString><tessellate>1</tessellate><coordinates>18.29418,59.37774,0 18.29496,59.37732,0 18.2953,59.37745,0 18.29495,59.37768,0 18.29418,59.37774,0</coordinates></LineString></Placemark><Placemark><styleUrl>#coast</styleUrl><LineString><tessellate>1</tessellate><coordinates>18.36083,59.3797,0 18.36213,59.37885,0 18.36444,59.37796,0 18.36677,59.37756,0 18.36825,59.37747,0 18.36842,59.37776,0 18.36819,59.3785,0 18.36735,59.37918,0 18.3671,59.37906,0 18.36708,59.37927,0 18.36628,59.37933,0 18.36599,59.37913,0 18.3654,59.37915,0 18.361,59.37997,0 18.36083,59.3797,0</coordinates></LineString></Placemark><Placemark><styleUrl>#coast</styleUrl><LineString><tessellate>1</tessellate><coordinates>18.33553,59.37186,0 18.33505,59.37172,0 18.33542,59.37136,0 18.33656,59.37115,0 18.33663,59.37083,0 18.33635,59.37076,0 18.33711,59.37048,0 18.33921,59.37027,0 18.33963,59.3703,0 18.34031,59.37063,0</coordinates></LineString></Placemark><Placemark><styleUrl>#coast</styleUrl><LineString><tessellate>1</tessellate><coordinates>18.30902,59.37554,0 18.3093,59.37488,0 18.31121,59.37443,0 18.31354,59.3743,0 18.31538,59.37366,0 18.31609,59.37363,0 18.31824,59.37303,0 18.32014,59.37282,0 18.32191,59.37211,0 18.32331,59.37203,0 18.32386,59.37184,0 18.32476,59.37197,0 18.32618,59.37154,0 18.3265,59.37152,0 18.32654,59.37166,0 18.32667,59.37152,0 18.32758,59.37165,0 18.32803,59.3722,0 18.32734,59.37272,0 18.32884,59.37234,0 18.33148,59.37261,0</coordinates></LineString></Placemark><Placemark><styleUrl>#coast</styleUrl><LineString><tessellate>1</tessellate><coordinates>18.36289,59.36893,0 18.36379,59.369,0 18.36417,59.3689,0 18.36481,59.36911,0 18.36673,59.36934,0 18.36793,59.36919,0 18.37024,59.36934,0 18.37072,59.36944,0 18.37096,59.3698,0 18.37081,59.36999,0 18.3698,59.37017,0 18.36684,59.37033,0 18.36563,59.3702,0 18.36274,59.37027,0 18.3622,59.36985,0 18.35885,59.36976,0 18.358,59.36954,0</coordinates></LineString></Placemark><Placemark><styleUrl>#coast</styleUrl><LineString><tessellate>1</tessellate><coordinates>18.34418,59.37999,0 18.34456,59.37951,0 18.3463,59.37949,0 18.34598,59.37982,0 18.34469,59.38005,0 18.34418,59.37999,0</coordinates></LineString></Placemark><Placemark><styleUrl>#coast</styleUrl><LineString><tessellate>1</tessellate><coordinates>18.3734,59.37729,0 18.37378,59.37698,0 18.37502,59.37673,0 18.37503,59.3769,0 18.37575,59.37679,0 18.37542,59.37719,0 18.3734,59.37729,0</coordinates></LineString></Placemark><Placemark><styleUrl>#coast</styleUrl><LineString><tessellate>1</tessellate><coordinates>18.3534,59.37262,0 18.35481,59.37237,0 18.35488,59.37251,0 18.35428,59.37292,0 18.35337,59.37277,0 18.3534,59.37262,0</coordinates></LineString></Placemark><Placemark><styleUrl>#coast</styleUrl><LineString><tessellate>1</tessellate><coordinates>18.40697,59.38872,0 18.40652,59.38864,0 18.40628,59.38882,0 18.40657,59.38893,0 18.40643,59.38908,0 18.40619,59.38905,0 18.40622,59.38883,0 18.40564,59.38926,0 18.40359,59.3896,0 18.40233,59.38999,0 18.40028,59.38987,0 18.39936,59.39003,0 18.39879,59.39046,0 18.39781,59.39,0</coordinates></LineString></Placemark><Placemark><styleUrl>#coast</styleUrl><LineString><tessellate>1</tessellate><coordinates>18.41802,59.38873,0 18.41796,59.38842,0 18.4185,59.38807,0 18.4193,59.38701,0 18.42114,59.38663,0</coordinates></LineString></Placemark><Placemark><styleUrl>#coast</styleUrl><LineString><tessellate>1</tessellate><coordinates>18.42048,59.38884,0 18.41999,59.38869,0 18.41872,59.38884,0 18.41802,59.38873,0</coordinates></LineString></Placemark><Placemark><styleUrl>#coast</styleUrl><LineString><tessellate>1</tessellate><coordinates>18.4121,59.37595,0 18.4134,59.37501,0 18.41487,59.37474,0 18.41492,59.37562,0 18.4154,59.37591,0 18.41486,59.37602,0 18.41387,59.37689,0 18.41254,59.37689,0 18.41159,59.37707,0 18.41132,59.37685,0</coordinates></LineString></Placemark><Placemark><styleUrl>#coast</styleUrl><LineString><tessellate>1</tessellate><coordinates>18.42217,59.3753,0 18.4237,59.3749,0</coordinates></LineString></Placemark><Placemark><styleUrl>#coast</styleUrl><LineString><tessellate>1</tessellate><coordinates>18.42327,59.37628,0 18.42099,59.37671,0 18.42034,59.37659,0</coordinates></LineString></Placemark><Placemark><styleUrl>#coast</styleUrl><LineString><tessellate>1</tessellate><coordinates>18.37881,59.36952,0 18.37975,59.36928,0 18.381,59.36869,0 18.38121,59.36892,0 18.3831,59.36849,0 18.38422,59.36856,0 18.38713,59.36777,0 18.38786,59.3677,0 18.38829,59.36795,0 18.38975,59.36735,0 18.39331,59.36635,0 18.39507,59.36622,0 18.39525,59.36644,0 18.39486,59.36668,0 18.39482,59.36707,0 18.39434,59.36735,0 18.39314,59.36762,0 18.3928,59.36746,0 18.39198,59.3677,0 18.39083,59.36858,0 18.38931,59.36889,0 18.38905,59.36868,0 18.38886,59.36877,0 18.38907,59.36894,0 18.38727,59.36931,0 18.38362,59.37039,0</coordinates></LineString></Placemark><Placemark><styleUrl>#coast</styleUrl><LineString><tessellate>1</tessellate><coordinates>18.36379,59.36705,0 18.3623,59.36656,0 18.36231,59.36643,0 18.36212,59.36648,0 18.362,59.36617,0 18.36231,59.36596,0 18.36422,59.36561,0 18.36641,59.36545,0 18.36661,59.36529,0 18.36721,59.36561,0 18.36701,59.36585,0</coordinates></LineString></Placemark><Placemark><styleUrl>#coast</styleUrl><LineString><tessellate>1</tessellate><coordinates>18.3681,59.3659,0 18.36934,59.36518,0 18.37179,59.36443,0 18.37333,59.36435,0 18.37443,59.3645,0</coordinates></LineString></Placemark><Placemark><styleUrl>#coast</styleUrl><LineString><tessellate>1</tessellate><coordinates>18.37607,59.36299,0 18.37501,59.36281,0 18.37482,59.36259,0 18.37514,59.36235,0 18.37716,59.36197,0 18.37829,59.36195,0</coordinates></LineString></Placemark><Placemark><styleUrl>#coast</styleUrl><LineString><tessellate>1</tessellate><coordinates>18.37492,59.36677,0 18.37554,59.36639,0 18.37606,59.36629,0 18.37575,59.36651,0 18.3761,59.36693,0 18.37572,59.36739,0</coordinates></LineString></Placemark><Placemark><styleUrl>#coast</styleUrl><LineString><tessellate>1</tessellate><coordinates>18.3767,59.36668,0 18.37684,59.36617,0 18.37821,59.36581,0 18.37856,59.36589,0 18.37755,59.36666,0 18.3767,59.36668,0</coordinates></LineString></Placemark><Placemark><styleUrl>#coast</styleUrl><LineString><tessellate>1</tessellate><coordinates>18.36669,59.36083,0 18.36637,59.36086,0 18.36601,59.36055,0 18.36759,59.35999,0 18.3678,59.36026,0 18.36751,59.36059,0 18.36669,59.36083,0</coordinates></LineString></Placemark><Placemark><styleUrl>#coast</styleUrl><LineString><tessellate>1</tessellate><coordinates>18.3332,59.36234,0 18.33428,59.36176,0 18.33562,59.3614,0 18.3361,59.36145,0 18.33642,59.3617,0 18.33588,59.36218,0</coordinates></LineString></Placemark><Placemark><styleUrl>#coast</styleUrl><LineString><tessellate>1</tessellate><coordinates>18.32366,59.36585,0 18.32293,59.36585,0 18.32199,59.36561,0 18.32186,59.3653,0 18.32233,59.36497,0 18.32435,59.36491,0 18.32478,59.36519,0 18.32482,59.36558,0 18.32409,59.36591,0 18.32366,59.36585,0</coordinates></LineString></Placemark><Placemark><styleUrl>#coast</styleUrl><LineString><tessellate>1</tessellate><coordinates>18.33961,59.36021,0 18.34179,59.35951,0 18.3421,59.35946,0 18.34242,59.35966,0 18.33958,59.36051,0 18.33917,59.3605,0 18.33961,59.36021,0</coordinates></LineString></Placemark><Placemark><styleUrl>#coast</styleUrl><LineString><tessellate>1</tessellate><coordinates>18.32601,59.36424,0 18.32611,59.3639,0 18.3265,59.36368,0 18.32665,59.36406,0 18.32699,59.364,0 18.32684,59.36425,0 18.32659,59.36436,0 18.32627,59.36418,0 18.32601,59.36424,0</coordinates></LineString></Placemark><Placemark><styleUrl>#coast</styleUrl><LineString><tessellate>1</tessellate><coordinates>18.3162,59.36619,0 18.31735,59.36576,0 18.31701,59.36619,0 18.3162,59.36619,0</coordinates></LineString></Placemark><Placemark><styleUrl>#coast</styleUrl><LineString><tessellate>1</tessellate><coordinates>18.33339,59.35972,0 18.33289,59.36011,0 18.33272,59.36072,0 18.33126,59.36176,0 18.33031,59.36198,0 18.32921,59.36202,0 18.3259,59.36357,0 18.3248,59.36365,0 18.32405,59.36348,0 18.32319,59.36351,0</coordinates></LineString></Placemark><Placemark><styleUrl>#coast</styleUrl><LineString><tessellate>1</tessellate><coordinates>18.34595,59.37252,0 18.34652,59.37234,0 18.3462,59.37267,0 18.34595,59.37252,0</coordinates></LineString></Placemark><Placemark><styleUrl>#coast</styleUrl><LineString><tessellate>1</tessellate><coordinates>18.37979,59.37659,0 18.3784,59.37532,0 18.37862,59.37503,0 18.3807,59.37482,0 18.38153,59.37488,0 18.38168,59.37511,0 18.38108,59.37558,0 18.38156,59.37591,0 18.38148,59.37613,0 18.38177,59.37603,0 18.38199,59.37622,0 18.3815,59.3765,0 18.38048,59.3764,0 18.37979,59.37659,0</coordinates></LineString></Placemark><Placemark><styleUrl>#coast</styleUrl><LineString><tessellate>1</tessellate><coordinates>18.41881,59.35434,0 18.41932,59.35379,0 18.4222,59.35229,0 18.42376,59.35184,0 18.42381,59.35209,0 18.4245,59.35229,0 18.42421,59.35259,0 18.42433,59.35277,0 18.42484,59.35286,0 18.42431,59.3532,0 18.42386,59.35335,0 18.42381,59.35313,0 18.42344,59.35314,0 18.42124,59.35373,0 18.42134,59.35396,0 18.42088,59.35421,0 18.42095,59.35402,0 18.42069,59.35392,0 18.41881,59.35434,0</coordinates></LineString></Placemark><Placemark><styleUrl>#coast</styleUrl><LineString><tessellate>1</tessellate><coordinates>18.24206,59.36116,0 18.24133,59.36114,0 18.24236,59.36066,0 18.24248,59.36094,0 18.24206,59.36116,0</coordinates></LineString></Placemark><Placemark><styleUrl>#coast</styleUrl><LineString><tessellate>1</tessellate><coordinates>18.26738,59.36906,0 18.26716,59.36885,0 18.26751,59.36876,0 18.26768,59.36901,0 18.26738,59.36906,0</coordinates></LineString></Placemark><Placemark><styleUrl>#coast</styleUrl><LineString><tessellate>1</tessellate><coordinates>18.17591,59.33154,0 18.17542,59.33138,0 18.17541,59.33118,0 18.17628,59.33135,0 18.17668,59.33125,0 18.17689,59.33138,0 18.17592,59.33164,0 18.17591,59.33154,0</coordinates></LineString></Placemark><Placemark><styleUrl>#coast</styleUrl><LineString><tessellate>1</tessellate><coordinates>18.3672,59.25198,0 18.36828,59.25246,0 18.36842,59.2534,0 18.3698,59.25384,0 18.37027,59.25339,0 18.37087,59.2533,0 18.37098,59.25306,0 18.37119,59.2531,0 18.37169,59.25272,0 18.3722,59.25266,0 18.37294,59.25178,0 18.37228,59.25148,0</coordinates></LineString></Placemark><Placemark><styleUrl>#coast</styleUrl><LineString><tessellate>1</tessellate><coordinates>18.34384,59.25706,0 18.34573,59.256,0 18.34647,59.25584,0 18.34653,59.25555,0 18.34714,59.25517,0 18.34751,59.25521,0 18.34849,59.25432,0 18.34943,59.25446,0 18.34969,59.25428,0 18.34984,59.25438,0 18.34989,59.25403,0 18.35043,59.25365,0 18.35129,59.25413,0 18.35191,59.25387,0 18.35239,59.254,0 18.35391,59.25339,0 18.35487,59.2532,0 18.35573,59.25319,0 18.35578,59.25333,0 18.356,59.25319,0 18.35599,59.25345,0 18.3577,59.25278,0</coordinates></LineString></Placemark><Placemark><styleUrl>#coast</styleUrl><LineString><tessellate>1</tessellate><coordinates>18.25183,59.40534,0 18.25207,59.4058,0 18.25292,59.40609,0 18.25387,59.40681,0 18.2551,59.40725,0 18.25722,59.40728,0 18.25886,59.40689,0 18.25957,59.40639,0 18.25976,59.40581,0 18.26294,59.40454,0 18.26642,59.4035,0 18.26691,59.40306,0 18.26766,59.40287,0 18.26845,59.40297,0</coordinates></LineString></Placemark><Placemark><styleUrl>#coast</styleUrl><LineString><tessellate>1</tessellate><coordinates>18.29038,59.42309,0 18.2905,59.42278,0 18.29004,59.42257,0 18.29123,59.42196,0 18.29265,59.42158,0 18.295,59.42129,0 18.29927,59.42115,0</coordinates></LineString></Placemark><Placemark><styleUrl>#coast</styleUrl><LineString><tessellate>1</tessellate><coordinates>18.30901,59.44695,0 18.30939,59.44797,0 18.30715,59.44838,0 18.30409,59.44922,0 18.30333,59.44966,0 18.29591,59.45187,0 18.29066,59.45399,0 18.28771,59.45427,0 18.28443,59.45439,0 18.2829,59.45507,0 18.2828,59.45546,0 18.28175,59.45564,0 18.2809,59.45623,0 18.27922,59.45784,0 18.2789,59.45783,0 18.27958,59.45809,0 18.27857,59.45899,0 18.27716,59.45972,0 18.27541,59.4603,0 18.27436,59.46043,0 18.27359,59.46029,0 18.27216,59.46033,0 18.27047,59.46057,0 18.27051,59.46078,0 18.26916,59.46148,0 18.26635,59.46421,0 18.26631,59.46479,0 18.2641,59.46607,0 18.26375,59.46601,0 18.26337,59.46624,0 18.26365,59.46638,0 18.26053,59.4685,0 18.26064,59.46859,0 18.26126,59.4683,0 18.26459,59.4658,0 18.26586,59.46522,0 18.27221,59.46428,0 18.27341,59.46428,0 18.27467,59.46393,0 18.27593,59.4638,0 18.27697,59.46386,0 18.27795,59.46423,0 18.27854,59.46402,0 18.27995,59.46402,0 18.2836,59.46314,0 18.28487,59.46301,0 18.2855,59.46273,0 18.2858,59.46224,0 18.28572,59.46159,0 18.28538,59.46141,0 18.28555,59.46071,0 18.28692,59.46013,0 18.28731,59.45979,0 18.28724,59.45949,0 18.28825,59.45886,0 18.29033,59.45841,0 18.29335,59.45803,0 18.29479,59.45748,0 18.29853,59.45681,0 18.2991,59.45723,0 18.29975,59.45716,0 18.29962,59.45739,0 18.29989,59.45759,0 18.29995,59.45812,0 18.29921,59.45871,0 18.29924,59.45956,0 18.29859,59.45971,0 18.29713,59.46052,0 18.29617,59.46158,0 18.29406,59.4628,0 18.2936,59.46363,0 18.29186,59.46513,0 18.29099,59.4668,0 18.28771,59.4688,0 18.28704,59.46872,0 18.28634,59.46839,0 18.28552,59.4686,0 18.2858,59.46905,0 18.28547,59.46981,0 18.28559,59.47021,0 18.28642,59.47207,0 18.2867,59.47213,0 18.28688,59.47252,0 18.28664,59.47285,0 18.28744,59.47377,0 18.28756,59.47362,0 18.28802,59.47361,0 18.28815,59.47377,0 18.28813,59.4736,0 18.28896,59.4734,0 18.28889,59.47254,0 18.29029,59.47171,0 18.29059,59.47078,0 18.29088,59.47075,0 18.29105,59.47094,0 18.29134,59.4708,0 18.29083,59.47019,0 18.29018,59.46983,0 18.29031,59.46962,0 18.29151,59.46907,0 18.29153,59.46874,0 18.29209,59.4686,0 18.29259,59.46783,0 18.29426,59.46686,0 18.29703,59.46368,0 18.299,59.46208,0 18.29938,59.46138,0 18.29917,59.46098,0 18.2994,59.46064,0 18.30124,59.45996,0 18.30146,59.45963,0 18.30293,59.45939,0 18.30601,59.45654,0 18.30712,59.45609,0 18.30847,59.45579,0 18.30895,59.45549,0 18.31008,59.45535,0 18.31168,59.45561,0 18.31227,59.45534,0 18.31363,59.45561,0 18.3141,59.45538,0 18.31741,59.45598,0 18.31876,59.45687,0 18.31843,59.45709,0 18.31782,59.45835,0 18.31665,59.45954,0 18.31696,59.45964,0 18.31679,59.45978,0 18.31636,59.4597,0 18.31549,59.4601,0 18.31524,59.46034,0 18.31538,59.46055,0 18.31605,59.46076,0 18.31677,59.4606,0 18.31739,59.45974,0 18.31819,59.45938,0 18.31895,59.45958,0 18.31912,59.45981,0 18.31953,59.45977,0 18.31984,59.45993,0 18.32212,59.45974,0 18.32264,59.46012,0 18.32098,59.46301,0 18.32046,59.46324,0 18.31925,59.46337,0 18.31911,59.46361,0 18.31957,59.46464,0 18.31926,59.46494,0 18.31832,59.46525,0 18.31654,59.46552,0 18.31364,59.46648,0 18.31317,59.46685,0 18.31303,59.46718,0 18.31365,59.46766,0 18.31577,59.46724,0 18.31589,59.46732,0 18.31561,59.46784,0 18.31465,59.46831,0 18.31441,59.46863,0 18.31434,59.46926,0 18.31468,59.46949,0 18.31445,59.46964,0 18.31468,59.46977,0 18.31512,59.46967,0 18.31536,59.46977,0 18.31805,59.46883,0 18.31922,59.46817,0 18.32142,59.46798,0 18.3219,59.46808,0 18.32392,59.46794,0 18.32449,59.46803,0 18.32463,59.4679,0 18.32543,59.46784,0 18.32591,59.46799,0 18.32618,59.46779,0 18.32851,59.46741,0 18.32995,59.46692,0 18.33013,59.46668,0 18.33084,59.46658,0 18.33085,59.46613,0 18.32995,59.46555,0 18.32815,59.46562,0 18.3273,59.46522,0 18.32709,59.46532,0 18.3257,59.46461,0 18.32555,59.46425,0 18.32626,59.46291,0 18.32668,59.4629,0 18.32618,59.46275,0 18.32687,59.46257,0 18.32692,59.46227,0 18.32968,59.461,0 18.32859,59.46124,0 18.3258,59.46251,0 18.32473,59.46224,0 18.32331,59.46214,0 18.32294,59.46153,0 18.32347,59.46079,0 18.32304,59.45988,0 18.32347,59.45916,0 18.32319,59.45893,0 18.32318,59.45808,0 18.32569,59.45643,0 18.32771,59.45573,0 18.32787,59.45523,0 18.32693,59.45474,0 18.32829,59.45374,0 18.32892,59.45359,0 18.3299,59.45403,0 18.33048,59.45403,0 18.33087,59.45385,0 18.33221,59.45415,0 18.33256,59.45372,0 18.33239,59.45496,0 18.33316,59.45506,0 18.33676,59.4545,0 18.33722,59.45402,0 18.33938,59.45309,0 18.34034,59.45342,0 18.34098,59.45299,0 18.34342,59.45274,0 18.34353,59.45322,0 18.34308,59.45355,0 18.34232,59.45383,0 18.34157,59.45384,0 18.34027,59.45449,0 18.33966,59.45507,0 18.33864,59.45531,0 18.33834,59.45587,0 18.33948,59.45645,0 18.34348,59.45633,0 18.34497,59.45605,0 18.3451,59.45581,0 18.34565,59.45571,0 18.34709,59.45634,0 18.34719,59.45667,0 18.34768,59.45657,0 18.34931,59.45672,0 18.35012,59.4566,0 18.35048,59.45671,0 18.35173,59.45619,0 18.35155,59.45604,0 18.35093,59.45626,0 18.35065,59.4562,0 18.35088,59.45586,0 18.35212,59.45547,0 18.35324,59.45595,0 18.35412,59.45575,0 18.3552,59.45585,0 18.35587,59.4566,0 18.35755,59.45682,0 18.35897,59.45649,0 18.35983,59.45594,0 18.36024,59.45532,0 18.3596,59.45488,0 18.36086,59.45411,0 18.36173,59.45425,0 18.36259,59.45397,0 18.36273,59.45465,0 18.36335,59.4546,0 18.3644,59.45505,0 18.36596,59.45523,0 18.36652,59.45517,0 18.3694,59.45355,0 18.37035,59.45323,0 18.37229,59.45313,0 18.37258,59.45296,0 18.37241,59.4527,0 18.37297,59.45267,0 18.37331,59.45346,0 18.37379,59.45353,0 18.37319,59.45364,0 18.37312,59.45398,0 18.37373,59.45472,0 18.37446,59.45487,0 18.37492,59.45477,0 18.37537,59.45493,0 18.37614,59.45435,0 18.37614,59.45377,0 18.37666,59.45336,0 18.37717,59.45336,0 18.37719,59.45303,0 18.37765,59.45263,0 18.37806,59.45274,0 18.379,59.45148,0 18.37969,59.45144,0 18.37993,59.4516,0 18.38038,59.45149,0 18.38083,59.45162,0</coordinates></LineString></Placemark><Placemark><styleUrl>#coast</styleUrl><LineString><tessellate>1</tessellate><coordinates>18.33127,59.27552,0 18.33096,59.27525,0 18.33072,59.27538,0 18.33024,59.27501,0 18.33031,59.27468,0 18.32987,59.2746,0 18.32959,59.27352,0 18.33014,59.27285,0 18.33063,59.27281,0 18.33102,59.27242,0 18.33197,59.27227,0 18.33243,59.27231,0 18.3326,59.27253,0 18.33292,59.2725,0 18.33297,59.27286,0 18.33246,59.27356,0 18.3322,59.27473,0 18.33127,59.27552,0</coordinates></LineString></Placemark><Placemark><styleUrl>#coast</styleUrl><LineString><tessellate>1</tessellate><coordinates>18.31594,59.27525,0 18.31676,59.27489,0 18.31747,59.27492,0 18.31775,59.27465,0 18.319,59.27482,0 18.31878,59.27504,0 18.31894,59.27536,0 18.31771,59.27629,0</coordinates></LineString></Placemark><Placemark><styleUrl>#coast</styleUrl><LineString><tessellate>1</tessellate><coordinates>18.31509,59.27768,0 18.31564,59.27686,0 18.31605,59.27717,0 18.31543,59.27773,0 18.31509,59.27768,0</coordinates></LineString></Placemark><Placemark><styleUrl>#coast</styleUrl><LineString><tessellate>1</tessellate><coordinates>18.14924,59.32646,0 18.1497,59.3265,0 18.14934,59.32653,0 18.14936,59.32672,0 18.15014,59.32712,0 18.15094,59.32716,0 18.15195,59.32688,0 18.15201,59.3273,0 18.15174,59.32734,0 18.15146,59.32718,0 18.15102,59.32738,0 18.1518,59.32817,0 18.15339,59.32883,0 18.15353,59.32903,0 18.1528,59.3295,0 18.1531,59.3299,0 18.15176,59.33072,0 18.15208,59.33132,0 18.15198,59.33192,0 18.15036,59.33252,0 18.14853,59.33282,0 18.14847,59.33298,0 18.14798,59.33294,0 18.14674,59.33393,0 18.14421,59.3344,0 18.14328,59.33473,0 18.14318,59.33551,0 18.1439,59.33572,0 18.14403,59.33602,0 18.14342,59.33627,0 18.14328,59.33662,0 18.1436,59.33712,0 18.14279,59.33772,0 18.14275,59.33824,0 18.14217,59.33852,0 18.14091,59.33872,0 18.13715,59.3414,0 18.1303,59.34328,0 18.12916,59.34306,0 18.1282,59.34265,0 18.12731,59.34311,0 18.12003,59.34122,0 18.11914,59.3421,0 18.13102,59.34525,0 18.13155,59.34555,0 18.13144,59.34584,0 18.12835,59.34686,0 18.12693,59.34687,0 18.12432,59.34627,0 18.12422,59.34596,0 18.12474,59.3453,0 18.11839,59.34362,0 18.11821,59.34381,0 18.118,59.34376,0 18.11696,59.34675,0 18.11459,59.34936,0 18.11006,59.34948,0 18.11018,59.3506,0 18.11508,59.35049,0 18.11508,59.3508,0 18.11953,59.35068,0 18.11975,59.3509,0 18.11707,59.35253,0 18.11761,59.35268,0 18.11724,59.3529,0 18.11257,59.35252,0 18.11247,59.35279,0 18.11059,59.35285,0 18.10978,59.35463,0 18.11029,59.35475,0 18.10966,59.35545,0 18.10914,59.35533,0 18.10793,59.35664,0 18.10833,59.35674,0 18.10743,59.3577,0</coordinates></LineString></Placemark><Placemark><styleUrl>#coast</styleUrl><LineString><tessellate>1</tessellate><coordinates>18.09382,59.33087,0 18.09319,59.33091,0 18.09211,59.33066,0 18.08975,59.3305,0 18.088,59.33016,0 18.08846,59.32916,0 18.08944,59.32927,0 18.09025,59.32756,0 18.09105,59.32745,0</coordinates></LineString></Placemark><Placemark><styleUrl>#coast</styleUrl><LineString><tessellate>1</tessellate><coordinates>18.38755,59.44645,0 18.38921,59.44572,0 18.39,59.44578,0 18.3903,59.44631,0</coordinates></LineString></Placemark><Placemark><styleUrl>#coast</styleUrl><LineString><tessellate>1</tessellate><coordinates>18.38903,59.44804,0 18.38836,59.44763,0 18.38793,59.44757,0 18.38753,59.44717,0 18.38755,59.44645,0</coordinates></LineString></Placemark><Placemark><styleUrl>#coast</styleUrl><LineString><tessellate>1</tessellate><coordinates>18.08785,59.32371,0 18.08756,59.32361,0 18.08783,59.32335,0 18.08783,59.32249,0 18.08898,59.32169,0 18.09033,59.32158,0 18.09098,59.32196,0 18.09112,59.3223,0 18.09048,59.32318,0 18.08982,59.32341,0 18.08827,59.32331,0 18.08785,59.32371,0</coordinates></LineString></Placemark><Placemark><styleUrl>#coast</styleUrl><LineString><tessellate>1</tessellate><coordinates>18.31813,59.35841,0 18.31724,59.35817,0 18.31734,59.35784,0 18.31906,59.35675,0 18.31944,59.35627,0 18.31983,59.35604,0 18.32053,59.35594,0 18.32082,59.35614,0 18.32076,59.35644,0 18.3203,59.35635,0 18.31974,59.35668,0 18.32015,59.35754,0 18.32071,59.35777,0 18.32053,59.3581,0 18.31918,59.35859,0 18.31813,59.35841,0</coordinates></LineString></Placemark><Placemark><styleUrl>#coast</styleUrl><LineString><tessellate>1</tessellate><coordinates>18.17994,59.33255,0 18.18002,59.33242,0 18.17994,59.33255,0</coordinates></LineString></Placemark><Placemark><styleUrl>#coast</styleUrl><LineString><tessellate>1</tessellate><coordinates>18.1784,59.33216,0 18.17819,59.33216,0 18.17836,59.33207,0 18.1784,59.33216,0</coordinates></LineString></Placemark><Placemark><styleUrl>#coast</styleUrl><LineString><tessellate>1</tessellate><coordinates>18.37351,59.32643,0 18.37512,59.32649,0 18.37595,59.32635,0 18.37936,59.32681,0</coordinates></LineString></Placemark><Placemark><styleUrl>#coast</styleUrl><LineString><tessellate>1</tessellate><coordinates>18.10094,59.31993,0 18.10073,59.3198,0 18.10109,59.31963,0 18.10173,59.31961,0 18.10208,59.31975,0 18.10323,59.32093,0 18.10226,59.32162,0 18.10151,59.32187,0 18.10085,59.3219,0 18.0977,59.32141,0 18.09697,59.32087,0 18.09851,59.31981,0 18.0986,59.31992,0</coordinates></LineString></Placemark><Placemark><styleUrl>#coast</styleUrl><LineString><tessellate>1</tessellate><coordinates>18.12903,59.35377,0 18.13048,59.35322,0 18.13146,59.35175,0 18.1331,59.3507,0 18.13662,59.34945,0 18.13726,59.34869,0 18.13932,59.34753,0 18.1405,59.3471,0 18.1427,59.34593,0 18.14409,59.3457,0 18.14433,59.34552,0</coordinates></LineString></Placemark><Placemark><styleUrl>#coast</styleUrl><LineString><tessellate>1</tessellate><coordinates>18.16849,59.33931,0 18.17204,59.33837,0 18.17236,59.33842,0 18.17256,59.33875,0 18.17224,59.33888,0 18.17319,59.33929,0 18.17283,59.33949,0 18.1733,59.33986,0 18.17387,59.33976,0 18.17463,59.33987,0 18.17485,59.33976,0 18.17463,59.33971,0 18.17489,59.33974,0 18.17699,59.33899,0 18.17759,59.33895,0 18.17907,59.3392,0 18.17937,59.3388,0 18.17954,59.33901,0 18.18127,59.33918,0 18.18404,59.34,0 18.18474,59.33993,0 18.18557,59.34009,0 18.18769,59.33991,0 18.18817,59.34001,0 18.18866,59.33955,0</coordinates></LineString></Placemark><Placemark><styleUrl>#coast</styleUrl><LineString><tessellate>1</tessellate><coordinates>18.20608,59.3388,0 18.20696,59.33939,0 18.20847,59.34101,0 18.20951,59.34147,0 18.21107,59.34135,0 18.2115,59.34158,0 18.21139,59.34166,0 18.21086,59.34148,0 18.20988,59.34163,0 18.20934,59.34209,0 18.20949,59.34225,0 18.2086,59.34254,0 18.2088,59.3431,0 18.21015,59.34294,0 18.20983,59.34269,0 18.21136,59.34239,0 18.21127,59.34204,0 18.21061,59.34194,0 18.21116,59.34187,0 18.21153,59.34202,0 18.21175,59.34243,0 18.21131,59.34263,0 18.21142,59.34293,0 18.21239,59.34336,0 18.21251,59.34364,0 18.21315,59.34395,0 18.21422,59.34409,0 18.21486,59.34393,0 18.2168,59.3439,0 18.21718,59.34375,0 18.21778,59.34384,0 18.21815,59.34412,0 18.21885,59.34407,0 18.21914,59.34418,0 18.21951,59.34469,0 18.21854,59.34491,0 18.21852,59.34508,0 18.21928,59.34529,0 18.22035,59.34533,0</coordinates></LineString></Placemark><Placemark><styleUrl>#coast</styleUrl><LineString><tessellate>1</tessellate><coordinates>18.14637,59.34487,0 18.14932,59.34345,0 18.15076,59.34353,0</coordinates></LineString></Placemark><Placemark><styleUrl>#coast</styleUrl><LineString><tessellate>1</tessellate><coordinates>18.41332,59.40465,0 18.41267,59.4045,0 18.41296,59.40413,0 18.41361,59.40403,0 18.41377,59.40434,0 18.41332,59.40465,0</coordinates></LineString></Placemark><Placemark><styleUrl>#coast</styleUrl><LineString><tessellate>1</tessellate><coordinates>18.35212,59.32079,0 18.35291,59.321,0 18.35194,59.32115,0 18.35182,59.32098,0 18.35212,59.32079,0</coordinates></LineString></Placemark><Placemark><styleUrl>#coast</styleUrl><LineString><tessellate>1</tessellate><coordinates>18.34987,59.32135,0 18.35007,59.32153,0 18.34979,59.32149,0 18.34987,59.32135,0</coordinates></LineString></Placemark><Placemark><styleUrl>#coast</styleUrl><LineString><tessellate>1</tessellate><coordinates>18.34134,59.31909,0 18.34238,59.3192,0 18.34259,59.31942,0 18.3431,59.31937,0 18.34344,59.31961,0 18.34267,59.31968,0 18.34256,59.3195,0 18.34224,59.31965,0 18.34172,59.31962,0 18.34154,59.31933,0 18.34124,59.31934,0 18.34134,59.31909,0</coordinates></LineString></Placemark><Placemark><styleUrl>#coast</styleUrl><LineString><tessellate>1</tessellate><coordinates>18.30205,59.3609,0 18.30211,59.36127,0 18.30248,59.3614,0 18.30501,59.36171,0 18.30531,59.36235,0 18.30136,59.36295,0 18.30016,59.36255,0 18.2969,59.36226,0 18.29581,59.3613,0 18.29296,59.36091,0 18.29225,59.36097,0 18.29171,59.36044,0</coordinates></LineString></Placemark><Placemark><styleUrl>#coast</styleUrl><LineString><tessellate>1</tessellate><coordinates>18.25829,59.35218,0 18.26017,59.35215,0 18.26224,59.35253,0 18.26692,59.35278,0 18.26765,59.35263,0 18.26856,59.35196,0 18.26727,59.3517,0 18.26711,59.35139,0 18.26655,59.35129,0 18.26618,59.35147,0 18.26487,59.35153,0 18.26483,59.35169,0 18.26405,59.35177,0 18.26473,59.35166,0 18.26472,59.35152,0 18.26441,59.35148,0 18.26381,59.35168,0 18.26367,59.35157,0 18.26431,59.35134,0 18.2643,59.35116,0 18.26302,59.35148,0 18.26354,59.35115,0 18.26258,59.35056,0 18.26,59.34994,0</coordinates></LineString></Placemark><Placemark><styleUrl>#coast</styleUrl><LineString><tessellate>1</tessellate><coordinates>18.23213,59.35927,0 18.2328,59.35937,0 18.2324,59.36011,0 18.23135,59.36014,0 18.23121,59.35995,0 18.23213,59.35927,0</coordinates></LineString></Placemark><Placemark><styleUrl>#coast</styleUrl><LineString><tessellate>1</tessellate><coordinates>18.31244,59.27408,0 18.31255,59.27433,0 18.31192,59.27453,0 18.31186,59.27432,0 18.31244,59.27408,0</coordinates></LineString></Placemark><Placemark><styleUrl>#coast</styleUrl><LineString><tessellate>1</tessellate><coordinates>18.31881,59.21513,0 18.3181,59.21513,0 18.31775,59.21496,0 18.31772,59.21469,0 18.31795,59.21467,0 18.31788,59.21454,0 18.3177,59.21465,0 18.3174,59.214,0 18.31747,59.2137,0 18.31797,59.21335,0 18.31829,59.21336,0 18.31982,59.21418,0 18.31993,59.21467,0 18.31915,59.21482,0 18.31881,59.21513,0</coordinates></LineString></Placemark><Placemark><styleUrl>#coast</styleUrl><LineString><tessellate>1</tessellate><coordinates>18.32709,59.21468,0 18.32798,59.21432,0 18.32791,59.21398,0 18.32865,59.21384,0 18.32958,59.21396,0 18.3303,59.21435,0 18.33114,59.21446,0 18.33207,59.2149,0 18.33302,59.2148,0 18.33392,59.2151,0 18.33546,59.21491,0 18.33644,59.2152,0 18.33586,59.21556,0 18.3345,59.21575,0 18.33363,59.21616,0 18.33302,59.21601,0 18.33263,59.21617,0 18.33118,59.21622,0 18.33048,59.21595,0 18.32951,59.2161,0 18.32781,59.21559,0 18.32709,59.21468,0</coordinates></LineString></Placemark><Placemark><styleUrl>#coast</styleUrl><LineString><tessellate>1</tessellate><coordinates>18.34367,59.40085,0 18.34419,59.40114,0 18.34612,59.40086,0 18.34739,59.40104,0 18.34806,59.40093,0 18.34843,59.40059,0 18.34845,59.40068,0 18.34932,59.40058,0 18.34931,59.40033,0 18.34987,59.40008,0 18.35043,59.40043,0 18.35035,59.40086,0 18.34988,59.40106,0 18.35049,59.40155,0 18.35264,59.40141,0 18.35299,59.40147,0 18.35327,59.40193,0 18.35554,59.40178,0 18.35568,59.4024,0 18.3554,59.40324,0 18.35513,59.40334,0 18.35563,59.40335,0 18.35578,59.40374,0 18.35509,59.40402,0 18.3553,59.40413,0 18.35576,59.40396,0 18.35588,59.40419,0 18.35438,59.40541,0 18.35272,59.40565,0 18.35275,59.40554,0 18.35226,59.40548,0 18.3521,59.40495,0 18.35168,59.40492,0 18.35114,59.40517,0 18.35162,59.4056,0 18.35149,59.40606,0 18.35099,59.40595,0 18.35032,59.4062,0 18.34973,59.40599,0 18.34891,59.4061,0 18.34827,59.40658,0 18.3467,59.40714,0 18.3463,59.407,0 18.34354,59.4072,0 18.34299,59.40711,0 18.34221,59.40767,0 18.34133,59.40764,0 18.34022,59.40782,0 18.3386,59.40743,0 18.33725,59.40774,0</coordinates></LineString></Placemark><Placemark><styleUrl>#coast</styleUrl><LineString><tessellate>1</tessellate><coordinates>18.29225,59.40231,0 18.29184,59.4028,0 18.29112,59.40297,0 18.29063,59.40334,0 18.29042,59.40243,0 18.29129,59.40223,0 18.29225,59.40231,0</coordinates></LineString></Placemark><Placemark><styleUrl>#coast</styleUrl><LineString><tessellate>1</tessellate><coordinates>18.1485,59.38738,0 18.14921,59.38732,0 18.14915,59.38776,0 18.14791,59.38803,0 18.14738,59.38846,0 18.14668,59.38838,0 18.14684,59.38812,0 18.14757,59.38791,0 18.14751,59.38764,0 18.14784,59.38743,0 18.14832,59.38729,0 18.1485,59.38738,0</coordinates></LineString></Placemark><Placemark><styleUrl>#coast</styleUrl><LineString><tessellate>1</tessellate><coordinates>18.23093,59.37624,0 18.22984,59.37607,0 18.22868,59.37659,0 18.22727,59.37669,0 18.22225,59.3766,0 18.22086,59.37618,0 18.21961,59.37618,0 18.21761,59.3766,0 18.21738,59.37641,0 18.216,59.37677,0 18.21546,59.37712,0 18.21513,59.37748,0 18.21494,59.37859,0 18.212,59.37977,0 18.21143,59.37942,0 18.21096,59.37949,0 18.21081,59.37925,0 18.20923,59.37948,0 18.20824,59.37907,0 18.20569,59.37988,0 18.20434,59.38001,0 18.20392,59.37983,0 18.20184,59.38042,0 18.19938,59.38065,0</coordinates></LineString></Placemark><Placemark><styleUrl>#coast</styleUrl><LineString><tessellate>1</tessellate><coordinates>18.14701,59.33442,0 18.14731,59.33435,0 18.14711,59.33453,0 18.14679,59.33456,0 18.14701,59.33442,0</coordinates></LineString></Placemark><Placemark><styleUrl>#coast</styleUrl><LineString><tessellate>1</tessellate><coordinates>17.75645,59.10632,0 17.75879,59.10749,0 17.75895,59.10786,0 17.75946,59.10811,0 17.7595,59.10862,0 17.76174,59.11165,0 17.76226,59.11189,0 17.76255,59.1124,0 17.76612,59.11347,0 17.76713,59.11358,0 17.7677,59.11423,0 17.76943,59.11525,0 17.76953,59.11577,0 17.77002,59.1161,0 17.77055,59.11597,0 17.77112,59.11682,0 17.77222,59.11726,0 17.77295,59.11715,0 17.77282,59.11662,0 17.77364,59.1163,0 17.77285,59.115,0 17.77223,59.11126,0 17.7715,59.10913,0 17.76987,59.10738,0 17.76893,59.10715,0 17.76883,59.10689,0 17.7689,59.10493,0 17.77009,59.10404,0</coordinates></LineString></Placemark><Placemark><styleUrl>#coast</styleUrl><LineString><tessellate>1</tessellate><coordinates>18.36561,59.42711,0 18.36519,59.42675,0 18.36464,59.4266,0 18.36514,59.42608,0 18.36584,59.42589,0 18.36807,59.42568,0 18.36938,59.42635,0 18.36893,59.42732,0 18.36725,59.42789,0 18.36634,59.42785,0 18.36561,59.42763,0 18.36539,59.42731,0 18.36561,59.42711,0</coordinates></LineString></Placemark><Placemark><styleUrl>#coast</styleUrl><LineString><tessellate>1</tessellate><coordinates>18.31378,59.31951,0 18.31354,59.31939,0 18.31387,59.31871,0 18.31347,59.31869,0 18.31349,59.31835,0 18.31362,59.31799,0 18.31438,59.31744,0 18.31575,59.31781,0 18.3163,59.31782,0 18.31704,59.31816,0 18.31691,59.31833,0 18.31722,59.31844,0 18.31702,59.31913,0 18.31818,59.31885,0 18.31831,59.31866,0 18.31854,59.31897,0 18.31823,59.31944,0 18.31697,59.31942,0 18.31545,59.31961,0 18.31462,59.3194,0 18.31378,59.31951,0</coordinates></LineString></Placemark><Placemark><styleUrl>#coast</styleUrl><LineString><tessellate>1</tessellate><coordinates>18.3169,59.31801,0 18.31701,59.31793,0 18.3169,59.31801,0</coordinates></LineString></Placemark><Placemark><styleUrl>#coast</styleUrl><LineString><tessellate>1</tessellate><coordinates>18.33967,59.31345,0 18.33954,59.3131,0 18.34063,59.31267,0 18.34098,59.31321,0 18.34018,59.31351,0 18.34015,59.3134,0 18.33967,59.31345,0</coordinates></LineString></Placemark><Placemark><styleUrl>#coast</styleUrl><LineString><tessellate>1</tessellate><coordinates>18.30907,59.29046,0 18.30904,59.29001,0 18.30973,59.28946,0 18.3094,59.28932,0 18.30968,59.28864,0 18.31044,59.28833,0 18.31088,59.28819,0 18.31163,59.28851,0 18.31248,59.2885,0 18.3135,59.28875,0 18.31294,59.28895,0 18.31267,59.2893,0 18.31031,59.29033,0 18.30907,59.29046,0</coordinates></LineString></Placemark><Placemark><styleUrl>#coast</styleUrl><LineString><tessellate>1</tessellate><coordinates>18.31038,59.2879,0 18.31069,59.28765,0 18.31077,59.28782,0 18.31038,59.2879,0</coordinates></LineString></Placemark><Placemark><styleUrl>#coast</styleUrl><LineString><tessellate>1</tessellate><coordinates>18.13464,59.43769,0 18.13421,59.43788,0 18.13381,59.43785,0 18.1317,59.43688,0 18.1315,59.43618,0 18.13179,59.43567,0 18.13148,59.43506,0 18.1315,59.43425,0 18.132,59.43415,0 18.132,59.43392,0 18.13249,59.43391,0 18.13216,59.43405,0 18.13309,59.43405,0 18.13385,59.43379,0 18.13562,59.43426,0 18.1358,59.43418,0 18.13568,59.4343,0 18.13683,59.4343,0 18.13729,59.43455,0 18.13813,59.43452,0 18.1379,59.43462,0 18.13842,59.43485,0</coordinates></LineString></Placemark><Placemark><styleUrl>#coast</styleUrl><LineString><tessellate>1</tessellate><coordinates>17.63178,59.19094,0 17.63227,59.19211,0</coordinates></LineString></Placemark><Placemark><styleUrl>#coast</styleUrl><LineString><tessellate>1</tessellate><coordinates>18.37859,59.24305,0 18.3782,59.24318,0 18.37796,59.24305,0 18.37672,59.24382,0 18.37576,59.24495,0 18.37595,59.24511,0 18.37542,59.24528,0 18.37575,59.24532,0 18.37521,59.2465,0 18.37473,59.2467,0 18.3736,59.2467,0 18.37303,59.24708,0 18.37272,59.24688,0 18.37227,59.24689,0 18.37202,59.24712,0 18.37175,59.24662,0 18.37228,59.24616,0 18.37195,59.24627,0 18.37208,59.2456,0 18.37288,59.24476,0 18.37319,59.24465,0 18.37383,59.2448,0 18.37373,59.24462,0 18.37433,59.24373,0 18.37481,59.24389,0 18.37464,59.24355,0 18.37494,59.24339,0 18.37542,59.24348,0 18.37559,59.24302,0 18.37654,59.24227,0 18.37739,59.24234,0 18.37732,59.24211,0</coordinates></LineString></Placemark><Placemark><styleUrl>#coast</styleUrl><LineString><tessellate>1</tessellate><coordinates>18.40568,59.42315,0 18.40513,59.42364,0 18.40417,59.42387,0 18.40513,59.42316,0 18.40568,59.42315,0</coordinates></LineString></Placemark><Placemark><styleUrl>#coast</styleUrl><LineString><tessellate>1</tessellate><coordinates>18.11433,59.41737,0 18.11433,59.41764,0 18.11433,59.41737,0</coordinates></LineString></Placemark><Placemark><styleUrl>#coast</styleUrl><LineString><tessellate>1</tessellate><coordinates>18.11539,59.41379,0 18.11525,59.4139,0 18.11539,59.41379,0</coordinates></LineString></Placemark><Placemark><styleUrl>#coast</styleUrl><LineString><tessellate>1</tessellate><coordinates>18.11543,59.41396,0 18.11548,59.41419,0 18.11526,59.41412,0 18.11543,59.41396,0</coordinates></LineString></Placemark><Placemark><styleUrl>#coast</styleUrl><LineString><tessellate>1</tessellate><coordinates>18.11588,59.41347,0 18.11577,59.41358,0 18.11588,59.41347,0</coordinates></LineString></Placemark><Placemark><styleUrl>#coast</styleUrl><LineString><tessellate>1</tessellate><coordinates>18.11566,59.41361,0 18.11549,59.41367,0 18.11566,59.41361,0</coordinates></LineString></Placemark><Placemark><styleUrl>#coast</styleUrl><LineString><tessellate>1</tessellate><coordinates>18.12103,59.41074,0 18.12103,59.41088,0 18.12103,59.41074,0</coordinates></LineString></Placemark><Placemark><styleUrl>#coast</styleUrl><LineString><tessellate>1</tessellate><coordinates>18.13185,59.44228,0 18.13247,59.44234,0 18.13317,59.44266,0 18.13291,59.44304,0 18.1334,59.44265,0 18.13325,59.44286,0 18.13415,59.44321,0 18.13521,59.44322,0 18.13613,59.44358,0 18.1365,59.44357,0 18.13684,59.44558,0 18.13617,59.44598,0 18.13646,59.44603,0 18.13612,59.44619,0 18.13607,59.44774,0 18.1356,59.44837,0 18.13528,59.44961,0 18.13495,59.44972,0 18.13527,59.44987,0 18.13503,59.44995,0 18.13537,59.4514,0 18.13564,59.45179,0 18.13595,59.45177,0 18.13589,59.45223,0 18.13621,59.45224,0 18.13696,59.45327,0 18.1374,59.45337,0 18.14088,59.4532,0 18.14108,59.45284,0 18.14054,59.45237,0 18.14082,59.45199,0 18.14078,59.45063,0 18.14119,59.44993,0 18.14269,59.44864,0 18.14307,59.448,0 18.14301,59.44757,0 18.14315,59.44749,0 18.14361,59.44767,0 18.14412,59.44741,0 18.14459,59.44803,0 18.14657,59.44903,0 18.14822,59.44915,0 18.14979,59.44888,0 18.1505,59.44809,0 18.15241,59.44738,0 18.15397,59.44543,0 18.15419,59.44448,0 18.15345,59.44356,0 18.1529,59.44352,0 18.15289,59.44337,0 18.15044,59.44244,0 18.14927,59.44235,0 18.14772,59.44106,0 18.14652,59.44087,0 18.1474,59.44012,0 18.14813,59.44054,0 18.14998,59.43998,0 18.1508,59.44015,0 18.15147,59.44004,0 18.15187,59.43971,0 18.15242,59.43956,0 18.15235,59.43866,0 18.1519,59.43855,0 18.15257,59.43857,0 18.15294,59.43828,0 18.15276,59.43788,0 18.15326,59.43719,0 18.1532,59.43668,0 18.15287,59.43623,0 18.15149,59.43577,0 18.15135,59.43513,0 18.15082,59.43464,0 18.14998,59.4343,0 18.14962,59.43382,0</coordinates></LineString></Placemark><Placemark><styleUrl>#coast</styleUrl><LineString><tessellate>1</tessellate><coordinates>18.10446,59.42548,0 18.10486,59.42585,0 18.10588,59.4263,0 18.10696,59.42625,0 18.10767,59.42656,0 18.1084,59.42643,0 18.109,59.42697,0 18.11019,59.42718,0 18.11017,59.42759,0 18.10837,59.4282,0 18.1071,59.43135,0 18.10756,59.43174,0 18.10757,59.43255,0 18.10785,59.43266,0 18.1067,59.43296,0 18.10845,59.43294,0 18.10837,59.43353,0 18.10859,59.43369,0 18.10953,59.43382,0 18.10971,59.43339,0 18.11013,59.43361,0 18.11022,59.43414,0 18.10967,59.43448,0 18.10992,59.43525,0 18.11047,59.43548,0 18.11062,59.43586,0 18.11124,59.43583,0 18.11128,59.43599,0 18.10966,59.43673,0 18.11063,59.43664,0 18.11085,59.43694,0 18.11156,59.43691,0 18.11325,59.43715,0 18.11581,59.437,0 18.1165,59.43662,0 18.11743,59.43657,0 18.11766,59.43668,0 18.11815,59.43646,0 18.11876,59.43644,0 18.11872,59.4363,0 18.1189,59.43643,0 18.11959,59.43639,0 18.11961,59.4365,0 18.12081,59.43637,0 18.12216,59.43652,0 18.12293,59.43637,0 18.12281,59.43614,0</coordinates></LineString></Placemark><Placemark><styleUrl>#coast</styleUrl><LineString><tessellate>1</tessellate><coordinates>18.31981,59.24238,0 18.31864,59.24292,0 18.31848,59.24316,0 18.31888,59.24341,0 18.31859,59.24339,0 18.31725,59.24419,0 18.31635,59.24414,0 18.31629,59.24428,0 18.31272,59.24471,0 18.31237,59.24498,0 18.31197,59.24493,0 18.31031,59.24553,0 18.31,59.24611,0 18.30973,59.24609,0 18.30962,59.24587,0 18.30886,59.24578,0 18.30867,59.24592,0 18.30741,59.24603,0 18.30742,59.24613,0 18.30518,59.2465,0 18.30399,59.24694,0 18.30353,59.24671,0 18.3024,59.24675,0 18.30097,59.24723,0 18.30004,59.24723,0 18.29914,59.24763,0 18.29774,59.24797,0 18.29541,59.24946,0 18.29438,59.25089,0</coordinates></LineString></Placemark><Placemark><styleUrl>#coast</styleUrl><LineString><tessellate>1</tessellate><coordinates>18.28641,59.25277,0 18.2864,59.25313,0 18.28542,59.25366,0 18.28461,59.25368,0 18.284,59.25343,0 18.28338,59.25351,0 18.28307,59.25341,0 18.28241,59.2539,0 18.282,59.25391,0 18.28115,59.25429,0 18.28084,59.25426,0 18.28092,59.25448,0 18.27991,59.2547,0 18.28077,59.25467,0 18.2804,59.25477,0 18.28048,59.25506,0 18.28095,59.25521,0 18.28075,59.25576,0 18.28052,59.25581,0 18.27999,59.25559,0 18.27953,59.25564,0 18.27877,59.25609,0 18.27826,59.25616,0 18.27815,59.25637,0 18.27799,59.25623,0 18.27768,59.25627,0 18.27724,59.25712,0 18.27732,59.25727,0 18.27797,59.25712,0 18.27739,59.25758,0 18.27702,59.25757,0 18.27669,59.25781,0 18.27608,59.25775,0 18.27481,59.25723,0 18.27411,59.25721,0 18.27395,59.2574,0 18.2733,59.2573,0 18.27163,59.25771,0</coordinates></LineString></Placemark><Placemark><styleUrl>#coast</styleUrl><LineString><tessellate>1</tessellate><coordinates>18.31934,59.39954,0 18.31956,59.39949,0 18.31952,59.39982,0 18.31916,59.39994,0 18.31934,59.39954,0</coordinates></LineString></Placemark><Placemark><styleUrl>#coast</styleUrl><LineString><tessellate>1</tessellate><coordinates>18.38051,59.36158,0 18.38082,59.36137,0 18.38224,59.36115,0</coordinates></LineString></Placemark><Placemark><styleUrl>#coast</styleUrl><LineString><tessellate>1</tessellate><coordinates>18.3369,59.41816,0 18.33642,59.41818,0 18.33678,59.41794,0 18.3369,59.41816,0</coordinates></LineString></Placemark><Placemark><styleUrl>#coast</styleUrl><LineString><tessellate>1</tessellate><coordinates>18.39127,59.35713,0 18.39192,59.35697,0 18.39214,59.35708,0 18.39164,59.35726,0 18.39127,59.35713,0</coordinates></LineString></Placemark><Placemark><styleUrl>#coast</styleUrl><LineString><tessellate>1</tessellate><coordinates>18.42546,59.34847,0 18.42487,59.34894,0 18.4245,59.34896,0 18.42299,59.35043,0 18.42203,59.35093,0 18.42028,59.35169,0 18.41985,59.35148,0 18.41571,59.3529,0 18.41161,59.35528,0 18.411,59.35519,0 18.40979,59.35567,0 18.40986,59.35598,0 18.41024,59.35598,0 18.41019,59.35619,0 18.41065,59.35644,0 18.40962,59.3572,0 18.40525,59.35825,0 18.40293,59.35901,0 18.40194,59.35895,0 18.40195,59.35879,0 18.40141,59.35875,0 18.40131,59.35899,0 18.40052,59.35931,0 18.40078,59.35889,0 18.40036,59.35876,0 18.3984,59.35937,0 18.39798,59.3598,0 18.39673,59.36032,0 18.39543,59.36064,0 18.3958,59.36026,0 18.39721,59.36004,0 18.39748,59.35982,0 18.39734,59.35961,0 18.39623,59.3598,0 18.39436,59.3598,0</coordinates></LineString></Placemark><Placemark><styleUrl>#coast</styleUrl><LineString><tessellate>1</tessellate><coordinates>18.36062,59.39581,0 18.36124,59.3957,0 18.36107,59.39588,0 18.36069,59.39593,0 18.36062,59.39581,0</coordinates></LineString></Placemark><Placemark><styleUrl>#coast</styleUrl><LineString><tessellate>1</tessellate><coordinates>18.38822,59.35706,0 18.38889,59.35729,0 18.38845,59.35767,0 18.38815,59.3575,0 18.38825,59.35734,0 18.38772,59.35739,0 18.38786,59.35715,0 18.38822,59.35706,0</coordinates></LineString></Placemark><Placemark><styleUrl>#coast</styleUrl><LineString><tessellate>1</tessellate><coordinates>18.39296,59.35515,0 18.39252,59.35556,0 18.39187,59.35556,0 18.39296,59.35515,0</coordinates></LineString></Placemark><Placemark><styleUrl>#coast</styleUrl><LineString><tessellate>1</tessellate><coordinates>18.38909,59.35719,0 18.38943,59.35698,0 18.38954,59.35718,0 18.38996,59.35719,0 18.3901,59.35679,0 18.39054,59.35718,0 18.38998,59.35768,0 18.38899,59.35773,0 18.38909,59.35719,0</coordinates></LineString></Placemark><Placemark><styleUrl>#coast</styleUrl><LineString><tessellate>1</tessellate><coordinates>18.33833,59.4176,0 18.33934,59.41765,0 18.33933,59.41782,0 18.33868,59.41789,0 18.33823,59.41772,0 18.33833,59.4176,0</coordinates></LineString></Placemark><Placemark><styleUrl>#coast</styleUrl><LineString><tessellate>1</tessellate><coordinates>18.39182,59.35353,0 18.39235,59.35335,0 18.39264,59.35348,0 18.3923,59.35384,0 18.39193,59.35382,0 18.39182,59.35353,0</coordinates></LineString></Placemark><Placemark><styleUrl>#coast</styleUrl><LineString><tessellate>1</tessellate><coordinates>18.22035,59.34533,0 18.22124,59.34565,0 18.22156,59.34548,0 18.22278,59.34553,0 18.22327,59.3458,0 18.22392,59.3459,0 18.22378,59.34602,0 18.22468,59.34658,0 18.22473,59.34709,0 18.224,59.34755,0 18.22283,59.34767,0 18.22241,59.34757,0 18.22216,59.3477,0 18.22275,59.34782,0 18.22278,59.34812,0 18.22363,59.34845,0 18.22382,59.34889,0 18.22432,59.34913,0 18.22553,59.34939,0 18.22643,59.34933,0 18.22654,59.3491,0 18.22677,59.34912,0 18.22565,59.34787,0 18.22582,59.34779,0 18.22715,59.34903,0 18.22773,59.34929,0 18.22836,59.34927,0 18.22833,59.34914,0 18.22874,59.34909,0 18.22891,59.34865,0 18.22934,59.34867,0 18.23,59.3491,0 18.23048,59.34914,0 18.2305,59.34937,0 18.23137,59.34964,0 18.23192,59.35029,0 18.23299,59.35102,0 18.2328,59.35132,0 18.23334,59.3515,0</coordinates></LineString></Placemark><Placemark><styleUrl>#coast</styleUrl><LineString><tessellate>1</tessellate><coordinates>18.22946,59.34261,0 18.22777,59.34215,0 18.22905,59.34274,0 18.22904,59.3429,0 18.22862,59.34295,0 18.22644,59.34194,0 18.22483,59.34052,0 18.22439,59.34002,0 18.22453,59.33985,0</coordinates></LineString></Placemark><Placemark><styleUrl>#coast</styleUrl><LineString><tessellate>1</tessellate><coordinates>18.3008,59.41799,0 18.29778,59.41872,0 18.2942,59.41834,0</coordinates></LineString></Placemark><Placemark><styleUrl>#coast</styleUrl><LineString><tessellate>1</tessellate><coordinates>18.23748,59.29892,0 18.23793,59.29858,0 18.23939,59.29823,0 18.24011,59.29813,0 18.24074,59.29826,0 18.2403,59.29879,0 18.23927,59.29906,0 18.23931,59.2992,0 18.23887,59.29935,0 18.23837,59.29922,0 18.23768,59.29926,0 18.23769,59.29892,0 18.23748,59.29892,0</coordinates></LineString></Placemark><Placemark><styleUrl>#coast</styleUrl><LineString><tessellate>1</tessellate><coordinates>18.36178,59.39585,0 18.36193,59.39593,0 18.36178,59.39585,0</coordinates></LineString></Placemark><Placemark><styleUrl>#coast</styleUrl><LineString><tessellate>1</tessellate><coordinates>18.09159,59.41393,0 18.09128,59.41393,0 18.09123,59.41419,0 18.09083,59.41414,0 18.09111,59.41436,0 18.09098,59.41509,0 18.09123,59.41516,0 18.09083,59.41565,0 18.09035,59.41587,0 18.08946,59.41599,0 18.08909,59.41656,0 18.08929,59.4167,0 18.08892,59.41682,0</coordinates></LineString></Placemark><Placemark><styleUrl>#coast</styleUrl><LineString><tessellate>1</tessellate><coordinates>18.08892,59.41682,0 18.08814,59.41774,0 18.08777,59.41881,0 18.08723,59.41948,0 18.08573,59.42061,0 18.08343,59.42132,0 18.08288,59.42119,0 18.08244,59.42149,0 18.08173,59.42162,0 18.08036,59.42318,0 18.08005,59.42445,0 18.0834,59.42457,0 18.08458,59.4242,0 18.08539,59.42379,0 18.08606,59.42262,0 18.0865,59.42251,0 18.08799,59.42155,0 18.08948,59.421,0 18.09304,59.4183,0 18.09578,59.41714,0 18.09881,59.41761,0</coordinates></LineString></Placemark><Placemark><styleUrl>#coast</styleUrl><LineString><tessellate>1</tessellate><coordinates>18.12981,59.3952,0 18.12989,59.39536,0 18.12948,59.39547,0 18.12981,59.3952,0</coordinates></LineString></Placemark><Placemark><styleUrl>#coast</styleUrl><LineString><tessellate>1</tessellate><coordinates>18.10766,59.33273,0 18.10937,59.33287,0 18.11089,59.33235,0 18.11523,59.3318,0 18.11917,59.33094,0 18.12048,59.33097,0 18.12215,59.33079,0 18.12246,59.33091,0 18.12649,59.33098,0 18.12845,59.33077,0 18.12905,59.33051,0</coordinates></LineString></Placemark><Placemark><styleUrl>#coast</styleUrl><LineString><tessellate>1</tessellate><coordinates>18.33657,59.38635,0 18.33689,59.38724,0 18.33751,59.38764,0 18.33771,59.38826,0 18.33703,59.38942,0 18.33732,59.38973,0 18.33851,59.39015,0</coordinates></LineString></Placemark><Placemark><styleUrl>#coast</styleUrl><LineString><tessellate>1</tessellate><coordinates>18.32648,59.3889,0 18.32753,59.38903,0 18.32811,59.38991,0 18.32902,59.38995,0 18.3294,59.39047,0 18.32928,59.38997,0 18.33093,59.38964,0</coordinates></LineString></Placemark><Placemark><styleUrl>#coast</styleUrl><LineString><tessellate>1</tessellate><coordinates>18.31293,59.39712,0 18.31014,59.39683,0 18.31031,59.39616,0 18.30914,59.39542,0 18.3092,59.39531,0 18.31059,59.39518,0 18.31109,59.39529,0 18.31326,59.39496,0 18.31356,59.39462,0 18.31337,59.39441,0 18.31371,59.39417,0 18.31356,59.39405,0 18.31322,59.39397,0 18.3123,59.39409,0 18.31152,59.39396,0 18.31078,59.39412,0 18.31033,59.39407,0 18.30981,59.3937,0 18.30942,59.39376,0 18.30909,59.39324,0 18.30851,59.39324,0 18.30822,59.39353,0 18.30836,59.39374,0 18.30759,59.39422,0 18.30725,59.3939,0 18.30628,59.39431,0 18.30476,59.39445,0 18.30437,59.39461,0 18.30412,59.39434,0 18.30198,59.39427,0 18.30112,59.39503,0 18.29981,59.39512,0 18.29947,59.39524,0 18.29939,59.39549,0 18.30122,59.39748,0 18.30165,59.39756,0 18.30183,59.3974,0 18.30252,59.3973,0 18.3036,59.39746,0 18.3035,59.3979,0 18.30439,59.39832,0 18.30572,59.3986,0 18.30595,59.39913,0</coordinates></LineString></Placemark><Placemark><styleUrl>#coast</styleUrl><LineString><tessellate>1</tessellate><coordinates>18.32882,59.39259,0 18.32779,59.39267,0 18.32788,59.39318,0 18.32632,59.39382,0 18.32664,59.39447,0 18.32787,59.39495,0</coordinates></LineString></Placemark><Placemark><styleUrl>#coast</styleUrl><LineString><tessellate>1</tessellate><coordinates>18.21551,59.30156,0 18.21567,59.30135,0 18.21583,59.30152,0 18.21551,59.30156,0</coordinates></LineString></Placemark><Placemark><styleUrl>#coast</styleUrl><LineString><tessellate>1</tessellate><coordinates>18.2164,59.3014,0 18.21677,59.30131,0 18.21657,59.3015,0 18.2164,59.3014,0</coordinates></LineString></Placemark><Placemark><styleUrl>#coast</styleUrl><LineString><tessellate>1</tessellate><coordinates>18.07046,59.32769,0 18.07101,59.32791,0 18.07105,59.32831,0 18.07063,59.32861,0 18.06989,59.3287,0</coordinates></LineString></Placemark><Placemark><styleUrl>#coast</styleUrl><LineString><tessellate>1</tessellate><coordinates>18.06943,59.32856,0 18.06893,59.32899,0</coordinates></LineString></Placemark><Placemark><styleUrl>#coast</styleUrl><LineString><tessellate>1</tessellate><coordinates>18.10717,59.31533,0 18.10676,59.3156,0 18.10681,59.31593,0 18.10642,59.31605,0 18.09911,59.31618,0 18.09845,59.31609,0 18.09578,59.31667,0 18.09594,59.31687,0 18.09529,59.31704,0 18.09511,59.31681,0 18.09069,59.31762,0 18.08327,59.31837,0 18.08039,59.31894,0 18.0807,59.31928,0 18.07795,59.31993,0</coordinates></LineString></Placemark><Placemark><styleUrl>#coast</styleUrl><LineString><tessellate>1</tessellate><coordinates>18.07063,59.32754,0 18.07046,59.32769,0</coordinates></LineString></Placemark><Placemark><styleUrl>#coast</styleUrl><LineString><tessellate>1</tessellate><coordinates>18.31487,59.23302,0 18.3144,59.23371,0 18.31539,59.23378,0 18.31544,59.23403,0 18.31475,59.23435,0 18.31378,59.2337,0 18.3132,59.23357,0 18.31283,59.23309,0 18.31252,59.23309,0 18.31261,59.23349,0 18.31235,59.23347,0 18.31214,59.23332,0 18.31229,59.23314,0 18.31136,59.23302,0 18.31073,59.23254,0 18.31106,59.23232,0 18.31298,59.23191,0 18.31484,59.23093,0 18.31606,59.23066,0 18.31706,59.23015,0 18.3176,59.23019,0 18.31739,59.23052,0 18.31639,59.23096,0 18.31578,59.23199,0 18.316,59.23232,0 18.31487,59.23302,0</coordinates></LineString></Placemark><Placemark><styleUrl>#coast</styleUrl><LineString><tessellate>1</tessellate><coordinates>18.32377,59.21495,0 18.32399,59.21536,0 18.32379,59.21569,0 18.32418,59.21605,0 18.3253,59.21626,0 18.32614,59.21607,0 18.32782,59.21622,0 18.32879,59.21656,0 18.32906,59.21695,0 18.32885,59.21731,0 18.32742,59.21835,0 18.32732,59.21881,0 18.32669,59.21919,0 18.32624,59.21929,0 18.32588,59.21917,0 18.32557,59.21954,0 18.3243,59.22002,0 18.32391,59.22041,0 18.32232,59.22111,0 18.32223,59.22148,0 18.32271,59.2226,0 18.32229,59.22295,0 18.32233,59.22326,0 18.32024,59.22667,0 18.32006,59.22678,0 18.31958,59.2267,0 18.31909,59.22644,0 18.31828,59.22632,0 18.31717,59.22642,0 18.31649,59.22669,0 18.31596,59.22701,0 18.31579,59.22741,0 18.31657,59.22844,0 18.31622,59.22886,0 18.31654,59.22939,0 18.31631,59.22958,0 18.31467,59.2302,0 18.31389,59.23068,0 18.31033,59.23162,0 18.30768,59.23183,0 18.30642,59.2321,0 18.30438,59.23291,0 18.30413,59.23315,0 18.30603,59.23331,0 18.30764,59.23368,0 18.30911,59.23346,0 18.30915,59.23358,0 18.31101,59.23348,0 18.31248,59.23434,0 18.31304,59.23431,0 18.31384,59.23472,0 18.3138,59.23583,0 18.31344,59.23632,0 18.31275,59.23675,0 18.30871,59.23752,0 18.30801,59.23822,0 18.30906,59.2385,0 18.31138,59.2381,0 18.31521,59.2365,0 18.31606,59.23579,0 18.31817,59.23536,0 18.31938,59.2345,0 18.3193,59.23432,0 18.32027,59.2341,0 18.3201,59.23394,0 18.32084,59.23352,0 18.32138,59.23355,0 18.32277,59.23235,0 18.32335,59.23222,0 18.32352,59.2323,0 18.32348,59.23213,0 18.32407,59.23175,0 18.32452,59.23183,0 18.32468,59.23153,0 18.32502,59.23151,0 18.32545,59.23176,0 18.32523,59.23137,0 18.3256,59.23167,0 18.32633,59.23145,0 18.32595,59.23142,0 18.32581,59.23124,0 18.32614,59.23107,0 18.32664,59.23121,0 18.32695,59.23101,0 18.32679,59.23073,0 18.32797,59.23066,0 18.32806,59.23031,0 18.33004,59.22948,0 18.33093,59.22835,0 18.33121,59.22843,0 18.33147,59.22823,0 18.33117,59.22805,0 18.33132,59.22793,0 18.33194,59.22806,0 18.33218,59.22756,0 18.33241,59.22762,0 18.33253,59.22747,0 18.33227,59.22742,0 18.3324,59.22726,0 18.33211,59.22701,0 18.33256,59.22689,0 18.3325,59.22671,0 18.33308,59.22626,0 18.33382,59.22644,0 18.33418,59.22606,0 18.333,59.2258,0 18.33306,59.22571,0 18.33508,59.22595,0 18.33522,59.22574,0 18.33391,59.22567,0 18.33336,59.22549,0 18.33379,59.22494,0 18.33463,59.22509,0 18.33524,59.22453,0 18.33563,59.22406,0 18.33486,59.22376,0 18.33583,59.22385,0 18.33621,59.22364,0 18.33677,59.22382,0 18.33706,59.22367,0 18.3365,59.22357,0 18.3373,59.22338,0 18.33792,59.22263,0 18.33825,59.22263,0 18.33795,59.2225,0 18.33825,59.22224,0 18.3381,59.22204,0 18.3386,59.22141,0 18.33965,59.22067,0 18.3403,59.22068,0 18.34011,59.22048,0 18.34059,59.22065,0 18.34111,59.22056,0 18.34191,59.22033,0 18.34261,59.21988,0 18.34303,59.22011,0 18.34372,59.21996,0 18.34571,59.21752,0 18.34618,59.2166,0 18.34603,59.21618,0 18.34748,59.21557,0 18.34804,59.21495,0 18.3482,59.21434,0</coordinates></LineString></Placemark><Placemark><styleUrl>#coast</styleUrl><LineString><tessellate>1</tessellate><coordinates>18.35238,59.26003,0 18.35097,59.26038,0 18.35108,59.26018,0 18.35072,59.25991,0 18.35103,59.25922,0 18.35077,59.25913,0 18.34976,59.25931,0 18.34929,59.25924,0 18.34919,59.25855,0 18.34982,59.25818,0</coordinates></LineString></Placemark><Placemark><styleUrl>#coast</styleUrl><LineString><tessellate>1</tessellate><coordinates>18.34872,59.26073,0 18.34878,59.26019,0 18.35,59.25976,0 18.35032,59.25986,0 18.35029,59.26003,0 18.35076,59.26029,0 18.34999,59.26043,0 18.35,59.26058,0 18.34872,59.26073,0</coordinates></LineString></Placemark><Placemark><styleUrl>#coast</styleUrl><LineString><tessellate>1</tessellate><coordinates>17.66113,59.15632,0 17.661,59.15777,0 17.66042,59.15808,0 17.66134,59.1586,0 17.66167,59.15854,0 17.66212,59.15868,0 17.66218,59.15932,0 17.66193,59.16008,0 17.66133,59.16037,0 17.66138,59.16063,0 17.66221,59.1604,0 17.6634,59.1606,0 17.66238,59.1633,0 17.66343,59.16366,0 17.66362,59.16345,0 17.66385,59.16349,0 17.66298,59.16455,0 17.664,59.16474,0 17.66347,59.16531,0 17.66391,59.16541,0 17.66426,59.16602,0 17.66412,59.16627,0 17.66371,59.16637,0 17.6637,59.16674,0 17.66297,59.16713,0 17.66387,59.16794,0 17.66364,59.16844,0 17.66276,59.16909,0 17.66246,59.16975,0 17.661,59.17108,0 17.66012,59.17261,0 17.65924,59.17302,0 17.65947,59.1742,0 17.65922,59.1746,0 17.65799,59.17393,0 17.65819,59.17442,0 17.65951,59.1753,0 17.6589,59.17649,0 17.65831,59.17667,0 17.65706,59.17772,0 17.65653,59.17785,0 17.65664,59.17857,0 17.65412,59.18135,0 17.65435,59.18182,0 17.65353,59.18204,0 17.65267,59.18256,0</coordinates></LineString></Placemark><Placemark><styleUrl>#coast</styleUrl><LineString><tessellate>1</tessellate><coordinates>18.35814,59.36963,0 18.35814,59.36963,0</coordinates></LineString></Placemark><Placemark><styleUrl>#coast</styleUrl><LineString><tessellate>1</tessellate><coordinates>18.28705,59.43093,0 18.28693,59.43075,0 18.28748,59.43045,0 18.28748,59.43072,0 18.28705,59.43093,0</coordinates></LineString></Placemark><Placemark><styleUrl>#coast</styleUrl><LineString><tessellate>1</tessellate><coordinates>18.35937,59.36898,0 18.35937,59.36898,0</coordinates></LineString></Placemark><Placemark><styleUrl>#coast</styleUrl><LineString><tessellate>1</tessellate><coordinates>18.37366,59.3669,0 18.37405,59.3667,0 18.37389,59.36692,0 18.3737,59.367,0 18.37366,59.3669,0</coordinates></LineString></Placemark><Placemark><styleUrl>#coast</styleUrl><LineString><tessellate>1</tessellate><coordinates>18.37307,59.36726,0 18.37286,59.36735,0 18.37286,59.36725,0 18.37367,59.36681,0 18.37307,59.36726,0</coordinates></LineString></Placemark><Placemark><styleUrl>#coast</styleUrl><LineString><tessellate>1</tessellate><coordinates>18.17386,59.43454,0 18.17369,59.43447,0 18.17406,59.43438,0 18.17386,59.43454,0</coordinates></LineString></Placemark><Placemark><styleUrl>#coast</styleUrl><LineString><tessellate>1</tessellate><coordinates>18.17447,59.43448,0 18.17433,59.43431,0 18.17456,59.43434,0 18.17447,59.43448,0</coordinates></LineString></Placemark><Placemark><styleUrl>#coast</styleUrl><LineString><tessellate>1</tessellate><coordinates>18.37626,59.42441,0 18.37947,59.4244,0 18.38031,59.42478,0 18.38134,59.42588,0 18.38026,59.42644,0 18.37932,59.42662,0 18.37693,59.42667,0 18.37622,59.42648,0 18.37514,59.42576,0 18.37492,59.42515,0 18.37502,59.42491,0 18.37626,59.42441,0</coordinates></LineString></Placemark><Placemark><styleUrl>#coast</styleUrl><LineString><tessellate>1</tessellate><coordinates>18.38026,59.42247,0 18.38201,59.42194,0 18.3832,59.42192,0 18.38483,59.4224,0 18.38599,59.42248,0 18.38622,59.42285,0 18.38571,59.42289,0 18.38435,59.42352,0 18.38296,59.42351,0 18.3818,59.42372,0 18.38086,59.42358,0 18.37997,59.42313,0 18.37986,59.42272,0 18.38026,59.42247,0</coordinates></LineString></Placemark><Placemark><styleUrl>#coast</styleUrl><LineString><tessellate>1</tessellate><coordinates>18.34981,59.43589,0 18.34921,59.43628,0 18.34906,59.43609,0 18.3494,59.4359,0 18.35185,59.4353,0 18.353,59.43469,0 18.35531,59.43465,0 18.3556,59.43481,0 18.35701,59.4345,0 18.35797,59.43489,0 18.3582,59.43559,0 18.35741,59.43591,0 18.3572,59.43652,0 18.35589,59.43693,0 18.35489,59.43701,0 18.35423,59.4373,0 18.35384,59.43709,0 18.35309,59.43711,0 18.35269,59.43677,0 18.35187,59.4368,0 18.3509,59.43637,0 18.35033,59.43635,0 18.35046,59.43615,0 18.34981,59.43589,0</coordinates></LineString></Placemark><Placemark><styleUrl>#coast</styleUrl><LineString><tessellate>1</tessellate><coordinates>18.35466,59.43757,0 18.35487,59.43728,0 18.35508,59.43737,0 18.35466,59.43757,0</coordinates></LineString></Placemark><Placemark><styleUrl>#coast</styleUrl><LineString><tessellate>1</tessellate><coordinates>18.35431,59.43764,0 18.35383,59.43756,0 18.35415,59.43731,0 18.35437,59.43735,0 18.35431,59.43764,0</coordinates></LineString></Placemark><Placemark><styleUrl>#coast</styleUrl><LineString><tessellate>1</tessellate><coordinates>18.16484,59.43101,0 18.16482,59.4305,0 18.1652,59.43093,0 18.16513,59.43105,0 18.16484,59.43101,0</coordinates></LineString></Placemark><Placemark><styleUrl>#coast</styleUrl><LineString><tessellate>1</tessellate><coordinates>18.34338,59.3798,0 18.34365,59.3797,0 18.34338,59.3798,0</coordinates></LineString></Placemark><Placemark><styleUrl>#coast</styleUrl><LineString><tessellate>1</tessellate><coordinates>18.35578,59.38013,0 18.35492,59.38034,0 18.35425,59.38013,0 18.35539,59.37978,0 18.35566,59.37981,0 18.35578,59.38013,0</coordinates></LineString></Placemark><Placemark><styleUrl>#coast</styleUrl><LineString><tessellate>1</tessellate><coordinates>18.38083,59.45162,0 18.3811,59.45188,0 18.38169,59.45187,0 18.38178,59.45247,0 18.38215,59.45257,0 18.383,59.45241,0 18.38396,59.45245,0 18.38479,59.45214,0 18.38532,59.45247,0</coordinates></LineString></Placemark><Placemark><styleUrl>#coast</styleUrl><LineString><tessellate>1</tessellate><coordinates>18.26383,59.2686,0 18.26362,59.26864,0 18.26383,59.2686,0</coordinates></LineString></Placemark><Placemark><styleUrl>#coast</styleUrl><LineString><tessellate>1</tessellate><coordinates>18.26152,59.26456,0 18.26112,59.26486,0 18.26152,59.26456,0</coordinates></LineString></Placemark><Placemark><styleUrl>#coast</styleUrl><LineString><tessellate>1</tessellate><coordinates>18.26788,59.26027,0 18.26738,59.26078,0 18.2661,59.26098,0 18.2651,59.26141,0 18.26365,59.2617,0 18.26323,59.26216,0 18.26179,59.26233,0 18.26044,59.26289,0 18.26065,59.26328,0 18.26082,59.26338,0 18.26111,59.26328,0 18.26162,59.26374,0 18.26116,59.26409,0 18.26164,59.26394,0 18.26159,59.26424,0 18.26089,59.26455,0 18.26071,59.26484,0 18.25959,59.26493,0 18.25894,59.26532,0 18.25779,59.26542,0 18.25704,59.26578,0 18.25451,59.26637,0 18.25397,59.26676,0 18.25407,59.26714,0 18.25317,59.26749,0 18.25333,59.26762,0 18.25283,59.26817,0 18.2533,59.2683,0 18.25435,59.26813,0 18.25507,59.26777,0 18.25562,59.26767,0 18.25578,59.26778,0 18.25539,59.26819,0 18.25485,59.26834,0 18.2539,59.26833,0 18.2527,59.26895,0 18.25257,59.26977,0 18.25288,59.27028,0 18.25414,59.27064,0 18.25548,59.2708,0 18.25689,59.27046,0</coordinates></LineString></Placemark><Placemark><styleUrl>#coast</styleUrl><LineString><tessellate>1</tessellate><coordinates>18.26346,59.26862,0 18.26336,59.26873,0 18.26346,59.26862,0</coordinates></LineString></Placemark><Placemark><styleUrl>#coast</styleUrl><LineString><tessellate>1</tessellate><coordinates>18.26206,59.26902,0 18.26268,59.26869,0 18.26302,59.26864,0 18.26326,59.26877,0 18.26355,59.26867,0 18.26492,59.26944,0 18.26562,59.26957,0 18.26659,59.26914,0 18.26807,59.26884,0 18.26822,59.26904,0 18.26858,59.26911,0 18.2689,59.26899,0 18.26936,59.26929,0 18.2706,59.26941,0 18.27183,59.26904,0 18.2752,59.26871,0 18.27775,59.26817,0 18.27905,59.26835,0 18.28111,59.26781,0</coordinates></LineString></Placemark><Placemark><styleUrl>#coast</styleUrl><LineString><tessellate>1</tessellate><coordinates>18.25689,59.27046,0 18.25716,59.27062,0 18.25805,59.27072,0 18.25899,59.27059,0 18.26098,59.26981,0 18.26206,59.26902,0</coordinates></LineString></Placemark><Placemark><styleUrl>#coast</styleUrl><LineString><tessellate>1</tessellate><coordinates>18.31933,59.2673,0 18.32001,59.26661,0 18.32037,59.26667,0 18.32058,59.26682,0 18.32052,59.26772,0 18.31988,59.26789,0 18.31933,59.2673,0</coordinates></LineString></Placemark><Placemark><styleUrl>#coast</styleUrl><LineString><tessellate>1</tessellate><coordinates>18.36968,59.27059,0 18.37032,59.27015,0 18.37006,59.27038,0 18.37025,59.27057,0 18.36997,59.27069,0 18.37037,59.27083,0 18.36978,59.27075,0 18.36968,59.27059,0</coordinates></LineString></Placemark><Placemark><styleUrl>#coast</styleUrl><LineString><tessellate>1</tessellate><coordinates>18.36763,59.2711,0 18.36831,59.27067,0 18.36896,59.27076,0 18.36966,59.27065,0 18.36902,59.27107,0 18.3685,59.27119,0 18.3677,59.2712,0 18.36763,59.2711,0</coordinates></LineString></Placemark><Placemark><styleUrl>#coast</styleUrl><LineString><tessellate>1</tessellate><coordinates>18.3699,59.26979,0 18.37008,59.26994,0 18.36966,59.27048,0 18.36834,59.27056,0 18.36808,59.27034,0 18.36762,59.2705,0 18.36836,59.26989,0 18.36874,59.26992,0 18.36924,59.26967,0 18.36935,59.26984,0 18.3699,59.26979,0</coordinates></LineString></Placemark><Placemark><styleUrl>#coast</styleUrl><LineString><tessellate>1</tessellate><coordinates>18.37055,59.27158,0 18.37078,59.27128,0 18.37149,59.27121,0 18.37095,59.27189,0 18.37038,59.27191,0 18.37055,59.27158,0</coordinates></LineString></Placemark><Placemark><styleUrl>#coast</styleUrl><LineString><tessellate>1</tessellate><coordinates>18.37825,59.26439,0 18.37804,59.26443,0 18.37825,59.26439,0</coordinates></LineString></Placemark><Placemark><styleUrl>#coast</styleUrl><LineString><tessellate>1</tessellate><coordinates>18.37874,59.26397,0 18.37889,59.26419,0 18.3785,59.26425,0 18.37838,59.26415,0 18.37874,59.26397,0</coordinates></LineString></Placemark><Placemark><styleUrl>#coast</styleUrl><LineString><tessellate>1</tessellate><coordinates>18.38008,59.26344,0 18.37992,59.26315,0 18.38118,59.26242,0 18.38148,59.26277,0 18.38008,59.26344,0</coordinates></LineString></Placemark><Placemark><styleUrl>#coast</styleUrl><LineString><tessellate>1</tessellate><coordinates>18.37834,59.26437,0 18.37834,59.26437,0</coordinates></LineString></Placemark><Placemark><styleUrl>#coast</styleUrl><LineString><tessellate>1</tessellate><coordinates>18.37839,59.26438,0 18.37839,59.26438,0</coordinates></LineString></Placemark><Placemark><styleUrl>#coast</styleUrl><LineString><tessellate>1</tessellate><coordinates>18.38288,59.26605,0 18.3836,59.26593,0 18.38383,59.2661,0 18.38364,59.26646,0 18.383,59.26674,0 18.38187,59.26668,0 18.38288,59.26605,0</coordinates></LineString></Placemark><Placemark><styleUrl>#coast</styleUrl><LineString><tessellate>1</tessellate><coordinates>18.3302,59.25492,0 18.3302,59.25492,0</coordinates></LineString></Placemark><Placemark><styleUrl>#coast</styleUrl><LineString><tessellate>1</tessellate><coordinates>18.33028,59.25503,0 18.33005,59.25517,0 18.33028,59.25503,0</coordinates></LineString></Placemark><Placemark><styleUrl>#coast</styleUrl><LineString><tessellate>1</tessellate><coordinates>18.14765,59.3341,0 18.14746,59.33411,0 18.14765,59.3341,0</coordinates></LineString></Placemark><Placemark><styleUrl>#coast</styleUrl><LineString><tessellate>1</tessellate><coordinates>18.06989,59.3287,0 18.06943,59.32856,0</coordinates></LineString></Placemark><Placemark><styleUrl>#coast</styleUrl><LineString><tessellate>1</tessellate><coordinates>18.07002,59.32922,0 18.07437,59.32943,0 18.07584,59.329,0 18.07781,59.32776,0 18.08027,59.32872,0 18.07969,59.32995,0 18.07649,59.33144,0 18.07639,59.3319,0 18.07686,59.33219,0 18.07745,59.33225,0 18.07962,59.33163,0</coordinates></LineString></Placemark><Placemark><styleUrl>#coast</styleUrl><LineString><tessellate>1</tessellate><coordinates>18.06893,59.32899,0 18.06923,59.32907,0</coordinates></LineString></Placemark><Placemark><styleUrl>#coast</styleUrl><LineString><tessellate>1</tessellate><coordinates>18.1333,59.43385,0 18.1333,59.43385,0</coordinates></LineString></Placemark><Placemark><styleUrl>#coast</styleUrl><LineString><tessellate>1</tessellate><coordinates>18.15523,59.42069,0 18.15477,59.42091,0 18.15477,59.4213,0</coordinates></LineString></Placemark><Placemark><styleUrl>#coast</styleUrl><LineString><tessellate>1</tessellate><coordinates>18.36742,59.27136,0 18.36737,59.27161,0 18.36687,59.27172,0 18.36654,59.27203,0 18.36632,59.2718,0 18.36598,59.27203,0 18.36623,59.27155,0 18.36742,59.27136,0</coordinates></LineString></Placemark><Placemark><styleUrl>#coast</styleUrl><LineString><tessellate>1</tessellate><coordinates>18.10743,59.3577,0 18.10703,59.3576,0 18.10636,59.35834,0 18.10533,59.35894,0 18.10486,59.35879,0 18.10417,59.35924,0 18.10335,59.35931,0 18.10336,59.35946,0 18.10259,59.35948,0 18.10257,59.35934,0 18.10018,59.35941,0 18.09957,59.35965,0 18.09876,59.36129,0 18.09857,59.36126,0 18.09872,59.36105,0 18.09839,59.36123,0 18.09789,59.36116,0 18.09778,59.3613,0 18.09876,59.36182,0 18.0988,59.36286,0 18.09721,59.36372,0 18.09612,59.36491,0 18.09386,59.36627,0 18.08988,59.36729,0 18.08778,59.36835,0 18.08655,59.36866,0 18.08595,59.36858,0 18.08622,59.36841,0 18.08606,59.36812,0 18.0851,59.36785,0 18.08195,59.36891,0 18.0791,59.36886,0 18.07867,59.36934,0 18.07327,59.37152,0</coordinates></LineString></Placemark><Placemark><styleUrl>#coast</styleUrl><LineString><tessellate>1</tessellate><coordinates>18.33849,59.31467,0 18.33846,59.31453,0 18.33867,59.31461,0 18.33849,59.31467,0</coordinates></LineString></Placemark><Placemark><styleUrl>#coast</styleUrl><LineString><tessellate>1</tessellate><coordinates>18.33877,59.31475,0 18.33891,59.31454,0 18.33877,59.31475,0</coordinates></LineString></Placemark><Placemark><styleUrl>#coast</styleUrl><LineString><tessellate>1</tessellate><coordinates>18.33834,59.31314,0 18.33853,59.31299,0 18.33834,59.31314,0</coordinates></LineString></Placemark><Placemark><styleUrl>#coast</styleUrl><LineString><tessellate>1</tessellate><coordinates>18.33645,59.31385,0 18.33645,59.31385,0</coordinates></LineString></Placemark><Placemark><styleUrl>#coast</styleUrl><LineString><tessellate>1</tessellate><coordinates>18.33927,59.31466,0 18.33935,59.31452,0 18.33927,59.31466,0</coordinates></LineString></Placemark><Placemark><styleUrl>#coast</styleUrl><LineString><tessellate>1</tessellate><coordinates>18.33702,59.31388,0 18.33713,59.31376,0 18.33702,59.31388,0</coordinates></LineString></Placemark><Placemark><styleUrl>#coast</styleUrl><LineString><tessellate>1</tessellate><coordinates>18.33598,59.3142,0 18.33615,59.31414,0 18.33598,59.3142,0</coordinates></LineString></Placemark><Placemark><styleUrl>#coast</styleUrl><LineString><tessellate>1</tessellate><coordinates>18.33646,59.3137,0 18.33677,59.31364,0 18.33646,59.3137,0</coordinates></LineString></Placemark><Placemark><styleUrl>#coast</styleUrl><LineString><tessellate>1</tessellate><coordinates>18.33818,59.31483,0 18.33838,59.31458,0 18.33818,59.31483,0</coordinates></LineString></Placemark><Placemark><styleUrl>#coast</styleUrl><LineString><tessellate>1</tessellate><coordinates>18.33823,59.31331,0 18.33823,59.31331,0</coordinates></LineString></Placemark><Placemark><styleUrl>#coast</styleUrl><LineString><tessellate>1</tessellate><coordinates>18.23502,59.35777,0 18.23476,59.35775,0 18.23469,59.35726,0 18.23335,59.35724,0 18.23333,59.35754,0 18.23266,59.35764,0 18.23211,59.35833,0 18.23288,59.35848,0 18.23338,59.35784,0 18.23378,59.35761,0 18.23405,59.35767,0 18.23363,59.35788,0 18.23315,59.35865,0 18.23249,59.35918,0 18.23277,59.35858,0 18.2322,59.35845,0 18.23092,59.35982,0 18.23116,59.36039,0 18.23099,59.36049,0 18.23035,59.3603,0 18.22952,59.36076,0 18.22988,59.36102,0 18.23103,59.36058,0 18.23124,59.36078,0 18.23014,59.36108,0 18.22926,59.3616,0 18.22902,59.36144,0 18.22971,59.3611,0 18.22934,59.36083,0 18.22826,59.36122,0 18.22882,59.36147,0 18.22858,59.36157,0 18.22809,59.36126,0 18.22712,59.36135,0 18.22589,59.36106,0 18.22527,59.36143,0 18.22526,59.3617,0 18.22451,59.36245,0 18.22331,59.36277,0 18.22123,59.36285,0 18.21724,59.3634,0 18.21607,59.36331,0 18.21429,59.36341,0 18.21417,59.36319,0 18.21346,59.36301,0 18.21219,59.36297,0 18.21099,59.36316,0 18.21031,59.36305,0 18.20984,59.36225,0 18.20948,59.36229,0 18.20887,59.36272,0 18.20535,59.36321,0 18.20326,59.36271,0 18.20328,59.36234,0 18.20292,59.36259,0 18.20081,59.36328,0 18.19989,59.36282,0 18.19848,59.36335,0 18.19756,59.36327,0 18.19628,59.36358,0 18.19558,59.36353,0 18.19513,59.36324,0 18.19377,59.36358,0 18.19294,59.36352,0 18.19166,59.36375,0</coordinates></LineString></Placemark><Placemark><styleUrl>#coast</styleUrl><LineString><tessellate>1</tessellate><coordinates>18.22089,59.33871,0 18.22013,59.33878,0 18.22003,59.33861,0 18.22046,59.33796,0 18.22113,59.33779,0 18.22184,59.33799,0 18.22254,59.3385,0 18.22185,59.3388,0 18.22089,59.33871,0</coordinates></LineString></Placemark><Placemark><styleUrl>#coast</styleUrl><LineString><tessellate>1</tessellate><coordinates>18.21382,59.33557,0 18.21305,59.33529,0 18.21405,59.33488,0 18.21435,59.33545,0 18.21382,59.33557,0</coordinates></LineString></Placemark><Placemark><styleUrl>#coast</styleUrl><LineString><tessellate>1</tessellate><coordinates>18.22401,59.32088,0 18.22427,59.32016,0 18.22533,59.3196,0 18.22499,59.31862,0 18.22515,59.31823,0 18.22573,59.31798,0 18.22443,59.31715,0 18.2244,59.31679,0 18.22401,59.31669,0 18.22289,59.31562,0 18.22295,59.31506,0 18.22213,59.31421,0 18.22244,59.31375,0 18.22329,59.31336,0 18.22286,59.31198,0 18.22314,59.31158,0 18.22255,59.31087,0 18.22282,59.31053,0 18.22178,59.30991,0 18.22114,59.30889,0 18.22029,59.3085,0 18.22132,59.30788,0 18.22124,59.30772,0 18.2215,59.30777,0 18.22217,59.30755,0 18.22185,59.30646,0 18.22259,59.30589,0 18.22349,59.30542,0 18.22431,59.30529,0 18.22476,59.30478,0 18.22583,59.30426,0 18.22592,59.30399,0 18.22651,59.30364,0 18.22781,59.30334,0 18.22781,59.3029,0 18.22698,59.30253,0 18.22709,59.30186,0 18.22663,59.30103,0</coordinates></LineString></Placemark><Placemark><styleUrl>#coast</styleUrl><LineString><tessellate>1</tessellate><coordinates>18.14743,59.31665,0 18.14672,59.31694,0 18.14319,59.3176,0 18.14332,59.31782,0 18.13892,59.31816,0 18.1369,59.31768,0 18.13698,59.31759,0 18.13125,59.31678,0 18.13085,59.31633,0 18.13167,59.31548,0 18.13113,59.3153,0 18.1308,59.31534,0 18.12979,59.31616,0 18.12722,59.31558,0 18.12659,59.31574,0 18.12605,59.31626,0 18.12503,59.31593,0 18.12063,59.31671,0 18.11755,59.3161,0 18.11513,59.31591,0 18.11196,59.3153,0 18.11032,59.31513,0</coordinates></LineString></Placemark><Placemark><styleUrl>#coast</styleUrl><LineString><tessellate>1</tessellate><coordinates>18.1429,59.31336,0 18.14168,59.31299,0 18.13916,59.31295,0 18.13774,59.31233,0 18.1369,59.31222,0 18.1342,59.31095,0 18.13304,59.31068,0 18.13173,59.31053,0 18.13046,59.31058,0 18.12898,59.31025,0 18.12665,59.31034,0 18.12464,59.30982,0 18.12101,59.30949,0 18.11904,59.30893,0 18.11843,59.30934,0 18.12035,59.30977,0 18.12199,59.31069,0 18.12432,59.31083,0 18.12645,59.31142,0 18.12797,59.31149,0 18.12877,59.31172,0 18.12915,59.31162,0 18.13141,59.31177,0 18.13163,59.31199,0 18.13328,59.3121,0 18.13439,59.31237,0 18.13548,59.31308,0 18.13613,59.31327,0 18.13615,59.3146,0 18.13883,59.31458,0 18.14153,59.31483,0 18.14602,59.31572,0</coordinates></LineString></Placemark><Placemark><styleUrl>#coast</styleUrl><LineString><tessellate>1</tessellate><coordinates>18.28798,59.37182,0 18.28619,59.37181,0 18.28515,59.37165,0 18.28369,59.3707,0 18.28329,59.37,0 18.28672,59.3693,0 18.2877,59.36892,0 18.2878,59.36853,0 18.28716,59.36821,0 18.28684,59.36826,0 18.28687,59.36785,0 18.28805,59.3674,0 18.28868,59.36741,0 18.29041,59.36779,0 18.29104,59.36819,0 18.29101,59.36866,0 18.29086,59.36881,0 18.29047,59.36882,0 18.29028,59.36928,0 18.29083,59.37014,0 18.2918,59.3702,0 18.29198,59.37002,0 18.2923,59.37019,0 18.29291,59.37016,0 18.29299,59.37004,0 18.29328,59.3702,0 18.29335,59.37004,0 18.29359,59.37033,0 18.2929,59.37077,0 18.29094,59.37121,0 18.2903,59.37109,0 18.28953,59.37149,0 18.28798,59.37182,0</coordinates></LineString></Placemark><Placemark><styleUrl>#coast</styleUrl><LineString><tessellate>1</tessellate><coordinates>18.42568,59.35153,0 18.42427,59.3517,0 18.42567,59.35124,0</coordinates></LineString></Placemark><Placemark><styleUrl>#coast</styleUrl><LineString><tessellate>1</tessellate><coordinates>18.31272,59.27036,0 18.31307,59.27021,0 18.31275,59.27051,0 18.31272,59.27036,0</coordinates></LineString></Placemark><Placemark><styleUrl>#coast</styleUrl><LineString><tessellate>1</tessellate><coordinates>18.29438,59.25089,0 18.29366,59.25127,0 18.29215,59.25166,0 18.28881,59.25234,0 18.28709,59.25242,0 18.28641,59.25277,0</coordinates></LineString></Placemark><Placemark><styleUrl>#coast</styleUrl><LineString><tessellate>1</tessellate><coordinates>18.38317,59.35606,0 18.38359,59.35584,0 18.38422,59.35583,0 18.3835,59.35612,0 18.38317,59.35606,0</coordinates></LineString></Placemark><Placemark><styleUrl>#coast</styleUrl><LineString><tessellate>1</tessellate><coordinates>18.29849,59.45423,0 18.29887,59.45408,0 18.29849,59.45423,0</coordinates></LineString></Placemark><Placemark><styleUrl>#coast</styleUrl><LineString><tessellate>1</tessellate><coordinates>18.28102,59.45991,0 18.28073,59.45951,0 18.28121,59.45895,0 18.28269,59.45831,0 18.28386,59.45819,0 18.28378,59.45874,0 18.28251,59.45965,0 18.2815,59.45996,0 18.28102,59.45991,0</coordinates></LineString></Placemark><Placemark><styleUrl>#coast</styleUrl><LineString><tessellate>1</tessellate><coordinates>18.30327,59.45416,0 18.30327,59.45416,0</coordinates></LineString></Placemark><Placemark><styleUrl>#coast</styleUrl><LineString><tessellate>1</tessellate><coordinates>18.30306,59.4542,0 18.30306,59.4542,0</coordinates></LineString></Placemark><Placemark><styleUrl>#coast</styleUrl><LineString><tessellate>1</tessellate><coordinates>18.17199,59.37826,0 18.17128,59.37809,0 18.17073,59.37839,0 18.16965,59.37852,0 18.16946,59.37837,0 18.16857,59.37831,0 18.16729,59.3787,0 18.16712,59.3789,0 18.16197,59.37924,0 18.16211,59.37965,0 18.16337,59.38033,0 18.16407,59.3805,0 18.1651,59.38024,0 18.16413,59.38067,0 18.16274,59.38021,0 18.16181,59.37969,0 18.16166,59.37935,0 18.16132,59.37939,0 18.16134,59.37974,0 18.16114,59.37973,0 18.16133,59.37995,0</coordinates></LineString></Placemark><Placemark><styleUrl>#coast</styleUrl><LineString><tessellate>1</tessellate><coordinates>18.19441,59.38134,0 18.19122,59.38275,0 18.1898,59.3832,0 18.18926,59.38316,0 18.18852,59.38252,0 18.18812,59.38244,0 18.18702,59.38306,0 18.18538,59.38358,0 18.1835,59.38364,0 18.18252,59.38383,0 18.18176,59.38382,0 18.18166,59.38345,0 18.18153,59.38373,0 18.17954,59.3834,0 18.17863,59.38301,0 18.17842,59.38246,0 18.17727,59.38245,0</coordinates></LineString></Placemark><Placemark><styleUrl>#coast</styleUrl><LineString><tessellate>1</tessellate><coordinates>18.17381,59.33176,0 18.17377,59.33164,0 18.17381,59.33176,0</coordinates></LineString></Placemark><Placemark><styleUrl>#coast</styleUrl><LineString><tessellate>1</tessellate><coordinates>18.29597,59.37726,0 18.29595,59.37737,0 18.29765,59.37726,0 18.29804,59.37703,0 18.29785,59.37673,0 18.29879,59.37634,0 18.29986,59.37641,0 18.30002,59.37628,0 18.30053,59.37648,0 18.30102,59.37612,0 18.3028,59.37578,0 18.30378,59.3759,0 18.3052,59.3756,0 18.30497,59.37575,0 18.30548,59.37579,0 18.30596,59.37562,0 18.30688,59.37557,0 18.3075,59.37559,0 18.30795,59.37578,0</coordinates></LineString></Placemark><Placemark><styleUrl>#coast</styleUrl><LineString><tessellate>1</tessellate><coordinates>18.33686,59.31374,0 18.33686,59.31374,0</coordinates></LineString></Placemark><Placemark><styleUrl>#coast</styleUrl><LineString><tessellate>1</tessellate><coordinates>18.33796,59.31391,0 18.33796,59.31391,0</coordinates></LineString></Placemark><Placemark><styleUrl>#coast</styleUrl><LineString><tessellate>1</tessellate><coordinates>18.35003,59.424,0 18.35006,59.4238,0 18.35042,59.42367,0 18.35027,59.42399,0 18.35003,59.424,0</coordinates></LineString></Placemark><Placemark><styleUrl>#coast</styleUrl><LineString><tessellate>1</tessellate><coordinates>18.25382,59.29904,0 18.25435,59.29936,0 18.25427,59.29996,0 18.25573,59.30049,0 18.25642,59.30048,0 18.25736,59.29961,0 18.2581,59.2995,0 18.25918,59.2997,0 18.2594,59.29961,0 18.26004,59.30013,0 18.26093,59.30021,0 18.26222,59.30085,0 18.26293,59.30089,0 18.26394,59.30057,0 18.26499,59.30095,0 18.26725,59.30032,0 18.26707,59.29977,0 18.26805,59.29938,0 18.27251,59.29926,0 18.27316,59.29951,0 18.27409,59.29956,0 18.27483,59.29932,0 18.27549,59.29942,0 18.2757,59.29982,0 18.27521,59.29999,0 18.27523,59.30014,0 18.27543,59.3,0 18.27605,59.30014,0 18.27808,59.30129,0 18.27821,59.30165,0 18.279,59.30214,0 18.28113,59.30271,0 18.28216,59.30267,0 18.28316,59.30306,0 18.28554,59.30345,0 18.28576,59.3036,0 18.28686,59.30341,0 18.28798,59.30367,0 18.28849,59.3044,0 18.29034,59.30565,0 18.29122,59.30658,0 18.29351,59.30763,0 18.29347,59.30774,0 18.2927,59.3077,0 18.29262,59.30806,0 18.29476,59.3084,0 18.29525,59.3086,0</coordinates></LineString></Placemark><Placemark><styleUrl>#coast</styleUrl><LineString><tessellate>1</tessellate><coordinates>18.21646,59.30379,0 18.21688,59.30389,0 18.21719,59.30379,0 18.21749,59.30396,0 18.21873,59.30358,0 18.21949,59.30354,0 18.22017,59.30373,0 18.2209,59.30363,0 18.22105,59.30369,0 18.22069,59.30387,0 18.22085,59.30419,0 18.22137,59.30424,0 18.22083,59.30432,0 18.22075,59.30466,0 18.21984,59.30549,0 18.21866,59.30542,0 18.21856,59.30557,0 18.21795,59.30491,0 18.21743,59.30493,0 18.21725,59.30532,0 18.21687,59.30541,0</coordinates></LineString></Placemark><Placemark><styleUrl>#coast</styleUrl><LineString><tessellate>1</tessellate><coordinates>18.29566,59.28638,0 18.29517,59.28629,0 18.29523,59.286,0 18.29768,59.28426,0 18.29879,59.28295,0 18.29978,59.28231,0 18.29909,59.28184,0 18.29831,59.28189,0 18.29876,59.28147,0 18.29836,59.28166,0 18.29824,59.2814,0 18.29695,59.2819,0 18.29697,59.28164,0 18.29795,59.28123,0 18.29734,59.28123,0 18.29729,59.28098,0 18.29615,59.28129,0 18.29491,59.281,0 18.29554,59.2805,0 18.29708,59.28023,0 18.2979,59.27992,0 18.29771,59.27974,0 18.2968,59.27961,0 18.29715,59.27946,0 18.2969,59.27918,0 18.29726,59.27875,0 18.29856,59.27856,0 18.29896,59.27833,0 18.29919,59.27843,0 18.30129,59.27763,0 18.30201,59.27692,0 18.30121,59.27672,0 18.30101,59.27644,0 18.30198,59.27596,0 18.30201,59.2757,0 18.30248,59.27549,0 18.30224,59.27546,0 18.30304,59.275,0 18.30324,59.27467,0 18.30398,59.2744,0 18.30364,59.27403,0 18.30206,59.27407,0 18.30136,59.27383,0 18.30076,59.27399,0 18.30046,59.27491,0 18.30072,59.27572,0 18.29862,59.27756,0 18.29745,59.2779,0 18.29694,59.27778,0 18.29448,59.27789,0 18.29398,59.27839,0 18.29471,59.27894,0 18.29403,59.2798,0 18.29335,59.28017,0 18.29228,59.2813,0 18.29014,59.28299,0 18.28865,59.28389,0 18.28958,59.2849,0 18.29048,59.28517,0 18.29244,59.28509,0 18.29261,59.28518,0 18.29221,59.28556,0 18.29282,59.2856,0 18.29358,59.28611,0 18.29057,59.28744,0 18.29032,59.28769,0 18.29052,59.28784,0 18.29107,59.28791,0 18.29298,59.28751,0 18.29409,59.28712,0 18.29451,59.28658,0 18.2954,59.2866,0</coordinates></LineString></Placemark><Placemark><styleUrl>#coast</styleUrl><LineString><tessellate>1</tessellate><coordinates>18.36982,59.2717,0 18.36981,59.27159,0 18.36982,59.2717,0</coordinates></LineString></Placemark><Placemark><styleUrl>#coast</styleUrl><LineString><tessellate>1</tessellate><coordinates>18.36757,59.27188,0 18.36778,59.27173,0 18.36782,59.27187,0 18.36757,59.27188,0</coordinates></LineString></Placemark><Placemark><styleUrl>#coast</styleUrl><LineString><tessellate>1</tessellate><coordinates>18.36972,59.27097,0 18.3695,59.27103,0 18.36972,59.27097,0</coordinates></LineString></Placemark><Placemark><styleUrl>#coast</styleUrl><LineString><tessellate>1</tessellate><coordinates>18.37061,59.2712,0 18.37061,59.2712,0</coordinates></LineString></Placemark><Placemark><styleUrl>#coast</styleUrl><LineString><tessellate>1</tessellate><coordinates>18.36838,59.27173,0 18.36838,59.27173,0</coordinates></LineString></Placemark><Placemark><styleUrl>#coast</styleUrl><LineString><tessellate>1</tessellate><coordinates>18.32466,59.27908,0 18.32456,59.27894,0 18.3249,59.27878,0 18.32509,59.27904,0 18.32466,59.27908,0</coordinates></LineString></Placemark><Placemark><styleUrl>#coast</styleUrl><LineString><tessellate>1</tessellate><coordinates>18.34581,59.27529,0 18.34552,59.2756,0 18.34467,59.27571,0 18.34535,59.27533,0 18.34581,59.27529,0</coordinates></LineString></Placemark><Placemark><styleUrl>#coast</styleUrl><LineString><tessellate>1</tessellate><coordinates>18.36769,59.26342,0 18.36769,59.26342,0</coordinates></LineString></Placemark><Placemark><styleUrl>#coast</styleUrl><LineString><tessellate>1</tessellate><coordinates>18.36564,59.26117,0 18.36564,59.26117,0</coordinates></LineString></Placemark><Placemark><styleUrl>#coast</styleUrl><LineString><tessellate>1</tessellate><coordinates>18.36815,59.26332,0 18.36837,59.26318,0 18.36827,59.26354,0 18.36772,59.26384,0 18.36767,59.26366,0 18.36815,59.26332,0</coordinates></LineString></Placemark><Placemark><styleUrl>#coast</styleUrl><LineString><tessellate>1</tessellate><coordinates>18.37287,59.26282,0 18.37287,59.26282,0</coordinates></LineString></Placemark><Placemark><styleUrl>#coast</styleUrl><LineString><tessellate>1</tessellate><coordinates>18.37331,59.27078,0 18.37322,59.27086,0 18.37331,59.27078,0</coordinates></LineString></Placemark><Placemark><styleUrl>#coast</styleUrl><LineString><tessellate>1</tessellate><coordinates>18.10418,59.39156,0 18.10299,59.39244,0 18.10248,59.39236,0 18.10218,59.39204,0 18.10193,59.39207,0 18.10178,59.39179,0 18.1014,59.392,0 18.10111,59.39191,0 18.10141,59.39149,0 18.10171,59.39162,0 18.10195,59.3915,0 18.10225,59.39156,0 18.10287,59.39117,0 18.1034,59.39127,0 18.10397,59.39118,0 18.10418,59.39156,0</coordinates></LineString></Placemark><Placemark><styleUrl>#coast</styleUrl><LineString><tessellate>1</tessellate><coordinates>18.34684,59.29817,0 18.34559,59.2978,0 18.3444,59.29688,0 18.34462,59.29663,0 18.34499,59.29657,0 18.34486,59.29592,0 18.34457,59.2957,0 18.34489,59.2954,0</coordinates></LineString></Placemark><Placemark><styleUrl>#coast</styleUrl><LineString><tessellate>1</tessellate><coordinates>18.34363,59.31055,0 18.3442,59.30998,0 18.34469,59.30999,0 18.34507,59.30976,0 18.34662,59.30937,0 18.34784,59.30935,0 18.35033,59.30883,0 18.35079,59.30859,0 18.35082,59.30822,0 18.3499,59.30792,0 18.34765,59.30783,0 18.34688,59.30753,0 18.34518,59.3075,0 18.34372,59.30672,0</coordinates></LineString></Placemark><Placemark><styleUrl>#coast</styleUrl><LineString><tessellate>1</tessellate><coordinates>18.34875,59.3212,0 18.34875,59.3212,0</coordinates></LineString></Placemark><Placemark><styleUrl>#coast</styleUrl><LineString><tessellate>1</tessellate><coordinates>18.36911,59.37732,0 18.36887,59.37742,0 18.36911,59.37732,0</coordinates></LineString></Placemark><Placemark><styleUrl>#coast</styleUrl><LineString><tessellate>1</tessellate><coordinates>18.36925,59.37705,0 18.36914,59.37728,0 18.36899,59.37716,0 18.36925,59.37705,0</coordinates></LineString></Placemark><Placemark><styleUrl>#coast</styleUrl><LineString><tessellate>1</tessellate><coordinates>18.3721,59.38058,0 18.37251,59.3808,0 18.37238,59.38087,0 18.3721,59.38058,0</coordinates></LineString></Placemark><Placemark><styleUrl>#coast</styleUrl><LineString><tessellate>1</tessellate><coordinates>18.37123,59.3785,0 18.37116,59.37876,0 18.37079,59.37882,0 18.37087,59.3786,0 18.37123,59.3785,0</coordinates></LineString></Placemark><Placemark><styleUrl>#coast</styleUrl><LineString><tessellate>1</tessellate><coordinates>18.37144,59.37894,0 18.37135,59.37903,0 18.37144,59.37894,0</coordinates></LineString></Placemark><Placemark><styleUrl>#coast</styleUrl><LineString><tessellate>1</tessellate><coordinates>18.37131,59.37896,0 18.37131,59.37896,0</coordinates></LineString></Placemark><Placemark><styleUrl>#coast</styleUrl><LineString><tessellate>1</tessellate><coordinates>18.18346,59.32462,0 18.18213,59.32436,0 18.18231,59.32399,0 18.18177,59.32343,0 18.17876,59.32241,0 18.17912,59.32221,0 18.17868,59.32195,0 18.17802,59.32215,0 18.17671,59.32209,0 18.17616,59.32158,0 18.17598,59.32187,0 18.1757,59.32167,0 18.17592,59.32143,0 18.17511,59.32095,0 18.17399,59.3213,0 18.17255,59.3214,0 18.17009,59.32114,0 18.16889,59.32094,0 18.16498,59.31954,0 18.16429,59.319,0 18.16225,59.31904,0 18.16226,59.31859,0 18.16122,59.31815,0 18.16047,59.31805,0 18.16017,59.3184,0 18.15994,59.31809,0 18.15896,59.3182,0 18.15737,59.31796,0 18.15539,59.31809,0 18.15336,59.31778,0</coordinates></LineString></Placemark><Placemark><styleUrl>#coast</styleUrl><LineString><tessellate>1</tessellate><coordinates>18.3884,59.35774,0 18.3884,59.35774,0</coordinates></LineString></Placemark><Placemark><styleUrl>#coast</styleUrl><LineString><tessellate>1</tessellate><coordinates>18.40277,59.3527,0 18.40255,59.35275,0 18.40259,59.35266,0 18.40298,59.35251,0 18.40277,59.3527,0</coordinates></LineString></Placemark><Placemark><styleUrl>#coast</styleUrl><LineString><tessellate>1</tessellate><coordinates>18.38871,59.35701,0 18.38871,59.35701,0</coordinates></LineString></Placemark><Placemark><styleUrl>#coast</styleUrl><LineString><tessellate>1</tessellate><coordinates>18.10149,59.41942,0 18.10216,59.41959,0 18.10149,59.41942,0</coordinates></LineString></Placemark><Placemark><styleUrl>#coast</styleUrl><LineString><tessellate>1</tessellate><coordinates>18.10419,59.42306,0 18.10423,59.42322,0 18.10419,59.42306,0</coordinates></LineString></Placemark><Placemark><styleUrl>#coast</styleUrl><LineString><tessellate>1</tessellate><coordinates>18.34653,59.27549,0 18.34685,59.27525,0 18.34676,59.27552,0 18.34653,59.27549,0</coordinates></LineString></Placemark><Placemark><styleUrl>#coast</styleUrl><LineString><tessellate>1</tessellate><coordinates>18.26971,59.25886,0 18.2691,59.25911,0 18.26897,59.25952,0 18.26788,59.26027,0</coordinates></LineString></Placemark><Placemark><styleUrl>#coast</styleUrl><LineString><tessellate>1</tessellate><coordinates>18.35229,59.40567,0 18.35225,59.40577,0 18.35229,59.40567,0</coordinates></LineString></Placemark><Placemark><styleUrl>#coast</styleUrl><LineString><tessellate>1</tessellate><coordinates>18.3124,59.31826,0 18.31243,59.31816,0 18.3124,59.31826,0</coordinates></LineString></Placemark><Placemark><styleUrl>#coast</styleUrl><LineString><tessellate>1</tessellate><coordinates>18.31253,59.31822,0 18.31253,59.31822,0</coordinates></LineString></Placemark><Placemark><styleUrl>#coast</styleUrl><LineString><tessellate>1</tessellate><coordinates>18.36465,59.35859,0 18.36398,59.35867,0 18.36378,59.35898,0 18.36271,59.35942,0 18.3604,59.35952,0 18.36026,59.35985,0 18.36099,59.36012,0 18.36064,59.3606,0 18.36004,59.36076,0 18.35933,59.36075,0 18.35857,59.35988,0 18.35781,59.35989,0 18.35666,59.36076,0 18.35522,59.36117,0 18.35419,59.36254,0</coordinates></LineString></Placemark><Placemark><styleUrl>#coast</styleUrl><LineString><tessellate>1</tessellate><coordinates>18.32916,59.26279,0 18.32849,59.26321,0 18.32856,59.26294,0 18.32916,59.26279,0</coordinates></LineString></Placemark><Placemark><styleUrl>#coast</styleUrl><LineString><tessellate>1</tessellate><coordinates>18.10148,59.30941,0 18.1019,59.30932,0 18.10211,59.30943,0 18.10334,59.30918,0 18.10287,59.30855,0 18.10258,59.30855,0 18.10247,59.30837,0 18.10178,59.30841,0 18.10551,59.30767,0 18.10604,59.30808,0 18.10659,59.30794,0 18.1066,59.30635,0 18.10436,59.30667,0 18.10256,59.30615,0 18.10234,59.30541,0</coordinates></LineString></Placemark><Placemark><styleUrl>#coast</styleUrl><LineString><tessellate>1</tessellate><coordinates>18.13637,59.39573,0 18.13561,59.3957,0 18.13647,59.39534,0 18.13669,59.3955,0 18.13637,59.39573,0</coordinates></LineString></Placemark><Placemark><styleUrl>#coast</styleUrl><LineString><tessellate>1</tessellate><coordinates>18.19539,59.44178,0 18.19387,59.44063,0 18.19624,59.43906,0 18.19828,59.43975,0 18.19864,59.44002,0 18.1989,59.44125,0 18.19849,59.44153,0 18.19682,59.44152,0 18.19539,59.44178,0</coordinates></LineString></Placemark><Placemark><styleUrl>#coast</styleUrl><LineString><tessellate>1</tessellate><coordinates>18.13842,59.43485,0 18.13916,59.43492,0 18.13996,59.43547,0 18.1403,59.43582,0 18.1401,59.43619,0 18.14034,59.43632,0 18.13974,59.43635,0 18.13962,59.43657,0 18.13882,59.43688,0 18.13621,59.43763,0 18.13518,59.43781,0 18.13464,59.43769,0</coordinates></LineString></Placemark><Placemark><styleUrl>#coast</styleUrl><LineString><tessellate>1</tessellate><coordinates>18.09525,59.39489,0 18.09482,59.39472,0 18.09468,59.3944,0 18.09527,59.39383,0 18.09592,59.39376,0 18.09617,59.39418,0 18.09592,59.39466,0 18.09579,59.39459,0 18.09525,59.39489,0</coordinates></LineString></Placemark><Placemark><styleUrl>#coast</styleUrl><LineString><tessellate>1</tessellate><coordinates>18.09708,59.39012,0 18.09693,59.38963,0 18.09742,59.3896,0 18.0976,59.38984,0 18.09708,59.39012,0</coordinates></LineString></Placemark><Placemark><styleUrl>#coast</styleUrl><LineString><tessellate>1</tessellate><coordinates>18.09822,59.39095,0 18.09832,59.39027,0 18.09865,59.39018,0 18.09925,59.39063,0 18.09878,59.3909,0 18.09822,59.39095,0</coordinates></LineString></Placemark><Placemark><styleUrl>#coast</styleUrl><LineString><tessellate>1</tessellate><coordinates>18.09928,59.39068,0 18.10098,59.39041,0 18.10159,59.39063,0 18.10165,59.391,0 18.10135,59.39123,0 18.10085,59.39126,0 18.09928,59.39068,0</coordinates></LineString></Placemark><Placemark><styleUrl>#coast</styleUrl><LineString><tessellate>1</tessellate><coordinates>18.39247,59.35647,0 18.39268,59.35626,0 18.39297,59.35626,0 18.39278,59.35657,0 18.39247,59.35647,0</coordinates></LineString></Placemark><Placemark><styleUrl>#coast</styleUrl><LineString><tessellate>1</tessellate><coordinates>18.32848,59.25525,0 18.329,59.25493,0 18.32988,59.25481,0 18.32943,59.25533,0 18.32852,59.25535,0 18.32848,59.25525,0</coordinates></LineString></Placemark><Placemark><styleUrl>#coast</styleUrl><LineString><tessellate>1</tessellate><coordinates>18.09483,59.37358,0 18.09645,59.37247,0 18.09848,59.37189,0 18.09876,59.37295,0 18.09908,59.37316,0 18.10004,59.3732,0 18.09904,59.37434,0</coordinates></LineString></Placemark><Placemark><styleUrl>#coast</styleUrl><LineString><tessellate>1</tessellate><coordinates>18.31634,59.32836,0 18.31789,59.3269,0 18.31928,59.32617,0</coordinates></LineString></Placemark><Placemark><styleUrl>#coast</styleUrl><LineString><tessellate>1</tessellate><coordinates>18.31301,59.32877,0 18.31339,59.32898,0 18.31399,59.32882,0 18.31498,59.32904,0 18.31559,59.329,0</coordinates></LineString></Placemark><Placemark><styleUrl>#coast</styleUrl><LineString><tessellate>1</tessellate><coordinates>18.32558,59.32436,0 18.32611,59.32397,0 18.3267,59.32395,0 18.327,59.32339,0 18.32788,59.32319,0</coordinates></LineString></Placemark><Placemark><styleUrl>#coast</styleUrl><LineString><tessellate>1</tessellate><coordinates>18.30761,59.33222,0 18.30765,59.33178,0 18.30857,59.3309,0 18.30914,59.33084,0 18.31207,59.3296,0 18.31208,59.32922,0</coordinates></LineString></Placemark><Placemark><styleUrl>#coast</styleUrl><LineString><tessellate>1</tessellate><coordinates>18.31208,59.32922,0 18.31241,59.32897,0</coordinates></LineString></Placemark><Placemark><styleUrl>#coast</styleUrl><LineString><tessellate>1</tessellate><coordinates>18.30726,59.33289,0 18.30761,59.33222,0</coordinates></LineString></Placemark><Placemark><styleUrl>#coast</styleUrl><LineString><tessellate>1</tessellate><coordinates>18.30592,59.33327,0 18.30628,59.33333,0 18.30692,59.33318,0 18.30726,59.33289,0</coordinates></LineString></Placemark><Placemark><styleUrl>#coast</styleUrl><LineString><tessellate>1</tessellate><coordinates>18.31928,59.32617,0 18.3217,59.32542,0</coordinates></LineString></Placemark><Placemark><styleUrl>#coast</styleUrl><LineString><tessellate>1</tessellate><coordinates>18.3217,59.32542,0 18.32558,59.32436,0</coordinates></LineString></Placemark><Placemark><styleUrl>#coast</styleUrl><LineString><tessellate>1</tessellate><coordinates>18.35789,59.32294,0 18.35753,59.32269,0 18.35672,59.32265,0 18.35659,59.32229,0</coordinates></LineString></Placemark><Placemark><styleUrl>#coast</styleUrl><LineString><tessellate>1</tessellate><coordinates>18.36209,59.32713,0 18.36479,59.32766,0</coordinates></LineString></Placemark><Placemark><styleUrl>#coast</styleUrl><LineString><tessellate>1</tessellate><coordinates>18.36481,59.32459,0 18.36403,59.32487,0 18.36338,59.32483,0 18.36306,59.32498,0 18.36162,59.32452,0</coordinates></LineString></Placemark><Placemark><styleUrl>#coast</styleUrl><LineString><tessellate>1</tessellate><coordinates>18.37936,59.32681,0 18.38075,59.32669,0 18.38126,59.32636,0 18.38208,59.32618,0 18.38259,59.32631,0 18.38364,59.32612,0</coordinates></LineString></Placemark><Placemark><styleUrl>#coast</styleUrl><LineString><tessellate>1</tessellate><coordinates>18.3519,59.32252,0 18.35225,59.32251,0 18.35266,59.32279,0 18.3529,59.32266,0 18.3535,59.32288,0 18.35489,59.32271,0</coordinates></LineString></Placemark><Placemark><styleUrl>#coast</styleUrl><LineString><tessellate>1</tessellate><coordinates>18.35489,59.32271,0 18.35639,59.32318,0</coordinates></LineString></Placemark><Placemark><styleUrl>#coast</styleUrl><LineString><tessellate>1</tessellate><coordinates>18.34944,59.32238,0 18.34975,59.32224,0 18.34935,59.32207,0 18.3497,59.32182,0 18.35044,59.32183,0 18.35129,59.3219,0 18.35103,59.32225,0 18.3519,59.32252,0</coordinates></LineString></Placemark><Placemark><styleUrl>#coast</styleUrl><LineString><tessellate>1</tessellate><coordinates>18.36162,59.32452,0 18.36084,59.32479,0 18.35969,59.32432,0</coordinates></LineString></Placemark><Placemark><styleUrl>#coast</styleUrl><LineString><tessellate>1</tessellate><coordinates>18.35939,59.3268,0 18.36209,59.32713,0</coordinates></LineString></Placemark><Placemark><styleUrl>#coast</styleUrl><LineString><tessellate>1</tessellate><coordinates>18.34714,59.32152,0 18.34769,59.32207,0 18.34944,59.32238,0</coordinates></LineString></Placemark><Placemark><styleUrl>#coast</styleUrl><LineString><tessellate>1</tessellate><coordinates>18.36642,59.32223,0 18.36573,59.32265,0 18.36537,59.32263,0 18.36411,59.32204,0 18.36367,59.32208,0 18.36279,59.3225,0</coordinates></LineString></Placemark><Placemark><styleUrl>#coast</styleUrl><LineString><tessellate>1</tessellate><coordinates>18.35639,59.32318,0 18.35732,59.32355,0 18.35748,59.3242,0</coordinates></LineString></Placemark><Placemark><styleUrl>#coast</styleUrl><LineString><tessellate>1</tessellate><coordinates>18.33908,59.32039,0 18.33919,59.32022,0 18.33972,59.32024,0 18.33976,59.32008,0 18.34033,59.32011,0 18.34208,59.32058,0</coordinates></LineString></Placemark><Placemark><styleUrl>#coast</styleUrl><LineString><tessellate>1</tessellate><coordinates>18.36361,59.32383,0 18.36474,59.32428,0 18.36481,59.32459,0</coordinates></LineString></Placemark><Placemark><styleUrl>#coast</styleUrl><LineString><tessellate>1</tessellate><coordinates>18.35862,59.3248,0 18.35855,59.32518,0</coordinates></LineString></Placemark><Placemark><styleUrl>#coast</styleUrl><LineString><tessellate>1</tessellate><coordinates>18.35855,59.32518,0 18.35827,59.32504,0 18.35766,59.32518,0 18.35789,59.32531,0 18.35767,59.32546,0 18.35715,59.32514,0 18.35563,59.32565,0</coordinates></LineString></Placemark><Placemark><styleUrl>#coast</styleUrl><LineString><tessellate>1</tessellate><coordinates>18.35748,59.3242,0 18.35764,59.32444,0 18.35862,59.3248,0</coordinates></LineString></Placemark><Placemark><styleUrl>#coast</styleUrl><LineString><tessellate>1</tessellate><coordinates>18.38364,59.32612,0 18.38487,59.32611,0 18.38496,59.32591,0</coordinates></LineString></Placemark><Placemark><styleUrl>#coast</styleUrl><LineString><tessellate>1</tessellate><coordinates>18.37488,59.32213,0 18.37447,59.32193,0 18.37358,59.32193,0 18.37297,59.32222,0 18.37282,59.32277,0 18.37243,59.32307,0 18.37078,59.32335,0 18.3705,59.32395,0 18.36832,59.32372,0</coordinates></LineString></Placemark><Placemark><styleUrl>#coast</styleUrl><LineString><tessellate>1</tessellate><coordinates>18.35512,59.32674,0 18.35587,59.32668,0 18.3565,59.32706,0</coordinates></LineString></Placemark><Placemark><styleUrl>#coast</styleUrl><LineString><tessellate>1</tessellate><coordinates>18.35762,59.32713,0 18.35939,59.3268,0</coordinates></LineString></Placemark><Placemark><styleUrl>#coast</styleUrl><LineString><tessellate>1</tessellate><coordinates>18.3565,59.32706,0 18.35695,59.32694,0 18.35762,59.32713,0</coordinates></LineString></Placemark><Placemark><styleUrl>#coast</styleUrl><LineString><tessellate>1</tessellate><coordinates>18.21957,59.3324,0 18.21943,59.332,0 18.22003,59.33106,0 18.21939,59.33083,0 18.21892,59.33026,0 18.21832,59.32994,0 18.21848,59.32902,0 18.21941,59.32831,0 18.2195,59.326,0 18.21998,59.32536,0 18.22156,59.32432,0 18.22223,59.32328,0 18.22298,59.32317,0 18.2236,59.32266,0 18.22388,59.32197,0</coordinates></LineString></Placemark><Placemark><styleUrl>#coast</styleUrl><LineString><tessellate>1</tessellate><coordinates>18.22388,59.32197,0 18.22374,59.3218,0 18.22456,59.32142,0</coordinates></LineString></Placemark><Placemark><styleUrl>#coast</styleUrl><LineString><tessellate>1</tessellate><coordinates>17.64994,59.18379,0 17.65172,59.18406,0 17.6522,59.18451,0 17.65276,59.18453,0 17.65516,59.18306,0 17.65692,59.18298,0 17.65764,59.18229,0 17.65871,59.18206,0 17.66005,59.18123,0 17.66082,59.17981,0 17.66176,59.1795,0 17.66295,59.17827,0 17.66287,59.17741,0 17.66244,59.17703,0 17.66385,59.17601,0 17.66415,59.17524,0 17.66392,59.1751,0 17.66478,59.17378,0 17.6652,59.17382,0 17.66716,59.17262,0 17.66766,59.17212,0 17.66796,59.17174,0 17.66798,59.17038,0 17.66826,59.17006,0 17.66937,59.17016,0 17.66993,59.16992,0 17.67084,59.16899,0 17.67069,59.16848,0 17.66944,59.16826,0 17.66932,59.16808,0 17.66967,59.16671,0 17.66817,59.16468,0 17.66896,59.16406,0 17.66922,59.16342,0 17.67059,59.16312,0 17.67095,59.16286,0 17.67158,59.16288,0 17.6721,59.16269,0 17.67256,59.16217,0 17.67261,59.16157,0 17.67398,59.16112,0 17.67443,59.16059,0 17.67412,59.15931,0 17.67432,59.15913,0 17.67558,59.15929,0 17.67647,59.15799,0 17.67747,59.15757,0 17.67818,59.15763,0 17.67867,59.15743,0 17.67959,59.15639,0 17.68001,59.15536,0 17.67995,59.15459,0 17.68071,59.153,0 17.68055,59.15194,0 17.68099,59.15157,0 17.68148,59.15148,0 17.68211,59.15078,0 17.68196,59.15035,0 17.68222,59.14943,0 17.6819,59.14815,0 17.68287,59.14736,0 17.68271,59.1468,0 17.68293,59.14635,0 17.68235,59.1457,0 17.6824,59.1452,0 17.68163,59.14315,0 17.68387,59.14104,0 17.68355,59.1407,0 17.68424,59.13944,0 17.68427,59.13865,0 17.68481,59.1375,0 17.68542,59.13697,0 17.68602,59.1347,0 17.68592,59.13418,0 17.68652,59.13346,0 17.68753,59.13309,0 17.68825,59.1323,0 17.68806,59.13091,0 17.68924,59.12981,0 17.68969,59.12893,0 17.68962,59.12736,0 17.69028,59.1259,0 17.69057,59.12427,0 17.69145,59.12337,0 17.69139,59.1226,0 17.69196,59.12167,0 17.69175,59.12079,0</coordinates></LineString></Placemark><Placemark><styleUrl>#coast</styleUrl><LineString><tessellate>1</tessellate><coordinates>18.37017,59.24909,0 18.36986,59.24933,0 18.37017,59.24909,0</coordinates></LineString></Placemark><Placemark><styleUrl>#coast</styleUrl><LineString><tessellate>1</tessellate><coordinates>18.37187,59.24887,0 18.37152,59.24915,0 18.3714,59.24904,0 18.3711,59.24913,0 18.37169,59.2485,0 18.37195,59.24846,0 18.37187,59.24887,0</coordinates></LineString></Placemark><Placemark><styleUrl>#coast</styleUrl><LineString><tessellate>1</tessellate><coordinates>18.37234,59.24836,0 18.37211,59.24852,0 18.37234,59.24836,0</coordinates></LineString></Placemark><Placemark><styleUrl>#coast</styleUrl><LineString><tessellate>1</tessellate><coordinates>18.37216,59.24872,0 18.37216,59.24872,0</coordinates></LineString></Placemark><Placemark><styleUrl>#coast</styleUrl><LineString><tessellate>1</tessellate><coordinates>18.37245,59.24846,0 18.37264,59.2483,0 18.37245,59.24846,0</coordinates></LineString></Placemark><Placemark><styleUrl>#coast</styleUrl><LineString><tessellate>1</tessellate><coordinates>18.37289,59.24815,0 18.37289,59.24815,0</coordinates></LineString></Placemark><Placemark><styleUrl>#coast</styleUrl><LineString><tessellate>1</tessellate><coordinates>18.37249,59.24859,0 18.37239,59.24868,0 18.37249,59.24859,0</coordinates></LineString></Placemark><Placemark><styleUrl>#coast</styleUrl><LineString><tessellate>1</tessellate><coordinates>18.07771,59.30307,0 18.07753,59.30321,0</coordinates></LineString></Placemark><Placemark><styleUrl>#coast</styleUrl><LineString><tessellate>1</tessellate><coordinates>18.4043,59.28976,0 18.40743,59.28971,0 18.41019,59.28998,0</coordinates></LineString></Placemark><Placemark><styleUrl>#coast</styleUrl><LineString><tessellate>1</tessellate><coordinates>18.41342,59.2974,0 18.41303,59.29781,0 18.41372,59.29825,0</coordinates></LineString></Placemark><Placemark><styleUrl>#coast</styleUrl><LineString><tessellate>1</tessellate><coordinates>18.0969,59.39557,0 18.0966,59.3959,0 18.09619,59.39592,0 18.09563,59.39549,0 18.09685,59.39521,0 18.09705,59.39534,0 18.0969,59.39557,0</coordinates></LineString></Placemark><Placemark><styleUrl>#coast</styleUrl><LineString><tessellate>1</tessellate><coordinates>18.36652,59.29114,0 18.36904,59.29168,0 18.37148,59.29152,0</coordinates></LineString></Placemark><Placemark><styleUrl>#coast</styleUrl><LineString><tessellate>1</tessellate><coordinates>18.39762,59.28996,0 18.40143,59.29021,0 18.40332,59.28981,0</coordinates></LineString></Placemark><Placemark><styleUrl>#coast</styleUrl><LineString><tessellate>1</tessellate><coordinates>18.37883,59.29111,0 18.37956,59.2914,0 18.37987,59.29177,0 18.38023,59.29182,0 18.38064,59.29175,0 18.38056,59.29139,0 18.38105,59.29116,0</coordinates></LineString></Placemark><Placemark><styleUrl>#coast</styleUrl><LineString><tessellate>1</tessellate><coordinates>18.38105,59.29116,0 18.38296,59.2917,0 18.38574,59.29192,0 18.38621,59.29137,0</coordinates></LineString></Placemark><Placemark><styleUrl>#coast</styleUrl><LineString><tessellate>1</tessellate><coordinates>18.37321,59.29059,0 18.3739,59.29019,0 18.37498,59.29026,0 18.37421,59.29076,0</coordinates></LineString></Placemark><Placemark><styleUrl>#coast</styleUrl><LineString><tessellate>1</tessellate><coordinates>18.38621,59.29137,0 18.38632,59.29124,0 18.38669,59.29136,0 18.38691,59.29127,0 18.38715,59.29089,0 18.38804,59.29087,0 18.38883,59.29037,0 18.38943,59.29036,0</coordinates></LineString></Placemark><Placemark><styleUrl>#coast</styleUrl><LineString><tessellate>1</tessellate><coordinates>18.35294,59.29394,0 18.3548,59.29306,0 18.3557,59.29225,0 18.35725,59.29225,0 18.35823,59.29254,0</coordinates></LineString></Placemark><Placemark><styleUrl>#coast</styleUrl><LineString><tessellate>1</tessellate><coordinates>18.35823,59.29254,0 18.35922,59.29244,0 18.3601,59.292,0 18.36261,59.2915,0 18.36367,59.29085,0 18.3644,59.2907,0 18.36561,59.29083,0</coordinates></LineString></Placemark><Placemark><styleUrl>#coast</styleUrl><LineString><tessellate>1</tessellate><coordinates>18.40332,59.28981,0 18.4043,59.28976,0</coordinates></LineString></Placemark><Placemark><styleUrl>#coast</styleUrl><LineString><tessellate>1</tessellate><coordinates>18.3917,59.29025,0 18.39231,59.29012,0 18.39493,59.2902,0 18.39558,59.29006,0 18.39622,59.29022,0 18.39762,59.28996,0</coordinates></LineString></Placemark><Placemark><styleUrl>#coast</styleUrl><LineString><tessellate>1</tessellate><coordinates>18.36561,59.29083,0 18.36652,59.29114,0</coordinates></LineString></Placemark><Placemark><styleUrl>#coast</styleUrl><LineString><tessellate>1</tessellate><coordinates>18.37796,59.29112,0 18.37883,59.29111,0</coordinates></LineString></Placemark><Placemark><styleUrl>#coast</styleUrl><LineString><tessellate>1</tessellate><coordinates>18.37148,59.29152,0 18.37273,59.2913,0 18.37318,59.29136,0</coordinates></LineString></Placemark><Placemark><styleUrl>#coast</styleUrl><LineString><tessellate>1</tessellate><coordinates>18.38943,59.29036,0 18.39022,59.29043,0 18.3917,59.29025,0</coordinates></LineString></Placemark><Placemark><styleUrl>#coast</styleUrl><LineString><tessellate>1</tessellate><coordinates>18.37318,59.29136,0 18.37411,59.29121,0 18.37413,59.29086,0</coordinates></LineString></Placemark><Placemark><styleUrl>#coast</styleUrl><LineString><tessellate>1</tessellate><coordinates>18.37413,59.29086,0 18.37325,59.29075,0 18.37321,59.29059,0</coordinates></LineString></Placemark><Placemark><styleUrl>#coast</styleUrl><LineString><tessellate>1</tessellate><coordinates>18.37421,59.29076,0 18.37437,59.2911,0 18.37602,59.29096,0 18.37796,59.29112,0</coordinates></LineString></Placemark><Placemark><styleUrl>#coast</styleUrl><LineString><tessellate>1</tessellate><coordinates>18.41039,59.28983,0 18.40741,59.28955,0 18.40382,59.28964,0 18.40107,59.28993,0 18.39916,59.28966,0 18.39576,59.28976,0 18.39549,59.28942,0 18.39456,59.28955,0 18.39376,59.28944,0</coordinates></LineString></Placemark><Placemark><styleUrl>#coast</styleUrl><LineString><tessellate>1</tessellate><coordinates>18.37415,59.28961,0 18.37313,59.28828,0 18.37206,59.28784,0 18.37149,59.28781,0 18.37035,59.28829,0</coordinates></LineString></Placemark><Placemark><styleUrl>#coast</styleUrl><LineString><tessellate>1</tessellate><coordinates>18.34414,59.30164,0 18.34417,59.30142,0 18.34334,59.3009,0 18.3424,59.30065,0</coordinates></LineString></Placemark><Placemark><styleUrl>#coast</styleUrl><LineString><tessellate>1</tessellate><coordinates>18.35075,59.29541,0 18.35166,59.29495,0 18.35132,59.29448,0</coordinates></LineString></Placemark><Placemark><styleUrl>#coast</styleUrl><LineString><tessellate>1</tessellate><coordinates>18.3424,59.30065,0 18.34271,59.30038,0 18.34234,59.30015,0 18.34246,59.29993,0 18.34332,59.29914,0 18.34457,59.29921,0 18.34686,59.29846,0 18.34684,59.29817,0</coordinates></LineString></Placemark><Placemark><styleUrl>#coast</styleUrl><LineString><tessellate>1</tessellate><coordinates>18.34666,59.30514,0 18.34727,59.30494,0 18.34747,59.30469,0 18.34715,59.30459,0 18.34708,59.30426,0 18.34472,59.30404,0</coordinates></LineString></Placemark><Placemark><styleUrl>#coast</styleUrl><LineString><tessellate>1</tessellate><coordinates>18.35431,59.31209,0 18.35403,59.31166,0 18.35419,59.3112,0</coordinates></LineString></Placemark><Placemark><styleUrl>#coast</styleUrl><LineString><tessellate>1</tessellate><coordinates>18.34337,59.31575,0 18.34388,59.31526,0 18.34587,59.31456,0 18.3478,59.31407,0 18.34998,59.31382,0 18.35104,59.31337,0 18.35299,59.31293,0 18.35407,59.31242,0</coordinates></LineString></Placemark><Placemark><styleUrl>#coast</styleUrl><LineString><tessellate>1</tessellate><coordinates>18.33043,59.40767,0 18.32772,59.40744,0</coordinates></LineString></Placemark><Placemark><styleUrl>#coast</styleUrl><LineString><tessellate>1</tessellate><coordinates>18.31918,59.40907,0 18.31721,59.40909,0 18.31699,59.40967,0 18.31649,59.40966,0 18.31662,59.4083,0 18.31599,59.40792,0 18.31542,59.40788,0 18.31447,59.40826,0 18.3114,59.4082,0 18.31114,59.40818,0 18.31048,59.4073,0 18.30759,59.40754,0 18.30596,59.40722,0 18.30295,59.40809,0 18.30128,59.408,0 18.30035,59.4082,0 18.29978,59.40837,0 18.29927,59.40906,0</coordinates></LineString></Placemark><Placemark><styleUrl>#coast</styleUrl><LineString><tessellate>1</tessellate><coordinates>18.32458,59.40795,0 18.32267,59.40784,0 18.32248,59.40775,0 18.32266,59.40742,0</coordinates></LineString></Placemark><Placemark><styleUrl>#coast</styleUrl><LineString><tessellate>1</tessellate><coordinates>18.33073,59.40029,0 18.33196,59.40023,0</coordinates></LineString></Placemark><Placemark><styleUrl>#coast</styleUrl><LineString><tessellate>1</tessellate><coordinates>18.33196,59.40023,0 18.33265,59.40025,0</coordinates></LineString></Placemark><Placemark><styleUrl>#coast</styleUrl><LineString><tessellate>1</tessellate><coordinates>18.33227,59.40838,0 18.33142,59.40842,0</coordinates></LineString></Placemark><Placemark><styleUrl>#coast</styleUrl><LineString><tessellate>1</tessellate><coordinates>18.32693,59.40098,0 18.32735,59.4009,0</coordinates></LineString></Placemark><Placemark><styleUrl>#coast</styleUrl><LineString><tessellate>1</tessellate><coordinates>18.34063,59.40115,0 18.34076,59.40117,0</coordinates></LineString></Placemark><Placemark><styleUrl>#coast</styleUrl><LineString><tessellate>1</tessellate><coordinates>18.33265,59.40025,0 18.33278,59.40025,0</coordinates></LineString></Placemark><Placemark><styleUrl>#coast</styleUrl><LineString><tessellate>1</tessellate><coordinates>18.33725,59.40774,0 18.33227,59.40838,0</coordinates></LineString></Placemark><Placemark><styleUrl>#coast</styleUrl><LineString><tessellate>1</tessellate><coordinates>18.33797,59.40064,0 18.33843,59.40099,0</coordinates></LineString></Placemark><Placemark><styleUrl>#coast</styleUrl><LineString><tessellate>1</tessellate><coordinates>18.33843,59.40099,0 18.33857,59.40103,0</coordinates></LineString></Placemark><Placemark><styleUrl>#coast</styleUrl><LineString><tessellate>1</tessellate><coordinates>18.32772,59.40744,0 18.32686,59.4073,0</coordinates></LineString></Placemark><Placemark><styleUrl>#coast</styleUrl><LineString><tessellate>1</tessellate><coordinates>18.32686,59.4073,0 18.32659,59.40755,0 18.32557,59.40776,0</coordinates></LineString></Placemark><Placemark><styleUrl>#coast</styleUrl><LineString><tessellate>1</tessellate><coordinates>18.33278,59.40025,0 18.33533,59.40025,0</coordinates></LineString></Placemark><Placemark><styleUrl>#coast</styleUrl><LineString><tessellate>1</tessellate><coordinates>18.33533,59.40025,0 18.33728,59.39983,0 18.33789,59.40005,0 18.33797,59.40064,0</coordinates></LineString></Placemark><Placemark><styleUrl>#coast</styleUrl><LineString><tessellate>1</tessellate><coordinates>18.32557,59.40776,0 18.32526,59.40801,0 18.32458,59.40795,0</coordinates></LineString></Placemark><Placemark><styleUrl>#coast</styleUrl><LineString><tessellate>1</tessellate><coordinates>18.32735,59.4009,0 18.33073,59.40029,0</coordinates></LineString></Placemark><Placemark><styleUrl>#coast</styleUrl><LineString><tessellate>1</tessellate><coordinates>18.32266,59.40742,0 18.32257,59.407,0</coordinates></LineString></Placemark><Placemark><styleUrl>#coast</styleUrl><LineString><tessellate>1</tessellate><coordinates>18.33142,59.40842,0 18.33043,59.40767,0</coordinates></LineString></Placemark><Placemark><styleUrl>#coast</styleUrl><LineString><tessellate>1</tessellate><coordinates>18.3243,59.40097,0 18.32693,59.40098,0</coordinates></LineString></Placemark><Placemark><styleUrl>#coast</styleUrl><LineString><tessellate>1</tessellate><coordinates>18.33857,59.40103,0 18.34063,59.40115,0</coordinates></LineString></Placemark><Placemark><styleUrl>#coast</styleUrl><LineString><tessellate>1</tessellate><coordinates>18.31908,59.40155,0 18.32236,59.40102,0 18.3243,59.40097,0</coordinates></LineString></Placemark><Placemark><styleUrl>#coast</styleUrl><LineString><tessellate>1</tessellate><coordinates>18.34076,59.40117,0 18.34091,59.40128,0 18.34167,59.40116,0 18.34316,59.40066,0 18.34373,59.40072,0 18.34367,59.40085,0</coordinates></LineString></Placemark><Placemark><styleUrl>#coast</styleUrl><LineString><tessellate>1</tessellate><coordinates>18.32787,59.39495,0 18.32803,59.39514,0 18.32953,59.39563,0 18.32935,59.3963,0 18.3296,59.39639,0 18.32966,59.39677,0</coordinates></LineString></Placemark><Placemark><styleUrl>#coast</styleUrl><LineString><tessellate>1</tessellate><coordinates>18.32966,59.39677,0 18.32867,59.39715,0 18.32735,59.39733,0 18.32657,59.39767,0 18.32315,59.39812,0 18.32344,59.39835,0 18.32322,59.3988,0 18.32275,59.39879,0 18.32223,59.39842,0 18.31843,59.39765,0</coordinates></LineString></Placemark><Placemark><styleUrl>#coast</styleUrl><LineString><tessellate>1</tessellate><coordinates>18.35407,59.31242,0 18.35431,59.31209,0</coordinates></LineString></Placemark><Placemark><styleUrl>#coast</styleUrl><LineString><tessellate>1</tessellate><coordinates>18.35342,59.32053,0 18.35326,59.32079,0 18.35251,59.32061,0 18.3518,59.32017,0 18.34943,59.32013,0 18.34874,59.31989,0 18.3484,59.31956,0</coordinates></LineString></Placemark><Placemark><styleUrl>#coast</styleUrl><LineString><tessellate>1</tessellate><coordinates>18.08737,59.33126,0 18.09294,59.33152,0 18.09355,59.33135,0</coordinates></LineString></Placemark><Placemark><styleUrl>#coast</styleUrl><LineString><tessellate>1</tessellate><coordinates>18.09544,59.33154,0 18.0974,59.33141,0 18.09828,59.33111,0 18.09986,59.33088,0 18.10047,59.33102,0 18.10086,59.33149,0 18.10304,59.33159,0</coordinates></LineString></Placemark><Placemark><styleUrl>#coast</styleUrl><LineString><tessellate>1</tessellate><coordinates>18.09417,59.33088,0 18.09382,59.33087,0</coordinates></LineString></Placemark><Placemark><styleUrl>#coast</styleUrl><LineString><tessellate>1</tessellate><coordinates>18.09388,59.33136,0 18.09544,59.33154,0</coordinates></LineString></Placemark><Placemark><styleUrl>#coast</styleUrl><LineString><tessellate>1</tessellate><coordinates>18.10304,59.33159,0 18.10357,59.33159,0 18.10401,59.33188,0 18.10595,59.33248,0 18.10766,59.33273,0</coordinates></LineString></Placemark><Placemark><styleUrl>#coast</styleUrl><LineString><tessellate>1</tessellate><coordinates>18.09355,59.33135,0 18.09388,59.33136,0</coordinates></LineString></Placemark><Placemark><styleUrl>#coast</styleUrl><LineString><tessellate>1</tessellate><coordinates>18.14972,59.31578,0 18.14832,59.31557,0 18.14748,59.31522,0</coordinates></LineString></Placemark><Placemark><styleUrl>#coast</styleUrl><LineString><tessellate>1</tessellate><coordinates>18.14602,59.31572,0 18.14716,59.31627,0 18.14743,59.31665,0</coordinates></LineString></Placemark><Placemark><styleUrl>#coast</styleUrl><LineString><tessellate>1</tessellate><coordinates>18.32125,59.38302,0 18.32125,59.38302,0</coordinates></LineString></Placemark><Placemark><styleUrl>#coast</styleUrl><LineString><tessellate>1</tessellate><coordinates>18.32155,59.38301,0 18.32155,59.38301,0</coordinates></LineString></Placemark><Placemark><styleUrl>#coast</styleUrl><LineString><tessellate>1</tessellate><coordinates>18.3217,59.38291,0 18.3217,59.38291,0</coordinates></LineString></Placemark><Placemark><styleUrl>#coast</styleUrl><LineString><tessellate>1</tessellate><coordinates>18.32147,59.38293,0 18.32136,59.38301,0 18.32147,59.38293,0</coordinates></LineString></Placemark><Placemark><styleUrl>#coast</styleUrl><LineString><tessellate>1</tessellate><coordinates>18.34286,59.30313,0 18.34309,59.30275,0 18.34397,59.30222,0</coordinates></LineString></Placemark><Placemark><styleUrl>#coast</styleUrl><LineString><tessellate>1</tessellate><coordinates>18.28885,59.4729,0 18.28871,59.47336,0 18.28833,59.47345,0 18.28777,59.47308,0 18.28858,59.4728,0 18.28885,59.4729,0</coordinates></LineString></Placemark><Placemark><styleUrl>#coast</styleUrl><LineString><tessellate>1</tessellate><coordinates>18.36099,59.29015,0 18.35705,59.29064,0 18.35662,59.29085,0 18.35632,59.29134,0 18.35583,59.29142,0 18.35517,59.29126,0 18.35237,59.2922,0</coordinates></LineString></Placemark><Placemark><styleUrl>#coast</styleUrl><LineString><tessellate>1</tessellate><coordinates>18.36832,59.32372,0 18.36852,59.32317,0 18.36719,59.32232,0 18.36642,59.32223,0</coordinates></LineString></Placemark><Placemark><styleUrl>#coast</styleUrl><LineString><tessellate>1</tessellate><coordinates>18.3646,59.32656,0 18.36522,59.32633,0 18.36591,59.32638,0 18.36723,59.32678,0 18.3679,59.32655,0 18.36998,59.32629,0 18.37043,59.32628,0 18.37199,59.32668,0 18.37232,59.32643,0 18.37351,59.32643,0</coordinates></LineString></Placemark><Placemark><styleUrl>#coast</styleUrl><LineString><tessellate>1</tessellate><coordinates>18.36479,59.32766,0 18.36523,59.32742,0 18.36519,59.32712,0</coordinates></LineString></Placemark><Placemark><styleUrl>#coast</styleUrl><LineString><tessellate>1</tessellate><coordinates>18.35659,59.32229,0 18.35655,59.32185,0</coordinates></LineString></Placemark><Placemark><styleUrl>#coast</styleUrl><LineString><tessellate>1</tessellate><coordinates>18.36519,59.32712,0 18.36468,59.32692,0 18.3646,59.32656,0</coordinates></LineString></Placemark><Placemark><styleUrl>#coast</styleUrl><LineString><tessellate>1</tessellate><coordinates>18.35969,59.32432,0 18.35949,59.32406,0 18.35845,59.32382,0 18.35789,59.32294,0</coordinates></LineString></Placemark><Placemark><styleUrl>#coast</styleUrl><LineString><tessellate>1</tessellate><coordinates>18.36279,59.3225,0 18.36236,59.32281,0 18.36305,59.32318,0</coordinates></LineString></Placemark><Placemark><styleUrl>#coast</styleUrl><LineString><tessellate>1</tessellate><coordinates>18.36305,59.32318,0 18.36327,59.3233,0 18.36304,59.32373,0 18.36361,59.32383,0</coordinates></LineString></Placemark><Placemark><styleUrl>#coast</styleUrl><LineString><tessellate>1</tessellate><coordinates>18.29931,59.29363,0 18.29899,59.2931,0 18.29748,59.29255,0 18.29744,59.29234,0 18.29671,59.29222,0 18.29601,59.29255,0 18.29551,59.29259,0 18.29487,59.29228,0 18.29466,59.29179,0 18.29392,59.29167,0 18.29327,59.29177,0 18.29268,59.29235,0 18.29265,59.29272,0 18.29373,59.2935,0 18.29359,59.29407,0 18.29313,59.29434,0 18.29372,59.29482,0 18.29355,59.29499,0 18.29486,59.295,0 18.29584,59.29536,0 18.29696,59.29531,0</coordinates></LineString></Placemark><Placemark><styleUrl>#coast</styleUrl><LineString><tessellate>1</tessellate><coordinates>18.29552,59.30784,0 18.29498,59.30738,0 18.2948,59.30659,0 18.29274,59.30595,0 18.2912,59.30514,0 18.29159,59.30444,0 18.29224,59.30409,0 18.28935,59.30367,0 18.28865,59.30318,0 18.288,59.30342,0 18.28753,59.30332,0 18.28761,59.30315,0 18.28644,59.30296,0 18.28597,59.30273,0 18.28508,59.30278,0 18.28421,59.30217,0 18.28144,59.30153,0 18.28088,59.30101,0 18.2804,59.30095,0 18.28007,59.3007,0 18.27908,59.30074,0 18.27812,59.30104,0 18.27709,59.30051,0 18.2764,59.29994,0 18.27654,59.29931,0 18.27714,59.29912,0 18.27754,59.29936,0 18.27855,59.29941,0 18.2794,59.29918,0 18.27919,59.2989,0 18.27855,59.29868,0 18.27794,59.29802,0 18.27658,59.29804,0 18.27549,59.29762,0 18.27663,59.29737,0 18.27699,59.29705,0 18.27793,59.29675,0 18.27789,59.29644,0 18.27694,59.29621,0 18.27512,59.29605,0 18.27226,59.2964,0 18.26864,59.29643,0 18.26664,59.29621,0 18.26631,59.29588,0 18.26563,59.29568,0 18.26454,59.29581,0 18.26361,59.29552,0 18.26097,59.29585,0 18.25922,59.29582,0 18.25867,59.29553,0 18.25794,59.29559,0 18.25674,59.29616,0 18.25599,59.29618,0 18.25546,59.2959,0 18.25428,59.296,0 18.25404,59.29572,0 18.25019,59.29547,0 18.24856,59.29593,0 18.24683,59.29618,0 18.24301,59.29623,0 18.23997,59.29644,0 18.2381,59.29635,0 18.23597,59.29702,0 18.23491,59.29671,0 18.2339,59.29674,0 18.2334,59.29645,0 18.23285,59.29645,0 18.23198,59.29691,0 18.23185,59.29727,0 18.23035,59.2975,0 18.22826,59.29759,0 18.22721,59.2974,0 18.22696,59.29716,0 18.22894,59.29602,0 18.2281,59.29525,0 18.22744,59.2951,0 18.22671,59.29523,0 18.22636,59.29601,0 18.22525,59.29637,0 18.2239,59.29618,0 18.22335,59.29628,0 18.22345,59.29604,0 18.22218,59.29567,0 18.22013,59.29566,0 18.21891,59.29586,0 18.21861,59.29648,0 18.21744,59.29712,0 18.21634,59.29718,0</coordinates></LineString></Placemark><Placemark><styleUrl>#coast</styleUrl><LineString><tessellate>1</tessellate><coordinates>18.0857,59.38472,0 18.08577,59.38456,0 18.0857,59.38472,0</coordinates></LineString></Placemark><Placemark><styleUrl>#coast</styleUrl><LineString><tessellate>1</tessellate><coordinates>18.36792,59.40871,0 18.36814,59.40873,0 18.36792,59.40871,0</coordinates></LineString></Placemark><Placemark><styleUrl>#coast</styleUrl><LineString><tessellate>1</tessellate><coordinates>18.37242,59.41586,0 18.37242,59.41586,0</coordinates></LineString></Placemark><Placemark><styleUrl>#coast</styleUrl><LineString><tessellate>1</tessellate><coordinates>18.36248,59.41729,0 18.36248,59.41729,0</coordinates></LineString></Placemark><Placemark><styleUrl>#coast</styleUrl><LineString><tessellate>1</tessellate><coordinates>18.36599,59.41913,0 18.36535,59.41843,0 18.36538,59.41802,0 18.36475,59.41785,0 18.36237,59.41768,0 18.36259,59.41749,0 18.3629,59.41752,0 18.36303,59.41728,0 18.36265,59.41707,0 18.36209,59.41621,0 18.36144,59.41597,0 18.3614,59.41553,0 18.36175,59.41501,0 18.36269,59.41461,0 18.36391,59.41429,0 18.3668,59.41315,0 18.3673,59.41327,0 18.36776,59.41317,0 18.36787,59.41351,0 18.36856,59.41366,0 18.37105,59.41552,0 18.3714,59.41617,0 18.37204,59.41661,0 18.37235,59.41766,0 18.37194,59.41817,0 18.37137,59.41837,0 18.36873,59.4186,0 18.36737,59.41905,0 18.36599,59.41913,0</coordinates></LineString></Placemark><Placemark><styleUrl>#coast</styleUrl><LineString><tessellate>1</tessellate><coordinates>18.39425,59.43047,0 18.39425,59.43047,0</coordinates></LineString></Placemark><Placemark><styleUrl>#coast</styleUrl><LineString><tessellate>1</tessellate><coordinates>18.13198,59.3944,0 18.13233,59.39427,0 18.13198,59.3944,0</coordinates></LineString></Placemark><Placemark><styleUrl>#coast</styleUrl><LineString><tessellate>1</tessellate><coordinates>18.13007,59.39405,0 18.13057,59.39377,0 18.13007,59.39405,0</coordinates></LineString></Placemark><Placemark><styleUrl>#coast</styleUrl><LineString><tessellate>1</tessellate><coordinates>18.15,59.38501,0 18.15034,59.38495,0 18.15019,59.3851,0 18.15,59.38501,0</coordinates></LineString></Placemark><Placemark><styleUrl>#coast</styleUrl><LineString><tessellate>1</tessellate><coordinates>18.14989,59.38509,0 18.14989,59.38509,0</coordinates></LineString></Placemark><Placemark><styleUrl>#coast</styleUrl><LineString><tessellate>1</tessellate><coordinates>18.14985,59.38505,0 18.14985,59.38505,0</coordinates></LineString></Placemark><Placemark><styleUrl>#coast</styleUrl><LineString><tessellate>1</tessellate><coordinates>18.31198,59.4162,0 18.31155,59.41652,0 18.31113,59.41642,0 18.31133,59.41627,0</coordinates></LineString></Placemark><Placemark><styleUrl>#coast</styleUrl><LineString><tessellate>1</tessellate><coordinates>18.3094,59.41734,0 18.31097,59.41652,0 18.31139,59.41664,0 18.3105,59.41727,0</coordinates></LineString></Placemark><Placemark><styleUrl>#coast</styleUrl><LineString><tessellate>1</tessellate><coordinates>18.3012,59.42017,0 18.30076,59.42006,0 18.30093,59.41991,0</coordinates></LineString></Placemark><Placemark><styleUrl>#coast</styleUrl><LineString><tessellate>1</tessellate><coordinates>18.29927,59.42115,0 18.30062,59.42015,0 18.3009,59.42024,0</coordinates></LineString></Placemark><Placemark><styleUrl>#coast</styleUrl><LineString><tessellate>1</tessellate><coordinates>18.34881,59.29519,0 18.35075,59.29541,0</coordinates></LineString></Placemark><Placemark><styleUrl>#coast</styleUrl><LineString><tessellate>1</tessellate><coordinates>18.35132,59.29448,0 18.35168,59.29424,0 18.35294,59.29394,0</coordinates></LineString></Placemark><Placemark><styleUrl>#coast</styleUrl><LineString><tessellate>1</tessellate><coordinates>18.3971,59.2754,0 18.39668,59.27464,0 18.39457,59.27296,0 18.39436,59.27195,0</coordinates></LineString></Placemark><Placemark><styleUrl>#coast</styleUrl><LineString><tessellate>1</tessellate><coordinates>18.39436,59.27195,0 18.39349,59.27165,0</coordinates></LineString></Placemark><Placemark><styleUrl>#coast</styleUrl><LineString><tessellate>1</tessellate><coordinates>18.39427,59.27624,0 18.39515,59.27661,0 18.39584,59.27656,0 18.39616,59.27637,0 18.39643,59.27647,0 18.39623,59.27741,0 18.39654,59.2774,0 18.39686,59.2771,0 18.3965,59.27682,0 18.39657,59.27637,0 18.3971,59.2754,0</coordinates></LineString></Placemark><Placemark><styleUrl>#coast</styleUrl><LineString><tessellate>1</tessellate><coordinates>18.33362,59.28909,0 18.33387,59.28801,0 18.33431,59.28776,0 18.33342,59.28704,0 18.3338,59.28665,0 18.33362,59.28616,0</coordinates></LineString></Placemark><Placemark><styleUrl>#coast</styleUrl><LineString><tessellate>1</tessellate><coordinates>18.33595,59.29162,0 18.33451,59.29136,0 18.33402,59.29043,0</coordinates></LineString></Placemark><Placemark><styleUrl>#coast</styleUrl><LineString><tessellate>1</tessellate><coordinates>18.37693,59.27298,0 18.37782,59.27311,0 18.37903,59.27395,0 18.37908,59.27427,0 18.38016,59.27449,0</coordinates></LineString></Placemark><Placemark><styleUrl>#coast</styleUrl><LineString><tessellate>1</tessellate><coordinates>18.3726,59.2755,0 18.37611,59.27327,0</coordinates></LineString></Placemark><Placemark><styleUrl>#coast</styleUrl><LineString><tessellate>1</tessellate><coordinates>18.34878,59.27591,0 18.35215,59.27384,0</coordinates></LineString></Placemark><Placemark><styleUrl>#coast</styleUrl><LineString><tessellate>1</tessellate><coordinates>18.33887,59.27986,0 18.33923,59.27984,0 18.34423,59.27747,0 18.34623,59.27676,0 18.34736,59.27657,0 18.34839,59.2759,0 18.34878,59.27591,0</coordinates></LineString></Placemark><Placemark><styleUrl>#coast</styleUrl><LineString><tessellate>1</tessellate><coordinates>18.36464,59.27363,0 18.36682,59.27513,0 18.36637,59.27582,0 18.36664,59.27598,0 18.36753,59.27568,0 18.36832,59.2756,0 18.36913,59.27519,0 18.36962,59.2754,0 18.37032,59.27521,0 18.37056,59.27541,0 18.37023,59.27576,0 18.37028,59.27638,0 18.37203,59.2756,0 18.3726,59.2755,0</coordinates></LineString></Placemark><Placemark><styleUrl>#coast</styleUrl><LineString><tessellate>1</tessellate><coordinates>18.32998,59.28571,0 18.32955,59.28537,0 18.32952,59.28491,0 18.32858,59.28472,0 18.3293,59.28413,0 18.32943,59.28365,0 18.33112,59.28282,0 18.3316,59.28277,0</coordinates></LineString></Placemark><Placemark><styleUrl>#coast</styleUrl><LineString><tessellate>1</tessellate><coordinates>18.39373,59.27582,0 18.39427,59.27624,0</coordinates></LineString></Placemark><Placemark><styleUrl>#coast</styleUrl><LineString><tessellate>1</tessellate><coordinates>18.39143,59.27232,0 18.39274,59.27238,0 18.39339,59.27261,0 18.39343,59.27308,0 18.39445,59.27378,0 18.39368,59.27543,0 18.39373,59.27582,0</coordinates></LineString></Placemark><Placemark><styleUrl>#coast</styleUrl><LineString><tessellate>1</tessellate><coordinates>18.39175,59.2708,0 18.3919,59.27016,0 18.39246,59.26983,0 18.39233,59.26969,0 18.39297,59.26895,0 18.39384,59.26866,0 18.39526,59.2686,0 18.39558,59.26842,0</coordinates></LineString></Placemark><Placemark><styleUrl>#coast</styleUrl><LineString><tessellate>1</tessellate><coordinates>18.38278,59.27469,0 18.38516,59.27385,0 18.38706,59.27356,0</coordinates></LineString></Placemark><Placemark><styleUrl>#coast</styleUrl><LineString><tessellate>1</tessellate><coordinates>18.38684,59.28951,0 18.38549,59.28953,0 18.38476,59.28937,0 18.3823,59.28986,0 18.37993,59.28957,0 18.3764,59.28972,0 18.37415,59.28961,0</coordinates></LineString></Placemark><Placemark><styleUrl>#coast</styleUrl><LineString><tessellate>1</tessellate><coordinates>18.37035,59.28829,0 18.36966,59.28915,0</coordinates></LineString></Placemark><Placemark><styleUrl>#coast</styleUrl><LineString><tessellate>1</tessellate><coordinates>18.39558,59.26842,0 18.39498,59.26798,0 18.39366,59.26779,0 18.39335,59.26728,0</coordinates></LineString></Placemark><Placemark><styleUrl>#coast</styleUrl><LineString><tessellate>1</tessellate><coordinates>18.34368,59.29322,0 18.34316,59.29316,0 18.34294,59.2929,0</coordinates></LineString></Placemark><Placemark><styleUrl>#coast</styleUrl><LineString><tessellate>1</tessellate><coordinates>18.34934,59.29305,0 18.34741,59.29238,0 18.3468,59.29241,0 18.34518,59.29291,0</coordinates></LineString></Placemark><Placemark><styleUrl>#coast</styleUrl><LineString><tessellate>1</tessellate><coordinates>18.35237,59.2922,0 18.35203,59.2923,0</coordinates></LineString></Placemark><Placemark><styleUrl>#coast</styleUrl><LineString><tessellate>1</tessellate><coordinates>18.36966,59.28915,0 18.36933,59.28892,0 18.36857,59.28912,0 18.36813,59.28885,0 18.36751,59.28892,0 18.36607,59.28878,0 18.36453,59.28923,0 18.36371,59.28997,0 18.36268,59.29016,0 18.36099,59.29015,0</coordinates></LineString></Placemark><Placemark><styleUrl>#coast</styleUrl><LineString><tessellate>1</tessellate><coordinates>18.3316,59.28277,0 18.33298,59.2819,0 18.3341,59.28166,0</coordinates></LineString></Placemark><Placemark><styleUrl>#coast</styleUrl><LineString><tessellate>1</tessellate><coordinates>18.33362,59.28616,0 18.32998,59.28571,0</coordinates></LineString></Placemark><Placemark><styleUrl>#coast</styleUrl><LineString><tessellate>1</tessellate><coordinates>18.33402,59.29043,0 18.33387,59.29016,0 18.33429,59.28959,0 18.33362,59.28909,0</coordinates></LineString></Placemark><Placemark><styleUrl>#coast</styleUrl><LineString><tessellate>1</tessellate><coordinates>18.35215,59.27384,0 18.35218,59.27349,0 18.35241,59.27345,0 18.3524,59.27368,0 18.35426,59.27273,0 18.3563,59.27253,0 18.35715,59.27267,0 18.35826,59.27228,0</coordinates></LineString></Placemark><Placemark><styleUrl>#coast</styleUrl><LineString><tessellate>1</tessellate><coordinates>18.34294,59.2929,0 18.34233,59.29228,0 18.34168,59.29238,0 18.33595,59.29162,0</coordinates></LineString></Placemark><Placemark><styleUrl>#coast</styleUrl><LineString><tessellate>1</tessellate><coordinates>18.37611,59.27327,0 18.37693,59.27298,0</coordinates></LineString></Placemark><Placemark><styleUrl>#coast</styleUrl><LineString><tessellate>1</tessellate><coordinates>18.38706,59.27356,0 18.38733,59.27321,0 18.38812,59.2728,0 18.38922,59.27272,0 18.39026,59.27241,0 18.39042,59.27256,0 18.39122,59.27251,0 18.39143,59.27232,0</coordinates></LineString></Placemark><Placemark><styleUrl>#coast</styleUrl><LineString><tessellate>1</tessellate><coordinates>18.39349,59.27165,0 18.39287,59.27151,0 18.39175,59.2708,0</coordinates></LineString></Placemark><Placemark><styleUrl>#coast</styleUrl><LineString><tessellate>1</tessellate><coordinates>18.39235,59.28943,0 18.39079,59.28967,0 18.38826,59.2898,0 18.38753,59.28979,0 18.38684,59.28951,0</coordinates></LineString></Placemark><Placemark><styleUrl>#coast</styleUrl><LineString><tessellate>1</tessellate><coordinates>18.39376,59.28944,0 18.39304,59.28955,0 18.39235,59.28943,0</coordinates></LineString></Placemark><Placemark><styleUrl>#coast</styleUrl><LineString><tessellate>1</tessellate><coordinates>18.34397,59.30222,0 18.34414,59.30164,0</coordinates></LineString></Placemark><Placemark><styleUrl>#coast</styleUrl><LineString><tessellate>1</tessellate><coordinates>18.34472,59.30404,0 18.34435,59.30422,0 18.34363,59.30398,0 18.34338,59.30412,0 18.34286,59.30313,0</coordinates></LineString></Placemark><Placemark><styleUrl>#coast</styleUrl><LineString><tessellate>1</tessellate><coordinates>18.35203,59.2923,0 18.35066,59.29288,0 18.34934,59.29305,0</coordinates></LineString></Placemark><Placemark><styleUrl>#coast</styleUrl><LineString><tessellate>1</tessellate><coordinates>18.41458,59.29963,0 18.41449,59.29979,0 18.41492,59.29982,0</coordinates></LineString></Placemark><Placemark><styleUrl>#coast</styleUrl><LineString><tessellate>1</tessellate><coordinates>18.41509,59.29933,0 18.41458,59.29963,0</coordinates></LineString></Placemark><Placemark><styleUrl>#coast</styleUrl><LineString><tessellate>1</tessellate><coordinates>18.34607,59.32127,0 18.34669,59.32118,0 18.34708,59.32146,0</coordinates></LineString></Placemark><Placemark><styleUrl>#coast</styleUrl><LineString><tessellate>1</tessellate><coordinates>18.33827,59.32021,0 18.33891,59.32039,0</coordinates></LineString></Placemark><Placemark><styleUrl>#coast</styleUrl><LineString><tessellate>1</tessellate><coordinates>18.33738,59.32022,0 18.33759,59.32011,0 18.33827,59.32021,0</coordinates></LineString></Placemark><Placemark><styleUrl>#coast</styleUrl><LineString><tessellate>1</tessellate><coordinates>18.33295,59.31993,0 18.33353,59.31984,0 18.33372,59.31965,0 18.33448,59.31961,0 18.33407,59.31971,0 18.33435,59.31991,0 18.33499,59.31973,0</coordinates></LineString></Placemark><Placemark><styleUrl>#coast</styleUrl><LineString><tessellate>1</tessellate><coordinates>18.33088,59.32264,0 18.32985,59.32251,0 18.32983,59.32221,0</coordinates></LineString></Placemark><Placemark><styleUrl>#coast</styleUrl><LineString><tessellate>1</tessellate><coordinates>18.33114,59.32282,0 18.33088,59.32264,0</coordinates></LineString></Placemark><Placemark><styleUrl>#coast</styleUrl><LineString><tessellate>1</tessellate><coordinates>18.32983,59.32221,0 18.33112,59.32092,0 18.33295,59.31993,0</coordinates></LineString></Placemark><Placemark><styleUrl>#coast</styleUrl><LineString><tessellate>1</tessellate><coordinates>18.3309,59.32368,0 18.33139,59.3237,0 18.33186,59.32335,0 18.33114,59.32282,0</coordinates></LineString></Placemark><Placemark><styleUrl>#coast</styleUrl><LineString><tessellate>1</tessellate><coordinates>18.31241,59.32897,0 18.31301,59.32877,0</coordinates></LineString></Placemark><Placemark><styleUrl>#coast</styleUrl><LineString><tessellate>1</tessellate><coordinates>18.31559,59.329,0 18.31634,59.32836,0</coordinates></LineString></Placemark><Placemark><styleUrl>#coast</styleUrl><LineString><tessellate>1</tessellate><coordinates>18.32788,59.32319,0 18.32826,59.32331,0 18.32799,59.32352,0 18.32825,59.32368,0 18.3286,59.3237,0 18.32884,59.32347,0 18.3309,59.32368,0</coordinates></LineString></Placemark><Placemark><styleUrl>#coast</styleUrl><LineString><tessellate>1</tessellate><coordinates>18.31126,59.32871,0 18.31034,59.32915,0 18.31017,59.32969,0 18.30979,59.32994,0 18.30917,59.33014,0 18.30807,59.33014,0 18.3066,59.33045,0 18.30618,59.33109,0 18.30352,59.33278,0 18.3012,59.3331,0 18.30005,59.33406,0 18.29873,59.33483,0 18.29897,59.33495,0 18.30476,59.33338,0 18.30592,59.33327,0</coordinates></LineString></Placemark><Placemark><styleUrl>#coast</styleUrl><LineString><tessellate>1</tessellate><coordinates>18.24491,59.30059,0 18.24553,59.30036,0 18.2474,59.30017,0 18.24777,59.29995,0 18.24776,59.29956,0 18.24867,59.29926,0 18.24943,59.29917,0 18.25015,59.29948,0 18.2516,59.2991,0 18.25382,59.29904,0</coordinates></LineString></Placemark><Placemark><styleUrl>#coast</styleUrl><LineString><tessellate>1</tessellate><coordinates>18.37041,59.35901,0 18.37016,59.35884,0 18.37022,59.35846,0 18.37127,59.35734,0 18.37105,59.35715,0</coordinates></LineString></Placemark><Placemark><styleUrl>#coast</styleUrl><LineString><tessellate>1</tessellate><coordinates>18.37105,59.35715,0 18.37236,59.35573,0 18.37282,59.35561,0</coordinates></LineString></Placemark><Placemark><styleUrl>#coast</styleUrl><LineString><tessellate>1</tessellate><coordinates>18.37282,59.35561,0 18.37323,59.35547,0</coordinates></LineString></Placemark><Placemark><styleUrl>#coast</styleUrl><LineString><tessellate>1</tessellate><coordinates>18.37323,59.35547,0 18.37328,59.35523,0</coordinates></LineString></Placemark><Placemark><styleUrl>#coast</styleUrl><LineString><tessellate>1</tessellate><coordinates>18.37328,59.35523,0 18.37384,59.35444,0 18.37484,59.35373,0</coordinates></LineString></Placemark><Placemark><styleUrl>#coast</styleUrl><LineString><tessellate>1</tessellate><coordinates>18.37484,59.35373,0 18.37642,59.35275,0 18.37676,59.35225,0 18.37856,59.35147,0</coordinates></LineString></Placemark><Placemark><styleUrl>#coast</styleUrl><LineString><tessellate>1</tessellate><coordinates>18.37166,59.35938,0 18.37105,59.35942,0 18.37041,59.35901,0</coordinates></LineString></Placemark><Placemark><styleUrl>#coast</styleUrl><LineString><tessellate>1</tessellate><coordinates>18.38175,59.35642,0 18.38178,59.35668,0 18.38086,59.35701,0 18.37985,59.35777,0 18.37843,59.35804,0 18.377,59.35858,0</coordinates></LineString></Placemark><Placemark><styleUrl>#coast</styleUrl><LineString><tessellate>1</tessellate><coordinates>18.3727,59.3592,0 18.37206,59.35943,0 18.37166,59.35938,0</coordinates></LineString></Placemark><Placemark><styleUrl>#coast</styleUrl><LineString><tessellate>1</tessellate><coordinates>18.37627,59.35853,0 18.3757,59.35854,0 18.37515,59.35904,0 18.3742,59.35928,0 18.37328,59.35904,0 18.3727,59.3592,0</coordinates></LineString></Placemark><Placemark><styleUrl>#coast</styleUrl><LineString><tessellate>1</tessellate><coordinates>18.244,59.43951,0 18.24414,59.43941,0 18.244,59.43951,0</coordinates></LineString></Placemark><Placemark><styleUrl>#coast</styleUrl><LineString><tessellate>1</tessellate><coordinates>18.055,59.37362,0 18.05473,59.37381,0 18.05051,59.37489,0</coordinates></LineString></Placemark><Placemark><styleUrl>#coast</styleUrl><LineString><tessellate>1</tessellate><coordinates>18.0553,59.37326,0 18.055,59.37362,0</coordinates></LineString></Placemark><Placemark><styleUrl>#coast</styleUrl><LineString><tessellate>1</tessellate><coordinates>18.3484,59.31956,0 18.348,59.31891,0 18.34636,59.31846,0 18.34617,59.31852,0 18.34593,59.31787,0 18.34633,59.31736,0 18.34558,59.31691,0 18.3451,59.31687,0 18.34506,59.31642,0 18.34538,59.31626,0 18.34508,59.31616,0 18.34526,59.31589,0 18.34432,59.31607,0 18.34371,59.31599,0 18.34337,59.31575,0</coordinates></LineString></Placemark><Placemark><styleUrl>#coast</styleUrl><LineString><tessellate>1</tessellate><coordinates>18.33499,59.31973,0 18.33658,59.32019,0 18.33738,59.32022,0</coordinates></LineString></Placemark><Placemark><styleUrl>#coast</styleUrl><LineString><tessellate>1</tessellate><coordinates>18.42553,59.34948,0 18.42513,59.34951,0 18.42541,59.34939,0 18.42553,59.34948,0</coordinates></LineString></Placemark><Placemark><styleUrl>#coast</styleUrl><LineString><tessellate>1</tessellate><coordinates>18.11032,59.31513,0 18.10847,59.31486,0 18.1083,59.31517,0 18.10848,59.31528,0 18.10796,59.31531,0</coordinates></LineString></Placemark><Placemark><styleUrl>#coast</styleUrl><LineString><tessellate>1</tessellate><coordinates>18.09959,59.30973,0 18.10166,59.31208,0 18.10717,59.31533,0</coordinates></LineString></Placemark><Placemark><styleUrl>#coast</styleUrl><LineString><tessellate>1</tessellate><coordinates>18.09629,59.30755,0 18.09871,59.30867,0 18.09959,59.30973,0</coordinates></LineString></Placemark><Placemark><styleUrl>#coast</styleUrl><LineString><tessellate>1</tessellate><coordinates>18.10796,59.31531,0 18.10523,59.31378,0 18.10347,59.31255,0 18.10283,59.31192,0 18.103,59.31167,0 18.10258,59.31106,0 18.1028,59.31102,0 18.10265,59.31081,0 18.10242,59.31085,0 18.10148,59.30941,0</coordinates></LineString></Placemark><Placemark><styleUrl>#coast</styleUrl><LineString><tessellate>1</tessellate><coordinates>18.0958,59.30654,0 18.09303,59.30601,0 18.08113,59.30315,0 18.08088,59.30344,0 18.08175,59.30352,0 18.08163,59.30363,0</coordinates></LineString></Placemark><Placemark><styleUrl>#coast</styleUrl><LineString><tessellate>1</tessellate><coordinates>18.08031,59.30368,0 18.08019,59.30386,0 18.08078,59.30393,0 18.08061,59.30428,0 18.08526,59.30492,0 18.09629,59.30755,0</coordinates></LineString></Placemark><Placemark><styleUrl>#coast</styleUrl><LineString><tessellate>1</tessellate><coordinates>18.08163,59.30363,0 18.07771,59.30307,0</coordinates></LineString></Placemark><Placemark><styleUrl>#coast</styleUrl><LineString><tessellate>1</tessellate><coordinates>18.07753,59.30321,0 18.08031,59.30368,0</coordinates></LineString></Placemark><Placemark><styleUrl>#coast</styleUrl><LineString><tessellate>1</tessellate><coordinates>18.10234,59.30541,0 18.10392,59.30462,0 18.10783,59.3033,0 18.10883,59.30284,0 18.10869,59.30272,0 18.10843,59.30281,0 18.10811,59.30267,0 18.10784,59.30291,0 18.10704,59.30304,0 18.10093,59.3051,0</coordinates></LineString></Placemark><Placemark><styleUrl>#coast</styleUrl><LineString><tessellate>1</tessellate><coordinates>18.10093,59.3051,0 18.09945,59.30568,0 18.09903,59.30554,0 18.09814,59.3061,0 18.0958,59.30654,0</coordinates></LineString></Placemark><Placemark><styleUrl>#coast</styleUrl><LineString><tessellate>1</tessellate><coordinates>18.14871,59.32627,0 18.14505,59.32671,0 18.14094,59.32773,0 18.13653,59.32821,0 18.13458,59.32868,0 18.13069,59.32996,0 18.12871,59.33024,0</coordinates></LineString></Placemark><Placemark><styleUrl>#coast</styleUrl><LineString><tessellate>1</tessellate><coordinates>18.12905,59.33051,0 18.13106,59.33008,0 18.13336,59.32935,0</coordinates></LineString></Placemark><Placemark><styleUrl>#coast</styleUrl><LineString><tessellate>1</tessellate><coordinates>18.12871,59.33024,0 18.12752,59.3303,0 18.12525,59.33013,0 18.12266,59.32973,0 18.11969,59.33024,0 18.11887,59.33001,0 18.11702,59.3301,0 18.1157,59.32998,0 18.11396,59.33027,0 18.11146,59.33004,0 18.11053,59.3296,0 18.1092,59.32974,0 18.10851,59.32935,0 18.1052,59.32968,0 18.10331,59.32924,0 18.10195,59.32941,0 18.10159,59.3289,0 18.10103,59.3287,0 18.10041,59.32889,0 18.09993,59.32937,0 18.09931,59.32917,0 18.09794,59.32935,0 18.09662,59.3304,0 18.09417,59.33088,0</coordinates></LineString></Placemark><Placemark><styleUrl>#coast</styleUrl><LineString><tessellate>1</tessellate><coordinates>18.13336,59.32935,0 18.13686,59.32834,0 18.14148,59.32788,0 18.14568,59.32683,0 18.14924,59.32646,0</coordinates></LineString></Placemark><Placemark><styleUrl>#coast</styleUrl><LineString><tessellate>1</tessellate><coordinates>18.31619,59.3536,0 18.31536,59.35384,0 18.31446,59.35499,0 18.31455,59.35576,0 18.31398,59.35622,0 18.31415,59.35655,0 18.31343,59.35713,0 18.31368,59.35747,0 18.31325,59.358,0 18.31333,59.35827,0 18.31231,59.35874,0</coordinates></LineString></Placemark><Placemark><styleUrl>#coast</styleUrl><LineString><tessellate>1</tessellate><coordinates>18.32007,59.34938,0 18.32048,59.35006,0 18.31995,59.35102,0 18.3193,59.35152,0 18.31784,59.35337,0 18.31806,59.35358,0</coordinates></LineString></Placemark><Placemark><styleUrl>#coast</styleUrl><LineString><tessellate>1</tessellate><coordinates>18.42532,59.34551,0 18.42503,59.34577,0 18.42512,59.34553,0 18.42468,59.34536,0 18.42435,59.34543,0 18.42389,59.34631,0</coordinates></LineString></Placemark><Placemark><styleUrl>#coast</styleUrl><LineString><tessellate>1</tessellate><coordinates>18.413,59.34947,0 18.41213,59.34924,0 18.41086,59.34984,0</coordinates></LineString></Placemark><Placemark><styleUrl>#coast</styleUrl><LineString><tessellate>1</tessellate><coordinates>18.41086,59.34984,0 18.41028,59.3502,0 18.41101,59.35023,0 18.41096,59.35074,0 18.41232,59.3505,0 18.41376,59.35062,0 18.4152,59.3499,0 18.41568,59.35001,0 18.41708,59.3498,0 18.41729,59.35006,0 18.41779,59.34999,0 18.41816,59.35012,0 18.41911,59.34995,0 18.42021,59.34931,0 18.42305,59.34839,0 18.42524,59.34805,0</coordinates></LineString></Placemark><Placemark><styleUrl>#coast</styleUrl><LineString><tessellate>1</tessellate><coordinates>18.42389,59.34631,0 18.42371,59.34616,0 18.42313,59.34624,0 18.42173,59.34705,0 18.42147,59.34682,0 18.421,59.34682,0 18.42043,59.34733,0 18.4196,59.34752,0 18.41928,59.34793,0 18.41845,59.34837,0 18.41694,59.34899,0 18.41619,59.34909,0 18.41586,59.34935,0 18.41439,59.34956,0 18.413,59.34947,0</coordinates></LineString></Placemark><Placemark><styleUrl>#coast</styleUrl><LineString><tessellate>1</tessellate><coordinates>18.38938,59.36068,0 18.38717,59.36106,0 18.38693,59.3609,0 18.38598,59.361,0 18.38577,59.36082,0 18.38531,59.36087,0 18.38518,59.36075,0</coordinates></LineString></Placemark><Placemark><styleUrl>#coast</styleUrl><LineString><tessellate>1</tessellate><coordinates>18.39436,59.3598,0 18.38938,59.36068,0</coordinates></LineString></Placemark><Placemark><styleUrl>#coast</styleUrl><LineString><tessellate>1</tessellate><coordinates>18.408,59.35068,0 18.40672,59.3504,0 18.40612,59.34992,0 18.40533,59.34997,0</coordinates></LineString></Placemark><Placemark><styleUrl>#coast</styleUrl><LineString><tessellate>1</tessellate><coordinates>18.38518,59.36075,0 18.38546,59.36053,0 18.38641,59.36042,0 18.38711,59.36013,0 18.38724,59.35992,0 18.38907,59.35904,0 18.38952,59.35846,0 18.39084,59.35786,0 18.39089,59.3576,0 18.39137,59.35755,0 18.39256,59.35705,0 18.39236,59.35673,0 18.39275,59.35668,0 18.39312,59.35623,0 18.39358,59.35606,0 18.39317,59.35552,0 18.39378,59.3549,0 18.39617,59.35418,0 18.39749,59.35402,0 18.3974,59.35417,0 18.39803,59.35426,0 18.39868,59.35412,0 18.40092,59.35326,0 18.40269,59.35298,0 18.40258,59.35281,0 18.4031,59.35267,0 18.40325,59.35238,0 18.40459,59.35203,0 18.40476,59.35175,0 18.40517,59.3517,0 18.40716,59.35076,0 18.408,59.35068,0</coordinates></LineString></Placemark><Placemark><styleUrl>#coast</styleUrl><LineString><tessellate>1</tessellate><coordinates>18.377,59.35858,0 18.37627,59.35853,0</coordinates></LineString></Placemark><Placemark><styleUrl>#coast</styleUrl><LineString><tessellate>1</tessellate><coordinates>18.37457,59.35201,0 18.37384,59.35254,0 18.37311,59.3528,0 18.37269,59.3534,0 18.37138,59.35409,0 18.36992,59.35518,0 18.36872,59.35561,0 18.36842,59.35621,0 18.36712,59.35733,0 18.36586,59.35806,0 18.36473,59.3584,0 18.36465,59.35859,0</coordinates></LineString></Placemark><Placemark><styleUrl>#coast</styleUrl><LineString><tessellate>1</tessellate><coordinates>18.34078,59.35935,0 18.34002,59.35892,0</coordinates></LineString></Placemark><Placemark><styleUrl>#coast</styleUrl><LineString><tessellate>1</tessellate><coordinates>18.338,59.35807,0 18.33813,59.35766,0 18.33734,59.35753,0</coordinates></LineString></Placemark><Placemark><styleUrl>#coast</styleUrl><LineString><tessellate>1</tessellate><coordinates>18.34733,59.35725,0 18.34629,59.35836,0 18.34528,59.35869,0 18.34392,59.35902,0 18.34269,59.35895,0 18.34078,59.35935,0</coordinates></LineString></Placemark><Placemark><styleUrl>#coast</styleUrl><LineString><tessellate>1</tessellate><coordinates>18.32148,59.3547,0 18.32081,59.35454,0 18.32024,59.35357,0</coordinates></LineString></Placemark><Placemark><styleUrl>#coast</styleUrl><LineString><tessellate>1</tessellate><coordinates>18.32856,59.35689,0 18.3277,59.35688,0 18.32731,59.35669,0 18.32484,59.35695,0 18.32403,59.35666,0 18.32302,59.3558,0</coordinates></LineString></Placemark><Placemark><styleUrl>#coast</styleUrl><LineString><tessellate>1</tessellate><coordinates>18.31806,59.35358,0 18.31619,59.3536,0</coordinates></LineString></Placemark><Placemark><styleUrl>#coast</styleUrl><LineString><tessellate>1</tessellate><coordinates>18.32024,59.35357,0 18.32266,59.35037,0</coordinates></LineString></Placemark><Placemark><styleUrl>#coast</styleUrl><LineString><tessellate>1</tessellate><coordinates>18.3482,59.35694,0 18.34836,59.35657,0 18.34818,59.35659,0 18.34788,59.35706,0 18.34755,59.35731,0 18.34733,59.35725,0</coordinates></LineString></Placemark><Placemark><styleUrl>#coast</styleUrl><LineString><tessellate>1</tessellate><coordinates>18.34166,59.36131,0 18.34252,59.36085,0 18.3448,59.36024,0 18.34533,59.35988,0 18.34614,59.35965,0 18.34618,59.35938,0 18.34719,59.35895,0</coordinates></LineString></Placemark><Placemark><styleUrl>#coast</styleUrl><LineString><tessellate>1</tessellate><coordinates>18.3424,59.3628,0 18.34024,59.36282,0 18.3406,59.36247,0 18.34051,59.36216,0 18.34109,59.36191,0 18.34166,59.36131,0</coordinates></LineString></Placemark><Placemark><styleUrl>#coast</styleUrl><LineString><tessellate>1</tessellate><coordinates>18.37856,59.35147,0 18.3797,59.35083,0 18.38003,59.35095,0 18.38339,59.34916,0 18.37968,59.35026,0 18.3791,59.35021,0 18.37875,59.34994,0 18.37777,59.35025,0 18.37775,59.3504,0 18.37694,59.35061,0 18.37527,59.35146,0 18.37457,59.35201,0</coordinates></LineString></Placemark><Placemark><styleUrl>#coast</styleUrl><LineString><tessellate>1</tessellate><coordinates>18.35419,59.36254,0 18.35285,59.36342,0 18.3516,59.3637,0 18.35112,59.36356,0 18.34979,59.36356,0 18.34908,59.36366,0 18.34815,59.36407,0 18.34796,59.36389,0 18.34818,59.36362,0 18.34782,59.36332,0</coordinates></LineString></Placemark><Placemark><styleUrl>#coast</styleUrl><LineString><tessellate>1</tessellate><coordinates>18.34719,59.35895,0 18.34785,59.35793,0 18.34774,59.35744,0 18.3482,59.35694,0</coordinates></LineString></Placemark><Placemark><styleUrl>#coast</styleUrl><LineString><tessellate>1</tessellate><coordinates>18.34782,59.36332,0 18.34587,59.36336,0 18.34436,59.36325,0 18.34393,59.36309,0 18.34296,59.36323,0 18.34262,59.36304,0 18.34222,59.36326,0 18.34114,59.36333,0 18.34106,59.36305,0 18.34125,59.36319,0 18.34192,59.36314,0 18.34239,59.36299,0 18.3424,59.3628,0</coordinates></LineString></Placemark><Placemark><styleUrl>#coast</styleUrl><LineString><tessellate>1</tessellate><coordinates>18.32284,59.35016,0 18.32407,59.34941,0 18.32446,59.34873,0 18.32534,59.34797,0</coordinates></LineString></Placemark><Placemark><styleUrl>#coast</styleUrl><LineString><tessellate>1</tessellate><coordinates>18.32534,59.34797,0 18.32537,59.34729,0 18.32453,59.34718,0 18.32337,59.34805,0 18.3213,59.34887,0 18.32049,59.349,0 18.32007,59.34938,0</coordinates></LineString></Placemark><Placemark><styleUrl>#coast</styleUrl><LineString><tessellate>1</tessellate><coordinates>18.32266,59.35037,0 18.32284,59.35016,0</coordinates></LineString></Placemark><Placemark><styleUrl>#coast</styleUrl><LineString><tessellate>1</tessellate><coordinates>18.33734,59.35753,0 18.33599,59.35771,0 18.33342,59.35732,0 18.33235,59.35654,0 18.32969,59.35677,0 18.32881,59.35714,0 18.32856,59.35689,0</coordinates></LineString></Placemark><Placemark><styleUrl>#coast</styleUrl><LineString><tessellate>1</tessellate><coordinates>18.32302,59.3558,0 18.32316,59.35538,0 18.32411,59.35493,0 18.32664,59.35454,0 18.32754,59.35406,0 18.32752,59.3539,0 18.32496,59.35427,0 18.32431,59.3541,0 18.32368,59.35412,0 18.32148,59.3547,0</coordinates></LineString></Placemark><Placemark><styleUrl>#coast</styleUrl><LineString><tessellate>1</tessellate><coordinates>18.34002,59.35892,0 18.34058,59.35832,0 18.34125,59.358,0 18.34073,59.35776,0 18.34074,59.35757,0 18.34014,59.35788,0 18.338,59.35807,0</coordinates></LineString></Placemark><Placemark><styleUrl>#coast</styleUrl><LineString><tessellate>1</tessellate><coordinates>18.3915,59.35316,0 18.39089,59.35326,0 18.39005,59.35371,0 18.38974,59.35393,0 18.38973,59.35433,0 18.3886,59.35491,0 18.38778,59.35504,0 18.38757,59.35473,0 18.38791,59.35438,0 18.38751,59.35433,0 18.38487,59.35543,0 18.38364,59.35569,0 18.38266,59.35568,0 18.38175,59.35642,0</coordinates></LineString></Placemark><Placemark><styleUrl>#coast</styleUrl><LineString><tessellate>1</tessellate><coordinates>18.39498,59.35289,0 18.39406,59.35297,0 18.39342,59.35328,0 18.39247,59.35323,0 18.39209,59.35304,0 18.3915,59.35316,0</coordinates></LineString></Placemark><Placemark><styleUrl>#coast</styleUrl><LineString><tessellate>1</tessellate><coordinates>18.30978,59.43371,0 18.30891,59.43321,0 18.30887,59.43299,0</coordinates></LineString></Placemark><Placemark><styleUrl>#coast</styleUrl><LineString><tessellate>1</tessellate><coordinates>18.31005,59.43088,0 18.31111,59.43023,0 18.31316,59.42983,0</coordinates></LineString></Placemark><Placemark><styleUrl>#coast</styleUrl><LineString><tessellate>1</tessellate><coordinates>18.30798,59.43178,0 18.30884,59.43127,0 18.31005,59.43088,0</coordinates></LineString></Placemark><Placemark><styleUrl>#coast</styleUrl><LineString><tessellate>1</tessellate><coordinates>18.30825,59.43254,0 18.30742,59.4325,0 18.30728,59.4323,0</coordinates></LineString></Placemark><Placemark><styleUrl>#coast</styleUrl><LineString><tessellate>1</tessellate><coordinates>18.30887,59.43299,0 18.30825,59.43254,0</coordinates></LineString></Placemark><Placemark><styleUrl>#coast</styleUrl><LineString><tessellate>1</tessellate><coordinates>18.31316,59.42983,0 18.31338,59.42936,0</coordinates></LineString></Placemark><Placemark><styleUrl>#coast</styleUrl><LineString><tessellate>1</tessellate><coordinates>18.30334,59.42892,0 18.30398,59.42859,0 18.30377,59.42816,0 18.30136,59.42818,0 18.29827,59.4273,0 18.29682,59.42728,0 18.29623,59.42686,0 18.29942,59.42516,0</coordinates></LineString></Placemark><Placemark><styleUrl>#coast</styleUrl><LineString><tessellate>1</tessellate><coordinates>18.31338,59.42936,0 18.31059,59.42927,0 18.3093,59.42955,0 18.30778,59.42956,0 18.30555,59.43037,0 18.30394,59.43051,0 18.30337,59.4304,0</coordinates></LineString></Placemark><Placemark><styleUrl>#coast</styleUrl><LineString><tessellate>1</tessellate><coordinates>18.30337,59.4304,0 18.30278,59.43034,0 18.30265,59.4302,0 18.30334,59.42892,0</coordinates></LineString></Placemark><Placemark><styleUrl>#coast</styleUrl><LineString><tessellate>1</tessellate><coordinates>18.33866,59.43828,0 18.33759,59.43826,0 18.33604,59.43763,0 18.33437,59.43776,0 18.33398,59.43795,0</coordinates></LineString></Placemark><Placemark><styleUrl>#coast</styleUrl><LineString><tessellate>1</tessellate><coordinates>18.35391,59.42508,0 18.3542,59.42497,0 18.35728,59.42532,0 18.35823,59.42589,0 18.35841,59.42745,0</coordinates></LineString></Placemark><Placemark><styleUrl>#coast</styleUrl><LineString><tessellate>1</tessellate><coordinates>18.35841,59.42745,0 18.35866,59.42826,0 18.35836,59.42827,0 18.35827,59.42848,0 18.35835,59.42867,0 18.35866,59.4287,0 18.35866,59.42912,0 18.35696,59.43051,0 18.35252,59.43204,0 18.34754,59.4351,0 18.34299,59.43552,0 18.34301,59.43566,0 18.34262,59.43571,0 18.34273,59.43612,0 18.34209,59.43684,0 18.34132,59.43734,0 18.3405,59.43756,0 18.33947,59.43817,0 18.33866,59.43828,0</coordinates></LineString></Placemark><Placemark><styleUrl>#coast</styleUrl><LineString><tessellate>1</tessellate><coordinates>18.35054,59.42478,0 18.35009,59.42442,0 18.35032,59.42417,0 18.35154,59.4242,0</coordinates></LineString></Placemark><Placemark><styleUrl>#coast</styleUrl><LineString><tessellate>1</tessellate><coordinates>18.33175,59.44029,0 18.33119,59.44044,0 18.33141,59.44125,0 18.33016,59.44206,0 18.327,59.44288,0 18.32489,59.443,0 18.32485,59.44288,0 18.32366,59.44286,0</coordinates></LineString></Placemark><Placemark><styleUrl>#coast</styleUrl><LineString><tessellate>1</tessellate><coordinates>18.33398,59.43795,0 18.33183,59.4397,0 18.33175,59.44029,0</coordinates></LineString></Placemark><Placemark><styleUrl>#coast</styleUrl><LineString><tessellate>1</tessellate><coordinates>18.31874,59.44153,0 18.31846,59.44127,0</coordinates></LineString></Placemark><Placemark><styleUrl>#coast</styleUrl><LineString><tessellate>1</tessellate><coordinates>18.31767,59.44507,0 18.31671,59.4446,0 18.31802,59.44332,0 18.31813,59.44282,0 18.31784,59.44276,0 18.31808,59.44226,0 18.31788,59.44215,0 18.31874,59.44153,0</coordinates></LineString></Placemark><Placemark><styleUrl>#coast</styleUrl><LineString><tessellate>1</tessellate><coordinates>18.31846,59.44127,0 18.31808,59.44125,0 18.3172,59.44156,0 18.31505,59.44177,0 18.31352,59.44152,0 18.31337,59.44093,0 18.31195,59.43927,0</coordinates></LineString></Placemark><Placemark><styleUrl>#coast</styleUrl><LineString><tessellate>1</tessellate><coordinates>18.31195,59.43927,0 18.31094,59.43894,0 18.30982,59.43898,0 18.30686,59.43804,0 18.30647,59.43712,0 18.306,59.43674,0 18.30421,59.4365,0 18.30383,59.43664,0 18.30385,59.43723,0 18.30359,59.4374,0 18.30326,59.43738,0 18.30269,59.43684,0 18.30025,59.4361,0</coordinates></LineString></Placemark><Placemark><styleUrl>#coast</styleUrl><LineString><tessellate>1</tessellate><coordinates>18.29942,59.42516,0 18.30016,59.42538,0 18.30566,59.42442,0 18.30733,59.4239,0 18.31185,59.42343,0</coordinates></LineString></Placemark><Placemark><styleUrl>#coast</styleUrl><LineString><tessellate>1</tessellate><coordinates>18.31185,59.42343,0 18.3126,59.42324,0 18.31304,59.42287,0 18.3115,59.4229,0 18.3118,59.4225,0 18.3127,59.42234,0 18.31282,59.42246,0 18.31301,59.42222,0 18.31333,59.42229,0 18.31631,59.4216,0 18.31521,59.42122,0 18.31398,59.42099,0 18.31297,59.42128,0 18.31187,59.42138,0 18.31078,59.42128,0 18.30929,59.42157,0 18.30209,59.42059,0 18.3012,59.42017,0</coordinates></LineString></Placemark><Placemark><styleUrl>#coast</styleUrl><LineString><tessellate>1</tessellate><coordinates>18.30093,59.41991,0 18.30047,59.41948,0</coordinates></LineString></Placemark><Placemark><styleUrl>#coast</styleUrl><LineString><tessellate>1</tessellate><coordinates>18.32257,59.407,0 18.32216,59.40713,0 18.32171,59.40689,0 18.32079,59.40697,0 18.31951,59.40719,0 18.31938,59.40743,0 18.319,59.40747,0 18.31894,59.40814,0 18.3195,59.40882,0 18.31918,59.40907,0</coordinates></LineString></Placemark><Placemark><styleUrl>#coast</styleUrl><LineString><tessellate>1</tessellate><coordinates>18.31901,59.41162,0 18.31931,59.41196,0 18.31923,59.41241,0 18.3176,59.41329,0 18.31673,59.41337,0 18.31631,59.41362,0 18.31578,59.41452,0 18.31395,59.41569,0 18.31198,59.4162,0</coordinates></LineString></Placemark><Placemark><styleUrl>#coast</styleUrl><LineString><tessellate>1</tessellate><coordinates>18.2942,59.41834,0 18.29154,59.41805,0 18.29138,59.41763,0</coordinates></LineString></Placemark><Placemark><styleUrl>#coast</styleUrl><LineString><tessellate>1</tessellate><coordinates>18.29927,59.40906,0 18.29879,59.40915,0 18.29765,59.40905,0 18.29659,59.4088,0</coordinates></LineString></Placemark><Placemark><styleUrl>#coast</styleUrl><LineString><tessellate>1</tessellate><coordinates>18.29892,59.41205,0 18.30111,59.41142,0 18.30148,59.411,0 18.30132,59.41059,0</coordinates></LineString></Placemark><Placemark><styleUrl>#coast</styleUrl><LineString><tessellate>1</tessellate><coordinates>18.289,59.40867,0 18.29112,59.40894,0 18.29049,59.40934,0 18.29065,59.40949,0</coordinates></LineString></Placemark><Placemark><styleUrl>#coast</styleUrl><LineString><tessellate>1</tessellate><coordinates>18.29659,59.4088,0 18.29664,59.40844,0 18.29793,59.40789,0 18.29875,59.4073,0 18.29988,59.40697,0 18.30089,59.40609,0 18.30425,59.4045,0 18.30429,59.40424,0 18.304,59.40411,0 18.30445,59.40372,0 18.30525,59.40374,0 18.3097,59.40313,0 18.311,59.40369,0 18.31231,59.4027,0 18.31321,59.40239,0 18.316,59.40189,0 18.31908,59.40155,0</coordinates></LineString></Placemark><Placemark><styleUrl>#coast</styleUrl><LineString><tessellate>1</tessellate><coordinates>18.28452,59.4155,0 18.28291,59.41666,0</coordinates></LineString></Placemark><Placemark><styleUrl>#coast</styleUrl><LineString><tessellate>1</tessellate><coordinates>18.26341,59.42319,0 18.26222,59.42403,0 18.26158,59.42407,0 18.25974,59.42492,0 18.25855,59.42527,0 18.25897,59.42551,0 18.2596,59.42539,0 18.26066,59.42552,0 18.26086,59.42582,0 18.26006,59.42657,0 18.26072,59.42697,0 18.26145,59.42708,0 18.26666,59.42602,0 18.26708,59.42547,0 18.26726,59.4244,0 18.26884,59.42369,0 18.27126,59.42187,0 18.27218,59.42147,0 18.27685,59.42036,0 18.28147,59.42012,0 18.28239,59.42022,0</coordinates></LineString></Placemark><Placemark><styleUrl>#coast</styleUrl><LineString><tessellate>1</tessellate><coordinates>18.29224,59.41037,0 18.29141,59.41119,0 18.28933,59.41254,0 18.28927,59.41295,0 18.28876,59.41327,0 18.28832,59.41332,0 18.28808,59.41372,0 18.28687,59.41437,0 18.28598,59.41462,0 18.28452,59.4155,0</coordinates></LineString></Placemark><Placemark><styleUrl>#coast</styleUrl><LineString><tessellate>1</tessellate><coordinates>18.31133,59.41627,0 18.30696,59.41647,0 18.30531,59.41634,0</coordinates></LineString></Placemark><Placemark><styleUrl>#coast</styleUrl><LineString><tessellate>1</tessellate><coordinates>18.30047,59.41948,0 18.30184,59.4183,0 18.30191,59.41799,0 18.30244,59.4177,0 18.30544,59.41724,0 18.3094,59.41734,0</coordinates></LineString></Placemark><Placemark><styleUrl>#coast</styleUrl><LineString><tessellate>1</tessellate><coordinates>18.30531,59.41634,0 18.30242,59.41673,0</coordinates></LineString></Placemark><Placemark><styleUrl>#coast</styleUrl><LineString><tessellate>1</tessellate><coordinates>18.30242,59.41673,0 18.30173,59.41741,0 18.3019,59.41763,0 18.3008,59.41799,0</coordinates></LineString></Placemark><Placemark><styleUrl>#coast</styleUrl><LineString><tessellate>1</tessellate><coordinates>18.29138,59.41763,0 18.29221,59.41637,0 18.29311,59.41581,0 18.29345,59.41577,0</coordinates></LineString></Placemark><Placemark><styleUrl>#coast</styleUrl><LineString><tessellate>1</tessellate><coordinates>18.29397,59.41488,0 18.29369,59.41413,0 18.29322,59.41372,0 18.29345,59.41325,0 18.29406,59.413,0 18.29519,59.41291,0 18.2971,59.41235,0 18.29892,59.41205,0</coordinates></LineString></Placemark><Placemark><styleUrl>#coast</styleUrl><LineString><tessellate>1</tessellate><coordinates>18.34296,59.42568,0 18.34329,59.42582,0 18.3432,59.42596,0 18.34338,59.42585,0 18.34351,59.42619,0 18.34417,59.42629,0 18.34436,59.42613,0 18.34458,59.42626,0 18.3464,59.42632,0 18.34727,59.42615,0 18.34757,59.42631,0 18.35013,59.42612,0 18.35027,59.42621,0 18.35224,59.42586,0</coordinates></LineString></Placemark><Placemark><styleUrl>#coast</styleUrl><LineString><tessellate>1</tessellate><coordinates>18.35224,59.42586,0 18.35276,59.42552,0</coordinates></LineString></Placemark><Placemark><styleUrl>#coast</styleUrl><LineString><tessellate>1</tessellate><coordinates>18.35154,59.4242,0 18.35252,59.42419,0 18.35391,59.42508,0</coordinates></LineString></Placemark><Placemark><styleUrl>#coast</styleUrl><LineString><tessellate>1</tessellate><coordinates>18.35276,59.42552,0 18.35259,59.42536,0 18.35087,59.42514,0 18.35054,59.42478,0</coordinates></LineString></Placemark><Placemark><styleUrl>#coast</styleUrl><LineString><tessellate>1</tessellate><coordinates>18.295,59.43829,0 18.29635,59.43877,0 18.29577,59.43914,0 18.29603,59.43934,0 18.29774,59.43997,0 18.2987,59.44007,0 18.29887,59.44023,0 18.29864,59.44032,0 18.29952,59.44094,0 18.30213,59.44194,0 18.30405,59.44208,0 18.30576,59.44309,0 18.30592,59.44324,0 18.30572,59.44341,0 18.30682,59.44356,0 18.30809,59.44326,0 18.3091,59.44364,0 18.30872,59.44436,0 18.30773,59.44512,0 18.30873,59.44528,0 18.30809,59.44602,0 18.30901,59.44695,0</coordinates></LineString></Placemark><Placemark><styleUrl>#coast</styleUrl><LineString><tessellate>1</tessellate><coordinates>18.32366,59.44286,0 18.32201,59.44376,0 18.32089,59.44391,0 18.31921,59.44465,0 18.31767,59.44507,0</coordinates></LineString></Placemark><Placemark><styleUrl>#coast</styleUrl><LineString><tessellate>1</tessellate><coordinates>18.30025,59.4361,0 18.30098,59.43555,0 18.30325,59.43455,0 18.30445,59.43427,0</coordinates></LineString></Placemark><Placemark><styleUrl>#coast</styleUrl><LineString><tessellate>1</tessellate><coordinates>18.30445,59.43427,0 18.30739,59.43385,0 18.30905,59.43401,0 18.3096,59.43395,0 18.30978,59.43371,0</coordinates></LineString></Placemark><Placemark><styleUrl>#coast</styleUrl><LineString><tessellate>1</tessellate><coordinates>18.30728,59.4323,0 18.30798,59.43178,0</coordinates></LineString></Placemark><Placemark><styleUrl>#coast</styleUrl><LineString><tessellate>1</tessellate><coordinates>18.29264,59.43419,0 18.29237,59.43438,0 18.29207,59.43435,0 18.2919,59.43468,0 18.29127,59.43482,0 18.29039,59.43557,0 18.28831,59.4353,0 18.28694,59.43613,0 18.28783,59.43652,0 18.28922,59.43679,0 18.28895,59.43727,0 18.28708,59.4372,0 18.28569,59.43764,0 18.28637,59.43776,0 18.2871,59.43816,0 18.28931,59.43866,0 18.28995,59.43865,0 18.29023,59.43848,0 18.29064,59.43859,0 18.2907,59.43833,0 18.29136,59.43833,0 18.2925,59.43859,0 18.29429,59.43869,0 18.295,59.43829,0</coordinates></LineString></Placemark><Placemark><styleUrl>#coast</styleUrl><LineString><tessellate>1</tessellate><coordinates>18.252,59.43134,0 18.25154,59.43092,0 18.24977,59.43111,0 18.24952,59.43135,0 18.24821,59.43128,0 18.24755,59.43156,0 18.24691,59.43144,0 18.24525,59.43177,0 18.24504,59.43164,0 18.24466,59.43175,0 18.24446,59.43148,0 18.24345,59.43143,0 18.24302,59.43122,0 18.24173,59.43127,0 18.24026,59.43202,0 18.23812,59.43193,0 18.23781,59.43176,0 18.23796,59.43136,0 18.2351,59.43111,0 18.23471,59.4312,0 18.23403,59.43085,0 18.23333,59.43072,0 18.23174,59.43134,0 18.23071,59.4315,0 18.22905,59.43104,0 18.22769,59.43119,0 18.22618,59.43104,0 18.22366,59.43128,0 18.22319,59.43097,0 18.22338,59.43053,0 18.22495,59.42989,0 18.22498,59.42967,0 18.22584,59.42909,0 18.22557,59.429,0 18.22485,59.4292,0 18.22396,59.42917,0 18.22208,59.42941,0 18.22171,59.42973,0 18.22208,59.43026,0 18.22039,59.43096,0</coordinates></LineString></Placemark><Placemark><styleUrl>#coast</styleUrl><LineString><tessellate>1</tessellate><coordinates>18.16873,59.41201,0 18.16906,59.41169,0 18.16882,59.41135,0 18.1681,59.41107,0 18.16632,59.41109,0 18.16292,59.41062,0 18.16241,59.4108,0 18.1622,59.41128,0</coordinates></LineString></Placemark><Placemark><styleUrl>#coast</styleUrl><LineString><tessellate>1</tessellate><coordinates>18.16125,59.42089,0 18.16066,59.42097,0 18.16028,59.42073,0 18.15968,59.4207,0 18.1593,59.4205,0 18.15904,59.41997,0 18.15969,59.41879,0 18.15998,59.41866,0 18.16054,59.41892,0 18.16094,59.41871,0</coordinates></LineString></Placemark><Placemark><styleUrl>#coast</styleUrl><LineString><tessellate>1</tessellate><coordinates>18.15484,59.40477,0 18.15474,59.40454,0 18.15528,59.40366,0 18.15433,59.4033,0</coordinates></LineString></Placemark><Placemark><styleUrl>#coast</styleUrl><LineString><tessellate>1</tessellate><coordinates>18.15511,59.40572,0 18.15497,59.40489,0</coordinates></LineString></Placemark><Placemark><styleUrl>#coast</styleUrl><LineString><tessellate>1</tessellate><coordinates>18.15354,59.40679,0 18.1538,59.40643,0 18.15444,59.40623,0 18.15462,59.40584,0</coordinates></LineString></Placemark><Placemark><styleUrl>#coast</styleUrl><LineString><tessellate>1</tessellate><coordinates>18.15486,59.40742,0 18.15441,59.4069,0</coordinates></LineString></Placemark><Placemark><styleUrl>#coast</styleUrl><LineString><tessellate>1</tessellate><coordinates>18.15603,59.3974,0 18.15826,59.39675,0 18.15837,59.39648,0 18.15955,59.39587,0</coordinates></LineString></Placemark><Placemark><styleUrl>#coast</styleUrl><LineString><tessellate>1</tessellate><coordinates>18.15417,59.39754,0 18.15603,59.3974,0</coordinates></LineString></Placemark><Placemark><styleUrl>#coast</styleUrl><LineString><tessellate>1</tessellate><coordinates>18.15955,59.39587,0 18.16148,59.39554,0 18.1616,59.39532,0 18.16305,59.39481,0</coordinates></LineString></Placemark><Placemark><styleUrl>#coast</styleUrl><LineString><tessellate>1</tessellate><coordinates>18.15178,59.39866,0 18.15286,59.3979,0</coordinates></LineString></Placemark><Placemark><styleUrl>#coast</styleUrl><LineString><tessellate>1</tessellate><coordinates>18.19317,59.39246,0 18.19403,59.3923,0 18.1952,59.39242,0 18.19825,59.39156,0 18.19958,59.39139,0 18.20013,59.39095,0 18.20136,59.39065,0</coordinates></LineString></Placemark><Placemark><styleUrl>#coast</styleUrl><LineString><tessellate>1</tessellate><coordinates>18.15493,59.39932,0 18.15531,59.39919,0</coordinates></LineString></Placemark><Placemark><styleUrl>#coast</styleUrl><LineString><tessellate>1</tessellate><coordinates>18.15379,59.39942,0 18.15493,59.39932,0</coordinates></LineString></Placemark><Placemark><styleUrl>#coast</styleUrl><LineString><tessellate>1</tessellate><coordinates>18.1568,59.39871,0 18.15557,59.39853,0 18.15427,59.39871,0 18.15382,59.39861,0 18.153,59.39881,0 18.15178,59.39866,0</coordinates></LineString></Placemark><Placemark><styleUrl>#coast</styleUrl><LineString><tessellate>1</tessellate><coordinates>18.15101,59.40005,0 18.15379,59.39942,0</coordinates></LineString></Placemark><Placemark><styleUrl>#coast</styleUrl><LineString><tessellate>1</tessellate><coordinates>18.15531,59.39919,0 18.15662,59.39895,0 18.1568,59.39871,0</coordinates></LineString></Placemark><Placemark><styleUrl>#coast</styleUrl><LineString><tessellate>1</tessellate><coordinates>18.15047,59.40189,0 18.15,59.40154,0 18.15022,59.40096,0 18.15004,59.40065,0 18.15091,59.40027,0 18.15101,59.40005,0</coordinates></LineString></Placemark><Placemark><styleUrl>#coast</styleUrl><LineString><tessellate>1</tessellate><coordinates>18.15433,59.4033,0 18.15474,59.40286,0 18.15755,59.40231,0</coordinates></LineString></Placemark><Placemark><styleUrl>#coast</styleUrl><LineString><tessellate>1</tessellate><coordinates>18.15645,59.40152,0 18.15533,59.40161,0 18.15509,59.40182,0 18.15488,59.40173,0 18.15445,59.40182,0 18.15343,59.40146,0 18.15334,59.40119,0 18.15286,59.40106,0</coordinates></LineString></Placemark><Placemark><styleUrl>#coast</styleUrl><LineString><tessellate>1</tessellate><coordinates>18.16305,59.39481,0 18.163,59.39408,0 18.16366,59.39362,0 18.16562,59.39341,0 18.16766,59.39353,0 18.17061,59.39275,0 18.17298,59.39264,0 18.17417,59.39272,0 18.17504,59.39255,0 18.17563,59.39318,0 18.17734,59.39313,0 18.17856,59.3929,0 18.18396,59.39339,0</coordinates></LineString></Placemark><Placemark><styleUrl>#coast</styleUrl><LineString><tessellate>1</tessellate><coordinates>18.15755,59.40231,0 18.15853,59.40199,0 18.1586,59.4017,0 18.15819,59.40156,0 18.15645,59.40152,0</coordinates></LineString></Placemark><Placemark><styleUrl>#coast</styleUrl><LineString><tessellate>1</tessellate><coordinates>18.15474,59.41545,0 18.15416,59.41515,0 18.15442,59.41404,0 18.15386,59.41403,0 18.15375,59.41391,0 18.15375,59.41311,0 18.15439,59.4123,0 18.15618,59.41114,0 18.1543,59.4109,0 18.15269,59.4101,0 18.15264,59.40924,0 18.15401,59.40809,0</coordinates></LineString></Placemark><Placemark><styleUrl>#coast</styleUrl><LineString><tessellate>1</tessellate><coordinates>18.16363,59.42157,0 18.16287,59.42105,0 18.16262,59.42112,0 18.16125,59.42089,0</coordinates></LineString></Placemark><Placemark><styleUrl>#coast</styleUrl><LineString><tessellate>1</tessellate><coordinates>18.15286,59.40106,0 18.15047,59.40189,0</coordinates></LineString></Placemark><Placemark><styleUrl>#coast</styleUrl><LineString><tessellate>1</tessellate><coordinates>18.15441,59.4069,0 18.15354,59.40679,0</coordinates></LineString></Placemark><Placemark><styleUrl>#coast</styleUrl><LineString><tessellate>1</tessellate><coordinates>18.15401,59.40809,0 18.15486,59.40742,0</coordinates></LineString></Placemark><Placemark><styleUrl>#coast</styleUrl><LineString><tessellate>1</tessellate><coordinates>18.15462,59.40584,0 18.15473,59.40593,0 18.15511,59.40572,0</coordinates></LineString></Placemark><Placemark><styleUrl>#coast</styleUrl><LineString><tessellate>1</tessellate><coordinates>18.15497,59.40489,0 18.1548,59.40485,0</coordinates></LineString></Placemark><Placemark><styleUrl>#coast</styleUrl><LineString><tessellate>1</tessellate><coordinates>18.1622,59.41128,0 18.16193,59.4119,0 18.15986,59.41353,0 18.15899,59.41359,0 18.15776,59.41441,0 18.15611,59.41481,0 18.15474,59.41545,0</coordinates></LineString></Placemark><Placemark><styleUrl>#coast</styleUrl><LineString><tessellate>1</tessellate><coordinates>18.16094,59.41871,0 18.16061,59.41865,0 18.16078,59.41842,0 18.16037,59.41834,0 18.16018,59.41732,0</coordinates></LineString></Placemark><Placemark><styleUrl>#coast</styleUrl><LineString><tessellate>1</tessellate><coordinates>18.16906,59.43381,0 18.16885,59.43401,0 18.1689,59.43491,0 18.16878,59.435,0 18.16826,59.43489,0</coordinates></LineString></Placemark><Placemark><styleUrl>#coast</styleUrl><LineString><tessellate>1</tessellate><coordinates>18.17626,59.43299,0 18.17599,59.43302,0 18.17539,59.43265,0</coordinates></LineString></Placemark><Placemark><styleUrl>#coast</styleUrl><LineString><tessellate>1</tessellate><coordinates>18.17607,59.43222,0 18.17633,59.43252,0 18.1761,59.43273,0 18.17626,59.43299,0</coordinates></LineString></Placemark><Placemark><styleUrl>#coast</styleUrl><LineString><tessellate>1</tessellate><coordinates>18.1771,59.43151,0 18.17618,59.43142,0 18.17545,59.43154,0 18.1753,59.43177,0 18.176,59.43194,0 18.17607,59.43222,0</coordinates></LineString></Placemark><Placemark><styleUrl>#coast</styleUrl><LineString><tessellate>1</tessellate><coordinates>18.17852,59.43172,0 18.17811,59.43151,0 18.1771,59.43151,0</coordinates></LineString></Placemark><Placemark><styleUrl>#coast</styleUrl><LineString><tessellate>1</tessellate><coordinates>18.18254,59.43158,0 18.18207,59.4315,0 18.18089,59.43074,0 18.18013,59.43081,0</coordinates></LineString></Placemark><Placemark><styleUrl>#coast</styleUrl><LineString><tessellate>1</tessellate><coordinates>18.17539,59.43265,0 18.17288,59.43242,0 18.1703,59.43354,0</coordinates></LineString></Placemark><Placemark><styleUrl>#coast</styleUrl><LineString><tessellate>1</tessellate><coordinates>18.1847,59.43031,0 18.18407,59.43086,0 18.18254,59.43158,0</coordinates></LineString></Placemark><Placemark><styleUrl>#coast</styleUrl><LineString><tessellate>1</tessellate><coordinates>18.18591,59.42255,0 18.18689,59.42411,0 18.18631,59.42447,0 18.18652,59.42494,0 18.18702,59.42529,0 18.18797,59.42559,0 18.18729,59.42627,0 18.18672,59.42646,0 18.18577,59.42723,0</coordinates></LineString></Placemark><Placemark><styleUrl>#coast</styleUrl><LineString><tessellate>1</tessellate><coordinates>18.19571,59.41991,0 18.19606,59.41896,0 18.19502,59.41895,0 18.19431,59.41912,0 18.19355,59.41959,0 18.19212,59.41973,0 18.19141,59.42008,0 18.18992,59.42044,0 18.18996,59.42067,0 18.19134,59.42092,0 18.19109,59.42139,0 18.19048,59.42179,0 18.18952,59.42149,0 18.18847,59.42079,0 18.18748,59.421,0 18.18612,59.42075,0 18.18413,59.42097,0 18.18401,59.42126,0 18.18591,59.42255,0</coordinates></LineString></Placemark><Placemark><styleUrl>#coast</styleUrl><LineString><tessellate>1</tessellate><coordinates>18.18013,59.43081,0 18.1797,59.43076,0 18.17931,59.43102,0 18.17943,59.43176,0 18.17852,59.43172,0</coordinates></LineString></Placemark><Placemark><styleUrl>#coast</styleUrl><LineString><tessellate>1</tessellate><coordinates>18.16804,59.43416,0 18.16732,59.43357,0 18.16733,59.43316,0</coordinates></LineString></Placemark><Placemark><styleUrl>#coast</styleUrl><LineString><tessellate>1</tessellate><coordinates>18.16733,59.43316,0 18.16649,59.43132,0 18.16529,59.43069,0 18.16537,59.43045,0 18.16592,59.43073,0 18.16658,59.43046,0 18.16641,59.42958,0 18.16581,59.42935,0</coordinates></LineString></Placemark><Placemark><styleUrl>#coast</styleUrl><LineString><tessellate>1</tessellate><coordinates>18.16018,59.41732,0 18.1632,59.41448,0 18.16557,59.41319,0 18.16873,59.41201,0</coordinates></LineString></Placemark><Placemark><styleUrl>#coast</styleUrl><LineString><tessellate>1</tessellate><coordinates>18.28728,59.38814,0 18.28812,59.38789,0 18.28947,59.38806,0 18.29064,59.38784,0 18.29067,59.3875,0 18.29091,59.38744,0 18.29175,59.3878,0 18.29221,59.38735,0 18.29192,59.38687,0 18.29272,59.38677,0 18.29296,59.38636,0 18.2937,59.38616,0 18.2954,59.38642,0 18.29686,59.38718,0</coordinates></LineString></Placemark><Placemark><styleUrl>#coast</styleUrl><LineString><tessellate>1</tessellate><coordinates>18.26513,59.38693,0 18.26719,59.387,0 18.26762,59.38718,0 18.26861,59.38714,0</coordinates></LineString></Placemark><Placemark><styleUrl>#coast</styleUrl><LineString><tessellate>1</tessellate><coordinates>18.24337,59.38679,0 18.24628,59.38581,0 18.24871,59.38536,0 18.25031,59.3857,0 18.25292,59.38553,0 18.2534,59.38561,0 18.254,59.38534,0 18.25563,59.38509,0 18.25787,59.38539,0 18.25856,59.38529,0 18.25992,59.3857,0</coordinates></LineString></Placemark><Placemark><styleUrl>#coast</styleUrl><LineString><tessellate>1</tessellate><coordinates>18.25992,59.3857,0 18.26002,59.38618,0 18.26148,59.38703,0</coordinates></LineString></Placemark><Placemark><styleUrl>#coast</styleUrl><LineString><tessellate>1</tessellate><coordinates>18.26148,59.38703,0 18.26513,59.38693,0</coordinates></LineString></Placemark><Placemark><styleUrl>#coast</styleUrl><LineString><tessellate>1</tessellate><coordinates>18.20465,59.38861,0 18.20489,59.38834,0 18.20658,59.38786,0 18.21021,59.3872,0 18.21181,59.38724,0 18.21228,59.38783,0 18.21315,59.38794,0 18.21316,59.38814,0 18.21544,59.38812,0 18.21579,59.38826,0 18.21595,59.38808,0 18.21544,59.38794,0 18.21692,59.38804,0 18.21925,59.38718,0 18.21922,59.38736,0 18.2203,59.38739,0 18.22075,59.38759,0 18.22476,59.38751,0 18.22563,59.38792,0 18.22797,59.38808,0 18.22942,59.38764,0 18.23124,59.3875,0 18.23174,59.38777,0 18.23269,59.3875,0 18.23327,59.38764,0 18.23355,59.38814,0 18.23394,59.38833,0 18.23593,59.38865,0 18.23777,59.38864,0 18.23902,59.38806,0 18.2411,59.38756,0 18.24187,59.38717,0 18.2428,59.38709,0 18.24337,59.38679,0</coordinates></LineString></Placemark><Placemark><styleUrl>#coast</styleUrl><LineString><tessellate>1</tessellate><coordinates>18.20136,59.39065,0 18.20209,59.39073,0 18.20551,59.39057,0 18.2067,59.39035,0 18.20748,59.38959,0 18.20745,59.38936,0 18.20641,59.38898,0 18.20482,59.38888,0 18.20465,59.38861,0</coordinates></LineString></Placemark><Placemark><styleUrl>#coast</styleUrl><LineString><tessellate>1</tessellate><coordinates>18.18711,59.39333,0 18.19002,59.39252,0 18.19128,59.39253,0 18.19194,59.39268,0 18.19317,59.39246,0</coordinates></LineString></Placemark><Placemark><styleUrl>#coast</styleUrl><LineString><tessellate>1</tessellate><coordinates>18.18396,59.39339,0 18.18452,59.3938,0 18.18527,59.39385,0 18.18711,59.39333,0</coordinates></LineString></Placemark><Placemark><styleUrl>#coast</styleUrl><LineString><tessellate>1</tessellate><coordinates>18.19565,59.42014,0 18.19571,59.41991,0</coordinates></LineString></Placemark><Placemark><styleUrl>#coast</styleUrl><LineString><tessellate>1</tessellate><coordinates>18.26861,59.40281,0 18.267,59.40273,0 18.26576,59.40227,0 18.26477,59.40227,0 18.26428,59.40237,0 18.26343,59.40291,0 18.26148,59.40336,0 18.26,59.40356,0 18.25798,59.40354,0 18.25645,59.404,0 18.25482,59.40411,0 18.25183,59.40534,0</coordinates></LineString></Placemark><Placemark><styleUrl>#coast</styleUrl><LineString><tessellate>1</tessellate><coordinates>18.30448,59.39987,0 18.30284,59.40052,0 18.29901,59.40031,0 18.29765,59.40043,0 18.29624,59.40082,0 18.29381,59.40089,0 18.29291,59.40121,0 18.2918,59.40113,0 18.2905,59.40163,0 18.28939,59.40172,0</coordinates></LineString></Placemark><Placemark><styleUrl>#coast</styleUrl><LineString><tessellate>1</tessellate><coordinates>18.29042,59.40409,0 18.29112,59.40521,0 18.29123,59.40654,0 18.29091,59.40679,0 18.2901,59.40666,0 18.2889,59.4062,0 18.28748,59.40612,0 18.28774,59.40728,0 18.28888,59.40783,0 18.28879,59.40849,0 18.289,59.40867,0</coordinates></LineString></Placemark><Placemark><styleUrl>#coast</styleUrl><LineString><tessellate>1</tessellate><coordinates>18.28939,59.40172,0 18.28838,59.402,0 18.2873,59.402,0 18.28703,59.40216,0 18.28601,59.40199,0 18.28476,59.40216,0 18.28142,59.40224,0 18.27827,59.40197,0 18.27679,59.40203,0 18.27541,59.40231,0 18.27226,59.40195,0 18.27148,59.40201,0 18.27029,59.40247,0 18.26896,59.40284,0 18.26861,59.40281,0</coordinates></LineString></Placemark><Placemark><styleUrl>#coast</styleUrl><LineString><tessellate>1</tessellate><coordinates>18.26845,59.40297,0 18.26895,59.4035,0 18.27092,59.4039,0 18.27349,59.40331,0 18.27531,59.40346,0 18.27787,59.40324,0 18.28023,59.40365,0 18.28139,59.40358,0 18.28245,59.40324,0 18.28448,59.40346,0 18.28688,59.40346,0 18.29042,59.40409,0</coordinates></LineString></Placemark><Placemark><styleUrl>#coast</styleUrl><LineString><tessellate>1</tessellate><coordinates>18.30595,59.39913,0 18.30448,59.39987,0</coordinates></LineString></Placemark><Placemark><styleUrl>#coast</styleUrl><LineString><tessellate>1</tessellate><coordinates>18.31843,59.39765,0 18.31716,59.3974,0 18.31293,59.39712,0</coordinates></LineString></Placemark><Placemark><styleUrl>#coast</styleUrl><LineString><tessellate>1</tessellate><coordinates>18.29065,59.40949,0 18.2916,59.41003,0 18.29212,59.41011,0 18.29224,59.41037,0</coordinates></LineString></Placemark><Placemark><styleUrl>#coast</styleUrl><LineString><tessellate>1</tessellate><coordinates>18.28291,59.41666,0 18.28116,59.41712,0 18.27999,59.41706,0 18.27927,59.41718,0 18.27854,59.41754,0 18.27849,59.41801,0 18.27758,59.419,0 18.27619,59.41893,0 18.27585,59.41933,0 18.27506,59.41973,0 18.27325,59.41976,0 18.27036,59.42071,0 18.26982,59.42116,0 18.26991,59.42175,0 18.26945,59.42231,0 18.2692,59.42231,0 18.26926,59.42211,0 18.26853,59.42217,0 18.26791,59.42192,0 18.26643,59.42205,0 18.26561,59.42252,0 18.26456,59.4227,0 18.26416,59.423,0 18.26341,59.42319,0</coordinates></LineString></Placemark><Placemark><styleUrl>#coast</styleUrl><LineString><tessellate>1</tessellate><coordinates>18.18577,59.42723,0 18.18507,59.42847,0 18.1847,59.43031,0</coordinates></LineString></Placemark><Placemark><styleUrl>#coast</styleUrl><LineString><tessellate>1</tessellate><coordinates>18.19071,59.43001,0 18.19032,59.42974,0 18.19041,59.42932,0 18.19122,59.42898,0 18.19291,59.42762,0 18.19525,59.42654,0 18.1954,59.42634,0 18.19519,59.42617,0 18.1972,59.42508,0 18.19741,59.42445,0 18.19893,59.42332,0 18.19836,59.4233,0 18.19887,59.42271,0 18.19777,59.42274,0 18.19639,59.42344,0 18.19564,59.42419,0 18.19513,59.42419,0 18.19484,59.42398,0 18.19436,59.4233,0 18.19457,59.42255,0 18.19634,59.42187,0 18.19603,59.42043,0 18.19557,59.42032,0 18.19565,59.42014,0</coordinates></LineString></Placemark><Placemark><styleUrl>#coast</styleUrl><LineString><tessellate>1</tessellate><coordinates>18.1703,59.43354,0 18.16982,59.43353,0 18.16906,59.43381,0</coordinates></LineString></Placemark><Placemark><styleUrl>#coast</styleUrl><LineString><tessellate>1</tessellate><coordinates>18.16033,59.43615,0 18.1623,59.43799,0 18.16294,59.43825,0 18.16405,59.43815,0 18.1645,59.43787,0 18.16596,59.43803,0 18.16847,59.43757,0 18.16936,59.43755,0 18.16934,59.43739,0 18.16985,59.4373,0 18.17029,59.43674,0 18.17029,59.43624,0 18.16914,59.43549,0</coordinates></LineString></Placemark><Placemark><styleUrl>#coast</styleUrl><LineString><tessellate>1</tessellate><coordinates>18.26772,59.4337,0 18.26856,59.43356,0 18.27085,59.43275,0 18.27237,59.43271,0 18.27431,59.43342,0 18.276,59.43321,0 18.27618,59.43329,0 18.27678,59.43304,0 18.27743,59.433,0 18.27744,59.43275,0 18.27802,59.43277,0 18.27899,59.43241,0 18.2809,59.43239,0 18.28294,59.432,0 18.28329,59.43175,0</coordinates></LineString></Placemark><Placemark><styleUrl>#coast</styleUrl><LineString><tessellate>1</tessellate><coordinates>18.2798,59.42961,0 18.2794,59.43007,0 18.27761,59.43041,0 18.27682,59.43091,0 18.27631,59.43079,0 18.2773,59.43039,0 18.27711,59.43023,0 18.2766,59.43031,0 18.27551,59.43012,0 18.27423,59.43063,0 18.2734,59.43072,0 18.27274,59.43045,0 18.27284,59.43021,0 18.27251,59.43004,0 18.26732,59.42997,0 18.2659,59.43029,0 18.26151,59.43041,0 18.25967,59.43119,0 18.25772,59.4312,0 18.25726,59.43089,0 18.25616,59.43124,0 18.2534,59.43141,0 18.252,59.43134,0</coordinates></LineString></Placemark><Placemark><styleUrl>#coast</styleUrl><LineString><tessellate>1</tessellate><coordinates>18.25118,59.43344,0 18.25275,59.43351,0 18.25483,59.43329,0 18.25543,59.43337,0 18.25639,59.43294,0 18.25682,59.43304,0</coordinates></LineString></Placemark><Placemark><styleUrl>#coast</styleUrl><LineString><tessellate>1</tessellate><coordinates>18.22039,59.43096,0 18.21992,59.43215,0 18.22111,59.43317,0 18.22225,59.4333,0 18.22277,59.4338,0 18.22272,59.43402,0 18.22196,59.43435,0 18.22143,59.43439,0 18.22147,59.43492,0 18.22401,59.43589,0 18.22518,59.43759,0 18.22562,59.43909,0 18.22536,59.43965,0 18.22542,59.44092,0 18.22556,59.44147,0 18.22592,59.4419,0 18.22625,59.44195,0 18.22676,59.44166,0 18.22759,59.44172,0 18.2282,59.44119,0 18.2282,59.44036,0 18.22749,59.43943,0 18.22888,59.43805,0 18.2285,59.43775,0 18.22861,59.43757,0 18.22991,59.43707,0 18.231,59.43756,0 18.23072,59.43773,0 18.23083,59.43803,0 18.23241,59.43839,0 18.23506,59.43941,0 18.2364,59.43947,0 18.23865,59.43999,0 18.23976,59.44061,0 18.24369,59.44128,0 18.24632,59.44199,0 18.24744,59.44249,0 18.24784,59.44249,0 18.24799,59.44269,0 18.24823,59.44262,0 18.24974,59.44175,0 18.25214,59.44108,0 18.25212,59.44089,0 18.25138,59.44074,0 18.24956,59.44087,0 18.24709,59.4396,0 18.24658,59.43952,0 18.24572,59.43972,0 18.24547,59.43969,0 18.24543,59.43946,0 18.24611,59.43864,0 18.24773,59.43761,0 18.24818,59.43676,0 18.24985,59.43511,0 18.25143,59.43436,0 18.25145,59.43419,0 18.25056,59.43428,0 18.25039,59.4341,0 18.25118,59.43344,0</coordinates></LineString></Placemark><Placemark><styleUrl>#coast</styleUrl><LineString><tessellate>1</tessellate><coordinates>18.26119,59.43334,0 18.26253,59.43355,0 18.26348,59.43403,0 18.26357,59.43459,0 18.26265,59.4351,0 18.26194,59.43606,0 18.2622,59.43636,0 18.26363,59.43656,0 18.26409,59.43645,0 18.26475,59.43587,0 18.26464,59.43538,0 18.26717,59.43462,0 18.26733,59.43442,0 18.26713,59.43429,0 18.26734,59.43432,0 18.26772,59.4337,0</coordinates></LineString></Placemark><Placemark><styleUrl>#coast</styleUrl><LineString><tessellate>1</tessellate><coordinates>18.25682,59.43304,0 18.25744,59.43346,0 18.25699,59.4341,0 18.25766,59.43463,0 18.25962,59.43392,0 18.26047,59.43343,0 18.26119,59.43334,0</coordinates></LineString></Placemark><Placemark><styleUrl>#coast</styleUrl><LineString><tessellate>1</tessellate><coordinates>18.29057,59.42374,0 18.29038,59.42309,0</coordinates></LineString></Placemark><Placemark><styleUrl>#coast</styleUrl><LineString><tessellate>1</tessellate><coordinates>18.28239,59.42022,0 18.28461,59.42068,0 18.28691,59.42173,0 18.28901,59.42221,0 18.28943,59.42265,0 18.28974,59.4226,0 18.29038,59.42315,0 18.29035,59.42388,0</coordinates></LineString></Placemark><Placemark><styleUrl>#coast</styleUrl><LineString><tessellate>1</tessellate><coordinates>18.30092,59.42324,0 18.29971,59.42358,0</coordinates></LineString></Placemark><Placemark><styleUrl>#coast</styleUrl><LineString><tessellate>1</tessellate><coordinates>18.29253,59.42352,0 18.29129,59.42378,0 18.29057,59.42374,0</coordinates></LineString></Placemark><Placemark><styleUrl>#coast</styleUrl><LineString><tessellate>1</tessellate><coordinates>18.29971,59.42358,0 18.29763,59.42375,0 18.29584,59.42353,0 18.29529,59.42359,0 18.29421,59.42337,0 18.29253,59.42352,0</coordinates></LineString></Placemark><Placemark><styleUrl>#coast</styleUrl><LineString><tessellate>1</tessellate><coordinates>18.29955,59.42121,0 18.30114,59.42166,0 18.30179,59.4221,0 18.30179,59.42259,0 18.30092,59.42324,0</coordinates></LineString></Placemark><Placemark><styleUrl>#coast</styleUrl><LineString><tessellate>1</tessellate><coordinates>18.28329,59.43175,0 18.2837,59.43176,0 18.28378,59.43193,0 18.28394,59.43176,0 18.28434,59.43202,0 18.28506,59.43214,0 18.28636,59.43206,0 18.28676,59.4322,0 18.28721,59.4321,0 18.28733,59.43183,0 18.28831,59.43173,0 18.28845,59.43194,0 18.28885,59.43191,0 18.29088,59.4328,0 18.29199,59.43303,0 18.29246,59.43333,0 18.29264,59.43419,0</coordinates></LineString></Placemark><Placemark><styleUrl>#coast</styleUrl><LineString><tessellate>1</tessellate><coordinates>18.29035,59.42388,0 18.28878,59.42439,0 18.2879,59.42508,0 18.28784,59.42564,0 18.2885,59.42639,0 18.28837,59.42696,0 18.28758,59.42758,0 18.28694,59.42753,0 18.2848,59.42805,0 18.28348,59.42798,0 18.28215,59.42815,0 18.28033,59.42803,0 18.27991,59.42816,0 18.27963,59.42863,0 18.27994,59.42935,0 18.2798,59.42961,0</coordinates></LineString></Placemark><Placemark><styleUrl>#coast</styleUrl><LineString><tessellate>1</tessellate><coordinates>18.33588,59.36218,0 18.33445,59.36302,0 18.33291,59.36277,0 18.3332,59.36234,0</coordinates></LineString></Placemark><Placemark><styleUrl>#coast</styleUrl><LineString><tessellate>1</tessellate><coordinates>18.29414,59.35882,0 18.2964,59.35914,0 18.29765,59.35972,0</coordinates></LineString></Placemark><Placemark><styleUrl>#coast</styleUrl><LineString><tessellate>1</tessellate><coordinates>18.29425,59.35865,0 18.29405,59.35843,0 18.29443,59.35758,0 18.2939,59.35724,0 18.29342,59.35717,0 18.29218,59.35756,0 18.29117,59.35753,0 18.29092,59.3577,0 18.29068,59.35766,0 18.28927,59.35923,0 18.2885,59.35966,0</coordinates></LineString></Placemark><Placemark><styleUrl>#coast</styleUrl><LineString><tessellate>1</tessellate><coordinates>18.29776,59.3596,0 18.29531,59.35878,0 18.29425,59.35865,0</coordinates></LineString></Placemark><Placemark><styleUrl>#coast</styleUrl><LineString><tessellate>1</tessellate><coordinates>18.29171,59.36044,0 18.29195,59.35989,0 18.29368,59.35931,0 18.2937,59.35908,0 18.2942,59.35914,0 18.29414,59.35882,0</coordinates></LineString></Placemark><Placemark><styleUrl>#coast</styleUrl><LineString><tessellate>1</tessellate><coordinates>18.29765,59.35972,0 18.29785,59.36001,0 18.29969,59.36034,0 18.30129,59.36087,0 18.30205,59.3609,0</coordinates></LineString></Placemark><Placemark><styleUrl>#coast</styleUrl><LineString><tessellate>1</tessellate><coordinates>18.30234,59.3608,0 18.30197,59.36073,0 18.30191,59.36049,0 18.30128,59.36031,0 18.30029,59.35968,0 18.29776,59.3596,0</coordinates></LineString></Placemark><Placemark><styleUrl>#coast</styleUrl><LineString><tessellate>1</tessellate><coordinates>18.31488,59.36173,0 18.31453,59.36149,0 18.31514,59.3609,0</coordinates></LineString></Placemark><Placemark><styleUrl>#coast</styleUrl><LineString><tessellate>1</tessellate><coordinates>18.31735,59.36226,0 18.3168,59.36252,0 18.31705,59.36318,0 18.31675,59.36346,0 18.31534,59.36372,0 18.31315,59.36351,0 18.31243,59.36365,0 18.31205,59.3632,0 18.31246,59.36252,0</coordinates></LineString></Placemark><Placemark><styleUrl>#coast</styleUrl><LineString><tessellate>1</tessellate><coordinates>18.3132,59.36186,0 18.3139,59.36195,0 18.31488,59.36173,0</coordinates></LineString></Placemark><Placemark><styleUrl>#coast</styleUrl><LineString><tessellate>1</tessellate><coordinates>18.31246,59.36252,0 18.31124,59.36222,0 18.31062,59.36289,0 18.30997,59.36316,0 18.30923,59.36285,0 18.30871,59.36282,0 18.30919,59.36231,0 18.30964,59.36197,0 18.31109,59.36167,0 18.31145,59.36176,0 18.31243,59.36164,0 18.3132,59.36186,0</coordinates></LineString></Placemark><Placemark><styleUrl>#coast</styleUrl><LineString><tessellate>1</tessellate><coordinates>18.31514,59.3609,0 18.31523,59.36033,0 18.31432,59.36069,0 18.31421,59.36034,0 18.31555,59.35961,0 18.31602,59.35904,0 18.31744,59.35924,0 18.31778,59.35972,0 18.31851,59.3597,0</coordinates></LineString></Placemark><Placemark><styleUrl>#coast</styleUrl><LineString><tessellate>1</tessellate><coordinates>18.31823,59.36014,0 18.31984,59.36001,0</coordinates></LineString></Placemark><Placemark><styleUrl>#coast</styleUrl><LineString><tessellate>1</tessellate><coordinates>18.31851,59.3597,0 18.31823,59.36014,0</coordinates></LineString></Placemark><Placemark><styleUrl>#coast</styleUrl><LineString><tessellate>1</tessellate><coordinates>18.10197,59.40077,0 18.10103,59.40157,0 18.09958,59.40388,0 18.09849,59.40424,0 18.09733,59.40522,0 18.09724,59.40625,0 18.0976,59.40649,0 18.09701,59.40691,0</coordinates></LineString></Placemark><Placemark><styleUrl>#coast</styleUrl><LineString><tessellate>1</tessellate><coordinates>18.1028,59.39689,0 18.10254,59.39708,0 18.10066,59.39741,0 18.09962,59.39713,0 18.09816,59.39757,0 18.0976,59.39828,0 18.09755,59.39894,0 18.09833,59.39914,0 18.09883,59.3997,0 18.09836,59.40059,0 18.09878,59.40077,0 18.09929,59.40047,0 18.10084,59.40055,0 18.10161,59.4004,0 18.10197,59.40077,0</coordinates></LineString></Placemark><Placemark><styleUrl>#coast</styleUrl><LineString><tessellate>1</tessellate><coordinates>18.36716,59.26497,0 18.36728,59.26551,0 18.36629,59.26571,0 18.36622,59.2667,0 18.36523,59.2669,0 18.3648,59.26681,0 18.36364,59.26604,0 18.36218,59.26657,0 18.36081,59.26676,0</coordinates></LineString></Placemark><Placemark><styleUrl>#coast</styleUrl><LineString><tessellate>1</tessellate><coordinates>18.3575,59.26885,0 18.35759,59.2692,0 18.35669,59.26988,0</coordinates></LineString></Placemark><Placemark><styleUrl>#coast</styleUrl><LineString><tessellate>1</tessellate><coordinates>18.36081,59.26676,0 18.36055,59.26652,0 18.35853,59.26657,0 18.35746,59.26707,0 18.35708,59.26707,0 18.35669,59.26686,0 18.35474,59.26727,0 18.35467,59.26755,0 18.3557,59.26821,0 18.35635,59.26828,0 18.35677,59.26872,0 18.3575,59.26885,0</coordinates></LineString></Placemark><Placemark><styleUrl>#coast</styleUrl><LineString><tessellate>1</tessellate><coordinates>18.35826,59.27228,0 18.35915,59.27274,0 18.36083,59.27275,0 18.3619,59.27324,0 18.36307,59.27334,0 18.36382,59.27364,0 18.36464,59.27363,0</coordinates></LineString></Placemark><Placemark><styleUrl>#coast</styleUrl><LineString><tessellate>1</tessellate><coordinates>18.35669,59.26988,0 18.35529,59.2703,0 18.35556,59.27005,0 18.3545,59.26997,0 18.35347,59.27021,0 18.35271,59.27079,0 18.35188,59.2706,0 18.34891,59.27077,0</coordinates></LineString></Placemark><Placemark><styleUrl>#coast</styleUrl><LineString><tessellate>1</tessellate><coordinates>18.33544,59.27403,0 18.3348,59.27365,0 18.3349,59.27273,0</coordinates></LineString></Placemark><Placemark><styleUrl>#coast</styleUrl><LineString><tessellate>1</tessellate><coordinates>18.3341,59.28166,0 18.33591,59.281,0 18.3371,59.28023,0 18.33812,59.28021,0 18.33887,59.27986,0</coordinates></LineString></Placemark><Placemark><styleUrl>#coast</styleUrl><LineString><tessellate>1</tessellate><coordinates>18.39335,59.26728,0 18.39525,59.26586,0</coordinates></LineString></Placemark><Placemark><styleUrl>#coast</styleUrl><LineString><tessellate>1</tessellate><coordinates>18.37438,59.25845,0 18.37401,59.25824,0 18.37371,59.2584,0 18.37385,59.25813,0 18.37365,59.25804,0 18.37292,59.25815,0 18.37248,59.2579,0 18.37239,59.25816,0 18.37193,59.25833,0 18.37166,59.2584,0 18.37155,59.25823,0</coordinates></LineString></Placemark><Placemark><styleUrl>#coast</styleUrl><LineString><tessellate>1</tessellate><coordinates>18.37923,59.24662,0 18.38219,59.24716,0 18.38228,59.24761,0 18.38201,59.2479,0</coordinates></LineString></Placemark><Placemark><styleUrl>#coast</styleUrl><LineString><tessellate>1</tessellate><coordinates>18.38219,59.24942,0 18.38209,59.24916,0 18.38133,59.24887,0</coordinates></LineString></Placemark><Placemark><styleUrl>#coast</styleUrl><LineString><tessellate>1</tessellate><coordinates>18.37228,59.25148,0 18.37359,59.2502,0 18.37437,59.24987,0 18.37579,59.25011,0 18.3767,59.24986,0 18.37775,59.24908,0 18.37791,59.24855,0 18.37929,59.2479,0 18.37922,59.24754,0 18.37853,59.24757,0 18.37835,59.24729,0 18.37923,59.24662,0</coordinates></LineString></Placemark><Placemark><styleUrl>#coast</styleUrl><LineString><tessellate>1</tessellate><coordinates>18.36425,59.25131,0 18.36456,59.25123,0 18.3672,59.25198,0</coordinates></LineString></Placemark><Placemark><styleUrl>#coast</styleUrl><LineString><tessellate>1</tessellate><coordinates>18.36176,59.25163,0 18.36239,59.25178,0 18.36196,59.25243,0 18.36243,59.25249,0 18.36425,59.25131,0</coordinates></LineString></Placemark><Placemark><styleUrl>#coast</styleUrl><LineString><tessellate>1</tessellate><coordinates>18.35969,59.2529,0 18.36099,59.25173,0 18.36176,59.25163,0</coordinates></LineString></Placemark><Placemark><styleUrl>#coast</styleUrl><LineString><tessellate>1</tessellate><coordinates>18.3577,59.25278,0 18.35783,59.25328,0 18.35754,59.25347,0 18.35811,59.2537,0 18.35813,59.25403,0 18.35851,59.25429,0 18.35838,59.25443,0</coordinates></LineString></Placemark><Placemark><styleUrl>#coast</styleUrl><LineString><tessellate>1</tessellate><coordinates>18.35948,59.25546,0 18.35984,59.25548,0 18.36082,59.25508,0 18.3618,59.25407,0 18.3608,59.25355,0 18.36015,59.25367,0 18.35955,59.25348,0 18.35969,59.2529,0</coordinates></LineString></Placemark><Placemark><styleUrl>#coast</styleUrl><LineString><tessellate>1</tessellate><coordinates>18.35838,59.25443,0 18.3578,59.25449,0 18.35721,59.25477,0 18.35704,59.25549,0 18.35659,59.25585,0 18.35323,59.25711,0 18.35153,59.25784,0 18.35165,59.25796,0 18.35064,59.25823,0</coordinates></LineString></Placemark><Placemark><styleUrl>#coast</styleUrl><LineString><tessellate>1</tessellate><coordinates>18.35335,59.26021,0 18.35341,59.25989,0 18.35411,59.25958,0 18.35389,59.25945,0 18.35415,59.25892,0 18.3551,59.25826,0 18.35583,59.25796,0 18.35625,59.25795,0 18.35633,59.25762,0 18.35695,59.25731,0 18.35791,59.25629,0 18.35948,59.25546,0</coordinates></LineString></Placemark><Placemark><styleUrl>#coast</styleUrl><LineString><tessellate>1</tessellate><coordinates>18.35064,59.25823,0 18.35116,59.25831,0 18.3533,59.2579,0 18.35347,59.25808,0 18.35436,59.25811,0 18.35333,59.2588,0 18.35333,59.25909,0 18.35238,59.26003,0</coordinates></LineString></Placemark><Placemark><styleUrl>#coast</styleUrl><LineString><tessellate>1</tessellate><coordinates>18.36879,59.25819,0 18.36661,59.2586,0 18.36614,59.25844,0 18.36597,59.25881,0 18.36534,59.25909,0 18.36562,59.25877,0 18.36545,59.25868,0 18.36386,59.25903,0 18.36321,59.25924,0 18.36362,59.25957,0 18.36331,59.25988,0 18.36303,59.25979,0 18.36307,59.25955,0 18.3619,59.25964,0 18.36183,59.25927,0 18.36052,59.25912,0 18.35953,59.25926,0 18.35723,59.26013,0 18.35533,59.26031,0 18.3547,59.26056,0 18.35469,59.26036,0 18.35404,59.26005,0 18.35335,59.26021,0</coordinates></LineString></Placemark><Placemark><styleUrl>#coast</styleUrl><LineString><tessellate>1</tessellate><coordinates>18.34982,59.25818,0 18.34991,59.25806,0 18.34872,59.25784,0 18.3485,59.25824,0 18.34718,59.25881,0 18.34706,59.25903,0</coordinates></LineString></Placemark><Placemark><styleUrl>#coast</styleUrl><LineString><tessellate>1</tessellate><coordinates>18.37155,59.25823,0 18.373,59.25616,0 18.37264,59.25596,0 18.37277,59.25565,0 18.37173,59.25577,0 18.3705,59.25492,0 18.37015,59.25509,0 18.3703,59.2556,0 18.37001,59.25584,0 18.36983,59.25675,0 18.36894,59.25742,0 18.36912,59.25791,0 18.36879,59.25819,0</coordinates></LineString></Placemark><Placemark><styleUrl>#coast</styleUrl><LineString><tessellate>1</tessellate><coordinates>18.38133,59.24887,0 18.38074,59.24946,0 18.37905,59.25007,0 18.37887,59.25083,0 18.37759,59.25176,0 18.37805,59.25281,0 18.37749,59.2544,0 18.37862,59.25513,0 18.37877,59.25559,0 18.38052,59.25618,0 18.38048,59.25662,0 18.37961,59.25729,0 18.37868,59.25745,0 18.37816,59.25784,0 18.37646,59.25817,0 18.37515,59.25813,0 18.37438,59.25845,0</coordinates></LineString></Placemark><Placemark><styleUrl>#coast</styleUrl><LineString><tessellate>1</tessellate><coordinates>18.38201,59.2479,0 18.3825,59.24829,0 18.38242,59.24925,0 18.38219,59.24942,0</coordinates></LineString></Placemark><Placemark><styleUrl>#coast</styleUrl><LineString><tessellate>1</tessellate><coordinates>18.33826,59.25721,0 18.33957,59.25775,0 18.34051,59.25887,0 18.34188,59.25961,0 18.34513,59.26017,0 18.34527,59.26032,0 18.34597,59.26027,0</coordinates></LineString></Placemark><Placemark><styleUrl>#coast</styleUrl><LineString><tessellate>1</tessellate><coordinates>18.34706,59.25903,0 18.347,59.25874,0 18.34621,59.25846,0 18.34568,59.25778,0 18.34508,59.25761,0 18.34465,59.25727,0 18.34387,59.25729,0 18.34384,59.25706,0</coordinates></LineString></Placemark><Placemark><styleUrl>#coast</styleUrl><LineString><tessellate>1</tessellate><coordinates>18.34597,59.26027,0 18.34606,59.26053,0 18.34582,59.26058,0 18.34614,59.26079,0 18.34562,59.26111,0 18.3457,59.26133,0</coordinates></LineString></Placemark><Placemark><styleUrl>#coast</styleUrl><LineString><tessellate>1</tessellate><coordinates>18.3349,59.27273,0 18.33477,59.27233,0 18.3342,59.27205,0 18.33334,59.27084,0 18.333,59.26955,0 18.33111,59.26845,0 18.3309,59.26812,0 18.33141,59.26716,0 18.33368,59.26441,0 18.33285,59.26452,0 18.33302,59.26407,0 18.33331,59.26398,0</coordinates></LineString></Placemark><Placemark><styleUrl>#coast</styleUrl><LineString><tessellate>1</tessellate><coordinates>18.33331,59.26398,0 18.33429,59.26404,0 18.33494,59.26309,0 18.33432,59.26309,0 18.33678,59.26207,0 18.33802,59.26196,0 18.33815,59.26226,0 18.33975,59.26239,0 18.34072,59.26211,0 18.34069,59.26183,0</coordinates></LineString></Placemark><Placemark><styleUrl>#coast</styleUrl><LineString><tessellate>1</tessellate><coordinates>18.33257,59.26305,0 18.33085,59.26238,0 18.32922,59.26222,0 18.32974,59.26185,0 18.32897,59.26165,0 18.32527,59.26152,0 18.32583,59.26106,0</coordinates></LineString></Placemark><Placemark><styleUrl>#coast</styleUrl><LineString><tessellate>1</tessellate><coordinates>18.35072,59.26233,0 18.35095,59.2622,0 18.35204,59.26249,0 18.35259,59.26239,0 18.35302,59.26252,0 18.35324,59.26241,0 18.35822,59.26268,0 18.35913,59.26312,0 18.35954,59.26313,0 18.36083,59.26407,0 18.36129,59.2642,0 18.36157,59.26393,0 18.36229,59.26409,0 18.36205,59.26438,0 18.3629,59.26416,0 18.3635,59.26437,0 18.36419,59.26421,0 18.36433,59.26498,0 18.36478,59.26506,0 18.36423,59.26528,0 18.36412,59.26559,0 18.36432,59.26564,0 18.36613,59.26486,0 18.36716,59.26497,0</coordinates></LineString></Placemark><Placemark><styleUrl>#coast</styleUrl><LineString><tessellate>1</tessellate><coordinates>18.34069,59.26183,0 18.34036,59.26187,0 18.33987,59.26151,0 18.33968,59.26168,0 18.33909,59.2616,0 18.33888,59.26137,0 18.3363,59.26165,0 18.33424,59.26249,0 18.33437,59.26262,0 18.33257,59.26305,0</coordinates></LineString></Placemark><Placemark><styleUrl>#coast</styleUrl><LineString><tessellate>1</tessellate><coordinates>18.3457,59.26133,0 18.34638,59.26146,0</coordinates></LineString></Placemark><Placemark><styleUrl>#coast</styleUrl><LineString><tessellate>1</tessellate><coordinates>18.34891,59.27077,0 18.34805,59.27068,0 18.34662,59.27093,0 18.34506,59.27081,0 18.34528,59.27115,0 18.34471,59.27104,0 18.34283,59.27146,0 18.33843,59.27316,0 18.33829,59.27297,0 18.33868,59.27258,0 18.33826,59.27256,0 18.33655,59.2737,0 18.33544,59.27403,0</coordinates></LineString></Placemark><Placemark><styleUrl>#coast</styleUrl><LineString><tessellate>1</tessellate><coordinates>18.34638,59.26146,0 18.3463,59.26241,0 18.34764,59.26266,0 18.34803,59.26302,0 18.35072,59.26233,0</coordinates></LineString></Placemark><Placemark><styleUrl>#coast</styleUrl><LineString><tessellate>1</tessellate><coordinates>18.32824,59.25835,0 18.32898,59.25759,0 18.33018,59.25715,0 18.33166,59.25736,0 18.33243,59.25719,0 18.33278,59.25728,0 18.33363,59.25808,0 18.33412,59.25819,0 18.33449,59.25794,0 18.336,59.25777,0 18.33826,59.25721,0</coordinates></LineString></Placemark><Placemark><styleUrl>#coast</styleUrl><LineString><tessellate>1</tessellate><coordinates>18.32779,59.25898,0 18.32706,59.25913,0 18.32618,59.25886,0 18.32596,59.25841,0 18.32619,59.25804,0 18.32669,59.25756,0 18.32825,59.25687,0 18.32846,59.25748,0 18.32812,59.25786,0 18.32824,59.25835,0</coordinates></LineString></Placemark><Placemark><styleUrl>#coast</styleUrl><LineString><tessellate>1</tessellate><coordinates>18.32768,59.25935,0 18.32779,59.25898,0</coordinates></LineString></Placemark><Placemark><styleUrl>#coast</styleUrl><LineString><tessellate>1</tessellate><coordinates>18.28111,59.26781,0 18.28222,59.26713,0 18.28311,59.26735,0 18.28424,59.26718,0 18.28429,59.26733,0 18.28484,59.26718,0 18.28498,59.26697,0 18.2851,59.26707,0 18.28597,59.267,0 18.28601,59.26659,0 18.2867,59.26704,0 18.29042,59.26644,0 18.29057,59.26594,0 18.29197,59.26518,0 18.29186,59.26478,0 18.29219,59.26451,0 18.29298,59.26424,0 18.2938,59.2645,0 18.2944,59.26446,0 18.29452,59.26404,0 18.29396,59.26387,0 18.29399,59.26375,0 18.29436,59.26369,0 18.29538,59.26246,0 18.29793,59.2605,0 18.30106,59.25907,0 18.30115,59.25874,0 18.30197,59.25819,0 18.30343,59.25775,0 18.30429,59.25797,0 18.30687,59.25753,0 18.30664,59.25801,0 18.30618,59.25811,0 18.30605,59.25832,0 18.30624,59.25874,0 18.30672,59.2585,0 18.30683,59.25814,0 18.30882,59.25741,0 18.30908,59.25749,0 18.30908,59.25776,0 18.30939,59.25789,0 18.30969,59.25781,0 18.30928,59.25832,0 18.30977,59.2582,0 18.31035,59.25832,0 18.31231,59.25709,0 18.31429,59.25757,0 18.3157,59.25757,0 18.31859,59.25882,0 18.31868,59.25917,0 18.32193,59.25975,0 18.32321,59.25961,0 18.32347,59.25931,0 18.32403,59.25944,0 18.32467,59.25939,0 18.3251,59.25957,0 18.32584,59.2595,0 18.32696,59.25973,0 18.32768,59.25935,0</coordinates></LineString></Placemark><Placemark><styleUrl>#coast</styleUrl><LineString><tessellate>1</tessellate><coordinates>18.36417,59.22913,0 18.36199,59.22955,0 18.3603,59.22943,0 18.35943,59.22882,0 18.35791,59.22824,0 18.35715,59.22818,0 18.3558,59.22836,0 18.35593,59.22864,0 18.35558,59.22872,0 18.35486,59.22848,0 18.35469,59.22863,0 18.35543,59.2288,0 18.35444,59.22899,0 18.3547,59.23005,0 18.35434,59.23049,0 18.35198,59.23126,0 18.35166,59.23158,0 18.35118,59.23145,0 18.35091,59.23166,0 18.35113,59.23177,0 18.35059,59.23233,0 18.35074,59.23329,0 18.35015,59.23434,0 18.34977,59.23479,0 18.34804,59.23569,0 18.34521,59.23654,0 18.34272,59.23635,0 18.34132,59.23659,0 18.33908,59.23729,0 18.33757,59.23802,0 18.33358,59.23903,0 18.33069,59.24037,0 18.32577,59.24054,0 18.3247,59.2409,0 18.32311,59.24097,0 18.32245,59.24066,0 18.32185,59.2407,0 18.32061,59.24198,0 18.31981,59.24238,0</coordinates></LineString></Placemark><Placemark><styleUrl>#coast</styleUrl><LineString><tessellate>1</tessellate><coordinates>18.29954,59.29858,0 18.30012,59.29965,0 18.30046,59.29989,0 18.30121,59.29975,0 18.30125,59.29999,0 18.30012,59.30028,0 18.29995,59.30048,0 18.30068,59.30117,0 18.30063,59.3016,0 18.29995,59.30248,0</coordinates></LineString></Placemark><Placemark><styleUrl>#coast</styleUrl><LineString><tessellate>1</tessellate><coordinates>18.29966,59.30687,0 18.29838,59.30743,0 18.29552,59.30784,0</coordinates></LineString></Placemark><Placemark><styleUrl>#coast</styleUrl><LineString><tessellate>1</tessellate><coordinates>18.30004,59.30388,0 18.29986,59.30422,0 18.29932,59.30451,0 18.30017,59.30622,0 18.29966,59.30687,0</coordinates></LineString></Placemark><Placemark><styleUrl>#coast</styleUrl><LineString><tessellate>1</tessellate><coordinates>18.29995,59.30248,0 18.2974,59.30301,0 18.29672,59.30301,0 18.29651,59.30361,0 18.29771,59.3039,0 18.2993,59.30379,0 18.30004,59.30388,0</coordinates></LineString></Placemark><Placemark><styleUrl>#coast</styleUrl><LineString><tessellate>1</tessellate><coordinates>18.30808,59.28721,0 18.30683,59.28785,0 18.30669,59.28837,0 18.30607,59.28896,0 18.30633,59.2897,0 18.30525,59.29038,0 18.30491,59.29114,0 18.30563,59.29174,0 18.30525,59.29207,0 18.30183,59.29314,0 18.29931,59.29363,0</coordinates></LineString></Placemark><Placemark><styleUrl>#coast</styleUrl><LineString><tessellate>1</tessellate><coordinates>18.31065,59.28427,0 18.31007,59.28396,0 18.31042,59.28288,0 18.31006,59.28283,0 18.31028,59.28259,0 18.31011,59.28254,0 18.30843,59.28288,0 18.30742,59.28461,0 18.30586,59.28475,0 18.30541,59.28357,0 18.30505,59.28338,0 18.30449,59.28337,0 18.30275,59.28431,0 18.30238,59.28422,0 18.30136,59.28516,0 18.30057,59.28523,0 18.29956,59.28509,0 18.29896,59.28543,0 18.29678,59.28594,0 18.29606,59.28644,0 18.29566,59.28638,0</coordinates></LineString></Placemark><Placemark><styleUrl>#coast</styleUrl><LineString><tessellate>1</tessellate><coordinates>18.2954,59.2866,0 18.296,59.28683,0 18.29764,59.28694,0 18.29802,59.28718,0 18.29822,59.28742,0 18.29777,59.28822,0 18.29829,59.28845,0 18.29967,59.2881,0 18.302,59.28799,0 18.30458,59.28699,0 18.30584,59.28668,0 18.30759,59.28684,0 18.30808,59.28721,0</coordinates></LineString></Placemark><Placemark><styleUrl>#coast</styleUrl><LineString><tessellate>1</tessellate><coordinates>18.31865,59.27707,0 18.31857,59.27682,0 18.31891,59.27713,0 18.31896,59.27758,0 18.31718,59.27818,0 18.31568,59.27937,0 18.31532,59.27949,0 18.31489,59.2794,0 18.31344,59.28007,0 18.31265,59.28002,0 18.31199,59.2802,0 18.3118,59.28089,0 18.31114,59.28122,0 18.31145,59.2815,0 18.31108,59.28211,0 18.31217,59.28208,0 18.31287,59.28227,0 18.3133,59.28324,0 18.31267,59.28368,0 18.31239,59.28364,0 18.31065,59.28427,0</coordinates></LineString></Placemark><Placemark><styleUrl>#coast</styleUrl><LineString><tessellate>1</tessellate><coordinates>18.31104,59.2745,0 18.31102,59.2748,0 18.31028,59.27511,0 18.31035,59.2754,0 18.31006,59.27563,0 18.3105,59.27598,0 18.31009,59.27656,0 18.31085,59.27701,0 18.31222,59.27663,0 18.31195,59.27688,0 18.31213,59.27707,0 18.31252,59.27707,0 18.31475,59.2779,0 18.31497,59.27823,0 18.31678,59.2778,0 18.31698,59.27804,0 18.31859,59.27754,0 18.31865,59.27707,0</coordinates></LineString></Placemark><Placemark><styleUrl>#coast</styleUrl><LineString><tessellate>1</tessellate><coordinates>18.31771,59.27629,0 18.31667,59.27686,0 18.31555,59.27673,0 18.31526,59.27616,0 18.31538,59.27574,0 18.31602,59.27545,0 18.31594,59.27525,0</coordinates></LineString></Placemark><Placemark><styleUrl>#coast</styleUrl><LineString><tessellate>1</tessellate><coordinates>18.3136,59.26708,0 18.31345,59.2681,0 18.31377,59.26862,0 18.3127,59.26921,0 18.31231,59.26964,0 18.31144,59.26992,0 18.3113,59.27058,0 18.31199,59.27098,0 18.3108,59.27266,0 18.30958,59.27341,0 18.31032,59.27429,0 18.31104,59.2745,0</coordinates></LineString></Placemark><Placemark><styleUrl>#coast</styleUrl><LineString><tessellate>1</tessellate><coordinates>18.31197,59.26567,0 18.3083,59.26695,0 18.30827,59.26714,0 18.30856,59.26736,0 18.30933,59.26736,0 18.31098,59.26699,0 18.31149,59.26743,0 18.31283,59.2669,0 18.3136,59.26708,0</coordinates></LineString></Placemark><Placemark><styleUrl>#coast</styleUrl><LineString><tessellate>1</tessellate><coordinates>18.32583,59.26106,0 18.32304,59.26132,0 18.32193,59.26187,0 18.3169,59.26338,0 18.31621,59.26337,0 18.31596,59.26356,0 18.31596,59.26409,0 18.31507,59.26465,0 18.31421,59.26438,0 18.31294,59.26471,0 18.31163,59.26481,0</coordinates></LineString></Placemark><Placemark><styleUrl>#coast</styleUrl><LineString><tessellate>1</tessellate><coordinates>18.34518,59.29291,0 18.34368,59.29322,0</coordinates></LineString></Placemark><Placemark><styleUrl>#coast</styleUrl><LineString><tessellate>1</tessellate><coordinates>18.34489,59.2954,0 18.34667,59.2952,0 18.34766,59.29532,0</coordinates></LineString></Placemark><Placemark><styleUrl>#coast</styleUrl><LineString><tessellate>1</tessellate><coordinates>18.34372,59.30672,0 18.3444,59.30614,0 18.34632,59.30551,0 18.34666,59.30514,0</coordinates></LineString></Placemark><Placemark><styleUrl>#coast</styleUrl><LineString><tessellate>1</tessellate><coordinates>18.35419,59.3112,0 18.35118,59.3113,0 18.35079,59.31144,0 18.35069,59.31128,0 18.34969,59.31127,0 18.34753,59.31152,0 18.34674,59.3113,0 18.34671,59.31071,0 18.34478,59.31032,0 18.34438,59.3105,0 18.34363,59.31055,0</coordinates></LineString></Placemark><Placemark><styleUrl>#coast</styleUrl><LineString><tessellate>1</tessellate><coordinates>18.3125,59.32802,0 18.31126,59.32871,0</coordinates></LineString></Placemark><Placemark><styleUrl>#coast</styleUrl><LineString><tessellate>1</tessellate><coordinates>18.29696,59.29531,0 18.29734,59.29545,0 18.29749,59.29561,0 18.29721,59.29576,0 18.29759,59.29595,0 18.29711,59.29627,0 18.29737,59.29645,0 18.2977,59.29635,0 18.29762,59.29656,0 18.29798,59.29667,0 18.29763,59.29679,0 18.29772,59.29743,0 18.29958,59.29791,0 18.29954,59.29858,0</coordinates></LineString></Placemark><Placemark><styleUrl>#coast</styleUrl><LineString><tessellate>1</tessellate><coordinates>18.29525,59.3086,0 18.29663,59.30876,0 18.29793,59.30949,0 18.29787,59.3097,0 18.29838,59.30959,0 18.29832,59.31037,0 18.29862,59.3103,0 18.29911,59.31093,0 18.29941,59.3109,0 18.29959,59.31116,0 18.29992,59.3112,0 18.30056,59.31162,0 18.30061,59.31188,0 18.30117,59.31187,0 18.30231,59.31224,0 18.3027,59.3131,0 18.3033,59.31355,0 18.30387,59.31364,0 18.30317,59.31373,0 18.30442,59.31387,0 18.30483,59.31471,0 18.3047,59.31507,0 18.30529,59.31533,0 18.30566,59.31529,0 18.30601,59.31555,0 18.30647,59.31696,0 18.30734,59.31827,0 18.30828,59.31878,0 18.30808,59.31897,0 18.30861,59.31959,0 18.31061,59.32095,0 18.3108,59.32193,0 18.31251,59.32298,0 18.31287,59.32353,0 18.31361,59.32392,0 18.31369,59.32409,0 18.3123,59.32463,0 18.31187,59.32509,0 18.31218,59.32543,0 18.31286,59.32556,0 18.31331,59.32592,0 18.31309,59.32618,0 18.31329,59.32661,0 18.3126,59.32729,0 18.3125,59.32802,0</coordinates></LineString></Placemark><Placemark><styleUrl>#coast</styleUrl><LineString><tessellate>1</tessellate><coordinates>18.09082,59.38996,0 18.09097,59.39014,0</coordinates></LineString></Placemark><Placemark><styleUrl>#coast</styleUrl><LineString><tessellate>1</tessellate><coordinates>18.09396,59.40725,0 18.09592,59.40745,0 18.09672,59.40776,0</coordinates></LineString></Placemark><Placemark><styleUrl>#coast</styleUrl><LineString><tessellate>1</tessellate><coordinates>18.09701,59.40691,0 18.09584,59.40683,0 18.09503,59.40624,0 18.09457,59.40615,0 18.09435,59.40578,0 18.09274,59.40555,0 18.09155,59.40627,0 18.09225,59.40669,0 18.09396,59.40725,0</coordinates></LineString></Placemark><Placemark><styleUrl>#coast</styleUrl><LineString><tessellate>1</tessellate><coordinates>18.09672,59.40776,0 18.09638,59.40845,0 18.09659,59.40907,0 18.09536,59.41016,0 18.09481,59.41023,0 18.09417,59.411,0</coordinates></LineString></Placemark><Placemark><styleUrl>#coast</styleUrl><LineString><tessellate>1</tessellate><coordinates>18.0944,59.4132,0 18.09279,59.41401,0 18.09251,59.41401,0 18.09226,59.41379,0 18.09159,59.41393,0</coordinates></LineString></Placemark><Placemark><styleUrl>#coast</styleUrl><LineString><tessellate>1</tessellate><coordinates>18.09747,59.38887,0 18.09768,59.38769,0</coordinates></LineString></Placemark><Placemark><styleUrl>#coast</styleUrl><LineString><tessellate>1</tessellate><coordinates>18.09768,59.38769,0 18.0994,59.38755,0 18.10026,59.38768,0</coordinates></LineString></Placemark><Placemark><styleUrl>#coast</styleUrl><LineString><tessellate>1</tessellate><coordinates>18.10038,59.38902,0 18.09932,59.38872,0 18.0985,59.38913,0 18.09796,59.3892,0 18.09747,59.38887,0</coordinates></LineString></Placemark><Placemark><styleUrl>#coast</styleUrl><LineString><tessellate>1</tessellate><coordinates>18.13695,59.39476,0 18.13834,59.39435,0 18.13842,59.3948,0 18.13867,59.39482,0 18.13892,59.39459,0 18.13887,59.39477,0 18.1394,59.39494,0 18.13933,59.39509,0 18.13971,59.39485,0 18.14001,59.39529,0 18.14054,59.39495,0 18.14108,59.39506,0 18.14251,59.39437,0 18.14319,59.3943,0 18.14344,59.3944,0 18.14361,59.3942,0 18.14433,59.39403,0 18.14405,59.39418,0 18.14421,59.39456,0 18.14399,59.39468,0 18.14441,59.39494,0 18.14435,59.39548,0 18.14416,59.39574,0 18.14323,59.39607,0 18.14341,59.39639,0 18.14376,59.39632,0 18.1436,59.39659,0 18.14452,59.39693,0 18.14394,59.39751,0 18.14391,59.39799,0 18.1421,59.39887,0</coordinates></LineString></Placemark><Placemark><styleUrl>#coast</styleUrl><LineString><tessellate>1</tessellate><coordinates>18.13512,59.39687,0 18.13608,59.39637,0 18.13621,59.39603,0 18.13697,59.39582,0 18.1371,59.39544,0 18.13671,59.39531,0 18.13699,59.39507,0</coordinates></LineString></Placemark><Placemark><styleUrl>#coast</styleUrl><LineString><tessellate>1</tessellate><coordinates>18.13362,59.40008,0 18.134,59.40006,0 18.13452,59.39967,0 18.13678,59.39919,0 18.13681,59.39903,0 18.13633,59.39865,0 18.13431,59.39853,0 18.13386,59.39812,0</coordinates></LineString></Placemark><Placemark><styleUrl>#coast</styleUrl><LineString><tessellate>1</tessellate><coordinates>18.14058,59.40017,0 18.14038,59.40051,0 18.13957,59.40085,0 18.1379,59.40096,0 18.13772,59.40081,0 18.13677,59.40074,0 18.13562,59.40089,0 18.13391,59.40056,0 18.13343,59.40081,0 18.13258,59.40068,0 18.1336,59.40038,0 18.13362,59.40008,0</coordinates></LineString></Placemark><Placemark><styleUrl>#coast</styleUrl><LineString><tessellate>1</tessellate><coordinates>18.1421,59.39887,0 18.14041,59.39877,0 18.13986,59.399,0 18.13902,59.3991,0 18.13914,59.39947,0 18.14047,59.39975,0 18.14058,59.40017,0</coordinates></LineString></Placemark><Placemark><styleUrl>#coast</styleUrl><LineString><tessellate>1</tessellate><coordinates>18.15286,59.3979,0 18.15417,59.39754,0</coordinates></LineString></Placemark><Placemark><styleUrl>#coast</styleUrl><LineString><tessellate>1</tessellate><coordinates>18.14544,59.38699,0 18.14512,59.38774,0 18.14481,59.3877,0 18.1449,59.38784,0 18.14351,59.38832,0 18.14272,59.389,0 18.14203,59.38931,0</coordinates></LineString></Placemark><Placemark><styleUrl>#coast</styleUrl><LineString><tessellate>1</tessellate><coordinates>18.11578,59.39133,0 18.1161,59.39121,0 18.11585,59.39115,0 18.11606,59.39066,0 18.11769,59.38955,0</coordinates></LineString></Placemark><Placemark><styleUrl>#coast</styleUrl><LineString><tessellate>1</tessellate><coordinates>18.11301,59.39007,0 18.11228,59.38965,0 18.11114,59.38972,0</coordinates></LineString></Placemark><Placemark><styleUrl>#coast</styleUrl><LineString><tessellate>1</tessellate><coordinates>18.09565,59.38579,0 18.09506,59.38553,0 18.09493,59.3852,0</coordinates></LineString></Placemark><Placemark><styleUrl>#coast</styleUrl><LineString><tessellate>1</tessellate><coordinates>18.10026,59.38768,0 18.10048,59.38753,0</coordinates></LineString></Placemark><Placemark><styleUrl>#coast</styleUrl><LineString><tessellate>1</tessellate><coordinates>18.08612,59.38658,0 18.08656,59.38662,0 18.08772,59.38623,0 18.0885,59.3863,0 18.08793,59.38693,0 18.08838,59.3871,0 18.08827,59.38763,0</coordinates></LineString></Placemark><Placemark><styleUrl>#coast</styleUrl><LineString><tessellate>1</tessellate><coordinates>18.08827,59.38763,0 18.0877,59.38785,0 18.08685,59.38737,0 18.08645,59.38737,0</coordinates></LineString></Placemark><Placemark><styleUrl>#coast</styleUrl><LineString><tessellate>1</tessellate><coordinates>18.08645,59.38737,0 18.08625,59.38769,0 18.08422,59.38816,0 18.08364,59.3885,0 18.0835,59.38896,0 18.08361,59.38927,0 18.08444,59.38986,0 18.08623,59.39035,0</coordinates></LineString></Placemark><Placemark><styleUrl>#coast</styleUrl><LineString><tessellate>1</tessellate><coordinates>18.08623,59.39035,0 18.08713,59.39036,0 18.08864,59.39065,0 18.08966,59.39037,0 18.08991,59.39014,0 18.09082,59.38996,0</coordinates></LineString></Placemark><Placemark><styleUrl>#coast</styleUrl><LineString><tessellate>1</tessellate><coordinates>18.09417,59.411,0 18.09433,59.41277,0 18.0947,59.41284,0 18.0944,59.4132,0</coordinates></LineString></Placemark><Placemark><styleUrl>#coast</styleUrl><LineString><tessellate>1</tessellate><coordinates>18.09881,59.41761,0 18.10005,59.41893,0 18.10247,59.41999,0 18.10234,59.42074,0 18.10268,59.42082,0 18.10236,59.4208,0 18.10262,59.42091,0 18.10225,59.42085,0 18.10209,59.421,0 18.10203,59.42158,0 18.10279,59.4225,0 18.1037,59.42309,0 18.10361,59.42398,0 18.10393,59.42416,0 18.10446,59.42548,0</coordinates></LineString></Placemark><Placemark><styleUrl>#coast</styleUrl><LineString><tessellate>1</tessellate><coordinates>18.14962,59.43382,0 18.15009,59.43322,0 18.15109,59.43331,0 18.15124,59.43361,0 18.15156,59.43365,0 18.15388,59.43343,0 18.15376,59.43329,0 18.15459,59.43237,0 18.15569,59.4319,0 18.15633,59.43185,0</coordinates></LineString></Placemark><Placemark><styleUrl>#coast</styleUrl><LineString><tessellate>1</tessellate><coordinates>18.12281,59.43614,0 18.12455,59.4367,0 18.12548,59.43674,0 18.12653,59.43699,0 18.12715,59.43778,0 18.12695,59.43832,0</coordinates></LineString></Placemark><Placemark><styleUrl>#coast</styleUrl><LineString><tessellate>1</tessellate><coordinates>18.16581,59.42935,0 18.16624,59.42921,0 18.16604,59.4291,0 18.16615,59.42865,0 18.16537,59.42773,0 18.16512,59.42581,0 18.16369,59.42295,0 18.16363,59.42157,0</coordinates></LineString></Placemark><Placemark><styleUrl>#coast</styleUrl><LineString><tessellate>1</tessellate><coordinates>18.15633,59.43185,0 18.15658,59.43278,0 18.15722,59.43302,0 18.15752,59.43344,0 18.15822,59.43367,0 18.1592,59.43531,0 18.16033,59.43615,0</coordinates></LineString></Placemark><Placemark><styleUrl>#coast</styleUrl><LineString><tessellate>1</tessellate><coordinates>18.16826,59.43489,0 18.16804,59.43416,0</coordinates></LineString></Placemark><Placemark><styleUrl>#coast</styleUrl><LineString><tessellate>1</tessellate><coordinates>18.16914,59.43549,0 18.16915,59.43494,0 18.16965,59.43477,0 18.17057,59.43476,0 18.1708,59.43429,0</coordinates></LineString></Placemark><Placemark><styleUrl>#coast</styleUrl><LineString><tessellate>1</tessellate><coordinates>18.20235,59.30022,0 18.20228,59.30036,0 18.20273,59.30038,0 18.20276,59.30069,0 18.20595,59.30094,0 18.20784,59.30149,0 18.21108,59.3016,0 18.21215,59.30098,0 18.21249,59.30117,0 18.2133,59.30113,0 18.21417,59.3014,0 18.2147,59.30137,0 18.21521,59.30169,0</coordinates></LineString></Placemark><Placemark><styleUrl>#coast</styleUrl><LineString><tessellate>1</tessellate><coordinates>18.22228,59.33515,0 18.2219,59.33453,0 18.22148,59.33442,0 18.22166,59.33385,0 18.22127,59.33318,0 18.21957,59.3324,0</coordinates></LineString></Placemark><Placemark><styleUrl>#coast</styleUrl><LineString><tessellate>1</tessellate><coordinates>18.22663,59.30103,0 18.22856,59.30037,0 18.23064,59.30042,0 18.23122,59.3,0 18.23176,59.30027,0 18.23393,59.30006,0 18.23477,59.30019,0 18.23482,59.30009,0 18.23698,59.3,0 18.23998,59.30074,0 18.24201,59.30045,0 18.24491,59.30059,0</coordinates></LineString></Placemark><Placemark><styleUrl>#coast</styleUrl><LineString><tessellate>1</tessellate><coordinates>18.21687,59.30541,0 18.21672,59.30566,0 18.21696,59.30603,0 18.21761,59.30629,0 18.21705,59.30671,0 18.21655,59.30672,0 18.21679,59.30701,0 18.21661,59.30732,0 18.21534,59.30765,0 18.21532,59.30798,0</coordinates></LineString></Placemark><Placemark><styleUrl>#coast</styleUrl><LineString><tessellate>1</tessellate><coordinates>18.21521,59.30169,0 18.21495,59.30225,0 18.21543,59.30214,0 18.21557,59.30229,0 18.21508,59.30241,0 18.21485,59.30273,0 18.21514,59.30298,0 18.21489,59.30315,0 18.21605,59.30345,0 18.21646,59.30379,0</coordinates></LineString></Placemark><Placemark><styleUrl>#coast</styleUrl><LineString><tessellate>1</tessellate><coordinates>18.21532,59.30798,0 18.21576,59.30825,0 18.21672,59.30825,0 18.21653,59.30922,0 18.218,59.3099,0 18.21873,59.3113,0 18.21992,59.3119,0 18.22,59.31278,0 18.22028,59.3129,0 18.22002,59.31296,0 18.22005,59.31322,0 18.22117,59.31404,0 18.22048,59.31575,0 18.221,59.31614,0 18.22039,59.3169,0 18.22141,59.31776,0 18.22176,59.31856,0 18.22211,59.31879,0 18.22162,59.31967,0 18.22199,59.32031,0 18.22201,59.32111,0 18.22195,59.32176,0 18.22109,59.32274,0 18.21991,59.32324,0 18.21951,59.32302,0 18.21912,59.32333,0 18.21938,59.32384,0 18.21775,59.32554,0 18.21763,59.32577,0 18.21801,59.32617,0 18.21777,59.32677,0 18.21793,59.32729,0 18.21742,59.32796,0 18.21737,59.32883,0 18.21694,59.32914,0 18.21725,59.32944,0 18.21664,59.33049,0 18.21538,59.33115,0 18.2144,59.33224,0 18.21336,59.3326,0</coordinates></LineString></Placemark><Placemark><styleUrl>#coast</styleUrl><LineString><tessellate>1</tessellate><coordinates>18.21634,59.29718,0 18.21608,59.29789,0 18.21501,59.29808,0 18.21442,59.298,0 18.21181,59.29823,0 18.20808,59.29943,0 18.20609,59.29943,0 18.20235,59.30022,0</coordinates></LineString></Placemark><Placemark><styleUrl>#coast</styleUrl><LineString><tessellate>1</tessellate><coordinates>18.22402,59.33438,0 18.22355,59.3345,0 18.22304,59.33498,0 18.22228,59.33515,0</coordinates></LineString></Placemark><Placemark><styleUrl>#coast</styleUrl><LineString><tessellate>1</tessellate><coordinates>18.22453,59.33985,0 18.22454,59.33915,0 18.22398,59.33908,0 18.22396,59.33867,0 18.22345,59.33809,0 18.22364,59.33686,0</coordinates></LineString></Placemark><Placemark><styleUrl>#coast</styleUrl><LineString><tessellate>1</tessellate><coordinates>18.22456,59.32142,0 18.22456,59.32119,0 18.22401,59.32088,0</coordinates></LineString></Placemark><Placemark><styleUrl>#coast</styleUrl><LineString><tessellate>1</tessellate><coordinates>18.22364,59.33686,0 18.22398,59.33601,0 18.22521,59.33517,0 18.22499,59.33472,0 18.22442,59.3344,0 18.22402,59.33438,0</coordinates></LineString></Placemark><Placemark><styleUrl>#coast</styleUrl><LineString><tessellate>1</tessellate><coordinates>18.19703,59.32733,0 18.19695,59.3271,0 18.19632,59.32714,0 18.19583,59.32692,0 18.19577,59.32656,0 18.1982,59.3244,0 18.1973,59.32403,0 18.19609,59.32398,0 18.19506,59.32375,0 18.19458,59.32355,0 18.1944,59.32282,0 18.19337,59.32257,0 18.19264,59.32289,0 18.19306,59.32396,0 18.19284,59.324,0 18.19347,59.32452,0 18.19325,59.32491,0 18.19172,59.32494,0 18.19096,59.32528,0 18.18932,59.32483,0 18.18786,59.32518,0 18.18632,59.32503,0 18.18573,59.32521,0 18.18346,59.32462,0</coordinates></LineString></Placemark><Placemark><styleUrl>#coast</styleUrl><LineString><tessellate>1</tessellate><coordinates>18.21336,59.3326,0 18.21097,59.33241,0 18.21004,59.33279,0 18.20921,59.33286,0 18.20903,59.33317,0</coordinates></LineString></Placemark><Placemark><styleUrl>#coast</styleUrl><LineString><tessellate>1</tessellate><coordinates>18.18866,59.33955,0 18.1891,59.33961,0 18.18881,59.33981,0 18.18904,59.34011,0 18.19091,59.34027,0 18.19461,59.33955,0 18.19552,59.33919,0 18.20039,59.33896,0 18.2009,59.33878,0 18.20146,59.33886,0 18.2025,59.33864,0 18.20403,59.33858,0 18.2052,59.33856,0 18.20608,59.3388,0</coordinates></LineString></Placemark><Placemark><styleUrl>#coast</styleUrl><LineString><tessellate>1</tessellate><coordinates>18.24118,59.34835,0 18.2409,59.34794,0 18.24023,59.34784,0 18.23942,59.34734,0 18.23549,59.34567,0 18.2351,59.34516,0 18.23406,59.34507,0 18.23337,59.34461,0 18.23281,59.34458,0 18.23217,59.34396,0 18.22946,59.34261,0</coordinates></LineString></Placemark><Placemark><styleUrl>#coast</styleUrl><LineString><tessellate>1</tessellate><coordinates>18.23334,59.3515,0 18.2332,59.3523,0 18.23287,59.3523,0 18.23268,59.3526,0 18.23241,59.3526,0 18.23306,59.35295,0 18.23132,59.35377,0 18.23151,59.35394,0 18.23254,59.35371,0 18.23331,59.35377,0 18.2335,59.3541,0 18.23413,59.35333,0 18.23353,59.35291,0 18.23436,59.35302,0 18.23482,59.35361,0 18.23444,59.35406,0 18.2345,59.35455,0 18.23498,59.35462,0 18.23418,59.35471,0 18.23418,59.35409,0 18.23334,59.35431,0 18.23348,59.35486,0 18.23463,59.35485,0 18.23464,59.35505,0 18.23409,59.35509,0 18.23419,59.35542,0</coordinates></LineString></Placemark><Placemark><styleUrl>#coast</styleUrl><LineString><tessellate>1</tessellate><coordinates>18.21179,59.33423,0 18.21123,59.33469,0 18.2102,59.33499,0</coordinates></LineString></Placemark><Placemark><styleUrl>#coast</styleUrl><LineString><tessellate>1</tessellate><coordinates>18.25564,59.37202,0 18.2547,59.37305,0 18.25185,59.37522,0 18.25124,59.3754,0 18.25061,59.37536,0</coordinates></LineString></Placemark><Placemark><styleUrl>#coast</styleUrl><LineString><tessellate>1</tessellate><coordinates>18.24583,59.37524,0 18.24472,59.37579,0 18.24296,59.37613,0 18.23888,59.37583,0 18.23791,59.37617,0 18.23466,59.37664,0 18.23285,59.37735,0 18.23241,59.37726,0 18.23189,59.37678,0 18.23165,59.37678,0 18.23165,59.37658,0 18.23093,59.37624,0</coordinates></LineString></Placemark><Placemark><styleUrl>#coast</styleUrl><LineString><tessellate>1</tessellate><coordinates>18.25061,59.37536,0 18.24969,59.37505,0 18.2498,59.37436,0 18.24843,59.37423,0 18.24754,59.37434,0 18.24637,59.37515,0 18.24583,59.37524,0</coordinates></LineString></Placemark><Placemark><styleUrl>#coast</styleUrl><LineString><tessellate>1</tessellate><coordinates>18.19938,59.38065,0 18.19886,59.38004,0 18.19934,59.37944,0 18.20373,59.37794,0 18.20449,59.37723,0 18.20356,59.3767,0 18.20274,59.37688,0</coordinates></LineString></Placemark><Placemark><styleUrl>#coast</styleUrl><LineString><tessellate>1</tessellate><coordinates>18.18733,59.37788,0 18.18759,59.37789,0 18.18815,59.37857,0 18.19146,59.37944,0 18.19288,59.38049,0 18.19414,59.38072,0 18.19441,59.38134,0</coordinates></LineString></Placemark><Placemark><styleUrl>#coast</styleUrl><LineString><tessellate>1</tessellate><coordinates>18.17727,59.38245,0 18.17546,59.38313,0 18.17495,59.38308,0 18.173,59.38445,0 18.17114,59.38475,0 18.17115,59.38486,0 18.17047,59.38462,0 18.16871,59.38492,0 18.16721,59.38481,0 18.16659,59.3845,0 18.16587,59.38445,0</coordinates></LineString></Placemark><Placemark><styleUrl>#coast</styleUrl><LineString><tessellate>1</tessellate><coordinates>18.16133,59.37995,0 18.16062,59.38034,0 18.15968,59.38057,0 18.15925,59.38022,0 18.15767,59.38102,0 18.15676,59.38115,0 18.15643,59.38218,0 18.15557,59.38314,0</coordinates></LineString></Placemark><Placemark><styleUrl>#coast</styleUrl><LineString><tessellate>1</tessellate><coordinates>18.29798,59.38714,0 18.3018,59.3864,0 18.30235,59.38603,0 18.30225,59.38545,0 18.30356,59.3851,0</coordinates></LineString></Placemark><Placemark><styleUrl>#coast</styleUrl><LineString><tessellate>1</tessellate><coordinates>18.30346,59.37742,0 18.30316,59.37677,0 18.30093,59.37687,0 18.29983,59.37709,0 18.2992,59.37758,0 18.29798,59.37808,0 18.29776,59.37795,0 18.2968,59.378,0 18.29638,59.37779,0 18.29554,59.37772,0 18.2956,59.37744,0 18.29597,59.37726,0</coordinates></LineString></Placemark><Placemark><styleUrl>#coast</styleUrl><LineString><tessellate>1</tessellate><coordinates>18.30356,59.3851,0 18.30632,59.38456,0 18.30735,59.38484,0 18.30862,59.38491,0 18.31093,59.38461,0 18.31189,59.38395,0 18.31137,59.38358,0 18.31241,59.38303,0 18.31237,59.38282,0 18.3132,59.38272,0 18.31514,59.38211,0 18.3163,59.38223,0 18.31657,59.38245,0 18.31839,59.38257,0 18.31995,59.383,0 18.32075,59.38287,0 18.32081,59.38321,0 18.32177,59.38354,0 18.32272,59.38334,0 18.32259,59.38312,0 18.32393,59.38307,0 18.32436,59.38291,0 18.32529,59.38291,0 18.32581,59.38313,0 18.32679,59.383,0 18.32763,59.38324,0 18.3283,59.38377,0 18.32836,59.38409,0</coordinates></LineString></Placemark><Placemark><styleUrl>#coast</styleUrl><LineString><tessellate>1</tessellate><coordinates>18.33093,59.38964,0 18.33079,59.38942,0 18.32969,59.38935,0 18.32942,59.38917,0 18.32955,59.3885,0 18.3311,59.38795,0 18.33149,59.38763,0 18.33274,59.38756,0 18.3326,59.3872,0 18.33221,59.38706,0 18.3326,59.38665,0 18.33368,59.38625,0 18.33475,59.38606,0</coordinates></LineString></Placemark><Placemark><styleUrl>#coast</styleUrl><LineString><tessellate>1</tessellate><coordinates>18.38362,59.37039,0 18.38246,59.37068,0 18.38091,59.37068,0 18.38061,59.37027,0 18.38081,59.36991,0 18.37877,59.37024,0 18.37825,59.37015,0 18.37829,59.36983,0 18.37881,59.36952,0</coordinates></LineString></Placemark><Placemark><styleUrl>#coast</styleUrl><LineString><tessellate>1</tessellate><coordinates>18.37572,59.36739,0 18.37459,59.36772,0 18.37419,59.36765,0 18.37415,59.36717,0 18.37458,59.36708,0 18.37492,59.36677,0</coordinates></LineString></Placemark><Placemark><styleUrl>#coast</styleUrl><LineString><tessellate>1</tessellate><coordinates>18.37443,59.3645,0 18.3746,59.36478,0 18.37439,59.36495,0 18.37151,59.36562,0</coordinates></LineString></Placemark><Placemark><styleUrl>#coast</styleUrl><LineString><tessellate>1</tessellate><coordinates>18.37829,59.36195,0 18.37798,59.36263,0 18.37607,59.36299,0</coordinates></LineString></Placemark><Placemark><styleUrl>#coast</styleUrl><LineString><tessellate>1</tessellate><coordinates>18.38224,59.36115,0 18.38208,59.36132,0 18.38102,59.36159,0 18.38051,59.36158,0</coordinates></LineString></Placemark><Placemark><styleUrl>#coast</styleUrl><LineString><tessellate>1</tessellate><coordinates>18.38439,59.37448,0 18.38447,59.37383,0 18.38606,59.37306,0 18.38619,59.37271,0</coordinates></LineString></Placemark><Placemark><styleUrl>#coast</styleUrl><LineString><tessellate>1</tessellate><coordinates>18.38289,59.37612,0 18.38379,59.37614,0 18.38439,59.37636,0 18.38456,59.37667,0 18.3853,59.37677,0 18.38558,59.37718,0 18.38606,59.37727,0 18.38717,59.37712,0 18.38825,59.37671,0 18.38885,59.3761,0 18.38856,59.37567,0 18.38798,59.37565,0 18.38709,59.37599,0 18.38628,59.37584,0 18.38593,59.37536,0 18.38482,59.37499,0 18.38439,59.37448,0</coordinates></LineString></Placemark><Placemark><styleUrl>#coast</styleUrl><LineString><tessellate>1</tessellate><coordinates>18.33475,59.38606,0 18.33657,59.38635,0</coordinates></LineString></Placemark><Placemark><styleUrl>#coast</styleUrl><LineString><tessellate>1</tessellate><coordinates>18.36207,59.38256,0 18.3638,59.38199,0 18.36426,59.38224,0 18.36448,59.3822,0 18.36468,59.38203,0 18.36512,59.38203,0 18.36706,59.38142,0 18.36868,59.38148,0 18.36911,59.38135,0 18.36927,59.38143,0 18.36959,59.38124,0 18.36979,59.38142,0 18.36986,59.3812,0 18.37027,59.38135,0 18.37023,59.38111,0 18.37063,59.38099,0 18.37084,59.38129,0 18.37128,59.38131,0 18.37113,59.381,0 18.37151,59.38121,0 18.37174,59.38116,0 18.3714,59.38079,0 18.3719,59.38059,0 18.37243,59.38097,0 18.3728,59.38078,0 18.37213,59.38028,0 18.37273,59.38028,0 18.37249,59.38014,0 18.37319,59.37949,0 18.37387,59.37931,0 18.37572,59.37938,0 18.37645,59.37896,0 18.37671,59.37916,0 18.37735,59.37905,0 18.37877,59.37824,0 18.38035,59.37785,0 18.38053,59.37752,0 18.38023,59.37743,0 18.38023,59.37708,0 18.3807,59.37682,0 18.38123,59.3766,0 18.38174,59.37675,0 18.38201,59.37665,0 18.38181,59.37644,0 18.38289,59.37612,0</coordinates></LineString></Placemark><Placemark><styleUrl>#coast</styleUrl><LineString><tessellate>1</tessellate><coordinates>18.34207,59.38913,0 18.34232,59.38698,0 18.34324,59.38647,0 18.34486,59.38607,0</coordinates></LineString></Placemark><Placemark><styleUrl>#coast</styleUrl><LineString><tessellate>1</tessellate><coordinates>18.33851,59.39015,0 18.33897,59.39124,0 18.33949,59.39163,0 18.33925,59.3921,0 18.33765,59.39283,0 18.33492,59.39322,0 18.3325,59.39337,0 18.33186,59.3932,0 18.33177,59.39302,0</coordinates></LineString></Placemark><Placemark><styleUrl>#coast</styleUrl><LineString><tessellate>1</tessellate><coordinates>18.33177,59.39302,0 18.33157,59.39286,0 18.33033,59.39267,0 18.32986,59.39273,0 18.32953,59.39305,0 18.32938,59.39262,0 18.32882,59.39259,0</coordinates></LineString></Placemark><Placemark><styleUrl>#coast</styleUrl><LineString><tessellate>1</tessellate><coordinates>18.358,59.36954,0 18.35832,59.36929,0 18.35809,59.3692,0 18.35852,59.36908,0 18.35859,59.36883,0 18.35869,59.36899,0 18.35911,59.36891,0 18.35943,59.36904,0 18.36041,59.36889,0 18.3617,59.36902,0 18.36289,59.36893,0</coordinates></LineString></Placemark><Placemark><styleUrl>#coast</styleUrl><LineString><tessellate>1</tessellate><coordinates>18.36701,59.36585,0 18.36503,59.36687,0 18.36379,59.36705,0</coordinates></LineString></Placemark><Placemark><styleUrl>#coast</styleUrl><LineString><tessellate>1</tessellate><coordinates>18.37151,59.36562,0 18.3681,59.3659,0</coordinates></LineString></Placemark><Placemark><styleUrl>#coast</styleUrl><LineString><tessellate>1</tessellate><coordinates>18.34031,59.37063,0 18.34039,59.37089,0 18.3396,59.37151,0 18.33653,59.37222,0 18.33587,59.37212,0 18.33553,59.37186,0</coordinates></LineString></Placemark><Placemark><styleUrl>#coast</styleUrl><LineString><tessellate>1</tessellate><coordinates>18.33148,59.37261,0 18.33111,59.37345,0 18.33186,59.37327,0 18.33218,59.37333,0 18.3322,59.37354,0 18.3311,59.37379,0 18.33072,59.37366,0 18.33021,59.37392,0 18.32881,59.37377,0 18.32532,59.37443,0 18.32487,59.37408,0 18.32491,59.3738,0 18.32464,59.37378,0 18.32448,59.37395,0 18.32371,59.37389,0 18.32228,59.37424,0 18.32164,59.37426,0 18.32149,59.37408,0 18.32106,59.37414,0 18.31882,59.3749,0 18.31688,59.37518,0 18.3151,59.37523,0 18.31323,59.37565,0 18.30919,59.37573,0 18.30902,59.37554,0</coordinates></LineString></Placemark><Placemark><styleUrl>#coast</styleUrl><LineString><tessellate>1</tessellate><coordinates>18.30795,59.37578,0 18.30775,59.37593,0 18.30862,59.37626,0 18.30859,59.37663,0 18.30807,59.37707,0 18.30726,59.37727,0 18.30346,59.37742,0</coordinates></LineString></Placemark><Placemark><styleUrl>#coast</styleUrl><LineString><tessellate>1</tessellate><coordinates>18.32836,59.38409,0 18.32821,59.38436,0 18.32769,59.38452,0 18.32736,59.38536,0 18.32685,59.38565,0 18.32621,59.38575,0 18.3258,59.3856,0 18.32493,59.38569,0 18.32277,59.38622,0 18.31822,59.38675,0 18.31523,59.38684,0 18.31409,59.38706,0 18.31232,59.38697,0 18.31136,59.38711,0 18.3101,59.38677,0 18.30878,59.38689,0 18.30765,59.38725,0 18.30424,59.38757,0 18.30288,59.38756,0 18.29879,59.38818,0 18.29831,59.38867,0</coordinates></LineString></Placemark><Placemark><styleUrl>#coast</styleUrl><LineString><tessellate>1</tessellate><coordinates>18.29686,59.38718,0 18.29798,59.38714,0</coordinates></LineString></Placemark><Placemark><styleUrl>#coast</styleUrl><LineString><tessellate>1</tessellate><coordinates>18.2885,59.35966,0 18.28558,59.36007,0 18.28346,59.35936,0 18.28277,59.35969,0 18.28186,59.35982,0 18.27803,59.35915,0 18.2745,59.35905,0 18.27337,59.35838,0 18.27193,59.35781,0 18.27097,59.35765,0 18.26976,59.35704,0 18.26734,59.35661,0 18.26591,59.35663,0 18.26484,59.35612,0 18.26247,59.35569,0 18.26084,59.35423,0 18.26059,59.35364,0 18.25872,59.35292,0 18.25825,59.35255,0 18.25837,59.35245,0 18.25791,59.35229,0 18.25829,59.35218,0</coordinates></LineString></Placemark><Placemark><styleUrl>#coast</styleUrl><LineString><tessellate>1</tessellate><coordinates>18.26,59.34994,0 18.25907,59.34963,0 18.25732,59.34935,0</coordinates></LineString></Placemark><Placemark><styleUrl>#coast</styleUrl><LineString><tessellate>1</tessellate><coordinates>18.25077,59.34861,0 18.24979,59.34812,0 18.25056,59.34732,0 18.24991,59.34699,0 18.2488,59.34719,0 18.24634,59.34692,0 18.24538,59.34712,0 18.24502,59.34766,0 18.24551,59.34821,0 18.24476,59.3486,0 18.24377,59.34858,0 18.24323,59.3484,0 18.24118,59.34835,0</coordinates></LineString></Placemark><Placemark><styleUrl>#coast</styleUrl><LineString><tessellate>1</tessellate><coordinates>18.25732,59.34935,0 18.25796,59.34873,0 18.25889,59.34858,0 18.25962,59.34825,0 18.26139,59.348,0 18.26256,59.34815,0 18.26275,59.34795,0 18.26222,59.34765,0 18.26235,59.34715,0 18.2629,59.34678,0 18.26325,59.34619,0 18.26286,59.34602,0 18.26199,59.34635,0 18.26084,59.34651,0 18.25715,59.34663,0 18.25582,59.3469,0 18.2538,59.34703,0 18.25254,59.34735,0 18.25255,59.34775,0 18.25311,59.34776,0 18.25249,59.34796,0 18.25219,59.34828,0 18.25077,59.34861,0</coordinates></LineString></Placemark><Placemark><styleUrl>#coast</styleUrl><LineString><tessellate>1</tessellate><coordinates>18.2355,59.35611,0 18.23512,59.35564,0 18.23426,59.35562,0 18.23439,59.35605,0 18.23506,59.35599,0 18.23485,59.35622,0 18.23546,59.35629,0 18.23467,59.35662,0 18.23499,59.35666,0 18.23521,59.35708,0 18.23491,59.35726,0 18.23502,59.35777,0</coordinates></LineString></Placemark><Placemark><styleUrl>#coast</styleUrl><LineString><tessellate>1</tessellate><coordinates>18.24539,59.36307,0 18.24543,59.36337,0 18.24649,59.36385,0 18.24735,59.36404,0 18.24798,59.36407,0 18.25314,59.36309,0 18.25622,59.36318,0 18.25706,59.36367,0 18.25695,59.36429,0 18.25444,59.3652,0 18.2546,59.36602,0 18.25386,59.36647,0 18.25409,59.36669,0 18.25468,59.36657,0 18.25535,59.3669,0 18.25626,59.3668,0 18.25623,59.36705,0 18.25695,59.36741,0 18.25663,59.3676,0 18.25689,59.36803,0 18.25596,59.36925,0 18.25633,59.36952,0 18.2563,59.37016,0 18.25669,59.37101,0 18.25632,59.37161,0 18.25564,59.37202,0</coordinates></LineString></Placemark><Placemark><styleUrl>#coast</styleUrl><LineString><tessellate>1</tessellate><coordinates>18.23419,59.35542,0 18.23495,59.35535,0 18.23497,59.35492,0 18.2355,59.35611,0</coordinates></LineString></Placemark><Placemark><styleUrl>#coast</styleUrl><LineString><tessellate>1</tessellate><coordinates>18.19179,59.36423,0 18.19253,59.36444,0 18.19334,59.36508,0 18.19345,59.36545,0 18.19393,59.3656,0 18.1947,59.36551,0 18.1959,59.36507,0 18.19631,59.3653,0 18.19769,59.36526,0 18.19877,59.36489,0 18.20213,59.36543,0 18.20383,59.36596,0 18.20507,59.36583,0 18.20535,59.3652,0 18.2059,59.36491,0 18.21022,59.36477,0 18.21195,59.36566,0 18.21143,59.36599,0 18.20986,59.36602,0 18.20965,59.36633,0 18.20986,59.36663,0 18.21112,59.36683,0 18.21309,59.36676,0 18.21415,59.367,0 18.21409,59.36717,0 18.2146,59.3672,0 18.21488,59.36743,0 18.21512,59.36736,0 18.2153,59.3675,0 18.21673,59.36766,0</coordinates></LineString></Placemark><Placemark><styleUrl>#coast</styleUrl><LineString><tessellate>1</tessellate><coordinates>18.19166,59.36375,0 18.19103,59.36375,0 18.19017,59.3632,0 18.18879,59.36281,0 18.18589,59.36328,0 18.18449,59.3638,0 18.18441,59.36359,0 18.18295,59.36344,0 18.18049,59.36357,0 18.17915,59.36417,0 18.1784,59.36422,0 18.17774,59.36446,0 18.17609,59.36433,0 18.17405,59.36479,0 18.17121,59.36499,0 18.17088,59.36511,0 18.17093,59.36546,0 18.16881,59.366,0 18.16722,59.36679,0 18.16507,59.36712,0 18.16451,59.36749,0 18.1639,59.36686,0 18.1637,59.36701,0 18.16437,59.36757,0 18.16391,59.36777,0 18.16276,59.36737,0 18.16181,59.36779,0 18.16086,59.36791,0 18.16015,59.367,0 18.15955,59.36696,0 18.1577,59.36734,0 18.15632,59.36811,0 18.15783,59.36913,0 18.15782,59.36877,0 18.15857,59.36907,0 18.15895,59.36945,0 18.16051,59.3694,0 18.16239,59.36895,0 18.16319,59.36894,0 18.16377,59.36878,0 18.16387,59.36859,0 18.16515,59.36849,0 18.17011,59.36723,0 18.17294,59.36694,0 18.17579,59.36633,0 18.17901,59.36597,0 18.17985,59.36603,0 18.18089,59.36576,0 18.18271,59.36567,0 18.18432,59.36533,0 18.18481,59.36538,0 18.18541,59.36505,0 18.18609,59.36513,0 18.1865,59.36492,0 18.18667,59.36444,0 18.18802,59.36373,0 18.18807,59.36339,0 18.18872,59.3632,0 18.18963,59.36344,0 18.19003,59.36409,0 18.19048,59.36433,0 18.19179,59.36423,0</coordinates></LineString></Placemark><Placemark><styleUrl>#coast</styleUrl><LineString><tessellate>1</tessellate><coordinates>18.33099,59.3582,0 18.33278,59.3588,0 18.33349,59.35937,0 18.33339,59.35972,0</coordinates></LineString></Placemark><Placemark><styleUrl>#coast</styleUrl><LineString><tessellate>1</tessellate><coordinates>18.32932,59.35817,0 18.32993,59.35802,0 18.33099,59.3582,0</coordinates></LineString></Placemark><Placemark><styleUrl>#coast</styleUrl><LineString><tessellate>1</tessellate><coordinates>18.32407,59.35965,0 18.32436,59.35917,0 18.32512,59.3589,0 18.3261,59.35875,0 18.32751,59.3588,0 18.32795,59.35845,0 18.32932,59.35817,0</coordinates></LineString></Placemark><Placemark><styleUrl>#coast</styleUrl><LineString><tessellate>1</tessellate><coordinates>18.32072,59.3599,0 18.32141,59.35992,0</coordinates></LineString></Placemark><Placemark><styleUrl>#coast</styleUrl><LineString><tessellate>1</tessellate><coordinates>18.31984,59.36001,0 18.32072,59.3599,0</coordinates></LineString></Placemark><Placemark><styleUrl>#coast</styleUrl><LineString><tessellate>1</tessellate><coordinates>18.32319,59.36351,0 18.32295,59.36357,0</coordinates></LineString></Placemark><Placemark><styleUrl>#coast</styleUrl><LineString><tessellate>1</tessellate><coordinates>18.32053,59.3632,0 18.31956,59.36274,0</coordinates></LineString></Placemark><Placemark><styleUrl>#coast</styleUrl><LineString><tessellate>1</tessellate><coordinates>18.31956,59.36274,0 18.31856,59.36261,0 18.3184,59.3623,0 18.31735,59.36226,0</coordinates></LineString></Placemark><Placemark><styleUrl>#coast</styleUrl><LineString><tessellate>1</tessellate><coordinates>18.32295,59.36357,0 18.32096,59.36348,0 18.32053,59.3632,0</coordinates></LineString></Placemark><Placemark><styleUrl>#coast</styleUrl><LineString><tessellate>1</tessellate><coordinates>18.32141,59.35992,0 18.32255,59.36003,0 18.32372,59.35986,0 18.32407,59.35965,0</coordinates></LineString></Placemark><Placemark><styleUrl>#coast</styleUrl><LineString><tessellate>1</tessellate><coordinates>18.37975,59.38994,0 18.37852,59.38996,0 18.37826,59.38961,0 18.37658,59.38936,0 18.37613,59.3889,0 18.3757,59.38883,0 18.37533,59.38842,0 18.37329,59.38735,0</coordinates></LineString></Placemark><Placemark><styleUrl>#coast</styleUrl><LineString><tessellate>1</tessellate><coordinates>18.3728,59.38783,0 18.37341,59.38795,0 18.37435,59.38843,0 18.37537,59.38918,0 18.37533,59.38957,0 18.37569,59.39007,0 18.37847,59.39033,0 18.37947,59.39087,0</coordinates></LineString></Placemark><Placemark><styleUrl>#coast</styleUrl><LineString><tessellate>1</tessellate><coordinates>18.36357,59.39099,0 18.36547,59.39041,0 18.36803,59.38916,0 18.36805,59.38898,0 18.36779,59.38892,0 18.36682,59.38929,0 18.36648,59.3887,0</coordinates></LineString></Placemark><Placemark><styleUrl>#coast</styleUrl><LineString><tessellate>1</tessellate><coordinates>18.37329,59.38735,0 18.37047,59.38694,0 18.36974,59.38665,0 18.3692,59.3866,0 18.36886,59.38672,0 18.36858,59.38726,0 18.36915,59.38763,0 18.37107,59.38785,0 18.3728,59.38783,0</coordinates></LineString></Placemark><Placemark><styleUrl>#coast</styleUrl><LineString><tessellate>1</tessellate><coordinates>18.42378,59.36189,0 18.42511,59.36152,0</coordinates></LineString></Placemark><Placemark><styleUrl>#coast</styleUrl><LineString><tessellate>1</tessellate><coordinates>18.41302,59.36546,0 18.4167,59.36506,0 18.4172,59.3649,0 18.41825,59.36423,0 18.4205,59.36329,0 18.42036,59.3632,0 18.4207,59.36299,0 18.42105,59.36289,0 18.42124,59.363,0 18.42243,59.36268,0 18.42378,59.36189,0</coordinates></LineString></Placemark><Placemark><styleUrl>#coast</styleUrl><LineString><tessellate>1</tessellate><coordinates>18.40787,59.36612,0 18.40816,59.36615,0 18.40905,59.36563,0 18.40919,59.36588,0 18.40955,59.36589,0 18.41056,59.36553,0</coordinates></LineString></Placemark><Placemark><styleUrl>#coast</styleUrl><LineString><tessellate>1</tessellate><coordinates>18.40339,59.36732,0 18.404,59.36698,0 18.40522,59.36695,0 18.40655,59.36637,0 18.40752,59.36609,0 18.40787,59.36612,0</coordinates></LineString></Placemark><Placemark><styleUrl>#coast</styleUrl><LineString><tessellate>1</tessellate><coordinates>18.40299,59.36754,0 18.40339,59.36732,0</coordinates></LineString></Placemark><Placemark><styleUrl>#coast</styleUrl><LineString><tessellate>1</tessellate><coordinates>18.39542,59.36972,0 18.39786,59.36893,0 18.40104,59.36825,0 18.40237,59.36755,0 18.40299,59.36754,0</coordinates></LineString></Placemark><Placemark><styleUrl>#coast</styleUrl><LineString><tessellate>1</tessellate><coordinates>18.38452,59.38878,0 18.38307,59.38865,0 18.38226,59.3892,0 18.38185,59.38929,0 18.38147,59.38914,0 18.37975,59.38994,0</coordinates></LineString></Placemark><Placemark><styleUrl>#coast</styleUrl><LineString><tessellate>1</tessellate><coordinates>18.41282,59.37398,0 18.41221,59.37416,0 18.41159,59.37464,0 18.41015,59.37461,0 18.40908,59.37496,0 18.40812,59.37632,0 18.40683,59.37703,0 18.40612,59.37711,0 18.4053,59.37743,0 18.40276,59.37903,0 18.40005,59.3803,0 18.39941,59.38098,0 18.39891,59.38107,0 18.39839,59.38098,0 18.39838,59.38082,0 18.39525,59.38187,0 18.39482,59.38224,0 18.39498,59.3828,0 18.394,59.38395,0 18.39044,59.38616,0 18.38792,59.3874,0</coordinates></LineString></Placemark><Placemark><styleUrl>#coast</styleUrl><LineString><tessellate>1</tessellate><coordinates>18.42301,59.36797,0 18.42237,59.36856,0 18.42164,59.36891,0 18.41979,59.36943,0</coordinates></LineString></Placemark><Placemark><styleUrl>#coast</styleUrl><LineString><tessellate>1</tessellate><coordinates>18.42392,59.3711,0 18.42421,59.37094,0</coordinates></LineString></Placemark><Placemark><styleUrl>#coast</styleUrl><LineString><tessellate>1</tessellate><coordinates>18.42362,59.37383,0 18.42245,59.37422,0 18.41987,59.37442,0</coordinates></LineString></Placemark><Placemark><styleUrl>#coast</styleUrl><LineString><tessellate>1</tessellate><coordinates>18.41752,59.37416,0 18.41773,59.37384,0 18.41833,59.37355,0 18.41991,59.37317,0</coordinates></LineString></Placemark><Placemark><styleUrl>#coast</styleUrl><LineString><tessellate>1</tessellate><coordinates>18.41987,59.37442,0 18.41922,59.37447,0 18.41797,59.37426,0</coordinates></LineString></Placemark><Placemark><styleUrl>#coast</styleUrl><LineString><tessellate>1</tessellate><coordinates>18.42237,59.37301,0 18.42291,59.37273,0</coordinates></LineString></Placemark><Placemark><styleUrl>#coast</styleUrl><LineString><tessellate>1</tessellate><coordinates>18.42291,59.37273,0 18.42279,59.37251,0</coordinates></LineString></Placemark><Placemark><styleUrl>#coast</styleUrl><LineString><tessellate>1</tessellate><coordinates>18.42186,59.37171,0 18.42224,59.37147,0 18.42264,59.37149,0 18.42392,59.3711,0</coordinates></LineString></Placemark><Placemark><styleUrl>#coast</styleUrl><LineString><tessellate>1</tessellate><coordinates>18.42279,59.37251,0 18.42222,59.37214,0</coordinates></LineString></Placemark><Placemark><styleUrl>#coast</styleUrl><LineString><tessellate>1</tessellate><coordinates>18.41132,59.37685,0 18.4121,59.37595,0</coordinates></LineString></Placemark><Placemark><styleUrl>#coast</styleUrl><LineString><tessellate>1</tessellate><coordinates>18.42086,59.37573,0 18.42133,59.37556,0</coordinates></LineString></Placemark><Placemark><styleUrl>#coast</styleUrl><LineString><tessellate>1</tessellate><coordinates>18.42034,59.37659,0 18.42001,59.37642,0 18.41997,59.37605,0 18.4205,59.37573,0 18.42086,59.37573,0</coordinates></LineString></Placemark><Placemark><styleUrl>#coast</styleUrl><LineString><tessellate>1</tessellate><coordinates>18.42133,59.37556,0 18.42217,59.3753,0</coordinates></LineString></Placemark><Placemark><styleUrl>#coast</styleUrl><LineString><tessellate>1</tessellate><coordinates>18.42348,59.36692,0 18.42383,59.36718,0 18.42377,59.36756,0</coordinates></LineString></Placemark><Placemark><styleUrl>#coast</styleUrl><LineString><tessellate>1</tessellate><coordinates>18.42391,59.36573,0 18.42348,59.36692,0</coordinates></LineString></Placemark><Placemark><styleUrl>#coast</styleUrl><LineString><tessellate>1</tessellate><coordinates>18.42492,59.36563,0 18.42391,59.36573,0</coordinates></LineString></Placemark><Placemark><styleUrl>#coast</styleUrl><LineString><tessellate>1</tessellate><coordinates>18.41404,59.37339,0 18.41282,59.37398,0</coordinates></LineString></Placemark><Placemark><styleUrl>#coast</styleUrl><LineString><tessellate>1</tessellate><coordinates>18.41979,59.36943,0 18.41919,59.36959,0 18.41755,59.37054,0 18.41404,59.37339,0</coordinates></LineString></Placemark><Placemark><styleUrl>#coast</styleUrl><LineString><tessellate>1</tessellate><coordinates>18.34602,59.38646,0 18.34581,59.38622,0 18.34641,59.38616,0 18.34645,59.3864,0 18.34602,59.38646,0</coordinates></LineString></Placemark><Placemark><styleUrl>#coast</styleUrl><LineString><tessellate>1</tessellate><coordinates>18.35024,59.38808,0 18.3497,59.38777,0 18.34953,59.38782,0 18.34954,59.38847,0</coordinates></LineString></Placemark><Placemark><styleUrl>#coast</styleUrl><LineString><tessellate>1</tessellate><coordinates>18.35513,59.38702,0 18.35319,59.38714,0 18.35192,59.38751,0</coordinates></LineString></Placemark><Placemark><styleUrl>#coast</styleUrl><LineString><tessellate>1</tessellate><coordinates>18.35192,59.38751,0 18.35145,59.3881,0 18.35077,59.38807,0 18.35046,59.38832,0 18.35024,59.38808,0</coordinates></LineString></Placemark><Placemark><styleUrl>#coast</styleUrl><LineString><tessellate>1</tessellate><coordinates>18.36103,59.38672,0 18.36063,59.38707,0 18.35867,59.38743,0 18.35739,59.38742,0</coordinates></LineString></Placemark><Placemark><styleUrl>#coast</styleUrl><LineString><tessellate>1</tessellate><coordinates>18.34954,59.38847,0 18.34853,59.38883,0 18.34671,59.38915,0 18.34482,59.389,0 18.34207,59.38913,0</coordinates></LineString></Placemark><Placemark><styleUrl>#coast</styleUrl><LineString><tessellate>1</tessellate><coordinates>18.36147,59.38625,0 18.36103,59.38672,0</coordinates></LineString></Placemark><Placemark><styleUrl>#coast</styleUrl><LineString><tessellate>1</tessellate><coordinates>18.39552,59.38625,0 18.39897,59.38457,0 18.40169,59.38446,0 18.40505,59.38321,0 18.40691,59.38289,0 18.40772,59.38257,0 18.40784,59.38229,0 18.40847,59.38195,0 18.40829,59.38185,0</coordinates></LineString></Placemark><Placemark><styleUrl>#coast</styleUrl><LineString><tessellate>1</tessellate><coordinates>18.38792,59.3874,0 18.3859,59.38797,0 18.38452,59.38878,0</coordinates></LineString></Placemark><Placemark><styleUrl>#coast</styleUrl><LineString><tessellate>1</tessellate><coordinates>18.41991,59.37317,0 18.42237,59.37301,0</coordinates></LineString></Placemark><Placemark><styleUrl>#coast</styleUrl><LineString><tessellate>1</tessellate><coordinates>18.42222,59.37214,0 18.42186,59.37171,0</coordinates></LineString></Placemark><Placemark><styleUrl>#coast</styleUrl><LineString><tessellate>1</tessellate><coordinates>18.42377,59.36756,0 18.42301,59.36797,0</coordinates></LineString></Placemark><Placemark><styleUrl>#coast</styleUrl><LineString><tessellate>1</tessellate><coordinates>18.41056,59.36553,0 18.4113,59.36503,0 18.41302,59.36546,0</coordinates></LineString></Placemark><Placemark><styleUrl>#coast</styleUrl><LineString><tessellate>1</tessellate><coordinates>18.38756,59.37249,0 18.38902,59.3726,0 18.38896,59.37287,0 18.38938,59.37304,0 18.38992,59.37297,0 18.39035,59.37269,0 18.391,59.3726,0 18.39167,59.37271,0 18.39411,59.37211,0 18.39478,59.37165,0 18.39542,59.36972,0</coordinates></LineString></Placemark><Placemark><styleUrl>#coast</styleUrl><LineString><tessellate>1</tessellate><coordinates>18.38619,59.37271,0 18.38713,59.37272,0 18.38756,59.37249,0</coordinates></LineString></Placemark><Placemark><styleUrl>#coast</styleUrl><LineString><tessellate>1</tessellate><coordinates>18.3661,59.38865,0 18.3653,59.38881,0 18.36403,59.38953,0 18.36353,59.38958,0 18.36216,59.38927,0 18.36104,59.38932,0</coordinates></LineString></Placemark><Placemark><styleUrl>#coast</styleUrl><LineString><tessellate>1</tessellate><coordinates>18.36218,59.38679,0 18.36219,59.38649,0 18.36179,59.3863,0</coordinates></LineString></Placemark><Placemark><styleUrl>#coast</styleUrl><LineString><tessellate>1</tessellate><coordinates>18.36104,59.38932,0 18.36047,59.38929,0</coordinates></LineString></Placemark><Placemark><styleUrl>#coast</styleUrl><LineString><tessellate>1</tessellate><coordinates>18.35739,59.38742,0 18.35563,59.38731,0 18.35513,59.38702,0</coordinates></LineString></Placemark><Placemark><styleUrl>#coast</styleUrl><LineString><tessellate>1</tessellate><coordinates>18.36186,59.39203,0 18.36357,59.39099,0</coordinates></LineString></Placemark><Placemark><styleUrl>#coast</styleUrl><LineString><tessellate>1</tessellate><coordinates>18.36047,59.38929,0 18.36097,59.38813,0 18.36189,59.3874,0 18.36218,59.38679,0</coordinates></LineString></Placemark><Placemark><styleUrl>#coast</styleUrl><LineString><tessellate>1</tessellate><coordinates>18.36462,59.39192,0 18.36402,59.39259,0 18.36278,59.39281,0 18.36227,59.39269,0 18.36186,59.39203,0</coordinates></LineString></Placemark><Placemark><styleUrl>#coast</styleUrl><LineString><tessellate>1</tessellate><coordinates>18.37947,59.39087,0 18.37629,59.39293,0 18.37541,59.39276,0 18.374,59.39343,0 18.3737,59.39317,0 18.37171,59.39364,0 18.37108,59.39362,0 18.36954,59.39402,0 18.3686,59.39409,0 18.36778,59.39387,0 18.36675,59.39308,0 18.36581,59.39313,0 18.36529,59.39293,0 18.36462,59.39192,0</coordinates></LineString></Placemark><Placemark><styleUrl>#coast</styleUrl><LineString><tessellate>1</tessellate><coordinates>18.41755,59.37832,0 18.41675,59.3792,0 18.41686,59.37942,0 18.41641,59.37959,0 18.41616,59.37939,0 18.41613,59.37965,0 18.41577,59.37981,0 18.41447,59.3801,0 18.41256,59.38083,0</coordinates></LineString></Placemark><Placemark><styleUrl>#coast</styleUrl><LineString><tessellate>1</tessellate><coordinates>18.40829,59.38185,0 18.40647,59.38197,0 18.4056,59.38154,0 18.40589,59.38029,0 18.40738,59.37913,0 18.40851,59.37879,0 18.41079,59.37842,0 18.41142,59.3785,0 18.41293,59.37807,0 18.41544,59.37771,0 18.41666,59.37735,0</coordinates></LineString></Placemark><Placemark><styleUrl>#coast</styleUrl><LineString><tessellate>1</tessellate><coordinates>18.39781,59.39,0 18.39788,59.38945,0 18.39871,59.38872,0 18.39823,59.3883,0</coordinates></LineString></Placemark><Placemark><styleUrl>#coast</styleUrl><LineString><tessellate>1</tessellate><coordinates>18.39337,59.39048,0 18.39298,59.38995,0 18.39322,59.38976,0 18.39269,59.38904,0 18.39305,59.38904,0 18.39317,59.38814,0 18.39348,59.38782,0 18.39552,59.38625,0</coordinates></LineString></Placemark><Placemark><styleUrl>#coast</styleUrl><LineString><tessellate>1</tessellate><coordinates>18.39563,59.38954,0 18.39446,59.39012,0 18.39437,59.39034,0 18.39337,59.39048,0</coordinates></LineString></Placemark><Placemark><styleUrl>#coast</styleUrl><LineString><tessellate>1</tessellate><coordinates>18.39823,59.3883,0 18.39758,59.38834,0 18.39588,59.38921,0 18.39563,59.38954,0</coordinates></LineString></Placemark><Placemark><styleUrl>#coast</styleUrl><LineString><tessellate>1</tessellate><coordinates>18.40923,59.38825,0 18.40855,59.38802,0 18.40748,59.38792,0 18.40694,59.38808,0 18.40697,59.38872,0</coordinates></LineString></Placemark><Placemark><styleUrl>#coast</styleUrl><LineString><tessellate>1</tessellate><coordinates>18.41326,59.38691,0 18.41151,59.38784,0 18.40923,59.38825,0</coordinates></LineString></Placemark><Placemark><styleUrl>#coast</styleUrl><LineString><tessellate>1</tessellate><coordinates>18.41546,59.38636,0 18.41483,59.38624,0 18.4142,59.38563,0 18.41291,59.3858,0 18.41268,59.38601,0 18.41324,59.38651,0 18.41303,59.38661,0 18.41326,59.38691,0</coordinates></LineString></Placemark><Placemark><styleUrl>#coast</styleUrl><LineString><tessellate>1</tessellate><coordinates>18.4173,59.38548,0 18.41677,59.38598,0 18.41546,59.38636,0</coordinates></LineString></Placemark><Placemark><styleUrl>#coast</styleUrl><LineString><tessellate>1</tessellate><coordinates>18.41885,59.38445,0 18.41846,59.38432,0 18.4173,59.38449,0 18.41559,59.38482,0 18.41528,59.385,0 18.41533,59.38515,0 18.41653,59.38524,0 18.4173,59.38548,0</coordinates></LineString></Placemark><Placemark><styleUrl>#coast</styleUrl><LineString><tessellate>1</tessellate><coordinates>18.42123,59.38058,0 18.422,59.38118,0 18.42177,59.38184,0 18.42078,59.38223,0 18.42065,59.38299,0 18.41914,59.38406,0 18.41941,59.38431,0 18.41885,59.38445,0</coordinates></LineString></Placemark><Placemark><styleUrl>#coast</styleUrl><LineString><tessellate>1</tessellate><coordinates>18.41256,59.38083,0 18.41343,59.38096,0 18.41366,59.38114,0 18.41424,59.38113,0 18.41755,59.38057,0 18.41759,59.38067,0 18.41999,59.38075,0 18.42123,59.38058,0</coordinates></LineString></Placemark><Placemark><styleUrl>#coast</styleUrl><LineString><tessellate>1</tessellate><coordinates>18.41666,59.37735,0 18.41752,59.37802,0 18.41755,59.37832,0</coordinates></LineString></Placemark><Placemark><styleUrl>#coast</styleUrl><LineString><tessellate>1</tessellate><coordinates>18.41797,59.37426,0 18.41752,59.37416,0</coordinates></LineString></Placemark><Placemark><styleUrl>#coast</styleUrl><LineString><tessellate>1</tessellate><coordinates>18.39434,59.39309,0 18.39663,59.39214,0 18.40187,59.39166,0 18.4058,59.39152,0 18.4082,59.39103,0 18.41082,59.39106,0 18.41301,59.39074,0 18.4141,59.39039,0 18.41573,59.39035,0 18.41766,59.3909,0 18.41984,59.391,0</coordinates></LineString></Placemark><Placemark><styleUrl>#coast</styleUrl><LineString><tessellate>1</tessellate><coordinates>18.36179,59.3863,0 18.36147,59.38625,0</coordinates></LineString></Placemark><Placemark><styleUrl>#coast</styleUrl><LineString><tessellate>1</tessellate><coordinates>18.36648,59.3887,0 18.3661,59.38865,0</coordinates></LineString></Placemark><Placemark><styleUrl>#coast</styleUrl><LineString><tessellate>1</tessellate><coordinates>18.3615,59.38272,0 18.36207,59.38256,0</coordinates></LineString></Placemark><Placemark><styleUrl>#coast</styleUrl><LineString><tessellate>1</tessellate><coordinates>18.36078,59.38267,0 18.3615,59.38272,0</coordinates></LineString></Placemark><Placemark><styleUrl>#coast</styleUrl><LineString><tessellate>1</tessellate><coordinates>18.3605,59.38242,0 18.36078,59.38267,0</coordinates></LineString></Placemark><Placemark><styleUrl>#coast</styleUrl><LineString><tessellate>1</tessellate><coordinates>18.35856,59.38386,0 18.35764,59.38348,0 18.35695,59.38353,0 18.35593,59.38333,0 18.35646,59.38281,0 18.358,59.38226,0 18.3595,59.38222,0 18.3605,59.38242,0</coordinates></LineString></Placemark><Placemark><styleUrl>#coast</styleUrl><LineString><tessellate>1</tessellate><coordinates>18.34486,59.38607,0 18.34533,59.38619,0 18.34584,59.38685,0 18.34763,59.38699,0 18.34767,59.38689,0 18.34912,59.38681,0 18.34939,59.3858,0 18.35034,59.38537,0 18.35146,59.38553,0 18.35383,59.38518,0 18.3562,59.38449,0 18.35804,59.38419,0 18.35849,59.38405,0 18.35856,59.38386,0</coordinates></LineString></Placemark><Placemark><styleUrl>#coast</styleUrl><LineString><tessellate>1</tessellate><coordinates>18.15336,59.31778,0 18.15072,59.31631,0 18.15033,59.31601,0 18.1504,59.3158,0 18.15005,59.31567,0 18.14972,59.31578,0</coordinates></LineString></Placemark><Placemark><styleUrl>#coast</styleUrl><LineString><tessellate>1</tessellate><coordinates>18.15228,59.32073,0 18.15365,59.32085,0 18.15511,59.32137,0 18.15548,59.32279,0 18.15395,59.32302,0 18.1529,59.32294,0 18.15228,59.32319,0 18.1516,59.32318,0 18.14926,59.32379,0 18.14886,59.3247,0 18.14966,59.32518,0 18.14949,59.32524,0 18.14975,59.32561,0 18.14871,59.32627,0</coordinates></LineString></Placemark><Placemark><styleUrl>#coast</styleUrl><LineString><tessellate>1</tessellate><coordinates>18.37656,59.32354,0 18.37638,59.32343,0</coordinates></LineString></Placemark><Placemark><styleUrl>#coast</styleUrl><LineString><tessellate>1</tessellate><coordinates>18.37831,59.32424,0 18.37749,59.32476,0 18.37701,59.32467,0</coordinates></LineString></Placemark><Placemark><styleUrl>#coast</styleUrl><LineString><tessellate>1</tessellate><coordinates>18.37874,59.32388,0 18.37831,59.32424,0</coordinates></LineString></Placemark><Placemark><styleUrl>#coast</styleUrl><LineString><tessellate>1</tessellate><coordinates>18.37638,59.32343,0 18.37488,59.32213,0</coordinates></LineString></Placemark><Placemark><styleUrl>#coast</styleUrl><LineString><tessellate>1</tessellate><coordinates>18.37757,59.32373,0 18.37656,59.32354,0</coordinates></LineString></Placemark><Placemark><styleUrl>#coast</styleUrl><LineString><tessellate>1</tessellate><coordinates>18.37701,59.32467,0 18.37641,59.32445,0 18.37631,59.32408,0 18.37654,59.3239,0 18.37757,59.32389,0 18.37757,59.32373,0</coordinates></LineString></Placemark><Placemark><styleUrl>#coast</styleUrl><LineString><tessellate>1</tessellate><coordinates>18.38122,59.32433,0 18.38078,59.32378,0 18.38006,59.32351,0 18.37957,59.32354,0 18.37874,59.32388,0</coordinates></LineString></Placemark><Placemark><styleUrl>#coast</styleUrl><LineString><tessellate>1</tessellate><coordinates>18.38496,59.32591,0 18.38453,59.32517,0 18.38122,59.32433,0</coordinates></LineString></Placemark><Placemark><styleUrl>#coast</styleUrl><LineString><tessellate>1</tessellate><coordinates>18.35487,59.32071,0 18.35342,59.32053,0</coordinates></LineString></Placemark><Placemark><styleUrl>#coast</styleUrl><LineString><tessellate>1</tessellate><coordinates>18.35655,59.32185,0 18.35689,59.32123,0 18.35641,59.32128,0 18.35613,59.32106,0 18.35586,59.32113,0 18.35593,59.32084,0 18.35487,59.32071,0</coordinates></LineString></Placemark><Placemark><styleUrl>#coast</styleUrl><LineString><tessellate>1</tessellate><coordinates>18.38016,59.27449,0 18.38046,59.27488,0 18.38161,59.27495,0</coordinates></LineString></Placemark><Placemark><styleUrl>#coast</styleUrl><LineString><tessellate>1</tessellate><coordinates>18.38161,59.27495,0 18.38278,59.27469,0</coordinates></LineString></Placemark><Placemark><styleUrl>#coast</styleUrl><LineString><tessellate>1</tessellate><coordinates>18.09105,59.32745,0 18.0911,59.32754,0 18.09134,59.32739,0</coordinates></LineString></Placemark><Placemark><styleUrl>#coast</styleUrl><LineString><tessellate>1</tessellate><coordinates>18.09134,59.32739,0 18.09439,59.32665,0 18.09492,59.32583,0 18.09331,59.32551,0 18.09503,59.32367,0 18.09487,59.32333,0 18.09426,59.32328,0 18.09431,59.32311,0 18.09484,59.32316,0 18.09482,59.32272,0 18.09546,59.32233,0 18.09811,59.32245,0 18.10022,59.32212,0 18.10191,59.32222,0 18.10245,59.32199,0 18.10325,59.32219,0 18.10401,59.32216,0 18.10403,59.32204,0 18.10497,59.32208,0 18.10514,59.32175,0 18.10505,59.3222,0 18.10564,59.32224,0 18.10589,59.3224,0 18.10655,59.32222,0 18.1068,59.32247,0 18.10757,59.32246,0 18.10759,59.32233,0 18.10762,59.32246,0 18.10805,59.3225,0 18.1113,59.32244,0 18.11284,59.32265,0 18.11328,59.32229,0 18.1132,59.32203,0 18.11266,59.32191,0 18.11257,59.32173,0 18.11336,59.32154,0 18.11397,59.32104,0 18.11378,59.32084,0 18.11243,59.32038,0 18.11235,59.31973,0 18.1132,59.31943,0 18.11471,59.31975,0 18.11616,59.31971,0 18.11735,59.32004,0 18.11856,59.32004,0 18.11904,59.32034,0 18.1196,59.32044,0 18.12101,59.32022,0 18.12313,59.32019,0 18.12397,59.32052,0 18.12803,59.32142,0 18.1278,59.32156,0 18.12393,59.32064,0 18.12351,59.32128,0 18.12415,59.32177,0 18.12576,59.3223,0 18.12725,59.32259,0 18.1295,59.32288,0 18.13013,59.32274,0 18.13139,59.32297,0 18.13312,59.32271,0 18.13315,59.322,0 18.1336,59.32187,0 18.13476,59.32242,0 18.13631,59.32227,0 18.14159,59.32222,0 18.14227,59.3217,0 18.14305,59.32154,0 18.14399,59.32177,0 18.14449,59.32242,0 18.14523,59.32262,0 18.14558,59.32252,0 18.14618,59.32156,0 18.14678,59.32127,0 18.14848,59.32102,0 18.14896,59.32077,0 18.15035,59.32072,0 18.15156,59.32086,0 18.15228,59.32073,0</coordinates></LineString></Placemark><Placemark><styleUrl>#coast</styleUrl><LineString><tessellate>1</tessellate><coordinates>18.07962,59.33163,0 18.08129,59.33111,0 18.08737,59.33126,0</coordinates></LineString></Placemark><Placemark><styleUrl>#coast</styleUrl><LineString><tessellate>1</tessellate><coordinates>18.25893,59.29684,0 18.25836,59.29763,0 18.25769,59.29772,0 18.25642,59.29763,0</coordinates></LineString></Placemark><Placemark><styleUrl>#coast</styleUrl><LineString><tessellate>1</tessellate><coordinates>18.25537,59.29768,0 18.25522,59.29772,0</coordinates></LineString></Placemark><Placemark><styleUrl>#coast</styleUrl><LineString><tessellate>1</tessellate><coordinates>18.25642,59.29763,0 18.25537,59.29768,0</coordinates></LineString></Placemark><Placemark><styleUrl>#coast</styleUrl><LineString><tessellate>1</tessellate><coordinates>18.25522,59.29772,0 18.25457,59.29788,0</coordinates></LineString></Placemark><Placemark><styleUrl>#coast</styleUrl><LineString><tessellate>1</tessellate><coordinates>18.17366,59.33127,0 18.17357,59.33145,0 18.17335,59.33126,0 18.17381,59.33115,0 18.17366,59.33127,0</coordinates></LineString></Placemark><Placemark><styleUrl>#coast</styleUrl><LineString><tessellate>1</tessellate><coordinates>18.3009,59.42024,0 18.29955,59.42121,0</coordinates></LineString></Placemark><Placemark><styleUrl>#coast</styleUrl><LineString><tessellate>1</tessellate><coordinates>18.31152,59.26488,0 18.31187,59.26505,0 18.31176,59.26523,0 18.31221,59.26536,0 18.31197,59.26567,0</coordinates></LineString></Placemark><Placemark><styleUrl>#coast</styleUrl><LineString><tessellate>1</tessellate><coordinates>18.31163,59.26481,0 18.31152,59.26488,0</coordinates></LineString></Placemark><Placemark><styleUrl>#coast</styleUrl><LineString><tessellate>1</tessellate><coordinates>18.29345,59.41577,0 18.29401,59.41533,0</coordinates></LineString></Placemark><Placemark><styleUrl>#coast</styleUrl><LineString><tessellate>1</tessellate><coordinates>18.29401,59.41533,0 18.29397,59.41488,0</coordinates></LineString></Placemark><Placemark><styleUrl>#coast</styleUrl><LineString><tessellate>1</tessellate><coordinates>18.37329,59.4158,0 18.3735,59.41569,0 18.37329,59.4158,0</coordinates></LineString></Placemark><Placemark><styleUrl>#coast</styleUrl><LineString><tessellate>1</tessellate><coordinates>18.14748,59.31522,0 18.14343,59.31428,0 18.14305,59.31396,0 18.1429,59.31336,0</coordinates></LineString></Placemark><Placemark><styleUrl>#coast</styleUrl><LineString><tessellate>1</tessellate><coordinates>18.2102,59.33499,0 18.20907,59.33462,0 18.2087,59.33434,0 18.20841,59.33436,0 18.20846,59.33417,0 18.20778,59.33385,0 18.20653,59.33373,0</coordinates></LineString></Placemark><Placemark><styleUrl>#coast</styleUrl><LineString><tessellate>1</tessellate><coordinates>18.19512,59.32868,0 18.1953,59.32806,0 18.19601,59.32772,0 18.19656,59.32773,0 18.19703,59.32733,0</coordinates></LineString></Placemark><Placemark><styleUrl>#coast</styleUrl><LineString><tessellate>1</tessellate><coordinates>18.07418,59.32081,0 18.07429,59.32092,0</coordinates></LineString></Placemark><Placemark><styleUrl>#coast</styleUrl><LineString><tessellate>1</tessellate><coordinates>18.12145,59.35788,0 18.12395,59.35685,0 18.12424,59.35636,0 18.12524,59.35583,0 18.12571,59.35522,0 18.12669,59.35474,0</coordinates></LineString></Placemark><Placemark><styleUrl>#coast</styleUrl><LineString><tessellate>1</tessellate><coordinates>18.12669,59.35474,0 18.12903,59.35377,0</coordinates></LineString></Placemark><Placemark><styleUrl>#coast</styleUrl><LineString><tessellate>1</tessellate><coordinates>18.14433,59.34552,0 18.14551,59.34547,0</coordinates></LineString></Placemark><Placemark><styleUrl>#coast</styleUrl><LineString><tessellate>1</tessellate><coordinates>18.14551,59.34547,0 18.14637,59.34487,0</coordinates></LineString></Placemark><Placemark><styleUrl>#coast</styleUrl><LineString><tessellate>1</tessellate><coordinates>18.11464,59.36646,0 18.11379,59.36589,0 18.11366,59.36547,0 18.11379,59.36496,0 18.1144,59.36442,0 18.11453,59.36375,0</coordinates></LineString></Placemark><Placemark><styleUrl>#coast</styleUrl><LineString><tessellate>1</tessellate><coordinates>18.11475,59.36351,0 18.11581,59.36262,0</coordinates></LineString></Placemark><Placemark><styleUrl>#coast</styleUrl><LineString><tessellate>1</tessellate><coordinates>18.11453,59.36375,0 18.11475,59.36351,0</coordinates></LineString></Placemark><Placemark><styleUrl>#coast</styleUrl><LineString><tessellate>1</tessellate><coordinates>18.13386,59.39812,0 18.13406,59.39741,0 18.13504,59.39691,0</coordinates></LineString></Placemark><Placemark><styleUrl>#coast</styleUrl><LineString><tessellate>1</tessellate><coordinates>18.13504,59.39691,0 18.13512,59.39687,0</coordinates></LineString></Placemark><Placemark><styleUrl>#coast</styleUrl><LineString><tessellate>1</tessellate><coordinates>17.68204,59.12373,0 17.68089,59.12422,0 17.68058,59.12479,0 17.68092,59.12531,0 17.68096,59.12629,0 17.68141,59.12677,0 17.6803,59.12752,0 17.68024,59.1286,0 17.67941,59.12903,0 17.67982,59.12992,0 17.6788,59.13029,0 17.67897,59.13049,0 17.67786,59.13107,0 17.67818,59.13181,0 17.67698,59.1325,0 17.67444,59.13293,0 17.67305,59.13333,0 17.67143,59.13467,0 17.67044,59.13513,0 17.66955,59.13587,0 17.66996,59.13646,0 17.67202,59.13656,0 17.67312,59.13644,0 17.67483,59.13736,0 17.67494,59.13825,0 17.67448,59.13854,0 17.67299,59.13887,0 17.67214,59.13927,0 17.672,59.13944,0 17.67243,59.13969,0 17.67222,59.14002,0 17.67125,59.13977,0 17.66924,59.14014,0 17.66597,59.14023,0 17.66512,59.14051,0 17.66443,59.14112,0 17.66426,59.14137,0 17.66456,59.14167,0 17.66636,59.14201,0 17.66648,59.14214,0 17.66764,59.14213,0 17.66797,59.14241,0 17.66731,59.14278,0 17.6673,59.14305,0</coordinates></LineString></Placemark><Placemark><styleUrl>#coast</styleUrl><LineString><tessellate>1</tessellate><coordinates>17.66117,59.1554,0 17.66064,59.15533,0 17.65871,59.15573,0 17.65795,59.15611,0 17.65704,59.15767,0 17.65588,59.15801,0</coordinates></LineString></Placemark><Placemark><styleUrl>#coast</styleUrl><LineString><tessellate>1</tessellate><coordinates>18.15076,59.34353,0 18.15136,59.34348,0 18.15133,59.34325,0 18.15293,59.34305,0 18.15349,59.34335,0 18.15461,59.34284,0 18.15821,59.3426,0 18.15871,59.34253,0 18.15916,59.34224,0 18.1606,59.3424,0 18.161,59.34265,0 18.16188,59.34249,0 18.16177,59.34233,0 18.1629,59.34224,0 18.16338,59.34189,0 18.16341,59.34156,0 18.16469,59.3411,0 18.16451,59.34067,0 18.16485,59.34048,0 18.16472,59.33992,0 18.16602,59.33916,0 18.16705,59.33906,0 18.1677,59.33939,0 18.16787,59.33926,0 18.16849,59.33931,0</coordinates></LineString></Placemark><Placemark><styleUrl>#coast</styleUrl><LineString><tessellate>1</tessellate><coordinates>18.07988,59.37504,0 18.07996,59.37481,0 18.08037,59.37484,0</coordinates></LineString></Placemark><Placemark><styleUrl>#coast</styleUrl><LineString><tessellate>1</tessellate><coordinates>18.09904,59.37434,0 18.09933,59.3749,0 18.09898,59.37531,0 18.09754,59.37555,0 18.0957,59.37631,0 18.09444,59.37653,0 18.09354,59.37635,0 18.09259,59.3759,0 18.09225,59.37637,0 18.09167,59.37654,0 18.08842,59.37679,0 18.08778,59.37721,0 18.08773,59.37788,0 18.08728,59.37849,0 18.08602,59.37889,0 18.08491,59.37884,0 18.08408,59.37855,0 18.08383,59.37829,0 18.08383,59.37746,0 18.07828,59.37634,0 18.07818,59.37603,0 18.07988,59.37504,0</coordinates></LineString></Placemark><Placemark><styleUrl>#coast</styleUrl><LineString><tessellate>1</tessellate><coordinates>18.09392,59.38314,0 18.09366,59.38239,0 18.09443,59.38185,0</coordinates></LineString></Placemark><Placemark><styleUrl>#coast</styleUrl><LineString><tessellate>1</tessellate><coordinates>18.09443,59.38185,0 18.09447,59.38157,0 18.09549,59.38088,0 18.09641,59.38076,0 18.09619,59.38002,0 18.09908,59.37972,0 18.10001,59.37925,0</coordinates></LineString></Placemark><Placemark><styleUrl>#coast</styleUrl><LineString><tessellate>1</tessellate><coordinates>18.09493,59.3852,0 18.0946,59.38491,0 18.09469,59.38424,0</coordinates></LineString></Placemark><Placemark><styleUrl>#coast</styleUrl><LineString><tessellate>1</tessellate><coordinates>18.09469,59.38424,0 18.09474,59.38403,0 18.09396,59.38353,0 18.09392,59.38314,0</coordinates></LineString></Placemark><Placemark><styleUrl>#coast</styleUrl><LineString><tessellate>1</tessellate><coordinates>18.11114,59.38972,0 18.11013,59.39027,0</coordinates></LineString></Placemark><Placemark><styleUrl>#coast</styleUrl><LineString><tessellate>1</tessellate><coordinates>18.10608,59.39088,0 18.10517,59.39107,0 18.10452,59.39099,0 18.10509,59.39097,0 18.10604,59.39062,0</coordinates></LineString></Placemark><Placemark><styleUrl>#coast</styleUrl><LineString><tessellate>1</tessellate><coordinates>18.10048,59.38753,0 18.1006,59.387,0 18.09952,59.38661,0 18.09897,59.38621,0 18.09791,59.38589,0 18.09565,59.38579,0</coordinates></LineString></Placemark><Placemark><styleUrl>#coast</styleUrl><LineString><tessellate>1</tessellate><coordinates>18.10604,59.39062,0 18.10574,59.3906,0 18.10521,59.3902,0 18.10414,59.39016,0 18.10289,59.38987,0 18.10038,59.38902,0</coordinates></LineString></Placemark><Placemark><styleUrl>#coast</styleUrl><LineString><tessellate>1</tessellate><coordinates>18.12092,59.3908,0 18.12073,59.3908,0 18.12109,59.39089,0 18.12097,59.39102,0 18.12066,59.39082,0 18.12032,59.39095,0 18.12018,59.39082,0 18.11913,59.39103,0 18.11805,59.39152,0 18.11755,59.39136,0 18.11651,59.39144,0 18.11617,59.39133,0 18.11594,59.39144,0 18.11578,59.39133,0</coordinates></LineString></Placemark><Placemark><styleUrl>#coast</styleUrl><LineString><tessellate>1</tessellate><coordinates>18.11769,59.38955,0 18.1175,59.38937,0 18.116,59.38948,0 18.11466,59.39001,0 18.11301,59.39007,0</coordinates></LineString></Placemark><Placemark><styleUrl>#coast</styleUrl><LineString><tessellate>1</tessellate><coordinates>18.13011,59.39035,0 18.12931,59.39051,0 18.12731,59.39047,0 18.12609,59.39088,0 18.12493,59.39063,0 18.12461,59.39085,0 18.12354,59.3907,0 18.12092,59.3908,0</coordinates></LineString></Placemark><Placemark><styleUrl>#coast</styleUrl><LineString><tessellate>1</tessellate><coordinates>18.13763,59.38983,0 18.13641,59.39005,0 18.13521,59.39057,0 18.13421,59.3908,0 18.13325,59.39059,0 18.1333,59.39038,0 18.1328,59.39016,0 18.1317,59.39024,0 18.13094,59.39046,0</coordinates></LineString></Placemark><Placemark><styleUrl>#coast</styleUrl><LineString><tessellate>1</tessellate><coordinates>18.13094,59.39046,0 18.13011,59.39035,0</coordinates></LineString></Placemark><Placemark><styleUrl>#coast</styleUrl><LineString><tessellate>1</tessellate><coordinates>18.3967,59.3531,0 18.39697,59.35271,0 18.39643,59.35252,0 18.39498,59.35289,0</coordinates></LineString></Placemark><Placemark><styleUrl>#coast</styleUrl><LineString><tessellate>1</tessellate><coordinates>18.40533,59.34997,0 18.40428,59.35073,0 18.40209,59.35187,0 18.40107,59.35195,0 18.40012,59.35248,0 18.39866,59.35296,0 18.398,59.35311,0 18.3967,59.3531,0</coordinates></LineString></Placemark><Placemark><styleUrl>#coast</styleUrl><LineString><tessellate>1</tessellate><coordinates>18.17783,59.43431,0 18.17784,59.43407,0 18.17803,59.43421,0 18.17783,59.43431,0</coordinates></LineString></Placemark><Placemark><styleUrl>#coast</styleUrl><LineString><tessellate>1</tessellate><coordinates>18.07378,59.32053,0 18.07418,59.32081,0</coordinates></LineString></Placemark><Placemark><styleUrl>#coast</styleUrl><LineString><tessellate>1</tessellate><coordinates>18.07479,59.32157,0 18.07589,59.32281,0 18.07676,59.32522,0 18.0755,59.32669,0</coordinates></LineString></Placemark><Placemark><styleUrl>#coast</styleUrl><LineString><tessellate>1</tessellate><coordinates>18.07308,59.32819,0 18.07063,59.32754,0</coordinates></LineString></Placemark><Placemark><styleUrl>#coast</styleUrl><LineString><tessellate>1</tessellate><coordinates>18.0755,59.32669,0 18.07543,59.32689,0 18.07468,59.32711,0 18.07422,59.32749,0</coordinates></LineString></Placemark><Placemark><styleUrl>#coast</styleUrl><LineString><tessellate>1</tessellate><coordinates>18.07311,59.32819,0 18.07308,59.32819,0</coordinates></LineString></Placemark><Placemark><styleUrl>#coast</styleUrl><LineString><tessellate>1</tessellate><coordinates>18.07316,59.32818,0 18.07311,59.32819,0</coordinates></LineString></Placemark><Placemark><styleUrl>#coast</styleUrl><LineString><tessellate>1</tessellate><coordinates>18.07358,59.32803,0 18.07316,59.32818,0</coordinates></LineString></Placemark><Placemark><styleUrl>#coast</styleUrl><LineString><tessellate>1</tessellate><coordinates>18.07403,59.32765,0 18.07358,59.32803,0</coordinates></LineString></Placemark><Placemark><styleUrl>#coast</styleUrl><LineString><tessellate>1</tessellate><coordinates>18.07422,59.32749,0 18.07403,59.32765,0</coordinates></LineString></Placemark><Placemark><styleUrl>#coast</styleUrl><LineString><tessellate>1</tessellate><coordinates>17.65089,59.1609,0 17.65079,59.16221,0 17.65023,59.16256,0 17.65085,59.16248,0 17.65104,59.16227,0 17.65126,59.16236,0 17.65246,59.16182,0 17.65342,59.16087,0 17.6559,59.16036,0 17.65698,59.15997,0 17.65765,59.1596,0 17.65808,59.1589,0 17.65877,59.15704,0 17.65944,59.15694,0 17.65952,59.15676,0 17.66048,59.15637,0 17.66113,59.15632,0</coordinates></LineString></Placemark><Placemark><styleUrl>#coast</styleUrl><LineString><tessellate>1</tessellate><coordinates>17.6673,59.14305,0 17.66818,59.14364,0 17.66905,59.14395,0 17.66897,59.14463,0 17.66785,59.14569,0</coordinates></LineString></Placemark><Placemark><styleUrl>#coast</styleUrl><LineString><tessellate>1</tessellate><coordinates>17.66785,59.14569,0 17.66744,59.14688,0 17.66776,59.14783,0 17.6674,59.1482,0 17.66738,59.14866,0 17.66823,59.14908,0 17.66838,59.14959,0 17.66918,59.15015,0 17.66918,59.1507,0 17.66819,59.15143,0 17.66545,59.15258,0 17.66368,59.15404,0 17.66177,59.15484,0 17.66117,59.1554,0</coordinates></LineString></Placemark><Placemark><styleUrl>#coast</styleUrl><LineString><tessellate>1</tessellate><coordinates>17.65588,59.15801,0 17.65278,59.15984,0 17.65142,59.16029,0 17.65089,59.1609,0</coordinates></LineString></Placemark><Placemark><styleUrl>#coast</styleUrl><LineString><tessellate>1</tessellate><coordinates>18.33541,59.41403,0 18.33551,59.41378,0 18.33603,59.41357,0 18.33541,59.41403,0</coordinates></LineString></Placemark><Placemark><styleUrl>#coast</styleUrl><LineString><tessellate>1</tessellate><coordinates>18.25891,59.29655,0 18.25893,59.29684,0</coordinates></LineString></Placemark><Placemark><styleUrl>#coast</styleUrl><LineString><tessellate>1</tessellate><coordinates>18.1548,59.40485,0 18.15484,59.40477,0</coordinates></LineString></Placemark><Placemark><styleUrl>#coast</styleUrl><LineString><tessellate>1</tessellate><coordinates>18.34708,59.32146,0 18.34714,59.32152,0</coordinates></LineString></Placemark><Placemark><styleUrl>#coast</styleUrl><LineString><tessellate>1</tessellate><coordinates>18.34578,59.32122,0 18.34607,59.32127,0</coordinates></LineString></Placemark><Placemark><styleUrl>#coast</styleUrl><LineString><tessellate>1</tessellate><coordinates>18.34208,59.32058,0 18.34272,59.32063,0</coordinates></LineString></Placemark><Placemark><styleUrl>#coast</styleUrl><LineString><tessellate>1</tessellate><coordinates>18.34272,59.32063,0 18.3434,59.32055,0 18.34448,59.32107,0 18.34578,59.32122,0</coordinates></LineString></Placemark><Placemark><styleUrl>#coast</styleUrl><LineString><tessellate>1</tessellate><coordinates>18.33891,59.32039,0 18.33908,59.32039,0</coordinates></LineString></Placemark><Placemark><styleUrl>#coast</styleUrl><LineString><tessellate>1</tessellate><coordinates>18.35563,59.32565,0 18.3559,59.32598,0 18.35574,59.32606,0 18.35409,59.32628,0 18.354,59.32652,0 18.35512,59.32674,0</coordinates></LineString></Placemark><Placemark><styleUrl>#coast</styleUrl><LineString><tessellate>1</tessellate><coordinates>18.20903,59.33317,0 18.21035,59.33374,0 18.21168,59.33407,0 18.21179,59.33423,0</coordinates></LineString></Placemark><Placemark><styleUrl>#coast</styleUrl><LineString><tessellate>1</tessellate><coordinates>18.20653,59.33373,0 18.20452,59.33283,0 18.20433,59.3323,0 18.20388,59.33197,0 18.20158,59.33145,0 18.20112,59.33147,0 18.2,59.33105,0 18.19933,59.33059,0 18.19716,59.33011,0 18.19582,59.3289,0 18.19512,59.32868,0</coordinates></LineString></Placemark><Placemark><styleUrl>#coast</styleUrl><LineString><tessellate>1</tessellate><coordinates>18.0747,59.32145,0 18.07479,59.32157,0</coordinates></LineString></Placemark><Placemark><styleUrl>#coast</styleUrl><LineString><tessellate>1</tessellate><coordinates>18.07795,59.31993,0 18.07749,59.32004,0 18.07717,59.31971,0 18.07378,59.32053,0</coordinates></LineString></Placemark><Placemark><styleUrl>#coast</styleUrl><LineString><tessellate>1</tessellate><coordinates>18.2771,59.38683,0 18.27725,59.38669,0 18.2775,59.38683,0</coordinates></LineString></Placemark><Placemark><styleUrl>#coast</styleUrl><LineString><tessellate>1</tessellate><coordinates>18.27702,59.38682,0 18.2771,59.38683,0</coordinates></LineString></Placemark><Placemark><styleUrl>#coast</styleUrl><LineString><tessellate>1</tessellate><coordinates>18.26861,59.38714,0 18.27009,59.38741,0 18.27103,59.38721,0 18.27149,59.38726,0 18.27234,59.38699,0 18.27306,59.38718,0 18.27413,59.38711,0 18.27502,59.38737,0 18.2766,59.38664,0 18.27689,59.38661,0 18.27702,59.38682,0</coordinates></LineString></Placemark><Placemark><styleUrl>#coast</styleUrl><LineString><tessellate>1</tessellate><coordinates>18.2861,59.38806,0 18.28728,59.38814,0</coordinates></LineString></Placemark><Placemark><styleUrl>#coast</styleUrl><LineString><tessellate>1</tessellate><coordinates>18.2775,59.38683,0 18.2779,59.38679,0 18.27813,59.38707,0 18.27842,59.3869,0 18.27877,59.38704,0 18.28036,59.38703,0 18.28073,59.387,0 18.28153,59.38657,0 18.28224,59.38646,0 18.28377,59.38686,0 18.28522,59.387,0 18.28541,59.38758,0 18.28579,59.38802,0 18.2861,59.38806,0</coordinates></LineString></Placemark><Placemark><styleUrl>#coast</styleUrl><LineString><tessellate>1</tessellate><coordinates>18.34766,59.29532,0 18.34881,59.29519,0</coordinates></LineString></Placemark><Placemark><styleUrl>#coast</styleUrl><LineString><tessellate>1</tessellate><coordinates>17.65267,59.18256,0 17.63911,59.1854,0 17.63657,59.18657,0 17.63436,59.18809,0 17.63153,59.18907,0 17.6297,59.19096,0 17.6295,59.19135,0 17.63015,59.19203,0 17.62958,59.1931,0 17.62881,59.19378,0 17.62893,59.19443,0 17.62939,59.1948,0 17.63005,59.19479,0 17.63009,59.19418,0 17.63045,59.19397,0 17.63074,59.19316,0 17.63066,59.19167,0 17.63178,59.19094,0</coordinates></LineString></Placemark><Placemark><styleUrl>#coast</styleUrl><LineString><tessellate>1</tessellate><coordinates>17.6326,59.19213,0 17.6329,59.19189,0 17.63335,59.19058,0 17.63514,59.18851,0 17.63791,59.18665,0 17.64057,59.18565,0 17.64994,59.18379,0</coordinates></LineString></Placemark><Placemark><styleUrl>#coast</styleUrl><LineString><tessellate>1</tessellate><coordinates>17.63227,59.19211,0 17.6326,59.19213,0</coordinates></LineString></Placemark><Placemark><styleUrl>#coast</styleUrl><LineString><tessellate>1</tessellate><coordinates>18.32085,59.20768,0 18.31792,59.21035,0 18.31502,59.21142,0 18.3138,59.21164,0 18.3134,59.21199,0 18.31349,59.21276,0 18.31406,59.21317,0 18.31347,59.21333,0 18.31377,59.21353,0 18.3142,59.21325,0 18.31465,59.21376,0 18.31429,59.215,0 18.31353,59.21569,0 18.3125,59.21596,0 18.31097,59.21665,0 18.31097,59.2169,0 18.30934,59.21774,0 18.30833,59.21878,0 18.30891,59.21979,0 18.30858,59.22066,0 18.30683,59.22227,0 18.30404,59.22304,0 18.30378,59.22432,0 18.30394,59.22504,0</coordinates></LineString></Placemark><Placemark><styleUrl>#coast</styleUrl><LineString><tessellate>1</tessellate><coordinates>18.34068,59.20839,0 18.33967,59.20828,0 18.33842,59.20901,0 18.33659,59.20936,0 18.33614,59.20993,0 18.33549,59.21016,0 18.33504,59.21002,0 18.33509,59.20965,0 18.33464,59.20948,0 18.33311,59.20965,0 18.33214,59.20999,0 18.33184,59.21,0 18.3311,59.20959,0 18.3288,59.20987,0 18.32816,59.21018,0 18.32896,59.21087,0 18.32841,59.21186,0 18.32783,59.21226,0 18.32762,59.21219,0 18.32603,59.21269,0 18.32607,59.21292,0 18.32565,59.21301,0</coordinates></LineString></Placemark><Placemark><styleUrl>#coast</styleUrl><LineString><tessellate>1</tessellate><coordinates>18.30394,59.22504,0 18.30439,59.22524,0 18.30434,59.225,0 18.30519,59.22482,0 18.30505,59.22469,0 18.3058,59.22443,0 18.30558,59.2243,0 18.30814,59.22163,0 18.3089,59.22114,0 18.31084,59.21861,0 18.31263,59.21749,0 18.31451,59.21665,0 18.31528,59.21646,0 18.31599,59.21658,0 18.31765,59.21624,0 18.31817,59.21587,0 18.31926,59.2155,0 18.32099,59.21542,0 18.32304,59.21479,0 18.32377,59.21495,0</coordinates></LineString></Placemark><Placemark><styleUrl>#coast</styleUrl><LineString><tessellate>1</tessellate><coordinates>18.32162,59.20785,0 18.32219,59.2076,0 18.32263,59.20704,0 18.32554,59.20606,0 18.32548,59.20576,0 18.32606,59.20556,0 18.32598,59.20499,0 18.32565,59.20491,0 18.32444,59.20526,0 18.32319,59.20525,0 18.32275,59.20544,0 18.3216,59.20532,0 18.32072,59.20543,0 18.32032,59.20527,0 18.31963,59.20536,0 18.31807,59.20676,0 18.3183,59.2068,0 18.31827,59.20739,0 18.31877,59.20756,0 18.32009,59.20746,0 18.32085,59.20768,0</coordinates></LineString></Placemark><Placemark><styleUrl>#coast</styleUrl><LineString><tessellate>1</tessellate><coordinates>18.32565,59.21301,0 18.32548,59.21289,0 18.32505,59.21294,0 18.32461,59.21253,0 18.32484,59.21246,0 18.32467,59.2118,0 18.32283,59.2108,0 18.32209,59.20998,0 18.32194,59.20948,0 18.32129,59.2093,0 18.32077,59.20947,0 18.31988,59.20929,0 18.32045,59.20852,0 18.32162,59.20785,0</coordinates></LineString></Placemark><Placemark><styleUrl>#coast</styleUrl><LineString><tessellate>1</tessellate><coordinates>18.12695,59.43832,0 18.12745,59.43857,0 18.127,59.43853,0 18.12735,59.43869,0 18.12721,59.43943,0 18.12747,59.43949,0 18.12748,59.4397,0 18.12784,59.43967,0 18.12805,59.43998,0 18.12775,59.44043,0 18.1283,59.44131,0 18.12807,59.44144,0 18.12868,59.44162,0 18.1291,59.44225,0 18.13185,59.44228,0</coordinates></LineString></Placemark><Placemark><styleUrl>#coast</styleUrl><LineString><tessellate>1</tessellate><coordinates>18.10011,59.31997,0 18.10027,59.3199,0</coordinates></LineString></Placemark><Placemark><styleUrl>#coast</styleUrl><LineString><tessellate>1</tessellate><coordinates>18.09902,59.31984,0 18.09893,59.31972,0 18.09931,59.31969,0 18.10011,59.31997,0</coordinates></LineString></Placemark><Placemark><styleUrl>#coast</styleUrl><LineString><tessellate>1</tessellate><coordinates>18.0986,59.31992,0 18.09902,59.31984,0</coordinates></LineString></Placemark><Placemark><styleUrl>#coast</styleUrl><LineString><tessellate>1</tessellate><coordinates>18.10027,59.3199,0 18.10066,59.32004,0</coordinates></LineString></Placemark><Placemark><styleUrl>#coast</styleUrl><LineString><tessellate>1</tessellate><coordinates>18.10066,59.32004,0 18.10094,59.31993,0</coordinates></LineString></Placemark></Folder></Document></kml>