<?xml version="1.0" encoding="UTF-8"?>
<kml xmlns="http://www.opengis.net/kml/2.2"><Document><name>Hiding zones</name><Style id="line-blue"><LineStyle><color>ffd49200</color><width>4</width></LineStyle></Style><Style id="dot-blue"><IconStyle><color>ffd49200</color><scale>0.9</scale><Icon><href>http://maps.google.com/mapfiles/kml/shapes/placemark_circle.png</href></Icon></IconStyle></Style><Style id="line-red"><LineStyle><color>ff2521e0</color><width>4</width></LineStyle></Style><Style id="dot-red"><IconStyle><color>ff2521e0</color><scale>0.9</scale><Icon><href>http://maps.google.com/mapfiles/kml/shapes/placemark_circle.png</href></Icon></IconStyle></Style><Style id="line-green"><LineStyle><color>ff4ca200</color><width>4</width></LineStyle></Style><Style id="dot-green"><IconStyle><color>ff4ca200</color><scale>0.9</scale><Icon><href>http://maps.google.com/mapfiles/kml/shapes/placemark_circle.png</href></Icon></IconStyle></Style><Style id="line-pendel"><LineStyle><color>ff9b62e4</color><width>4</width></LineStyle></Style><Style id="dot-pendel"><IconStyle><color>ff9b62e4</color><scale>0.9</scale><Icon><href>http://maps.google.com/mapfiles/kml/shapes/placemark_circle.png</href></Icon></IconStyle></Style><Style id="line-city"><LineStyle><color>ff929ba3</color><width>4</width></LineStyle></Style><Style id="dot-city"><IconStyle><color>ff929ba3</color><scale>0.9</scale><Icon><href>http://maps.google.com/mapfiles/kml/shapes/placemark_circle.png</href></Icon></IconStyle></Style><Style id="line-nockeby"><LineStyle><color>ffcba08c</color><width>4</width></LineStyle></Style><Style id="dot-nockeby"><IconStyle><color>ffcba08c</color><scale>0.9</scale><Icon><href>http://maps.google.com/mapfiles/kml/shapes/placemark_circle.png</href></Icon></IconStyle></Style><Style id="line-orange"><LineStyle><color>ff227cef</color><width>4</width></LineStyle></Style><Style id="dot-orange"><IconStyle><color>ff227cef</color><scale>0.9</scale><Icon><href>http://maps.google.com/mapfiles/kml/shapes/placemark_circle.png</href></Icon></IconStyle></Style><Style id="line-roslag"><LineStyle><color>ffc887b5</color><width>4</width></LineStyle></Style><Style id="dot-roslag"><IconStyle><color>ffc887b5</color><scale>0.9</scale><Icon><href>http://maps.google.com/mapfiles/kml/shapes/placemark_circle.png</href></Icon></IconStyle></Style><Style id="line-saltsjo"><LineStyle><color>ffa4b010</color><width>4</width></LineStyle></Style><Style id="dot-saltsjo"><IconStyle><color>ffa4b010</color><scale>0.9</scale><Icon><href>http://maps.google.com/mapfiles/kml/shapes/placemark_circle.png</href></Icon></IconStyle></Style><Style id="zone"><LineStyle><color>ff0080ff</color><width>2</width></LineStyle><PolyStyle><color>260080ff</color></PolyStyle></Style><Style id="border"><LineStyle><color>ff0000ff</color><width>3</width></LineStyle><PolyStyle><color>00000000</color></PolyStyle></Style><Folder><name>Hiding zones (400 m)</name><Placemark><name>Abrahamsberg</name><styleUrl>#zone</styleUrl><Polygon><outerBoundaryIs><LinearRing><coordinates>17.960809,59.336468,0 17.960748,59.336937,0 17.960569,59.337398,0 17.960272,59.337843,0 17.959865,59.338265,0 17.959353,59.338655,0 17.958745,59.339009,0 17.958052,59.339319,0 17.957286,59.339580,0 17.956459,59.339788,0 17.955587,59.339939,0 17.954683,59.340031,0 17.953763,59.340061,0 17.952843,59.340031,0 17.951939,59.339939,0 17.951067,59.339788,0 17.950240,59.339580,0 17.949474,59.339319,0 17.948781,59.339009,0 17.948173,59.338655,0 17.947661,59.338265,0 17.947254,59.337843,0 17.946957,59.337398,0 17.946778,59.336937,0 17.946717,59.336468,0 17.946778,59.335999,0 17.946957,59.335538,0 17.947254,59.335093,0 17.947661,59.334671,0 17.948173,59.334281,0 17.948781,59.333927,0 17.949474,59.333617,0 17.950240,59.333356,0 17.951067,59.333148,0 17.951939,59.332997,0 17.952843,59.332905,0 17.953763,59.332875,0 17.954683,59.332905,0 17.955587,59.332997,0 17.956459,59.333148,0 17.957286,59.333356,0 17.958052,59.333617,0 17.958745,59.333927,0 17.959353,59.334281,0 17.959865,59.334671,0 17.960272,59.335093,0 17.960569,59.335538,0 17.960748,59.335999,0 17.960809,59.336468,0</coordinates></LinearRing></outerBoundaryIs></Polygon></Placemark><Placemark><name>AGA</name><styleUrl>#zone</styleUrl><Polygon><outerBoundaryIs><LinearRing><coordinates>18.163553,59.346293,0 18.163492,59.346762,0 18.163313,59.347223,0 18.163016,59.347668,0 18.162608,59.348090,0 18.162096,59.348480,0 18.161488,59.348834,0 18.160795,59.349144,0 18.160029,59.349405,0 18.159202,59.349613,0 18.158329,59.349764,0 18.157425,59.349856,0 18.156505,59.349886,0 18.155585,59.349856,0 18.154681,59.349764,0 18.153808,59.349613,0 18.152981,59.349405,0 18.152215,59.349144,0 18.151522,59.348834,0 18.150914,59.348480,0 18.150402,59.348090,0 18.149994,59.347668,0 18.149697,59.347223,0 18.149518,59.346762,0 18.149457,59.346293,0 18.149518,59.345824,0 18.149697,59.345363,0 18.149994,59.344918,0 18.150402,59.344496,0 18.150914,59.344106,0 18.151522,59.343752,0 18.152215,59.343442,0 18.152981,59.343181,0 18.153808,59.342973,0 18.154681,59.342822,0 18.155585,59.342730,0 18.156505,59.342700,0 18.157425,59.342730,0 18.158329,59.342822,0 18.159202,59.342973,0 18.160029,59.343181,0 18.160795,59.343442,0 18.161488,59.343752,0 18.162096,59.344106,0 18.162608,59.344496,0 18.163016,59.344918,0 18.163313,59.345363,0 18.163492,59.345824,0 18.163553,59.346293,0</coordinates></LinearRing></outerBoundaryIs></Polygon></Placemark><Placemark><name>Akalla</name><styleUrl>#zone</styleUrl><Polygon><outerBoundaryIs><LinearRing><coordinates>17.920281,59.415581,0 17.920221,59.416050,0 17.920040,59.416511,0 17.919744,59.416956,0 17.919335,59.417378,0 17.918822,59.417768,0 17.918213,59.418122,0 17.917518,59.418432,0 17.916750,59.418693,0 17.915922,59.418901,0 17.915047,59.419052,0 17.914141,59.419144,0 17.913219,59.419174,0 17.912297,59.419144,0 17.911391,59.419052,0 17.910516,59.418901,0 17.909688,59.418693,0 17.908920,59.418432,0 17.908225,59.418122,0 17.907616,59.417768,0 17.907103,59.417378,0 17.906694,59.416956,0 17.906398,59.416511,0 17.906217,59.416050,0 17.906157,59.415581,0 17.906217,59.415112,0 17.906398,59.414651,0 17.906694,59.414206,0 17.907103,59.413784,0 17.907616,59.413394,0 17.908225,59.413040,0 17.908920,59.412730,0 17.909688,59.412469,0 17.910516,59.412261,0 17.911391,59.412110,0 17.912297,59.412018,0 17.913219,59.411988,0 17.914141,59.412018,0 17.915047,59.412110,0 17.915922,59.412261,0 17.916750,59.412469,0 17.917518,59.412730,0 17.918213,59.413040,0 17.918822,59.413394,0 17.919335,59.413784,0 17.919744,59.414206,0 17.920040,59.414651,0 17.920221,59.415112,0 17.920281,59.415581,0</coordinates></LinearRing></outerBoundaryIs></Polygon></Placemark><Placemark><name>Alby</name><styleUrl>#zone</styleUrl><Polygon><outerBoundaryIs><LinearRing><coordinates>17.851833,59.239309,0 17.851772,59.239778,0 17.851593,59.240239,0 17.851298,59.240684,0 17.850891,59.241106,0 17.850381,59.241496,0 17.849775,59.241850,0 17.849084,59.242160,0 17.848320,59.242421,0 17.847496,59.242629,0 17.846625,59.242780,0 17.845724,59.242872,0 17.844807,59.242902,0 17.843890,59.242872,0 17.842989,59.242780,0 17.842118,59.242629,0 17.841294,59.242421,0 17.840530,59.242160,0 17.839839,59.241850,0 17.839233,59.241496,0 17.838723,59.241106,0 17.838316,59.240684,0 17.838021,59.240239,0 17.837842,59.239778,0 17.837781,59.239309,0 17.837842,59.238840,0 17.838021,59.238379,0 17.838316,59.237934,0 17.838723,59.237512,0 17.839233,59.237122,0 17.839839,59.236768,0 17.840530,59.236458,0 17.841294,59.236197,0 17.842118,59.235989,0 17.842989,59.235838,0 17.843890,59.235746,0 17.844807,59.235716,0 17.845724,59.235746,0 17.846625,59.235838,0 17.847496,59.235989,0 17.848320,59.236197,0 17.849084,59.236458,0 17.849775,59.236768,0 17.850381,59.237122,0 17.850891,59.237512,0 17.851298,59.237934,0 17.851593,59.238379,0 17.851772,59.238840,0 17.851833,59.239309,0</coordinates></LinearRing></outerBoundaryIs></Polygon></Placemark><Placemark><name>Alléparken</name><styleUrl>#zone</styleUrl><Polygon><outerBoundaryIs><LinearRing><coordinates>17.981506,59.329287,0 17.981446,59.329756,0 17.981266,59.330217,0 17.980970,59.330662,0 17.980562,59.331084,0 17.980051,59.331474,0 17.979443,59.331828,0 17.978750,59.332138,0 17.977984,59.332399,0 17.977158,59.332607,0 17.976285,59.332758,0 17.975381,59.332850,0 17.974462,59.332880,0 17.973543,59.332850,0 17.972639,59.332758,0 17.971766,59.332607,0 17.970940,59.332399,0 17.970174,59.332138,0 17.969481,59.331828,0 17.968873,59.331474,0 17.968362,59.331084,0 17.967954,59.330662,0 17.967658,59.330217,0 17.967478,59.329756,0 17.967418,59.329287,0 17.967478,59.328818,0 17.967658,59.328357,0 17.967954,59.327912,0 17.968362,59.327490,0 17.968873,59.327100,0 17.969481,59.326746,0 17.970174,59.326436,0 17.970940,59.326175,0 17.971766,59.325967,0 17.972639,59.325816,0 17.973543,59.325724,0 17.974462,59.325694,0 17.975381,59.325724,0 17.976285,59.325816,0 17.977158,59.325967,0 17.977984,59.326175,0 17.978750,59.326436,0 17.979443,59.326746,0 17.980051,59.327100,0 17.980562,59.327490,0 17.980970,59.327912,0 17.981266,59.328357,0 17.981446,59.328818,0 17.981506,59.329287,0</coordinates></LinearRing></outerBoundaryIs></Polygon></Placemark><Placemark><name>Altorp</name><styleUrl>#zone</styleUrl><Polygon><outerBoundaryIs><LinearRing><coordinates>18.079901,59.410829,0 18.079841,59.411298,0 18.079661,59.411759,0 18.079364,59.412204,0 18.078955,59.412626,0 18.078442,59.413016,0 18.077833,59.413370,0 18.077139,59.413680,0 18.076371,59.413941,0 18.075542,59.414149,0 18.074668,59.414300,0 18.073762,59.414392,0 18.072840,59.414422,0 18.071918,59.414392,0 18.071012,59.414300,0 18.070138,59.414149,0 18.069309,59.413941,0 18.068541,59.413680,0 18.067847,59.413370,0 18.067238,59.413016,0 18.066725,59.412626,0 18.066316,59.412204,0 18.066019,59.411759,0 18.065839,59.411298,0 18.065779,59.410829,0 18.065839,59.410360,0 18.066019,59.409899,0 18.066316,59.409454,0 18.066725,59.409032,0 18.067238,59.408642,0 18.067847,59.408288,0 18.068541,59.407978,0 18.069309,59.407717,0 18.070138,59.407509,0 18.071012,59.407358,0 18.071918,59.407266,0 18.072840,59.407236,0 18.073762,59.407266,0 18.074668,59.407358,0 18.075542,59.407509,0 18.076371,59.407717,0 18.077139,59.407978,0 18.077833,59.408288,0 18.078442,59.408642,0 18.078955,59.409032,0 18.079364,59.409454,0 18.079661,59.409899,0 18.079841,59.410360,0 18.079901,59.410829,0</coordinates></LinearRing></outerBoundaryIs></Polygon></Placemark><Placemark><name>Alvik</name><styleUrl>#zone</styleUrl><Polygon><outerBoundaryIs><LinearRing><coordinates>17.989324,59.333401,0 17.989264,59.333870,0 17.989084,59.334331,0 17.988788,59.334776,0 17.988380,59.335198,0 17.987868,59.335588,0 17.987261,59.335942,0 17.986568,59.336252,0 17.985802,59.336513,0 17.984975,59.336721,0 17.984102,59.336872,0 17.983199,59.336964,0 17.982279,59.336994,0 17.981359,59.336964,0 17.980456,59.336872,0 17.979583,59.336721,0 17.978756,59.336513,0 17.977990,59.336252,0 17.977297,59.335942,0 17.976690,59.335588,0 17.976178,59.335198,0 17.975770,59.334776,0 17.975474,59.334331,0 17.975294,59.333870,0 17.975234,59.333401,0 17.975294,59.332932,0 17.975474,59.332471,0 17.975770,59.332026,0 17.976178,59.331604,0 17.976690,59.331214,0 17.977297,59.330860,0 17.977990,59.330550,0 17.978756,59.330289,0 17.979583,59.330081,0 17.980456,59.329930,0 17.981359,59.329838,0 17.982279,59.329808,0 17.983199,59.329838,0 17.984102,59.329930,0 17.984975,59.330081,0 17.985802,59.330289,0 17.986568,59.330550,0 17.987261,59.330860,0 17.987868,59.331214,0 17.988380,59.331604,0 17.988788,59.332026,0 17.989084,59.332471,0 17.989264,59.332932,0 17.989324,59.333401,0</coordinates></LinearRing></outerBoundaryIs></Polygon></Placemark><Placemark><name>Alviks strand</name><styleUrl>#zone</styleUrl><Polygon><outerBoundaryIs><LinearRing><coordinates>17.989264,59.328963,0 17.989204,59.329432,0 17.989024,59.329893,0 17.988728,59.330338,0 17.988320,59.330760,0 17.987808,59.331150,0 17.987201,59.331504,0 17.986508,59.331814,0 17.985742,59.332075,0 17.984916,59.332283,0 17.984043,59.332434,0 17.983139,59.332526,0 17.982220,59.332556,0 17.981301,59.332526,0 17.980397,59.332434,0 17.979524,59.332283,0 17.978698,59.332075,0 17.977932,59.331814,0 17.977239,59.331504,0 17.976632,59.331150,0 17.976120,59.330760,0 17.975712,59.330338,0 17.975416,59.329893,0 17.975236,59.329432,0 17.975176,59.328963,0 17.975236,59.328494,0 17.975416,59.328033,0 17.975712,59.327588,0 17.976120,59.327166,0 17.976632,59.326776,0 17.977239,59.326422,0 17.977932,59.326112,0 17.978698,59.325851,0 17.979524,59.325643,0 17.980397,59.325492,0 17.981301,59.325400,0 17.982220,59.325370,0 17.983139,59.325400,0 17.984043,59.325492,0 17.984916,59.325643,0 17.985742,59.325851,0 17.986508,59.326112,0 17.987201,59.326422,0 17.987808,59.326776,0 17.988320,59.327166,0 17.988728,59.327588,0 17.989024,59.328033,0 17.989204,59.328494,0 17.989264,59.328963,0</coordinates></LinearRing></outerBoundaryIs></Polygon></Placemark><Placemark><name>Arlanda central</name><styleUrl>#zone</styleUrl><Polygon><outerBoundaryIs><LinearRing><coordinates>17.935706,59.649426,0 17.935645,59.649895,0 17.935464,59.650356,0 17.935165,59.650801,0 17.934754,59.651223,0 17.934237,59.651613,0 17.933623,59.651967,0 17.932924,59.652277,0 17.932151,59.652538,0 17.931316,59.652746,0 17.930436,59.652897,0 17.929523,59.652989,0 17.928595,59.653019,0 17.927667,59.652989,0 17.926754,59.652897,0 17.925874,59.652746,0 17.925039,59.652538,0 17.924266,59.652277,0 17.923567,59.651967,0 17.922953,59.651613,0 17.922436,59.651223,0 17.922025,59.650801,0 17.921726,59.650356,0 17.921545,59.649895,0 17.921484,59.649426,0 17.921545,59.648957,0 17.921726,59.648496,0 17.922025,59.648051,0 17.922436,59.647629,0 17.922953,59.647239,0 17.923567,59.646885,0 17.924266,59.646575,0 17.925039,59.646314,0 17.925874,59.646106,0 17.926754,59.645955,0 17.927667,59.645863,0 17.928595,59.645833,0 17.929523,59.645863,0 17.930436,59.645955,0 17.931316,59.646106,0 17.932151,59.646314,0 17.932924,59.646575,0 17.933623,59.646885,0 17.934237,59.647239,0 17.934754,59.647629,0 17.935165,59.648051,0 17.935464,59.648496,0 17.935645,59.648957,0 17.935706,59.649426,0</coordinates></LinearRing></outerBoundaryIs></Polygon></Placemark><Placemark><name>Arninge</name><styleUrl>#zone</styleUrl><Polygon><outerBoundaryIs><LinearRing><coordinates>18.148447,59.458786,0 18.148387,59.459255,0 18.148206,59.459716,0 18.147909,59.460161,0 18.147500,59.460583,0 18.146986,59.460973,0 18.146376,59.461327,0 18.145681,59.461637,0 18.144912,59.461898,0 18.144082,59.462106,0 18.143206,59.462257,0 18.142299,59.462349,0 18.141376,59.462379,0 18.140453,59.462349,0 18.139546,59.462257,0 18.138670,59.462106,0 18.137840,59.461898,0 18.137071,59.461637,0 18.136376,59.461327,0 18.135766,59.460973,0 18.135252,59.460583,0 18.134843,59.460161,0 18.134546,59.459716,0 18.134365,59.459255,0 18.134305,59.458786,0 18.134365,59.458317,0 18.134546,59.457856,0 18.134843,59.457411,0 18.135252,59.456989,0 18.135766,59.456599,0 18.136376,59.456245,0 18.137071,59.455935,0 18.137840,59.455674,0 18.138670,59.455466,0 18.139546,59.455315,0 18.140453,59.455223,0 18.141376,59.455193,0 18.142299,59.455223,0 18.143206,59.455315,0 18.144082,59.455466,0 18.144912,59.455674,0 18.145681,59.455935,0 18.146376,59.456245,0 18.146986,59.456599,0 18.147500,59.456989,0 18.147909,59.457411,0 18.148206,59.457856,0 18.148387,59.458317,0 18.148447,59.458786,0</coordinates></LinearRing></outerBoundaryIs></Polygon></Placemark><Placemark><name>Aspudden</name><styleUrl>#zone</styleUrl><Polygon><outerBoundaryIs><LinearRing><coordinates>18.009431,59.306576,0 18.009371,59.307045,0 18.009192,59.307506,0 18.008896,59.307951,0 18.008488,59.308373,0 18.007977,59.308763,0 18.007370,59.309117,0 18.006677,59.309427,0 18.005912,59.309688,0 18.005086,59.309896,0 18.004214,59.310047,0 18.003311,59.310139,0 18.002392,59.310169,0 18.001473,59.310139,0 18.000570,59.310047,0 17.999698,59.309896,0 17.998872,59.309688,0 17.998107,59.309427,0 17.997414,59.309117,0 17.996807,59.308763,0 17.996296,59.308373,0 17.995888,59.307951,0 17.995592,59.307506,0 17.995413,59.307045,0 17.995353,59.306576,0 17.995413,59.306107,0 17.995592,59.305646,0 17.995888,59.305201,0 17.996296,59.304779,0 17.996807,59.304389,0 17.997414,59.304035,0 17.998107,59.303725,0 17.998872,59.303464,0 17.999698,59.303256,0 18.000570,59.303105,0 18.001473,59.303013,0 18.002392,59.302983,0 18.003311,59.303013,0 18.004214,59.303105,0 18.005086,59.303256,0 18.005912,59.303464,0 18.006677,59.303725,0 18.007370,59.304035,0 18.007977,59.304389,0 18.008488,59.304779,0 18.008896,59.305201,0 18.009192,59.305646,0 18.009371,59.306107,0 18.009431,59.306576,0</coordinates></LinearRing></outerBoundaryIs></Polygon></Placemark><Placemark><name>Axelsberg</name><styleUrl>#zone</styleUrl><Polygon><outerBoundaryIs><LinearRing><coordinates>17.981453,59.304325,0 17.981393,59.304794,0 17.981213,59.305255,0 17.980917,59.305700,0 17.980510,59.306122,0 17.979998,59.306512,0 17.979391,59.306866,0 17.978699,59.307176,0 17.977933,59.307437,0 17.977108,59.307645,0 17.976236,59.307796,0 17.975333,59.307888,0 17.974414,59.307918,0 17.973495,59.307888,0 17.972592,59.307796,0 17.971720,59.307645,0 17.970895,59.307437,0 17.970129,59.307176,0 17.969437,59.306866,0 17.968830,59.306512,0 17.968318,59.306122,0 17.967911,59.305700,0 17.967615,59.305255,0 17.967435,59.304794,0 17.967375,59.304325,0 17.967435,59.303856,0 17.967615,59.303395,0 17.967911,59.302950,0 17.968318,59.302528,0 17.968830,59.302138,0 17.969437,59.301784,0 17.970129,59.301474,0 17.970895,59.301213,0 17.971720,59.301005,0 17.972592,59.300854,0 17.973495,59.300762,0 17.974414,59.300732,0 17.975333,59.300762,0 17.976236,59.300854,0 17.977108,59.301005,0 17.977933,59.301213,0 17.978699,59.301474,0 17.979391,59.301784,0 17.979998,59.302138,0 17.980510,59.302528,0 17.980917,59.302950,0 17.981213,59.303395,0 17.981393,59.303856,0 17.981453,59.304325,0</coordinates></LinearRing></outerBoundaryIs></Polygon></Placemark><Placemark><name>Bagarmossen</name><styleUrl>#zone</styleUrl><Polygon><outerBoundaryIs><LinearRing><coordinates>18.138373,59.276186,0 18.138313,59.276655,0 18.138134,59.277116,0 18.137838,59.277561,0 18.137431,59.277983,0 18.136920,59.278373,0 18.136313,59.278727,0 18.135622,59.279037,0 18.134857,59.279298,0 18.134031,59.279506,0 18.133160,59.279657,0 18.132258,59.279749,0 18.131340,59.279779,0 18.130422,59.279749,0 18.129520,59.279657,0 18.128649,59.279506,0 18.127823,59.279298,0 18.127058,59.279037,0 18.126367,59.278727,0 18.125760,59.278373,0 18.125249,59.277983,0 18.124842,59.277561,0 18.124546,59.277116,0 18.124367,59.276655,0 18.124307,59.276186,0 18.124367,59.275717,0 18.124546,59.275256,0 18.124842,59.274811,0 18.125249,59.274389,0 18.125760,59.273999,0 18.126367,59.273645,0 18.127058,59.273335,0 18.127823,59.273074,0 18.128649,59.272866,0 18.129520,59.272715,0 18.130422,59.272623,0 18.131340,59.272593,0 18.132258,59.272623,0 18.133160,59.272715,0 18.134031,59.272866,0 18.134857,59.273074,0 18.135622,59.273335,0 18.136313,59.273645,0 18.136920,59.273999,0 18.137431,59.274389,0 18.137838,59.274811,0 18.138134,59.275256,0 18.138313,59.275717,0 18.138373,59.276186,0</coordinates></LinearRing></outerBoundaryIs></Polygon></Placemark><Placemark><name>Baggeby</name><styleUrl>#zone</styleUrl><Polygon><outerBoundaryIs><LinearRing><coordinates>18.139672,59.357055,0 18.139612,59.357524,0 18.139432,59.357985,0 18.139135,59.358430,0 18.138727,59.358852,0 18.138215,59.359242,0 18.137607,59.359596,0 18.136914,59.359906,0 18.136147,59.360167,0 18.135320,59.360375,0 18.134447,59.360526,0 18.133542,59.360618,0 18.132622,59.360648,0 18.131702,59.360618,0 18.130797,59.360526,0 18.129924,59.360375,0 18.129097,59.360167,0 18.128330,59.359906,0 18.127637,59.359596,0 18.127029,59.359242,0 18.126517,59.358852,0 18.126109,59.358430,0 18.125812,59.357985,0 18.125632,59.357524,0 18.125572,59.357055,0 18.125632,59.356586,0 18.125812,59.356125,0 18.126109,59.355680,0 18.126517,59.355258,0 18.127029,59.354868,0 18.127637,59.354514,0 18.128330,59.354204,0 18.129097,59.353943,0 18.129924,59.353735,0 18.130797,59.353584,0 18.131702,59.353492,0 18.132622,59.353462,0 18.133542,59.353492,0 18.134447,59.353584,0 18.135320,59.353735,0 18.136147,59.353943,0 18.136914,59.354204,0 18.137607,59.354514,0 18.138215,59.354868,0 18.138727,59.355258,0 18.139135,59.355680,0 18.139432,59.356125,0 18.139612,59.356586,0 18.139672,59.357055,0</coordinates></LinearRing></outerBoundaryIs></Polygon></Placemark><Placemark><name>Bandhagen</name><styleUrl>#zone</styleUrl><Polygon><outerBoundaryIs><LinearRing><coordinates>18.056620,59.270305,0 18.056560,59.270774,0 18.056380,59.271235,0 18.056085,59.271680,0 18.055678,59.272102,0 18.055167,59.272492,0 18.054560,59.272846,0 18.053869,59.273156,0 18.053104,59.273417,0 18.052279,59.273625,0 18.051408,59.273776,0 18.050506,59.273868,0 18.049588,59.273898,0 18.048670,59.273868,0 18.047768,59.273776,0 18.046897,59.273625,0 18.046072,59.273417,0 18.045307,59.273156,0 18.044616,59.272846,0 18.044009,59.272492,0 18.043498,59.272102,0 18.043091,59.271680,0 18.042796,59.271235,0 18.042616,59.270774,0 18.042556,59.270305,0 18.042616,59.269836,0 18.042796,59.269375,0 18.043091,59.268930,0 18.043498,59.268508,0 18.044009,59.268118,0 18.044616,59.267764,0 18.045307,59.267454,0 18.046072,59.267193,0 18.046897,59.266985,0 18.047768,59.266834,0 18.048670,59.266742,0 18.049588,59.266712,0 18.050506,59.266742,0 18.051408,59.266834,0 18.052279,59.266985,0 18.053104,59.267193,0 18.053869,59.267454,0 18.054560,59.267764,0 18.055167,59.268118,0 18.055678,59.268508,0 18.056085,59.268930,0 18.056380,59.269375,0 18.056560,59.269836,0 18.056620,59.270305,0</coordinates></LinearRing></outerBoundaryIs></Polygon></Placemark><Placemark><name>Barkarby</name><styleUrl>#zone</styleUrl><Polygon><outerBoundaryIs><LinearRing><coordinates>17.872474,59.404783,0 17.872413,59.405252,0 17.872233,59.405713,0 17.871936,59.406158,0 17.871528,59.406580,0 17.871015,59.406970,0 17.870406,59.407324,0 17.869712,59.407634,0 17.868944,59.407895,0 17.868116,59.408103,0 17.867241,59.408254,0 17.866335,59.408346,0 17.865414,59.408376,0 17.864493,59.408346,0 17.863587,59.408254,0 17.862712,59.408103,0 17.861884,59.407895,0 17.861116,59.407634,0 17.860422,59.407324,0 17.859813,59.406970,0 17.859300,59.406580,0 17.858892,59.406158,0 17.858595,59.405713,0 17.858415,59.405252,0 17.858354,59.404783,0 17.858415,59.404314,0 17.858595,59.403853,0 17.858892,59.403408,0 17.859300,59.402986,0 17.859813,59.402596,0 17.860422,59.402242,0 17.861116,59.401932,0 17.861884,59.401671,0 17.862712,59.401463,0 17.863587,59.401312,0 17.864493,59.401220,0 17.865414,59.401190,0 17.866335,59.401220,0 17.867241,59.401312,0 17.868116,59.401463,0 17.868944,59.401671,0 17.869712,59.401932,0 17.870406,59.402242,0 17.871015,59.402596,0 17.871528,59.402986,0 17.871936,59.403408,0 17.872233,59.403853,0 17.872413,59.404314,0 17.872474,59.404783,0</coordinates></LinearRing></outerBoundaryIs></Polygon></Placemark><Placemark><name>Bergshamra</name><styleUrl>#zone</styleUrl><Polygon><outerBoundaryIs><LinearRing><coordinates>18.044459,59.380702,0 18.044398,59.381171,0 18.044218,59.381632,0 18.043922,59.382077,0 18.043514,59.382499,0 18.043001,59.382889,0 18.042393,59.383243,0 18.041699,59.383553,0 18.040931,59.383814,0 18.040104,59.384022,0 18.039230,59.384173,0 18.038325,59.384265,0 18.037404,59.384295,0 18.036483,59.384265,0 18.035578,59.384173,0 18.034704,59.384022,0 18.033877,59.383814,0 18.033109,59.383553,0 18.032415,59.383243,0 18.031807,59.382889,0 18.031294,59.382499,0 18.030886,59.382077,0 18.030590,59.381632,0 18.030410,59.381171,0 18.030349,59.380702,0 18.030410,59.380233,0 18.030590,59.379772,0 18.030886,59.379327,0 18.031294,59.378905,0 18.031807,59.378515,0 18.032415,59.378161,0 18.033109,59.377851,0 18.033877,59.377590,0 18.034704,59.377382,0 18.035578,59.377231,0 18.036483,59.377139,0 18.037404,59.377109,0 18.038325,59.377139,0 18.039230,59.377231,0 18.040104,59.377382,0 18.040931,59.377590,0 18.041699,59.377851,0 18.042393,59.378161,0 18.043001,59.378515,0 18.043514,59.378905,0 18.043922,59.379327,0 18.044218,59.379772,0 18.044398,59.380233,0 18.044459,59.380702,0</coordinates></LinearRing></outerBoundaryIs></Polygon></Placemark><Placemark><name>Björkhagen</name><styleUrl>#zone</styleUrl><Polygon><outerBoundaryIs><LinearRing><coordinates>18.122522,59.291204,0 18.122462,59.291673,0 18.122283,59.292134,0 18.121987,59.292579,0 18.121580,59.293001,0 18.121068,59.293391,0 18.120461,59.293745,0 18.119769,59.294055,0 18.119004,59.294316,0 18.118179,59.294524,0 18.117307,59.294675,0 18.116404,59.294767,0 18.115486,59.294797,0 18.114568,59.294767,0 18.113665,59.294675,0 18.112793,59.294524,0 18.111968,59.294316,0 18.111203,59.294055,0 18.110511,59.293745,0 18.109904,59.293391,0 18.109392,59.293001,0 18.108985,59.292579,0 18.108689,59.292134,0 18.108510,59.291673,0 18.108450,59.291204,0 18.108510,59.290735,0 18.108689,59.290274,0 18.108985,59.289829,0 18.109392,59.289407,0 18.109904,59.289017,0 18.110511,59.288663,0 18.111203,59.288353,0 18.111968,59.288092,0 18.112793,59.287884,0 18.113665,59.287733,0 18.114568,59.287641,0 18.115486,59.287611,0 18.116404,59.287641,0 18.117307,59.287733,0 18.118179,59.287884,0 18.119004,59.288092,0 18.119769,59.288353,0 18.120461,59.288663,0 18.121068,59.289017,0 18.121580,59.289407,0 18.121987,59.289829,0 18.122283,59.290274,0 18.122462,59.290735,0 18.122522,59.291204,0</coordinates></LinearRing></outerBoundaryIs></Polygon></Placemark><Placemark><name>Blackeberg</name><styleUrl>#zone</styleUrl><Polygon><outerBoundaryIs><LinearRing><coordinates>17.889747,59.348473,0 17.889687,59.348942,0 17.889507,59.349403,0 17.889211,59.349848,0 17.888803,59.350270,0 17.888291,59.350660,0 17.887683,59.351014,0 17.886990,59.351324,0 17.886223,59.351585,0 17.885396,59.351793,0 17.884523,59.351944,0 17.883619,59.352036,0 17.882699,59.352066,0 17.881779,59.352036,0 17.880875,59.351944,0 17.880002,59.351793,0 17.879175,59.351585,0 17.878408,59.351324,0 17.877715,59.351014,0 17.877107,59.350660,0 17.876595,59.350270,0 17.876187,59.349848,0 17.875891,59.349403,0 17.875711,59.348942,0 17.875651,59.348473,0 17.875711,59.348004,0 17.875891,59.347543,0 17.876187,59.347098,0 17.876595,59.346676,0 17.877107,59.346286,0 17.877715,59.345932,0 17.878408,59.345622,0 17.879175,59.345361,0 17.880002,59.345153,0 17.880875,59.345002,0 17.881779,59.344910,0 17.882699,59.344880,0 17.883619,59.344910,0 17.884523,59.345002,0 17.885396,59.345153,0 17.886223,59.345361,0 17.886990,59.345622,0 17.887683,59.345932,0 17.888291,59.346286,0 17.888803,59.346676,0 17.889211,59.347098,0 17.889507,59.347543,0 17.889687,59.348004,0 17.889747,59.348473,0</coordinates></LinearRing></outerBoundaryIs></Polygon></Placemark><Placemark><name>Blåsut</name><styleUrl>#zone</styleUrl><Polygon><outerBoundaryIs><LinearRing><coordinates>18.098197,59.290503,0 18.098137,59.290972,0 18.097957,59.291433,0 18.097662,59.291878,0 18.097254,59.292300,0 18.096743,59.292690,0 18.096136,59.293044,0 18.095444,59.293354,0 18.094679,59.293615,0 18.093854,59.293823,0 18.092982,59.293974,0 18.092079,59.294066,0 18.091161,59.294096,0 18.090243,59.294066,0 18.089340,59.293974,0 18.088468,59.293823,0 18.087643,59.293615,0 18.086878,59.293354,0 18.086186,59.293044,0 18.085579,59.292690,0 18.085068,59.292300,0 18.084660,59.291878,0 18.084365,59.291433,0 18.084185,59.290972,0 18.084125,59.290503,0 18.084185,59.290034,0 18.084365,59.289573,0 18.084660,59.289128,0 18.085068,59.288706,0 18.085579,59.288316,0 18.086186,59.287962,0 18.086878,59.287652,0 18.087643,59.287391,0 18.088468,59.287183,0 18.089340,59.287032,0 18.090243,59.286940,0 18.091161,59.286910,0 18.092079,59.286940,0 18.092982,59.287032,0 18.093854,59.287183,0 18.094679,59.287391,0 18.095444,59.287652,0 18.096136,59.287962,0 18.096743,59.288316,0 18.097254,59.288706,0 18.097662,59.289128,0 18.097957,59.289573,0 18.098137,59.290034,0 18.098197,59.290503,0</coordinates></LinearRing></outerBoundaryIs></Polygon></Placemark><Placemark><name>Bodal</name><styleUrl>#zone</styleUrl><Polygon><outerBoundaryIs><LinearRing><coordinates>18.145211,59.353954,0 18.145151,59.354423,0 18.144971,59.354884,0 18.144675,59.355329,0 18.144267,59.355751,0 18.143755,59.356141,0 18.143147,59.356495,0 18.142453,59.356805,0 18.141687,59.357066,0 18.140860,59.357274,0 18.139986,59.357425,0 18.139082,59.357517,0 18.138162,59.357547,0 18.137242,59.357517,0 18.136338,59.357425,0 18.135464,59.357274,0 18.134637,59.357066,0 18.133871,59.356805,0 18.133177,59.356495,0 18.132569,59.356141,0 18.132057,59.355751,0 18.131649,59.355329,0 18.131353,59.354884,0 18.131173,59.354423,0 18.131113,59.353954,0 18.131173,59.353485,0 18.131353,59.353024,0 18.131649,59.352579,0 18.132057,59.352157,0 18.132569,59.351767,0 18.133177,59.351413,0 18.133871,59.351103,0 18.134637,59.350842,0 18.135464,59.350634,0 18.136338,59.350483,0 18.137242,59.350391,0 18.138162,59.350361,0 18.139082,59.350391,0 18.139986,59.350483,0 18.140860,59.350634,0 18.141687,59.350842,0 18.142453,59.351103,0 18.143147,59.351413,0 18.143755,59.351767,0 18.144267,59.352157,0 18.144675,59.352579,0 18.144971,59.353024,0 18.145151,59.353485,0 18.145211,59.353954,0</coordinates></LinearRing></outerBoundaryIs></Polygon></Placemark><Placemark><name>Bredäng</name><styleUrl>#zone</styleUrl><Polygon><outerBoundaryIs><LinearRing><coordinates>17.940474,59.294783,0 17.940414,59.295252,0 17.940234,59.295713,0 17.939938,59.296158,0 17.939531,59.296580,0 17.939020,59.296970,0 17.938413,59.297324,0 17.937721,59.297634,0 17.936956,59.297895,0 17.936130,59.298103,0 17.935258,59.298254,0 17.934356,59.298346,0 17.933437,59.298376,0 17.932518,59.298346,0 17.931616,59.298254,0 17.930744,59.298103,0 17.929918,59.297895,0 17.929153,59.297634,0 17.928461,59.297324,0 17.927854,59.296970,0 17.927343,59.296580,0 17.926936,59.296158,0 17.926640,59.295713,0 17.926460,59.295252,0 17.926400,59.294783,0 17.926460,59.294314,0 17.926640,59.293853,0 17.926936,59.293408,0 17.927343,59.292986,0 17.927854,59.292596,0 17.928461,59.292242,0 17.929153,59.291932,0 17.929918,59.291671,0 17.930744,59.291463,0 17.931616,59.291312,0 17.932518,59.291220,0 17.933437,59.291190,0 17.934356,59.291220,0 17.935258,59.291312,0 17.936130,59.291463,0 17.936956,59.291671,0 17.937721,59.291932,0 17.938413,59.292242,0 17.939020,59.292596,0 17.939531,59.292986,0 17.939938,59.293408,0 17.940234,59.293853,0 17.940414,59.294314,0 17.940474,59.294783,0</coordinates></LinearRing></outerBoundaryIs></Polygon></Placemark><Placemark><name>Brevik</name><styleUrl>#zone</styleUrl><Polygon><outerBoundaryIs><LinearRing><coordinates>18.210672,59.348411,0 18.210612,59.348880,0 18.210432,59.349341,0 18.210136,59.349786,0 18.209728,59.350208,0 18.209216,59.350598,0 18.208608,59.350952,0 18.207915,59.351262,0 18.207148,59.351523,0 18.206321,59.351731,0 18.205448,59.351882,0 18.204544,59.351974,0 18.203624,59.352004,0 18.202704,59.351974,0 18.201800,59.351882,0 18.200927,59.351731,0 18.200100,59.351523,0 18.199333,59.351262,0 18.198640,59.350952,0 18.198032,59.350598,0 18.197520,59.350208,0 18.197112,59.349786,0 18.196816,59.349341,0 18.196636,59.348880,0 18.196576,59.348411,0 18.196636,59.347942,0 18.196816,59.347481,0 18.197112,59.347036,0 18.197520,59.346614,0 18.198032,59.346224,0 18.198640,59.345870,0 18.199333,59.345560,0 18.200100,59.345299,0 18.200927,59.345091,0 18.201800,59.344940,0 18.202704,59.344848,0 18.203624,59.344818,0 18.204544,59.344848,0 18.205448,59.344940,0 18.206321,59.345091,0 18.207148,59.345299,0 18.207915,59.345560,0 18.208608,59.345870,0 18.209216,59.346224,0 18.209728,59.346614,0 18.210136,59.347036,0 18.210432,59.347481,0 18.210612,59.347942,0 18.210672,59.348411,0</coordinates></LinearRing></outerBoundaryIs></Polygon></Placemark><Placemark><name>Bro</name><styleUrl>#zone</styleUrl><Polygon><outerBoundaryIs><LinearRing><coordinates>17.639979,59.512344,0 17.639919,59.512813,0 17.639738,59.513274,0 17.639440,59.513719,0 17.639030,59.514141,0 17.638516,59.514531,0 17.637905,59.514885,0 17.637208,59.515195,0 17.636438,59.515456,0 17.635607,59.515664,0 17.634730,59.515815,0 17.633821,59.515907,0 17.632897,59.515937,0 17.631973,59.515907,0 17.631064,59.515815,0 17.630187,59.515664,0 17.629356,59.515456,0 17.628586,59.515195,0 17.627889,59.514885,0 17.627278,59.514531,0 17.626764,59.514141,0 17.626354,59.513719,0 17.626056,59.513274,0 17.625875,59.512813,0 17.625815,59.512344,0 17.625875,59.511875,0 17.626056,59.511414,0 17.626354,59.510969,0 17.626764,59.510547,0 17.627278,59.510157,0 17.627889,59.509803,0 17.628586,59.509493,0 17.629356,59.509232,0 17.630187,59.509024,0 17.631064,59.508873,0 17.631973,59.508781,0 17.632897,59.508751,0 17.633821,59.508781,0 17.634730,59.508873,0 17.635607,59.509024,0 17.636438,59.509232,0 17.637208,59.509493,0 17.637905,59.509803,0 17.638516,59.510157,0 17.639030,59.510547,0 17.639440,59.510969,0 17.639738,59.511414,0 17.639919,59.511875,0 17.639979,59.512344,0</coordinates></LinearRing></outerBoundaryIs></Polygon></Placemark><Placemark><name>Bromma Blocks</name><styleUrl>#zone</styleUrl><Polygon><outerBoundaryIs><LinearRing><coordinates>17.963931,59.353827,0 17.963871,59.354296,0 17.963691,59.354757,0 17.963395,59.355202,0 17.962987,59.355624,0 17.962475,59.356014,0 17.961867,59.356368,0 17.961173,59.356678,0 17.960407,59.356939,0 17.959580,59.357147,0 17.958706,59.357298,0 17.957802,59.357390,0 17.956882,59.357420,0 17.955962,59.357390,0 17.955058,59.357298,0 17.954184,59.357147,0 17.953357,59.356939,0 17.952591,59.356678,0 17.951897,59.356368,0 17.951289,59.356014,0 17.950777,59.355624,0 17.950369,59.355202,0 17.950073,59.354757,0 17.949893,59.354296,0 17.949833,59.353827,0 17.949893,59.353358,0 17.950073,59.352897,0 17.950369,59.352452,0 17.950777,59.352030,0 17.951289,59.351640,0 17.951897,59.351286,0 17.952591,59.350976,0 17.953357,59.350715,0 17.954184,59.350507,0 17.955058,59.350356,0 17.955962,59.350264,0 17.956882,59.350234,0 17.957802,59.350264,0 17.958706,59.350356,0 17.959580,59.350507,0 17.960407,59.350715,0 17.961173,59.350976,0 17.961867,59.351286,0 17.962475,59.351640,0 17.962987,59.352030,0 17.963395,59.352452,0 17.963691,59.352897,0 17.963871,59.353358,0 17.963931,59.353827,0</coordinates></LinearRing></outerBoundaryIs></Polygon></Placemark><Placemark><name>Bromma flygplats</name><styleUrl>#zone</styleUrl><Polygon><outerBoundaryIs><LinearRing><coordinates>17.953738,59.357067,0 17.953678,59.357536,0 17.953498,59.357997,0 17.953201,59.358442,0 17.952793,59.358864,0 17.952281,59.359254,0 17.951673,59.359608,0 17.950980,59.359918,0 17.950213,59.360179,0 17.949386,59.360387,0 17.948513,59.360538,0 17.947608,59.360630,0 17.946688,59.360660,0 17.945768,59.360630,0 17.944863,59.360538,0 17.943990,59.360387,0 17.943163,59.360179,0 17.942396,59.359918,0 17.941703,59.359608,0 17.941095,59.359254,0 17.940583,59.358864,0 17.940175,59.358442,0 17.939878,59.357997,0 17.939698,59.357536,0 17.939638,59.357067,0 17.939698,59.356598,0 17.939878,59.356137,0 17.940175,59.355692,0 17.940583,59.355270,0 17.941095,59.354880,0 17.941703,59.354526,0 17.942396,59.354216,0 17.943163,59.353955,0 17.943990,59.353747,0 17.944863,59.353596,0 17.945768,59.353504,0 17.946688,59.353474,0 17.947608,59.353504,0 17.948513,59.353596,0 17.949386,59.353747,0 17.950213,59.353955,0 17.950980,59.354216,0 17.951673,59.354526,0 17.952281,59.354880,0 17.952793,59.355270,0 17.953201,59.355692,0 17.953498,59.356137,0 17.953678,59.356598,0 17.953738,59.357067,0</coordinates></LinearRing></outerBoundaryIs></Polygon></Placemark><Placemark><name>Brommaplan</name><styleUrl>#zone</styleUrl><Polygon><outerBoundaryIs><LinearRing><coordinates>17.946740,59.338283,0 17.946680,59.338752,0 17.946500,59.339213,0 17.946204,59.339658,0 17.945796,59.340080,0 17.945284,59.340470,0 17.944676,59.340824,0 17.943983,59.341134,0 17.943217,59.341395,0 17.942390,59.341603,0 17.941518,59.341754,0 17.940614,59.341846,0 17.939694,59.341876,0 17.938774,59.341846,0 17.937870,59.341754,0 17.936998,59.341603,0 17.936171,59.341395,0 17.935405,59.341134,0 17.934712,59.340824,0 17.934104,59.340470,0 17.933592,59.340080,0 17.933184,59.339658,0 17.932888,59.339213,0 17.932708,59.338752,0 17.932648,59.338283,0 17.932708,59.337814,0 17.932888,59.337353,0 17.933184,59.336908,0 17.933592,59.336486,0 17.934104,59.336096,0 17.934712,59.335742,0 17.935405,59.335432,0 17.936171,59.335171,0 17.936998,59.334963,0 17.937870,59.334812,0 17.938774,59.334720,0 17.939694,59.334690,0 17.940614,59.334720,0 17.941518,59.334812,0 17.942390,59.334963,0 17.943217,59.335171,0 17.943983,59.335432,0 17.944676,59.335742,0 17.945284,59.336096,0 17.945796,59.336486,0 17.946204,59.336908,0 17.946500,59.337353,0 17.946680,59.337814,0 17.946740,59.338283,0</coordinates></LinearRing></outerBoundaryIs></Polygon></Placemark><Placemark><name>Bråvallavägen</name><styleUrl>#zone</styleUrl><Polygon><outerBoundaryIs><LinearRing><coordinates>18.067464,59.405305,0 18.067404,59.405774,0 18.067223,59.406235,0 18.066927,59.406680,0 18.066518,59.407102,0 18.066005,59.407492,0 18.065396,59.407846,0 18.064702,59.408156,0 18.063934,59.408417,0 18.063106,59.408625,0 18.062231,59.408776,0 18.061326,59.408868,0 18.060404,59.408898,0 18.059482,59.408868,0 18.058577,59.408776,0 18.057702,59.408625,0 18.056874,59.408417,0 18.056106,59.408156,0 18.055412,59.407846,0 18.054803,59.407492,0 18.054290,59.407102,0 18.053881,59.406680,0 18.053585,59.406235,0 18.053404,59.405774,0 18.053344,59.405305,0 18.053404,59.404836,0 18.053585,59.404375,0 18.053881,59.403930,0 18.054290,59.403508,0 18.054803,59.403118,0 18.055412,59.402764,0 18.056106,59.402454,0 18.056874,59.402193,0 18.057702,59.401985,0 18.058577,59.401834,0 18.059482,59.401742,0 18.060404,59.401712,0 18.061326,59.401742,0 18.062231,59.401834,0 18.063106,59.401985,0 18.063934,59.402193,0 18.064702,59.402454,0 18.065396,59.402764,0 18.066005,59.403118,0 18.066518,59.403508,0 18.066927,59.403930,0 18.067223,59.404375,0 18.067404,59.404836,0 18.067464,59.405305,0</coordinates></LinearRing></outerBoundaryIs></Polygon></Placemark><Placemark><name>Bällsta</name><styleUrl>#zone</styleUrl><Polygon><outerBoundaryIs><LinearRing><coordinates>18.079045,59.522982,0 18.078984,59.523451,0 18.078803,59.523912,0 18.078505,59.524357,0 18.078095,59.524779,0 18.077581,59.525169,0 18.076970,59.525523,0 18.076273,59.525833,0 18.075502,59.526094,0 18.074671,59.526302,0 18.073794,59.526453,0 18.072885,59.526545,0 18.071960,59.526575,0 18.071035,59.526545,0 18.070126,59.526453,0 18.069249,59.526302,0 18.068418,59.526094,0 18.067647,59.525833,0 18.066950,59.525523,0 18.066339,59.525169,0 18.065825,59.524779,0 18.065415,59.524357,0 18.065117,59.523912,0 18.064936,59.523451,0 18.064875,59.522982,0 18.064936,59.522513,0 18.065117,59.522052,0 18.065415,59.521607,0 18.065825,59.521185,0 18.066339,59.520795,0 18.066950,59.520441,0 18.067647,59.520131,0 18.068418,59.519870,0 18.069249,59.519662,0 18.070126,59.519511,0 18.071035,59.519419,0 18.071960,59.519389,0 18.072885,59.519419,0 18.073794,59.519511,0 18.074671,59.519662,0 18.075502,59.519870,0 18.076273,59.520131,0 18.076970,59.520441,0 18.077581,59.520795,0 18.078095,59.521185,0 18.078505,59.521607,0 18.078803,59.522052,0 18.078984,59.522513,0 18.079045,59.522982,0</coordinates></LinearRing></outerBoundaryIs></Polygon></Placemark><Placemark><name>Bällsta bro</name><styleUrl>#zone</styleUrl><Polygon><outerBoundaryIs><LinearRing><coordinates>17.970336,59.360752,0 17.970275,59.361221,0 17.970095,59.361682,0 17.969799,59.362127,0 17.969391,59.362549,0 17.968879,59.362939,0 17.968271,59.363293,0 17.967577,59.363603,0 17.966810,59.363864,0 17.965983,59.364072,0 17.965110,59.364223,0 17.964205,59.364315,0 17.963285,59.364345,0 17.962365,59.364315,0 17.961460,59.364223,0 17.960587,59.364072,0 17.959760,59.363864,0 17.958993,59.363603,0 17.958299,59.363293,0 17.957691,59.362939,0 17.957179,59.362549,0 17.956771,59.362127,0 17.956475,59.361682,0 17.956295,59.361221,0 17.956234,59.360752,0 17.956295,59.360283,0 17.956475,59.359822,0 17.956771,59.359377,0 17.957179,59.358955,0 17.957691,59.358565,0 17.958299,59.358211,0 17.958993,59.357901,0 17.959760,59.357640,0 17.960587,59.357432,0 17.961460,59.357281,0 17.962365,59.357189,0 17.963285,59.357159,0 17.964205,59.357189,0 17.965110,59.357281,0 17.965983,59.357432,0 17.966810,59.357640,0 17.967577,59.357901,0 17.968271,59.358211,0 17.968879,59.358565,0 17.969391,59.358955,0 17.969799,59.359377,0 17.970095,59.359822,0 17.970275,59.360283,0 17.970336,59.360752,0</coordinates></LinearRing></outerBoundaryIs></Polygon></Placemark><Placemark><name>Bålsta</name><styleUrl>#zone</styleUrl><Polygon><outerBoundaryIs><LinearRing><coordinates>17.542416,59.567477,0 17.542355,59.567946,0 17.542174,59.568407,0 17.541876,59.568852,0 17.541466,59.569274,0 17.540950,59.569664,0 17.540338,59.570018,0 17.539641,59.570328,0 17.538869,59.570589,0 17.538037,59.570797,0 17.537158,59.570948,0 17.536248,59.571040,0 17.535322,59.571070,0 17.534396,59.571040,0 17.533486,59.570948,0 17.532607,59.570797,0 17.531775,59.570589,0 17.531003,59.570328,0 17.530306,59.570018,0 17.529694,59.569664,0 17.529178,59.569274,0 17.528768,59.568852,0 17.528470,59.568407,0 17.528289,59.567946,0 17.528228,59.567477,0 17.528289,59.567008,0 17.528470,59.566547,0 17.528768,59.566102,0 17.529178,59.565680,0 17.529694,59.565290,0 17.530306,59.564936,0 17.531003,59.564626,0 17.531775,59.564365,0 17.532607,59.564157,0 17.533486,59.564006,0 17.534396,59.563914,0 17.535322,59.563884,0 17.536248,59.563914,0 17.537158,59.564006,0 17.538037,59.564157,0 17.538869,59.564365,0 17.539641,59.564626,0 17.540338,59.564936,0 17.540950,59.565290,0 17.541466,59.565680,0 17.541876,59.566102,0 17.542174,59.566547,0 17.542355,59.567008,0 17.542416,59.567477,0</coordinates></LinearRing></outerBoundaryIs></Polygon></Placemark><Placemark><name>Danderyds sjukhus</name><styleUrl>#zone</styleUrl><Polygon><outerBoundaryIs><LinearRing><coordinates>18.049020,59.390951,0 18.048960,59.391420,0 18.048780,59.391881,0 18.048483,59.392326,0 18.048075,59.392748,0 18.047562,59.393138,0 18.046953,59.393492,0 18.046259,59.393802,0 18.045491,59.394063,0 18.044664,59.394271,0 18.043789,59.394422,0 18.042884,59.394514,0 18.041963,59.394544,0 18.041042,59.394514,0 18.040137,59.394422,0 18.039262,59.394271,0 18.038435,59.394063,0 18.037667,59.393802,0 18.036973,59.393492,0 18.036364,59.393138,0 18.035851,59.392748,0 18.035443,59.392326,0 18.035146,59.391881,0 18.034966,59.391420,0 18.034906,59.390951,0 18.034966,59.390482,0 18.035146,59.390021,0 18.035443,59.389576,0 18.035851,59.389154,0 18.036364,59.388764,0 18.036973,59.388410,0 18.037667,59.388100,0 18.038435,59.387839,0 18.039262,59.387631,0 18.040137,59.387480,0 18.041042,59.387388,0 18.041963,59.387358,0 18.042884,59.387388,0 18.043789,59.387480,0 18.044664,59.387631,0 18.045491,59.387839,0 18.046259,59.388100,0 18.046953,59.388410,0 18.047562,59.388764,0 18.048075,59.389154,0 18.048483,59.389576,0 18.048780,59.390021,0 18.048960,59.390482,0 18.049020,59.390951,0</coordinates></LinearRing></outerBoundaryIs></Polygon></Placemark><Placemark><name>Djurgårdsbron</name><styleUrl>#zone</styleUrl><Polygon><outerBoundaryIs><LinearRing><coordinates>18.099686,59.331736,0 18.099625,59.332205,0 18.099446,59.332666,0 18.099149,59.333111,0 18.098742,59.333533,0 18.098230,59.333923,0 18.097622,59.334277,0 18.096930,59.334587,0 18.096163,59.334848,0 18.095337,59.335056,0 18.094464,59.335207,0 18.093561,59.335299,0 18.092641,59.335329,0 18.091721,59.335299,0 18.090818,59.335207,0 18.089945,59.335056,0 18.089119,59.334848,0 18.088352,59.334587,0 18.087660,59.334277,0 18.087052,59.333923,0 18.086540,59.333533,0 18.086133,59.333111,0 18.085836,59.332666,0 18.085657,59.332205,0 18.085596,59.331736,0 18.085657,59.331267,0 18.085836,59.330806,0 18.086133,59.330361,0 18.086540,59.329939,0 18.087052,59.329549,0 18.087660,59.329195,0 18.088352,59.328885,0 18.089119,59.328624,0 18.089945,59.328416,0 18.090818,59.328265,0 18.091721,59.328173,0 18.092641,59.328143,0 18.093561,59.328173,0 18.094464,59.328265,0 18.095337,59.328416,0 18.096163,59.328624,0 18.096930,59.328885,0 18.097622,59.329195,0 18.098230,59.329549,0 18.098742,59.329939,0 18.099149,59.330361,0 18.099446,59.330806,0 18.099625,59.331267,0 18.099686,59.331736,0</coordinates></LinearRing></outerBoundaryIs></Polygon></Placemark><Placemark><name>Djurgårdsskolan</name><styleUrl>#zone</styleUrl><Polygon><outerBoundaryIs><LinearRing><coordinates>18.111646,59.323247,0 18.111586,59.323716,0 18.111406,59.324177,0 18.111110,59.324622,0 18.110702,59.325044,0 18.110191,59.325434,0 18.109583,59.325788,0 18.108890,59.326098,0 18.108124,59.326359,0 18.107298,59.326567,0 18.106426,59.326718,0 18.105522,59.326810,0 18.104603,59.326840,0 18.103684,59.326810,0 18.102780,59.326718,0 18.101908,59.326567,0 18.101082,59.326359,0 18.100316,59.326098,0 18.099623,59.325788,0 18.099015,59.325434,0 18.098504,59.325044,0 18.098096,59.324622,0 18.097800,59.324177,0 18.097620,59.323716,0 18.097560,59.323247,0 18.097620,59.322778,0 18.097800,59.322317,0 18.098096,59.321872,0 18.098504,59.321450,0 18.099015,59.321060,0 18.099623,59.320706,0 18.100316,59.320396,0 18.101082,59.320135,0 18.101908,59.319927,0 18.102780,59.319776,0 18.103684,59.319684,0 18.104603,59.319654,0 18.105522,59.319684,0 18.106426,59.319776,0 18.107298,59.319927,0 18.108124,59.320135,0 18.108890,59.320396,0 18.109583,59.320706,0 18.110191,59.321060,0 18.110702,59.321450,0 18.111110,59.321872,0 18.111406,59.322317,0 18.111586,59.322778,0 18.111646,59.323247,0</coordinates></LinearRing></outerBoundaryIs></Polygon></Placemark><Placemark><name>Djursholms Ekeby</name><styleUrl>#zone</styleUrl><Polygon><outerBoundaryIs><LinearRing><coordinates>18.064456,59.413309,0 18.064395,59.413778,0 18.064215,59.414239,0 18.063918,59.414684,0 18.063510,59.415106,0 18.062996,59.415496,0 18.062387,59.415850,0 18.061693,59.416160,0 18.060925,59.416421,0 18.060096,59.416629,0 18.059222,59.416780,0 18.058316,59.416872,0 18.057394,59.416902,0 18.056472,59.416872,0 18.055566,59.416780,0 18.054692,59.416629,0 18.053863,59.416421,0 18.053095,59.416160,0 18.052401,59.415850,0 18.051792,59.415496,0 18.051278,59.415106,0 18.050870,59.414684,0 18.050573,59.414239,0 18.050393,59.413778,0 18.050332,59.413309,0 18.050393,59.412840,0 18.050573,59.412379,0 18.050870,59.411934,0 18.051278,59.411512,0 18.051792,59.411122,0 18.052401,59.410768,0 18.053095,59.410458,0 18.053863,59.410197,0 18.054692,59.409989,0 18.055566,59.409838,0 18.056472,59.409746,0 18.057394,59.409716,0 18.058316,59.409746,0 18.059222,59.409838,0 18.060096,59.409989,0 18.060925,59.410197,0 18.061693,59.410458,0 18.062387,59.410768,0 18.062996,59.411122,0 18.063510,59.411512,0 18.063918,59.411934,0 18.064215,59.412379,0 18.064395,59.412840,0 18.064456,59.413309,0</coordinates></LinearRing></outerBoundaryIs></Polygon></Placemark><Placemark><name>Djursholms Ösby</name><styleUrl>#zone</styleUrl><Polygon><outerBoundaryIs><LinearRing><coordinates>18.066158,59.398643,0 18.066097,59.399112,0 18.065917,59.399573,0 18.065620,59.400018,0 18.065212,59.400440,0 18.064699,59.400830,0 18.064090,59.401184,0 18.063396,59.401494,0 18.062628,59.401755,0 18.061800,59.401963,0 18.060926,59.402114,0 18.060020,59.402206,0 18.059099,59.402236,0 18.058178,59.402206,0 18.057272,59.402114,0 18.056398,59.401963,0 18.055570,59.401755,0 18.054802,59.401494,0 18.054108,59.401184,0 18.053499,59.400830,0 18.052986,59.400440,0 18.052578,59.400018,0 18.052281,59.399573,0 18.052101,59.399112,0 18.052040,59.398643,0 18.052101,59.398174,0 18.052281,59.397713,0 18.052578,59.397268,0 18.052986,59.396846,0 18.053499,59.396456,0 18.054108,59.396102,0 18.054802,59.395792,0 18.055570,59.395531,0 18.056398,59.395323,0 18.057272,59.395172,0 18.058178,59.395080,0 18.059099,59.395050,0 18.060020,59.395080,0 18.060926,59.395172,0 18.061800,59.395323,0 18.062628,59.395531,0 18.063396,59.395792,0 18.064090,59.396102,0 18.064699,59.396456,0 18.065212,59.396846,0 18.065620,59.397268,0 18.065917,59.397713,0 18.066097,59.398174,0 18.066158,59.398643,0</coordinates></LinearRing></outerBoundaryIs></Polygon></Placemark><Placemark><name>Duvbo</name><styleUrl>#zone</styleUrl><Polygon><outerBoundaryIs><LinearRing><coordinates>17.971355,59.367562,0 17.971295,59.368031,0 17.971115,59.368492,0 17.970818,59.368937,0 17.970410,59.369359,0 17.969898,59.369749,0 17.969290,59.370103,0 17.968596,59.370413,0 17.967829,59.370674,0 17.967002,59.370882,0 17.966128,59.371033,0 17.965223,59.371125,0 17.964303,59.371155,0 17.963383,59.371125,0 17.962478,59.371033,0 17.961604,59.370882,0 17.960777,59.370674,0 17.960010,59.370413,0 17.959316,59.370103,0 17.958708,59.369749,0 17.958196,59.369359,0 17.957788,59.368937,0 17.957491,59.368492,0 17.957311,59.368031,0 17.957251,59.367562,0 17.957311,59.367093,0 17.957491,59.366632,0 17.957788,59.366187,0 17.958196,59.365765,0 17.958708,59.365375,0 17.959316,59.365021,0 17.960010,59.364711,0 17.960777,59.364450,0 17.961604,59.364242,0 17.962478,59.364091,0 17.963383,59.363999,0 17.964303,59.363969,0 17.965223,59.363999,0 17.966128,59.364091,0 17.967002,59.364242,0 17.967829,59.364450,0 17.968596,59.364711,0 17.969290,59.365021,0 17.969898,59.365375,0 17.970410,59.365765,0 17.970818,59.366187,0 17.971115,59.366632,0 17.971295,59.367093,0 17.971355,59.367562,0</coordinates></LinearRing></outerBoundaryIs></Polygon></Placemark><Placemark><name>Ekskogen</name><styleUrl>#zone</styleUrl><Polygon><outerBoundaryIs><LinearRing><coordinates>18.233382,59.639006,0 18.233321,59.639475,0 18.233140,59.639936,0 18.232841,59.640381,0 18.232430,59.640803,0 18.231913,59.641193,0 18.231300,59.641547,0 18.230601,59.641857,0 18.229828,59.642118,0 18.228994,59.642326,0 18.228113,59.642477,0 18.227201,59.642569,0 18.226273,59.642599,0 18.225345,59.642569,0 18.224433,59.642477,0 18.223552,59.642326,0 18.222718,59.642118,0 18.221945,59.641857,0 18.221246,59.641547,0 18.220633,59.641193,0 18.220116,59.640803,0 18.219705,59.640381,0 18.219406,59.639936,0 18.219225,59.639475,0 18.219164,59.639006,0 18.219225,59.638537,0 18.219406,59.638076,0 18.219705,59.637631,0 18.220116,59.637209,0 18.220633,59.636819,0 18.221246,59.636465,0 18.221945,59.636155,0 18.222718,59.635894,0 18.223552,59.635686,0 18.224433,59.635535,0 18.225345,59.635443,0 18.226273,59.635413,0 18.227201,59.635443,0 18.228113,59.635535,0 18.228994,59.635686,0 18.229828,59.635894,0 18.230601,59.636155,0 18.231300,59.636465,0 18.231913,59.636819,0 18.232430,59.637209,0 18.232841,59.637631,0 18.233140,59.638076,0 18.233321,59.638537,0 18.233382,59.639006,0</coordinates></LinearRing></outerBoundaryIs></Polygon></Placemark><Placemark><name>Enebyberg</name><styleUrl>#zone</styleUrl><Polygon><outerBoundaryIs><LinearRing><coordinates>18.058278,59.425810,0 18.058218,59.426279,0 18.058038,59.426740,0 18.057740,59.427185,0 18.057332,59.427607,0 18.056818,59.427997,0 18.056209,59.428351,0 18.055514,59.428661,0 18.054746,59.428922,0 18.053917,59.429130,0 18.053042,59.429281,0 18.052136,59.429373,0 18.051214,59.429403,0 18.050292,59.429373,0 18.049386,59.429281,0 18.048511,59.429130,0 18.047682,59.428922,0 18.046914,59.428661,0 18.046219,59.428351,0 18.045610,59.427997,0 18.045096,59.427607,0 18.044688,59.427185,0 18.044390,59.426740,0 18.044210,59.426279,0 18.044150,59.425810,0 18.044210,59.425341,0 18.044390,59.424880,0 18.044688,59.424435,0 18.045096,59.424013,0 18.045610,59.423623,0 18.046219,59.423269,0 18.046914,59.422959,0 18.047682,59.422698,0 18.048511,59.422490,0 18.049386,59.422339,0 18.050292,59.422247,0 18.051214,59.422217,0 18.052136,59.422247,0 18.053042,59.422339,0 18.053917,59.422490,0 18.054746,59.422698,0 18.055514,59.422959,0 18.056209,59.423269,0 18.056818,59.423623,0 18.057332,59.424013,0 18.057740,59.424435,0 18.058038,59.424880,0 18.058218,59.425341,0 18.058278,59.425810,0</coordinates></LinearRing></outerBoundaryIs></Polygon></Placemark><Placemark><name>Enskede gård</name><styleUrl>#zone</styleUrl><Polygon><outerBoundaryIs><LinearRing><coordinates>18.077240,59.289287,0 18.077180,59.289756,0 18.077000,59.290217,0 18.076704,59.290662,0 18.076297,59.291084,0 18.075786,59.291474,0 18.075179,59.291828,0 18.074487,59.292138,0 18.073722,59.292399,0 18.072897,59.292607,0 18.072025,59.292758,0 18.071122,59.292850,0 18.070204,59.292880,0 18.069286,59.292850,0 18.068383,59.292758,0 18.067511,59.292607,0 18.066686,59.292399,0 18.065921,59.292138,0 18.065229,59.291828,0 18.064622,59.291474,0 18.064111,59.291084,0 18.063704,59.290662,0 18.063408,59.290217,0 18.063228,59.289756,0 18.063168,59.289287,0 18.063228,59.288818,0 18.063408,59.288357,0 18.063704,59.287912,0 18.064111,59.287490,0 18.064622,59.287100,0 18.065229,59.286746,0 18.065921,59.286436,0 18.066686,59.286175,0 18.067511,59.285967,0 18.068383,59.285816,0 18.069286,59.285724,0 18.070204,59.285694,0 18.071122,59.285724,0 18.072025,59.285816,0 18.072897,59.285967,0 18.073722,59.286175,0 18.074487,59.286436,0 18.075179,59.286746,0 18.075786,59.287100,0 18.076297,59.287490,0 18.076704,59.287912,0 18.077000,59.288357,0 18.077180,59.288818,0 18.077240,59.289287,0</coordinates></LinearRing></outerBoundaryIs></Polygon></Placemark><Placemark><name>Ensta</name><styleUrl>#zone</styleUrl><Polygon><outerBoundaryIs><LinearRing><coordinates>18.070698,59.452139,0 18.070637,59.452608,0 18.070457,59.453069,0 18.070160,59.453514,0 18.069751,59.453936,0 18.069237,59.454326,0 18.068627,59.454680,0 18.067932,59.454990,0 18.067163,59.455251,0 18.066333,59.455459,0 18.065458,59.455610,0 18.064551,59.455702,0 18.063628,59.455732,0 18.062705,59.455702,0 18.061798,59.455610,0 18.060923,59.455459,0 18.060093,59.455251,0 18.059324,59.454990,0 18.058629,59.454680,0 18.058019,59.454326,0 18.057505,59.453936,0 18.057096,59.453514,0 18.056799,59.453069,0 18.056619,59.452608,0 18.056558,59.452139,0 18.056619,59.451670,0 18.056799,59.451209,0 18.057096,59.450764,0 18.057505,59.450342,0 18.058019,59.449952,0 18.058629,59.449598,0 18.059324,59.449288,0 18.060093,59.449027,0 18.060923,59.448819,0 18.061798,59.448668,0 18.062705,59.448576,0 18.063628,59.448546,0 18.064551,59.448576,0 18.065458,59.448668,0 18.066333,59.448819,0 18.067163,59.449027,0 18.067932,59.449288,0 18.068627,59.449598,0 18.069237,59.449952,0 18.069751,59.450342,0 18.070160,59.450764,0 18.070457,59.451209,0 18.070637,59.451670,0 18.070698,59.452139,0</coordinates></LinearRing></outerBoundaryIs></Polygon></Placemark><Placemark><name>Erstaviksbadet</name><styleUrl>#zone</styleUrl><Polygon><outerBoundaryIs><LinearRing><coordinates>18.292264,59.272884,0 18.292204,59.273353,0 18.292025,59.273814,0 18.291729,59.274259,0 18.291322,59.274681,0 18.290811,59.275071,0 18.290205,59.275425,0 18.289513,59.275735,0 18.288748,59.275996,0 18.287923,59.276204,0 18.287052,59.276355,0 18.286150,59.276447,0 18.285232,59.276477,0 18.284314,59.276447,0 18.283412,59.276355,0 18.282541,59.276204,0 18.281716,59.275996,0 18.280951,59.275735,0 18.280259,59.275425,0 18.279653,59.275071,0 18.279142,59.274681,0 18.278735,59.274259,0 18.278439,59.273814,0 18.278260,59.273353,0 18.278200,59.272884,0 18.278260,59.272415,0 18.278439,59.271954,0 18.278735,59.271509,0 18.279142,59.271087,0 18.279653,59.270697,0 18.280259,59.270343,0 18.280951,59.270033,0 18.281716,59.269772,0 18.282541,59.269564,0 18.283412,59.269413,0 18.284314,59.269321,0 18.285232,59.269291,0 18.286150,59.269321,0 18.287052,59.269413,0 18.287923,59.269564,0 18.288748,59.269772,0 18.289513,59.270033,0 18.290205,59.270343,0 18.290811,59.270697,0 18.291322,59.271087,0 18.291729,59.271509,0 18.292025,59.271954,0 18.292204,59.272415,0 18.292264,59.272884,0</coordinates></LinearRing></outerBoundaryIs></Polygon></Placemark><Placemark><name>Farsta</name><styleUrl>#zone</styleUrl><Polygon><outerBoundaryIs><LinearRing><coordinates>18.100955,59.243353,0 18.100895,59.243822,0 18.100716,59.244283,0 18.100421,59.244728,0 18.100014,59.245150,0 18.099503,59.245540,0 18.098897,59.245894,0 18.098206,59.246204,0 18.097442,59.246465,0 18.096618,59.246673,0 18.095748,59.246824,0 18.094846,59.246916,0 18.093929,59.246946,0 18.093012,59.246916,0 18.092110,59.246824,0 18.091240,59.246673,0 18.090416,59.246465,0 18.089652,59.246204,0 18.088961,59.245894,0 18.088355,59.245540,0 18.087844,59.245150,0 18.087437,59.244728,0 18.087142,59.244283,0 18.086963,59.243822,0 18.086903,59.243353,0 18.086963,59.242884,0 18.087142,59.242423,0 18.087437,59.241978,0 18.087844,59.241556,0 18.088355,59.241166,0 18.088961,59.240812,0 18.089652,59.240502,0 18.090416,59.240241,0 18.091240,59.240033,0 18.092110,59.239882,0 18.093012,59.239790,0 18.093929,59.239760,0 18.094846,59.239790,0 18.095748,59.239882,0 18.096618,59.240033,0 18.097442,59.240241,0 18.098206,59.240502,0 18.098897,59.240812,0 18.099503,59.241166,0 18.100014,59.241556,0 18.100421,59.241978,0 18.100716,59.242423,0 18.100895,59.242884,0 18.100955,59.243353,0</coordinates></LinearRing></outerBoundaryIs></Polygon></Placemark><Placemark><name>Farsta strand</name><styleUrl>#zone</styleUrl><Polygon><outerBoundaryIs><LinearRing><coordinates>18.109091,59.235049,0 18.109031,59.235518,0 18.108851,59.235979,0 18.108556,59.236424,0 18.108150,59.236846,0 18.107639,59.237236,0 18.107033,59.237590,0 18.106342,59.237900,0 18.105578,59.238161,0 18.104754,59.238369,0 18.103884,59.238520,0 18.102983,59.238612,0 18.102066,59.238642,0 18.101149,59.238612,0 18.100248,59.238520,0 18.099378,59.238369,0 18.098554,59.238161,0 18.097790,59.237900,0 18.097099,59.237590,0 18.096493,59.237236,0 18.095982,59.236846,0 18.095576,59.236424,0 18.095281,59.235979,0 18.095101,59.235518,0 18.095041,59.235049,0 18.095101,59.234580,0 18.095281,59.234119,0 18.095576,59.233674,0 18.095982,59.233252,0 18.096493,59.232862,0 18.097099,59.232508,0 18.097790,59.232198,0 18.098554,59.231937,0 18.099378,59.231729,0 18.100248,59.231578,0 18.101149,59.231486,0 18.102066,59.231456,0 18.102983,59.231486,0 18.103884,59.231578,0 18.104754,59.231729,0 18.105578,59.231937,0 18.106342,59.232198,0 18.107033,59.232508,0 18.107639,59.232862,0 18.108150,59.233252,0 18.108556,59.233674,0 18.108851,59.234119,0 18.109031,59.234580,0 18.109091,59.235049,0</coordinates></LinearRing></outerBoundaryIs></Polygon></Placemark><Placemark><name>Fisksätra</name><styleUrl>#zone</styleUrl><Polygon><outerBoundaryIs><LinearRing><coordinates>18.263164,59.294189,0 18.263104,59.294658,0 18.262924,59.295119,0 18.262628,59.295564,0 18.262221,59.295986,0 18.261710,59.296376,0 18.261103,59.296730,0 18.260411,59.297040,0 18.259645,59.297301,0 18.258820,59.297509,0 18.257948,59.297660,0 18.257045,59.297752,0 18.256127,59.297782,0 18.255209,59.297752,0 18.254306,59.297660,0 18.253434,59.297509,0 18.252609,59.297301,0 18.251843,59.297040,0 18.251151,59.296730,0 18.250544,59.296376,0 18.250033,59.295986,0 18.249626,59.295564,0 18.249330,59.295119,0 18.249150,59.294658,0 18.249090,59.294189,0 18.249150,59.293720,0 18.249330,59.293259,0 18.249626,59.292814,0 18.250033,59.292392,0 18.250544,59.292002,0 18.251151,59.291648,0 18.251843,59.291338,0 18.252609,59.291077,0 18.253434,59.290869,0 18.254306,59.290718,0 18.255209,59.290626,0 18.256127,59.290596,0 18.257045,59.290626,0 18.257948,59.290718,0 18.258820,59.290869,0 18.259645,59.291077,0 18.260411,59.291338,0 18.261103,59.291648,0 18.261710,59.292002,0 18.262221,59.292392,0 18.262628,59.292814,0 18.262924,59.293259,0 18.263104,59.293720,0 18.263164,59.294189,0</coordinates></LinearRing></outerBoundaryIs></Polygon></Placemark><Placemark><name>Fittja</name><styleUrl>#zone</styleUrl><Polygon><outerBoundaryIs><LinearRing><coordinates>17.867728,59.247360,0 17.867668,59.247829,0 17.867489,59.248290,0 17.867193,59.248735,0 17.866787,59.249157,0 17.866276,59.249547,0 17.865670,59.249901,0 17.864979,59.250211,0 17.864215,59.250472,0 17.863390,59.250680,0 17.862520,59.250831,0 17.861618,59.250923,0 17.860701,59.250953,0 17.859784,59.250923,0 17.858882,59.250831,0 17.858012,59.250680,0 17.857187,59.250472,0 17.856423,59.250211,0 17.855732,59.249901,0 17.855126,59.249547,0 17.854615,59.249157,0 17.854209,59.248735,0 17.853913,59.248290,0 17.853734,59.247829,0 17.853674,59.247360,0 17.853734,59.246891,0 17.853913,59.246430,0 17.854209,59.245985,0 17.854615,59.245563,0 17.855126,59.245173,0 17.855732,59.244819,0 17.856423,59.244509,0 17.857187,59.244248,0 17.858012,59.244040,0 17.858882,59.243889,0 17.859784,59.243797,0 17.860701,59.243767,0 17.861618,59.243797,0 17.862520,59.243889,0 17.863390,59.244040,0 17.864215,59.244248,0 17.864979,59.244509,0 17.865670,59.244819,0 17.866276,59.245173,0 17.866787,59.245563,0 17.867193,59.245985,0 17.867489,59.246430,0 17.867668,59.246891,0 17.867728,59.247360,0</coordinates></LinearRing></outerBoundaryIs></Polygon></Placemark><Placemark><name>Flemingsberg</name><styleUrl>#zone</styleUrl><Polygon><outerBoundaryIs><LinearRing><coordinates>17.953955,59.218719,0 17.953895,59.219188,0 17.953716,59.219649,0 17.953421,59.220094,0 17.953015,59.220516,0 17.952504,59.220906,0 17.951899,59.221260,0 17.951208,59.221570,0 17.950445,59.221831,0 17.949621,59.222039,0 17.948751,59.222190,0 17.947850,59.222282,0 17.946934,59.222312,0 17.946018,59.222282,0 17.945117,59.222190,0 17.944247,59.222039,0 17.943423,59.221831,0 17.942660,59.221570,0 17.941969,59.221260,0 17.941364,59.220906,0 17.940853,59.220516,0 17.940447,59.220094,0 17.940152,59.219649,0 17.939973,59.219188,0 17.939913,59.218719,0 17.939973,59.218250,0 17.940152,59.217789,0 17.940447,59.217344,0 17.940853,59.216922,0 17.941364,59.216532,0 17.941969,59.216178,0 17.942660,59.215868,0 17.943423,59.215607,0 17.944247,59.215399,0 17.945117,59.215248,0 17.946018,59.215156,0 17.946934,59.215126,0 17.947850,59.215156,0 17.948751,59.215248,0 17.949621,59.215399,0 17.950445,59.215607,0 17.951208,59.215868,0 17.951899,59.216178,0 17.952504,59.216532,0 17.953015,59.216922,0 17.953421,59.217344,0 17.953716,59.217789,0 17.953895,59.218250,0 17.953955,59.218719,0</coordinates></LinearRing></outerBoundaryIs></Polygon></Placemark><Placemark><name>Fridhemsplan</name><styleUrl>#zone</styleUrl><Polygon><outerBoundaryIs><LinearRing><coordinates>18.038100,59.332948,0 18.038040,59.333417,0 18.037860,59.333878,0 18.037564,59.334323,0 18.037156,59.334745,0 18.036644,59.335135,0 18.036037,59.335489,0 18.035344,59.335799,0 18.034577,59.336060,0 18.033751,59.336268,0 18.032878,59.336419,0 18.031975,59.336511,0 18.031055,59.336541,0 18.030135,59.336511,0 18.029232,59.336419,0 18.028359,59.336268,0 18.027533,59.336060,0 18.026766,59.335799,0 18.026073,59.335489,0 18.025466,59.335135,0 18.024954,59.334745,0 18.024546,59.334323,0 18.024250,59.333878,0 18.024070,59.333417,0 18.024010,59.332948,0 18.024070,59.332479,0 18.024250,59.332018,0 18.024546,59.331573,0 18.024954,59.331151,0 18.025466,59.330761,0 18.026073,59.330407,0 18.026766,59.330097,0 18.027533,59.329836,0 18.028359,59.329628,0 18.029232,59.329477,0 18.030135,59.329385,0 18.031055,59.329355,0 18.031975,59.329385,0 18.032878,59.329477,0 18.033751,59.329628,0 18.034577,59.329836,0 18.035344,59.330097,0 18.036037,59.330407,0 18.036644,59.330761,0 18.037156,59.331151,0 18.037564,59.331573,0 18.037860,59.332018,0 18.038040,59.332479,0 18.038100,59.332948,0</coordinates></LinearRing></outerBoundaryIs></Polygon></Placemark><Placemark><name>Fruängen</name><styleUrl>#zone</styleUrl><Polygon><outerBoundaryIs><LinearRing><coordinates>17.971911,59.286468,0 17.971851,59.286937,0 17.971672,59.287398,0 17.971376,59.287843,0 17.970969,59.288265,0 17.970457,59.288655,0 17.969851,59.289009,0 17.969159,59.289319,0 17.968394,59.289580,0 17.967568,59.289788,0 17.966697,59.289939,0 17.965794,59.290031,0 17.964876,59.290061,0 17.963958,59.290031,0 17.963055,59.289939,0 17.962184,59.289788,0 17.961358,59.289580,0 17.960593,59.289319,0 17.959901,59.289009,0 17.959295,59.288655,0 17.958783,59.288265,0 17.958376,59.287843,0 17.958080,59.287398,0 17.957901,59.286937,0 17.957841,59.286468,0 17.957901,59.285999,0 17.958080,59.285538,0 17.958376,59.285093,0 17.958783,59.284671,0 17.959295,59.284281,0 17.959901,59.283927,0 17.960593,59.283617,0 17.961358,59.283356,0 17.962184,59.283148,0 17.963055,59.282997,0 17.963958,59.282905,0 17.964876,59.282875,0 17.965794,59.282905,0 17.966697,59.282997,0 17.967568,59.283148,0 17.968394,59.283356,0 17.969159,59.283617,0 17.969851,59.283927,0 17.970457,59.284281,0 17.970969,59.284671,0 17.971376,59.285093,0 17.971672,59.285538,0 17.971851,59.285999,0 17.971911,59.286468,0</coordinates></LinearRing></outerBoundaryIs></Polygon></Placemark><Placemark><name>Frösunda</name><styleUrl>#zone</styleUrl><Polygon><outerBoundaryIs><LinearRing><coordinates>18.177996,59.624869,0 18.177935,59.625338,0 18.177754,59.625799,0 18.177455,59.626244,0 18.177044,59.626666,0 18.176528,59.627056,0 18.175915,59.627410,0 18.175216,59.627720,0 18.174443,59.627981,0 18.173609,59.628189,0 18.172729,59.628340,0 18.171818,59.628432,0 18.170890,59.628462,0 18.169962,59.628432,0 18.169051,59.628340,0 18.168171,59.628189,0 18.167337,59.627981,0 18.166564,59.627720,0 18.165865,59.627410,0 18.165252,59.627056,0 18.164736,59.626666,0 18.164325,59.626244,0 18.164026,59.625799,0 18.163845,59.625338,0 18.163784,59.624869,0 18.163845,59.624400,0 18.164026,59.623939,0 18.164325,59.623494,0 18.164736,59.623072,0 18.165252,59.622682,0 18.165865,59.622328,0 18.166564,59.622018,0 18.167337,59.621757,0 18.168171,59.621549,0 18.169051,59.621398,0 18.169962,59.621306,0 18.170890,59.621276,0 18.171818,59.621306,0 18.172729,59.621398,0 18.173609,59.621549,0 18.174443,59.621757,0 18.175216,59.622018,0 18.175915,59.622328,0 18.176528,59.622682,0 18.177044,59.623072,0 18.177455,59.623494,0 18.177754,59.623939,0 18.177935,59.624400,0 18.177996,59.624869,0</coordinates></LinearRing></outerBoundaryIs></Polygon></Placemark><Placemark><name>Galoppfältet</name><styleUrl>#zone</styleUrl><Polygon><outerBoundaryIs><LinearRing><coordinates>18.092096,59.446931,0 18.092035,59.447400,0 18.091855,59.447861,0 18.091558,59.448306,0 18.091149,59.448728,0 18.090635,59.449118,0 18.090025,59.449472,0 18.089330,59.449782,0 18.088561,59.450043,0 18.087732,59.450251,0 18.086856,59.450402,0 18.085950,59.450494,0 18.085027,59.450524,0 18.084104,59.450494,0 18.083198,59.450402,0 18.082322,59.450251,0 18.081493,59.450043,0 18.080724,59.449782,0 18.080029,59.449472,0 18.079419,59.449118,0 18.078905,59.448728,0 18.078496,59.448306,0 18.078199,59.447861,0 18.078019,59.447400,0 18.077958,59.446931,0 18.078019,59.446462,0 18.078199,59.446001,0 18.078496,59.445556,0 18.078905,59.445134,0 18.079419,59.444744,0 18.080029,59.444390,0 18.080724,59.444080,0 18.081493,59.443819,0 18.082322,59.443611,0 18.083198,59.443460,0 18.084104,59.443368,0 18.085027,59.443338,0 18.085950,59.443368,0 18.086856,59.443460,0 18.087732,59.443611,0 18.088561,59.443819,0 18.089330,59.444080,0 18.090025,59.444390,0 18.090635,59.444744,0 18.091149,59.445134,0 18.091558,59.445556,0 18.091855,59.446001,0 18.092035,59.446462,0 18.092096,59.446931,0</coordinates></LinearRing></outerBoundaryIs></Polygon></Placemark><Placemark><name>Gamla stan</name><styleUrl>#zone</styleUrl><Polygon><outerBoundaryIs><LinearRing><coordinates>18.074045,59.323305,0 18.073985,59.323774,0 18.073805,59.324235,0 18.073509,59.324680,0 18.073101,59.325102,0 18.072590,59.325492,0 18.071982,59.325846,0 18.071289,59.326156,0 18.070523,59.326417,0 18.069697,59.326625,0 18.068825,59.326776,0 18.067921,59.326868,0 18.067002,59.326898,0 18.066083,59.326868,0 18.065179,59.326776,0 18.064307,59.326625,0 18.063481,59.326417,0 18.062715,59.326156,0 18.062022,59.325846,0 18.061414,59.325492,0 18.060903,59.325102,0 18.060495,59.324680,0 18.060199,59.324235,0 18.060019,59.323774,0 18.059959,59.323305,0 18.060019,59.322836,0 18.060199,59.322375,0 18.060495,59.321930,0 18.060903,59.321508,0 18.061414,59.321118,0 18.062022,59.320764,0 18.062715,59.320454,0 18.063481,59.320193,0 18.064307,59.319985,0 18.065179,59.319834,0 18.066083,59.319742,0 18.067002,59.319712,0 18.067921,59.319742,0 18.068825,59.319834,0 18.069697,59.319985,0 18.070523,59.320193,0 18.071289,59.320454,0 18.071982,59.320764,0 18.072590,59.321118,0 18.073101,59.321508,0 18.073509,59.321930,0 18.073805,59.322375,0 18.073985,59.322836,0 18.074045,59.323305,0</coordinates></LinearRing></outerBoundaryIs></Polygon></Placemark><Placemark><name>Globen</name><styleUrl>#zone</styleUrl><Polygon><outerBoundaryIs><LinearRing><coordinates>18.083822,59.294058,0 18.083762,59.294527,0 18.083582,59.294988,0 18.083286,59.295433,0 18.082879,59.295855,0 18.082368,59.296245,0 18.081761,59.296599,0 18.081069,59.296909,0 18.080303,59.297170,0 18.079478,59.297378,0 18.078606,59.297529,0 18.077703,59.297621,0 18.076785,59.297651,0 18.075867,59.297621,0 18.074964,59.297529,0 18.074092,59.297378,0 18.073267,59.297170,0 18.072501,59.296909,0 18.071809,59.296599,0 18.071202,59.296245,0 18.070691,59.295855,0 18.070284,59.295433,0 18.069988,59.294988,0 18.069808,59.294527,0 18.069748,59.294058,0 18.069808,59.293589,0 18.069988,59.293128,0 18.070284,59.292683,0 18.070691,59.292261,0 18.071202,59.291871,0 18.071809,59.291517,0 18.072501,59.291207,0 18.073267,59.290946,0 18.074092,59.290738,0 18.074964,59.290587,0 18.075867,59.290495,0 18.076785,59.290465,0 18.077703,59.290495,0 18.078606,59.290587,0 18.079478,59.290738,0 18.080303,59.290946,0 18.081069,59.291207,0 18.081761,59.291517,0 18.082368,59.291871,0 18.082879,59.292261,0 18.083286,59.292683,0 18.083582,59.293128,0 18.083762,59.293589,0 18.083822,59.294058,0</coordinates></LinearRing></outerBoundaryIs></Polygon></Placemark><Placemark><name>Gnesta</name><styleUrl>#zone</styleUrl><Polygon><outerBoundaryIs><LinearRing><coordinates>17.319494,59.048467,0 17.319435,59.048936,0 17.319256,59.049397,0 17.318963,59.049842,0 17.318558,59.050264,0 17.318051,59.050654,0 17.317448,59.051008,0 17.316761,59.051318,0 17.316001,59.051579,0 17.315182,59.051787,0 17.314316,59.051938,0 17.313420,59.052030,0 17.312508,59.052060,0 17.311596,59.052030,0 17.310700,59.051938,0 17.309834,59.051787,0 17.309015,59.051579,0 17.308255,59.051318,0 17.307568,59.051008,0 17.306965,59.050654,0 17.306458,59.050264,0 17.306053,59.049842,0 17.305760,59.049397,0 17.305581,59.048936,0 17.305522,59.048467,0 17.305581,59.047998,0 17.305760,59.047537,0 17.306053,59.047092,0 17.306458,59.046670,0 17.306965,59.046280,0 17.307568,59.045926,0 17.308255,59.045616,0 17.309015,59.045355,0 17.309834,59.045147,0 17.310700,59.044996,0 17.311596,59.044904,0 17.312508,59.044874,0 17.313420,59.044904,0 17.314316,59.044996,0 17.315182,59.045147,0 17.316001,59.045355,0 17.316761,59.045616,0 17.317448,59.045926,0 17.318051,59.046280,0 17.318558,59.046670,0 17.318963,59.047092,0 17.319256,59.047537,0 17.319435,59.047998,0 17.319494,59.048467,0</coordinates></LinearRing></outerBoundaryIs></Polygon></Placemark><Placemark><name>Gröndal</name><styleUrl>#zone</styleUrl><Polygon><outerBoundaryIs><LinearRing><coordinates>18.018341,59.315940,0 18.018281,59.316409,0 18.018101,59.316870,0 18.017805,59.317315,0 18.017398,59.317737,0 18.016886,59.318127,0 18.016279,59.318481,0 18.015587,59.318791,0 18.014821,59.319052,0 18.013995,59.319260,0 18.013122,59.319411,0 18.012219,59.319503,0 18.011300,59.319533,0 18.010381,59.319503,0 18.009478,59.319411,0 18.008605,59.319260,0 18.007779,59.319052,0 18.007013,59.318791,0 18.006321,59.318481,0 18.005714,59.318127,0 18.005202,59.317737,0 18.004795,59.317315,0 18.004499,59.316870,0 18.004319,59.316409,0 18.004259,59.315940,0 18.004319,59.315471,0 18.004499,59.315010,0 18.004795,59.314565,0 18.005202,59.314143,0 18.005714,59.313753,0 18.006321,59.313399,0 18.007013,59.313089,0 18.007779,59.312828,0 18.008605,59.312620,0 18.009478,59.312469,0 18.010381,59.312377,0 18.011300,59.312347,0 18.012219,59.312377,0 18.013122,59.312469,0 18.013995,59.312620,0 18.014821,59.312828,0 18.015587,59.313089,0 18.016279,59.313399,0 18.016886,59.313753,0 18.017398,59.314143,0 18.017805,59.314565,0 18.018101,59.315010,0 18.018281,59.315471,0 18.018341,59.315940,0</coordinates></LinearRing></outerBoundaryIs></Polygon></Placemark><Placemark><name>Gröndalsviken</name><styleUrl>#zone</styleUrl><Polygon><outerBoundaryIs><LinearRing><coordinates>17.938724,58.899152,0 17.938665,58.899621,0 17.938487,58.900082,0 17.938195,58.900527,0 17.937792,58.900949,0 17.937287,58.901339,0 17.936687,58.901693,0 17.936003,58.902003,0 17.935246,58.902264,0 17.934430,58.902472,0 17.933568,58.902623,0 17.932676,58.902715,0 17.931768,58.902745,0 17.930860,58.902715,0 17.929968,58.902623,0 17.929106,58.902472,0 17.928290,58.902264,0 17.927533,58.902003,0 17.926849,58.901693,0 17.926249,58.901339,0 17.925744,58.900949,0 17.925341,58.900527,0 17.925049,58.900082,0 17.924871,58.899621,0 17.924812,58.899152,0 17.924871,58.898683,0 17.925049,58.898222,0 17.925341,58.897777,0 17.925744,58.897355,0 17.926249,58.896965,0 17.926849,58.896611,0 17.927533,58.896301,0 17.928290,58.896040,0 17.929106,58.895832,0 17.929968,58.895681,0 17.930860,58.895589,0 17.931768,58.895559,0 17.932676,58.895589,0 17.933568,58.895681,0 17.934430,58.895832,0 17.935246,58.896040,0 17.936003,58.896301,0 17.936687,58.896611,0 17.937287,58.896965,0 17.937792,58.897355,0 17.938195,58.897777,0 17.938487,58.898222,0 17.938665,58.898683,0 17.938724,58.899152,0</coordinates></LinearRing></outerBoundaryIs></Polygon></Placemark><Placemark><name>Gubbängen</name><styleUrl>#zone</styleUrl><Polygon><outerBoundaryIs><LinearRing><coordinates>18.089110,59.263620,0 18.089049,59.264089,0 18.088870,59.264550,0 18.088574,59.264995,0 18.088168,59.265417,0 18.087657,59.265807,0 18.087050,59.266161,0 18.086359,59.266471,0 18.085594,59.266732,0 18.084769,59.266940,0 18.083899,59.267091,0 18.082997,59.267183,0 18.082079,59.267213,0 18.081161,59.267183,0 18.080259,59.267091,0 18.079389,59.266940,0 18.078564,59.266732,0 18.077799,59.266471,0 18.077108,59.266161,0 18.076501,59.265807,0 18.075990,59.265417,0 18.075584,59.264995,0 18.075288,59.264550,0 18.075109,59.264089,0 18.075048,59.263620,0 18.075109,59.263151,0 18.075288,59.262690,0 18.075584,59.262245,0 18.075990,59.261823,0 18.076501,59.261433,0 18.077108,59.261079,0 18.077799,59.260769,0 18.078564,59.260508,0 18.079389,59.260300,0 18.080259,59.260149,0 18.081161,59.260057,0 18.082079,59.260027,0 18.082997,59.260057,0 18.083899,59.260149,0 18.084769,59.260300,0 18.085594,59.260508,0 18.086359,59.260769,0 18.087050,59.261079,0 18.087657,59.261433,0 18.088168,59.261823,0 18.088574,59.262245,0 18.088870,59.262690,0 18.089049,59.263151,0 18.089110,59.263620,0</coordinates></LinearRing></outerBoundaryIs></Polygon></Placemark><Placemark><name>Gullmarsplan</name><styleUrl>#zone</styleUrl><Polygon><outerBoundaryIs><LinearRing><coordinates>18.087677,59.299529,0 18.087617,59.299998,0 18.087437,59.300459,0 18.087141,59.300904,0 18.086734,59.301326,0 18.086223,59.301716,0 18.085616,59.302070,0 18.084923,59.302380,0 18.084158,59.302641,0 18.083332,59.302849,0 18.082461,59.303000,0 18.081558,59.303092,0 18.080639,59.303122,0 18.079720,59.303092,0 18.078817,59.303000,0 18.077946,59.302849,0 18.077120,59.302641,0 18.076355,59.302380,0 18.075662,59.302070,0 18.075055,59.301716,0 18.074544,59.301326,0 18.074137,59.300904,0 18.073841,59.300459,0 18.073661,59.299998,0 18.073601,59.299529,0 18.073661,59.299060,0 18.073841,59.298599,0 18.074137,59.298154,0 18.074544,59.297732,0 18.075055,59.297342,0 18.075662,59.296988,0 18.076355,59.296678,0 18.077120,59.296417,0 18.077946,59.296209,0 18.078817,59.296058,0 18.079720,59.295966,0 18.080639,59.295936,0 18.081558,59.295966,0 18.082461,59.296058,0 18.083332,59.296209,0 18.084158,59.296417,0 18.084923,59.296678,0 18.085616,59.296988,0 18.086223,59.297342,0 18.086734,59.297732,0 18.087141,59.298154,0 18.087437,59.298599,0 18.087617,59.299060,0 18.087677,59.299529,0</coordinates></LinearRing></outerBoundaryIs></Polygon></Placemark><Placemark><name>Gärdet</name><styleUrl>#zone</styleUrl><Polygon><outerBoundaryIs><LinearRing><coordinates>18.105925,59.345877,0 18.105864,59.346346,0 18.105684,59.346807,0 18.105388,59.347252,0 18.104980,59.347674,0 18.104468,59.348064,0 18.103860,59.348418,0 18.103167,59.348728,0 18.102401,59.348989,0 18.101574,59.349197,0 18.100701,59.349348,0 18.099797,59.349440,0 18.098877,59.349470,0 18.097957,59.349440,0 18.097053,59.349348,0 18.096180,59.349197,0 18.095353,59.348989,0 18.094587,59.348728,0 18.093894,59.348418,0 18.093286,59.348064,0 18.092774,59.347674,0 18.092366,59.347252,0 18.092070,59.346807,0 18.091890,59.346346,0 18.091829,59.345877,0 18.091890,59.345408,0 18.092070,59.344947,0 18.092366,59.344502,0 18.092774,59.344080,0 18.093286,59.343690,0 18.093894,59.343336,0 18.094587,59.343026,0 18.095353,59.342765,0 18.096180,59.342557,0 18.097053,59.342406,0 18.097957,59.342314,0 18.098877,59.342284,0 18.099797,59.342314,0 18.100701,59.342406,0 18.101574,59.342557,0 18.102401,59.342765,0 18.103167,59.343026,0 18.103860,59.343336,0 18.104468,59.343690,0 18.104980,59.344080,0 18.105388,59.344502,0 18.105684,59.344947,0 18.105864,59.345408,0 18.105925,59.345877,0</coordinates></LinearRing></outerBoundaryIs></Polygon></Placemark><Placemark><name>Gåshaga</name><styleUrl>#zone</styleUrl><Polygon><outerBoundaryIs><LinearRing><coordinates>18.233312,59.356596,0 18.233252,59.357065,0 18.233072,59.357526,0 18.232775,59.357971,0 18.232367,59.358393,0 18.231855,59.358783,0 18.231247,59.359137,0 18.230554,59.359447,0 18.229787,59.359708,0 18.228960,59.359916,0 18.228087,59.360067,0 18.227182,59.360159,0 18.226262,59.360189,0 18.225342,59.360159,0 18.224437,59.360067,0 18.223564,59.359916,0 18.222737,59.359708,0 18.221970,59.359447,0 18.221277,59.359137,0 18.220669,59.358783,0 18.220157,59.358393,0 18.219749,59.357971,0 18.219452,59.357526,0 18.219272,59.357065,0 18.219212,59.356596,0 18.219272,59.356127,0 18.219452,59.355666,0 18.219749,59.355221,0 18.220157,59.354799,0 18.220669,59.354409,0 18.221277,59.354055,0 18.221970,59.353745,0 18.222737,59.353484,0 18.223564,59.353276,0 18.224437,59.353125,0 18.225342,59.353033,0 18.226262,59.353003,0 18.227182,59.353033,0 18.228087,59.353125,0 18.228960,59.353276,0 18.229787,59.353484,0 18.230554,59.353745,0 18.231247,59.354055,0 18.231855,59.354409,0 18.232367,59.354799,0 18.232775,59.355221,0 18.233072,59.355666,0 18.233252,59.356127,0 18.233312,59.356596,0</coordinates></LinearRing></outerBoundaryIs></Polygon></Placemark><Placemark><name>Gåshaga brygga</name><styleUrl>#zone</styleUrl><Polygon><outerBoundaryIs><LinearRing><coordinates>18.240912,59.356893,0 18.240852,59.357362,0 18.240672,59.357823,0 18.240375,59.358268,0 18.239967,59.358690,0 18.239455,59.359080,0 18.238847,59.359434,0 18.238154,59.359744,0 18.237387,59.360005,0 18.236560,59.360213,0 18.235687,59.360364,0 18.234782,59.360456,0 18.233862,59.360486,0 18.232942,59.360456,0 18.232037,59.360364,0 18.231164,59.360213,0 18.230337,59.360005,0 18.229570,59.359744,0 18.228877,59.359434,0 18.228269,59.359080,0 18.227757,59.358690,0 18.227349,59.358268,0 18.227052,59.357823,0 18.226872,59.357362,0 18.226812,59.356893,0 18.226872,59.356424,0 18.227052,59.355963,0 18.227349,59.355518,0 18.227757,59.355096,0 18.228269,59.354706,0 18.228877,59.354352,0 18.229570,59.354042,0 18.230337,59.353781,0 18.231164,59.353573,0 18.232037,59.353422,0 18.232942,59.353330,0 18.233862,59.353300,0 18.234782,59.353330,0 18.235687,59.353422,0 18.236560,59.353573,0 18.237387,59.353781,0 18.238154,59.354042,0 18.238847,59.354352,0 18.239455,59.354706,0 18.239967,59.355096,0 18.240375,59.355518,0 18.240672,59.355963,0 18.240852,59.356424,0 18.240912,59.356893,0</coordinates></LinearRing></outerBoundaryIs></Polygon></Placemark><Placemark><name>Hagsätra</name><styleUrl>#zone</styleUrl><Polygon><outerBoundaryIs><LinearRing><coordinates>18.019799,59.262548,0 18.019739,59.263017,0 18.019560,59.263478,0 18.019264,59.263923,0 18.018857,59.264345,0 18.018347,59.264735,0 18.017740,59.265089,0 18.017049,59.265399,0 18.016284,59.265660,0 18.015459,59.265868,0 18.014589,59.266019,0 18.013687,59.266111,0 18.012769,59.266141,0 18.011851,59.266111,0 18.010949,59.266019,0 18.010079,59.265868,0 18.009254,59.265660,0 18.008489,59.265399,0 18.007798,59.265089,0 18.007191,59.264735,0 18.006681,59.264345,0 18.006274,59.263923,0 18.005978,59.263478,0 18.005799,59.263017,0 18.005739,59.262548,0 18.005799,59.262079,0 18.005978,59.261618,0 18.006274,59.261173,0 18.006681,59.260751,0 18.007191,59.260361,0 18.007798,59.260007,0 18.008489,59.259697,0 18.009254,59.259436,0 18.010079,59.259228,0 18.010949,59.259077,0 18.011851,59.258985,0 18.012769,59.258955,0 18.013687,59.258985,0 18.014589,59.259077,0 18.015459,59.259228,0 18.016284,59.259436,0 18.017049,59.259697,0 18.017740,59.260007,0 18.018347,59.260361,0 18.018857,59.260751,0 18.019264,59.261173,0 18.019560,59.261618,0 18.019739,59.262079,0 18.019799,59.262548,0</coordinates></LinearRing></outerBoundaryIs></Polygon></Placemark><Placemark><name>Hallonbergen</name><styleUrl>#zone</styleUrl><Polygon><outerBoundaryIs><LinearRing><coordinates>17.976165,59.374459,0 17.976104,59.374928,0 17.975924,59.375389,0 17.975628,59.375834,0 17.975220,59.376256,0 17.974707,59.376646,0 17.974099,59.377000,0 17.973405,59.377310,0 17.972638,59.377571,0 17.971810,59.377779,0 17.970937,59.377930,0 17.970032,59.378022,0 17.969111,59.378052,0 17.968190,59.378022,0 17.967285,59.377930,0 17.966412,59.377779,0 17.965584,59.377571,0 17.964817,59.377310,0 17.964123,59.377000,0 17.963515,59.376646,0 17.963002,59.376256,0 17.962594,59.375834,0 17.962298,59.375389,0 17.962118,59.374928,0 17.962057,59.374459,0 17.962118,59.373990,0 17.962298,59.373529,0 17.962594,59.373084,0 17.963002,59.372662,0 17.963515,59.372272,0 17.964123,59.371918,0 17.964817,59.371608,0 17.965584,59.371347,0 17.966412,59.371139,0 17.967285,59.370988,0 17.968190,59.370896,0 17.969111,59.370866,0 17.970032,59.370896,0 17.970937,59.370988,0 17.971810,59.371139,0 17.972638,59.371347,0 17.973405,59.371608,0 17.974099,59.371918,0 17.974707,59.372272,0 17.975220,59.372662,0 17.975628,59.373084,0 17.975924,59.373529,0 17.976104,59.373990,0 17.976165,59.374459,0</coordinates></LinearRing></outerBoundaryIs></Polygon></Placemark><Placemark><name>Hallunda</name><styleUrl>#zone</styleUrl><Polygon><outerBoundaryIs><LinearRing><coordinates>17.832118,59.243280,0 17.832058,59.243749,0 17.831879,59.244210,0 17.831584,59.244655,0 17.831177,59.245077,0 17.830666,59.245467,0 17.830060,59.245821,0 17.829369,59.246131,0 17.828605,59.246392,0 17.827781,59.246600,0 17.826911,59.246751,0 17.826009,59.246843,0 17.825092,59.246873,0 17.824175,59.246843,0 17.823273,59.246751,0 17.822403,59.246600,0 17.821579,59.246392,0 17.820815,59.246131,0 17.820124,59.245821,0 17.819518,59.245467,0 17.819007,59.245077,0 17.818600,59.244655,0 17.818305,59.244210,0 17.818126,59.243749,0 17.818066,59.243280,0 17.818126,59.242811,0 17.818305,59.242350,0 17.818600,59.241905,0 17.819007,59.241483,0 17.819518,59.241093,0 17.820124,59.240739,0 17.820815,59.240429,0 17.821579,59.240168,0 17.822403,59.239960,0 17.823273,59.239809,0 17.824175,59.239717,0 17.825092,59.239687,0 17.826009,59.239717,0 17.826911,59.239809,0 17.827781,59.239960,0 17.828605,59.240168,0 17.829369,59.240429,0 17.830060,59.240739,0 17.830666,59.241093,0 17.831177,59.241483,0 17.831584,59.241905,0 17.831879,59.242350,0 17.832058,59.242811,0 17.832118,59.243280,0</coordinates></LinearRing></outerBoundaryIs></Polygon></Placemark><Placemark><name>Hammarbyhöjden</name><styleUrl>#zone</styleUrl><Polygon><outerBoundaryIs><LinearRing><coordinates>18.111365,59.294805,0 18.111305,59.295274,0 18.111125,59.295735,0 18.110829,59.296180,0 18.110422,59.296602,0 18.109911,59.296992,0 18.109304,59.297346,0 18.108612,59.297656,0 18.107847,59.297917,0 18.107021,59.298125,0 18.106149,59.298276,0 18.105247,59.298368,0 18.104328,59.298398,0 18.103409,59.298368,0 18.102507,59.298276,0 18.101635,59.298125,0 18.100809,59.297917,0 18.100044,59.297656,0 18.099352,59.297346,0 18.098745,59.296992,0 18.098234,59.296602,0 18.097827,59.296180,0 18.097531,59.295735,0 18.097351,59.295274,0 18.097291,59.294805,0 18.097351,59.294336,0 18.097531,59.293875,0 18.097827,59.293430,0 18.098234,59.293008,0 18.098745,59.292618,0 18.099352,59.292264,0 18.100044,59.291954,0 18.100809,59.291693,0 18.101635,59.291485,0 18.102507,59.291334,0 18.103409,59.291242,0 18.104328,59.291212,0 18.105247,59.291242,0 18.106149,59.291334,0 18.107021,59.291485,0 18.107847,59.291693,0 18.108612,59.291954,0 18.109304,59.292264,0 18.109911,59.292618,0 18.110422,59.293008,0 18.110829,59.293430,0 18.111125,59.293875,0 18.111305,59.294336,0 18.111365,59.294805,0</coordinates></LinearRing></outerBoundaryIs></Polygon></Placemark><Placemark><name>Handen</name><styleUrl>#zone</styleUrl><Polygon><outerBoundaryIs><LinearRing><coordinates>18.141066,59.166429,0 18.141006,59.166898,0 18.140827,59.167359,0 18.140532,59.167804,0 18.140126,59.168226,0 18.139617,59.168616,0 18.139012,59.168970,0 18.138323,59.169280,0 18.137560,59.169541,0 18.136738,59.169749,0 18.135869,59.169900,0 18.134970,59.169992,0 18.134055,59.170022,0 18.133140,59.169992,0 18.132241,59.169900,0 18.131372,59.169749,0 18.130550,59.169541,0 18.129787,59.169280,0 18.129098,59.168970,0 18.128493,59.168616,0 18.127984,59.168226,0 18.127578,59.167804,0 18.127283,59.167359,0 18.127104,59.166898,0 18.127044,59.166429,0 18.127104,59.165960,0 18.127283,59.165499,0 18.127578,59.165054,0 18.127984,59.164632,0 18.128493,59.164242,0 18.129098,59.163888,0 18.129787,59.163578,0 18.130550,59.163317,0 18.131372,59.163109,0 18.132241,59.162958,0 18.133140,59.162866,0 18.134055,59.162836,0 18.134970,59.162866,0 18.135869,59.162958,0 18.136738,59.163109,0 18.137560,59.163317,0 18.138323,59.163578,0 18.139012,59.163888,0 18.139617,59.164242,0 18.140126,59.164632,0 18.140532,59.165054,0 18.140827,59.165499,0 18.141006,59.165960,0 18.141066,59.166429,0</coordinates></LinearRing></outerBoundaryIs></Polygon></Placemark><Placemark><name>Helenelund</name><styleUrl>#zone</styleUrl><Polygon><outerBoundaryIs><LinearRing><coordinates>17.969938,59.408731,0 17.969877,59.409200,0 17.969697,59.409661,0 17.969400,59.410106,0 17.968992,59.410528,0 17.968479,59.410918,0 17.967870,59.411272,0 17.967175,59.411582,0 17.966407,59.411843,0 17.965579,59.412051,0 17.964704,59.412202,0 17.963799,59.412294,0 17.962877,59.412324,0 17.961955,59.412294,0 17.961050,59.412202,0 17.960175,59.412051,0 17.959347,59.411843,0 17.958579,59.411582,0 17.957884,59.411272,0 17.957275,59.410918,0 17.956762,59.410528,0 17.956354,59.410106,0 17.956057,59.409661,0 17.955877,59.409200,0 17.955816,59.408731,0 17.955877,59.408262,0 17.956057,59.407801,0 17.956354,59.407356,0 17.956762,59.406934,0 17.957275,59.406544,0 17.957884,59.406190,0 17.958579,59.405880,0 17.959347,59.405619,0 17.960175,59.405411,0 17.961050,59.405260,0 17.961955,59.405168,0 17.962877,59.405138,0 17.963799,59.405168,0 17.964704,59.405260,0 17.965579,59.405411,0 17.966407,59.405619,0 17.967175,59.405880,0 17.967870,59.406190,0 17.968479,59.406544,0 17.968992,59.406934,0 17.969400,59.407356,0 17.969697,59.407801,0 17.969877,59.408262,0 17.969938,59.408731,0</coordinates></LinearRing></outerBoundaryIs></Polygon></Placemark><Placemark><name>Hemfosa</name><styleUrl>#zone</styleUrl><Polygon><outerBoundaryIs><LinearRing><coordinates>17.982479,59.068222,0 17.982419,59.068691,0 17.982240,59.069152,0 17.981946,59.069597,0 17.981542,59.070019,0 17.981034,59.070409,0 17.980431,59.070763,0 17.979744,59.071073,0 17.978983,59.071334,0 17.978163,59.071542,0 17.977297,59.071693,0 17.976400,59.071785,0 17.975488,59.071815,0 17.974576,59.071785,0 17.973679,59.071693,0 17.972813,59.071542,0 17.971993,59.071334,0 17.971232,59.071073,0 17.970545,59.070763,0 17.969942,59.070409,0 17.969434,59.070019,0 17.969030,59.069597,0 17.968736,59.069152,0 17.968557,59.068691,0 17.968497,59.068222,0 17.968557,59.067753,0 17.968736,59.067292,0 17.969030,59.066847,0 17.969434,59.066425,0 17.969942,59.066035,0 17.970545,59.065681,0 17.971232,59.065371,0 17.971993,59.065110,0 17.972813,59.064902,0 17.973679,59.064751,0 17.974576,59.064659,0 17.975488,59.064629,0 17.976400,59.064659,0 17.977297,59.064751,0 17.978163,59.064902,0 17.978983,59.065110,0 17.979744,59.065371,0 17.980431,59.065681,0 17.981034,59.066035,0 17.981542,59.066425,0 17.981946,59.066847,0 17.982240,59.067292,0 17.982419,59.067753,0 17.982479,59.068222,0</coordinates></LinearRing></outerBoundaryIs></Polygon></Placemark><Placemark><name>Henriksdal</name><styleUrl>#zone</styleUrl><Polygon><outerBoundaryIs><LinearRing><coordinates>18.115464,59.312141,0 18.115403,59.312610,0 18.115224,59.313071,0 18.114928,59.313516,0 18.114520,59.313938,0 18.114009,59.314328,0 18.113401,59.314682,0 18.112709,59.314992,0 18.111943,59.315253,0 18.111117,59.315461,0 18.110245,59.315612,0 18.109342,59.315704,0 18.108423,59.315734,0 18.107504,59.315704,0 18.106601,59.315612,0 18.105729,59.315461,0 18.104903,59.315253,0 18.104137,59.314992,0 18.103445,59.314682,0 18.102837,59.314328,0 18.102326,59.313938,0 18.101918,59.313516,0 18.101622,59.313071,0 18.101443,59.312610,0 18.101382,59.312141,0 18.101443,59.311672,0 18.101622,59.311211,0 18.101918,59.310766,0 18.102326,59.310344,0 18.102837,59.309954,0 18.103445,59.309600,0 18.104137,59.309290,0 18.104903,59.309029,0 18.105729,59.308821,0 18.106601,59.308670,0 18.107504,59.308578,0 18.108423,59.308548,0 18.109342,59.308578,0 18.110245,59.308670,0 18.111117,59.308821,0 18.111943,59.309029,0 18.112709,59.309290,0 18.113401,59.309600,0 18.114009,59.309954,0 18.114520,59.310344,0 18.114928,59.310766,0 18.115224,59.311211,0 18.115403,59.311672,0 18.115464,59.312141,0</coordinates></LinearRing></outerBoundaryIs></Polygon></Placemark><Placemark><name>Hjulsta</name><styleUrl>#zone</styleUrl><Polygon><outerBoundaryIs><LinearRing><coordinates>17.895277,59.396599,0 17.895217,59.397068,0 17.895037,59.397529,0 17.894740,59.397974,0 17.894332,59.398396,0 17.893819,59.398786,0 17.893210,59.399140,0 17.892516,59.399450,0 17.891748,59.399711,0 17.890920,59.399919,0 17.890046,59.400070,0 17.889140,59.400162,0 17.888219,59.400192,0 17.887298,59.400162,0 17.886392,59.400070,0 17.885518,59.399919,0 17.884690,59.399711,0 17.883922,59.399450,0 17.883228,59.399140,0 17.882619,59.398786,0 17.882106,59.398396,0 17.881698,59.397974,0 17.881401,59.397529,0 17.881221,59.397068,0 17.881161,59.396599,0 17.881221,59.396130,0 17.881401,59.395669,0 17.881698,59.395224,0 17.882106,59.394802,0 17.882619,59.394412,0 17.883228,59.394058,0 17.883922,59.393748,0 17.884690,59.393487,0 17.885518,59.393279,0 17.886392,59.393128,0 17.887298,59.393036,0 17.888219,59.393006,0 17.889140,59.393036,0 17.890046,59.393128,0 17.890920,59.393279,0 17.891748,59.393487,0 17.892516,59.393748,0 17.893210,59.394058,0 17.893819,59.394412,0 17.894332,59.394802,0 17.894740,59.395224,0 17.895037,59.395669,0 17.895217,59.396130,0 17.895277,59.396599,0</coordinates></LinearRing></outerBoundaryIs></Polygon></Placemark><Placemark><name>Hornstull</name><styleUrl>#zone</styleUrl><Polygon><outerBoundaryIs><LinearRing><coordinates>18.043752,59.316420,0 18.043692,59.316889,0 18.043513,59.317350,0 18.043216,59.317795,0 18.042809,59.318217,0 18.042297,59.318607,0 18.041690,59.318961,0 18.040998,59.319271,0 18.040232,59.319532,0 18.039406,59.319740,0 18.038533,59.319891,0 18.037630,59.319983,0 18.036711,59.320013,0 18.035792,59.319983,0 18.034889,59.319891,0 18.034016,59.319740,0 18.033190,59.319532,0 18.032424,59.319271,0 18.031732,59.318961,0 18.031125,59.318607,0 18.030613,59.318217,0 18.030206,59.317795,0 18.029909,59.317350,0 18.029730,59.316889,0 18.029670,59.316420,0 18.029730,59.315951,0 18.029909,59.315490,0 18.030206,59.315045,0 18.030613,59.314623,0 18.031125,59.314233,0 18.031732,59.313879,0 18.032424,59.313569,0 18.033190,59.313308,0 18.034016,59.313100,0 18.034889,59.312949,0 18.035792,59.312857,0 18.036711,59.312827,0 18.037630,59.312857,0 18.038533,59.312949,0 18.039406,59.313100,0 18.040232,59.313308,0 18.040998,59.313569,0 18.041690,59.313879,0 18.042297,59.314233,0 18.042809,59.314623,0 18.043216,59.315045,0 18.043513,59.315490,0 18.043692,59.315951,0 18.043752,59.316420,0</coordinates></LinearRing></outerBoundaryIs></Polygon></Placemark><Placemark><name>Huddinge</name><styleUrl>#zone</styleUrl><Polygon><outerBoundaryIs><LinearRing><coordinates>17.985381,59.235906,0 17.985321,59.236375,0 17.985141,59.236836,0 17.984846,59.237281,0 17.984440,59.237703,0 17.983929,59.238093,0 17.983323,59.238447,0 17.982632,59.238757,0 17.981868,59.239018,0 17.981044,59.239226,0 17.980174,59.239377,0 17.979273,59.239469,0 17.978356,59.239499,0 17.977439,59.239469,0 17.976538,59.239377,0 17.975668,59.239226,0 17.974844,59.239018,0 17.974080,59.238757,0 17.973389,59.238447,0 17.972783,59.238093,0 17.972272,59.237703,0 17.971866,59.237281,0 17.971571,59.236836,0 17.971391,59.236375,0 17.971331,59.235906,0 17.971391,59.235437,0 17.971571,59.234976,0 17.971866,59.234531,0 17.972272,59.234109,0 17.972783,59.233719,0 17.973389,59.233365,0 17.974080,59.233055,0 17.974844,59.232794,0 17.975668,59.232586,0 17.976538,59.232435,0 17.977439,59.232343,0 17.978356,59.232313,0 17.979273,59.232343,0 17.980174,59.232435,0 17.981044,59.232586,0 17.981868,59.232794,0 17.982632,59.233055,0 17.983323,59.233365,0 17.983929,59.233719,0 17.984440,59.234109,0 17.984846,59.234531,0 17.985141,59.234976,0 17.985321,59.235437,0 17.985381,59.235906,0</coordinates></LinearRing></outerBoundaryIs></Polygon></Placemark><Placemark><name>Husby</name><styleUrl>#zone</styleUrl><Polygon><outerBoundaryIs><LinearRing><coordinates>17.935726,59.408185,0 17.935665,59.408654,0 17.935485,59.409115,0 17.935188,59.409560,0 17.934780,59.409982,0 17.934267,59.410372,0 17.933658,59.410726,0 17.932963,59.411036,0 17.932195,59.411297,0 17.931367,59.411505,0 17.930492,59.411656,0 17.929587,59.411748,0 17.928665,59.411778,0 17.927743,59.411748,0 17.926838,59.411656,0 17.925963,59.411505,0 17.925135,59.411297,0 17.924367,59.411036,0 17.923672,59.410726,0 17.923063,59.410372,0 17.922550,59.409982,0 17.922142,59.409560,0 17.921845,59.409115,0 17.921665,59.408654,0 17.921604,59.408185,0 17.921665,59.407716,0 17.921845,59.407255,0 17.922142,59.406810,0 17.922550,59.406388,0 17.923063,59.405998,0 17.923672,59.405644,0 17.924367,59.405334,0 17.925135,59.405073,0 17.925963,59.404865,0 17.926838,59.404714,0 17.927743,59.404622,0 17.928665,59.404592,0 17.929587,59.404622,0 17.930492,59.404714,0 17.931367,59.404865,0 17.932195,59.405073,0 17.932963,59.405334,0 17.933658,59.405644,0 17.934267,59.405998,0 17.934780,59.406388,0 17.935188,59.406810,0 17.935485,59.407255,0 17.935665,59.407716,0 17.935726,59.408185,0</coordinates></LinearRing></outerBoundaryIs></Polygon></Placemark><Placemark><name>Huvudsta</name><styleUrl>#zone</styleUrl><Polygon><outerBoundaryIs><LinearRing><coordinates>17.994121,59.349659,0 17.994061,59.350128,0 17.993881,59.350589,0 17.993585,59.351034,0 17.993177,59.351456,0 17.992665,59.351846,0 17.992057,59.352200,0 17.991364,59.352510,0 17.990597,59.352771,0 17.989770,59.352979,0 17.988897,59.353130,0 17.987993,59.353222,0 17.987073,59.353252,0 17.986153,59.353222,0 17.985249,59.353130,0 17.984376,59.352979,0 17.983549,59.352771,0 17.982782,59.352510,0 17.982089,59.352200,0 17.981481,59.351846,0 17.980969,59.351456,0 17.980561,59.351034,0 17.980265,59.350589,0 17.980085,59.350128,0 17.980025,59.349659,0 17.980085,59.349190,0 17.980265,59.348729,0 17.980561,59.348284,0 17.980969,59.347862,0 17.981481,59.347472,0 17.982089,59.347118,0 17.982782,59.346808,0 17.983549,59.346547,0 17.984376,59.346339,0 17.985249,59.346188,0 17.986153,59.346096,0 17.987073,59.346066,0 17.987993,59.346096,0 17.988897,59.346188,0 17.989770,59.346339,0 17.990597,59.346547,0 17.991364,59.346808,0 17.992057,59.347118,0 17.992665,59.347472,0 17.993177,59.347862,0 17.993585,59.348284,0 17.993881,59.348729,0 17.994061,59.349190,0 17.994121,59.349659,0</coordinates></LinearRing></outerBoundaryIs></Polygon></Placemark><Placemark><name>Hägernäs</name><styleUrl>#zone</styleUrl><Polygon><outerBoundaryIs><LinearRing><coordinates>18.132122,59.450942,0 18.132062,59.451411,0 18.131882,59.451872,0 18.131584,59.452317,0 18.131175,59.452739,0 18.130662,59.453129,0 18.130052,59.453483,0 18.129357,59.453793,0 18.128588,59.454054,0 18.127758,59.454262,0 18.126883,59.454413,0 18.125976,59.454505,0 18.125053,59.454535,0 18.124130,59.454505,0 18.123223,59.454413,0 18.122348,59.454262,0 18.121518,59.454054,0 18.120749,59.453793,0 18.120054,59.453483,0 18.119444,59.453129,0 18.118931,59.452739,0 18.118522,59.452317,0 18.118224,59.451872,0 18.118044,59.451411,0 18.117984,59.450942,0 18.118044,59.450473,0 18.118224,59.450012,0 18.118522,59.449567,0 18.118931,59.449145,0 18.119444,59.448755,0 18.120054,59.448401,0 18.120749,59.448091,0 18.121518,59.447830,0 18.122348,59.447622,0 18.123223,59.447471,0 18.124130,59.447379,0 18.125053,59.447349,0 18.125976,59.447379,0 18.126883,59.447471,0 18.127758,59.447622,0 18.128588,59.447830,0 18.129357,59.448091,0 18.130052,59.448401,0 18.130662,59.448755,0 18.131175,59.449145,0 18.131584,59.449567,0 18.131882,59.450012,0 18.132062,59.450473,0 18.132122,59.450942,0</coordinates></LinearRing></outerBoundaryIs></Polygon></Placemark><Placemark><name>Hägerstensåsen</name><styleUrl>#zone</styleUrl><Polygon><outerBoundaryIs><LinearRing><coordinates>17.984956,59.294998,0 17.984896,59.295467,0 17.984716,59.295928,0 17.984420,59.296373,0 17.984013,59.296795,0 17.983502,59.297185,0 17.982895,59.297539,0 17.982203,59.297849,0 17.981438,59.298110,0 17.980612,59.298318,0 17.979740,59.298469,0 17.978838,59.298561,0 17.977919,59.298591,0 17.977000,59.298561,0 17.976098,59.298469,0 17.975226,59.298318,0 17.974400,59.298110,0 17.973635,59.297849,0 17.972943,59.297539,0 17.972336,59.297185,0 17.971825,59.296795,0 17.971418,59.296373,0 17.971122,59.295928,0 17.970942,59.295467,0 17.970882,59.294998,0 17.970942,59.294529,0 17.971122,59.294068,0 17.971418,59.293623,0 17.971825,59.293201,0 17.972336,59.292811,0 17.972943,59.292457,0 17.973635,59.292147,0 17.974400,59.291886,0 17.975226,59.291678,0 17.976098,59.291527,0 17.977000,59.291435,0 17.977919,59.291405,0 17.978838,59.291435,0 17.979740,59.291527,0 17.980612,59.291678,0 17.981438,59.291886,0 17.982203,59.292147,0 17.982895,59.292457,0 17.983502,59.292811,0 17.984013,59.293201,0 17.984420,59.293623,0 17.984716,59.294068,0 17.984896,59.294529,0 17.984956,59.294998,0</coordinates></LinearRing></outerBoundaryIs></Polygon></Placemark><Placemark><name>Häggvik</name><styleUrl>#zone</styleUrl><Polygon><outerBoundaryIs><LinearRing><coordinates>17.940066,59.443815,0 17.940006,59.444284,0 17.939825,59.444745,0 17.939528,59.445190,0 17.939119,59.445612,0 17.938605,59.446002,0 17.937996,59.446356,0 17.937301,59.446666,0 17.936532,59.446927,0 17.935703,59.447135,0 17.934827,59.447286,0 17.933921,59.447378,0 17.932998,59.447408,0 17.932075,59.447378,0 17.931169,59.447286,0 17.930293,59.447135,0 17.929464,59.446927,0 17.928695,59.446666,0 17.928000,59.446356,0 17.927391,59.446002,0 17.926877,59.445612,0 17.926468,59.445190,0 17.926171,59.444745,0 17.925990,59.444284,0 17.925930,59.443815,0 17.925990,59.443346,0 17.926171,59.442885,0 17.926468,59.442440,0 17.926877,59.442018,0 17.927391,59.441628,0 17.928000,59.441274,0 17.928695,59.440964,0 17.929464,59.440703,0 17.930293,59.440495,0 17.931169,59.440344,0 17.932075,59.440252,0 17.932998,59.440222,0 17.933921,59.440252,0 17.934827,59.440344,0 17.935703,59.440495,0 17.936532,59.440703,0 17.937301,59.440964,0 17.937996,59.441274,0 17.938605,59.441628,0 17.939119,59.442018,0 17.939528,59.442440,0 17.939825,59.442885,0 17.940006,59.443346,0 17.940066,59.443815,0</coordinates></LinearRing></outerBoundaryIs></Polygon></Placemark><Placemark><name>Hässelby gård</name><styleUrl>#zone</styleUrl><Polygon><outerBoundaryIs><LinearRing><coordinates>17.850960,59.366967,0 17.850900,59.367436,0 17.850720,59.367897,0 17.850423,59.368342,0 17.850015,59.368764,0 17.849503,59.369154,0 17.848894,59.369508,0 17.848201,59.369818,0 17.847434,59.370079,0 17.846607,59.370287,0 17.845733,59.370438,0 17.844828,59.370530,0 17.843908,59.370560,0 17.842988,59.370530,0 17.842083,59.370438,0 17.841209,59.370287,0 17.840382,59.370079,0 17.839615,59.369818,0 17.838922,59.369508,0 17.838313,59.369154,0 17.837801,59.368764,0 17.837393,59.368342,0 17.837096,59.367897,0 17.836916,59.367436,0 17.836856,59.366967,0 17.836916,59.366498,0 17.837096,59.366037,0 17.837393,59.365592,0 17.837801,59.365170,0 17.838313,59.364780,0 17.838922,59.364426,0 17.839615,59.364116,0 17.840382,59.363855,0 17.841209,59.363647,0 17.842083,59.363496,0 17.842988,59.363404,0 17.843908,59.363374,0 17.844828,59.363404,0 17.845733,59.363496,0 17.846607,59.363647,0 17.847434,59.363855,0 17.848201,59.364116,0 17.848894,59.364426,0 17.849503,59.364780,0 17.850015,59.365170,0 17.850423,59.365592,0 17.850720,59.366037,0 17.850900,59.366498,0 17.850960,59.366967,0</coordinates></LinearRing></outerBoundaryIs></Polygon></Placemark><Placemark><name>Hässelby strand</name><styleUrl>#zone</styleUrl><Polygon><outerBoundaryIs><LinearRing><coordinates>17.839514,59.361466,0 17.839454,59.361935,0 17.839274,59.362396,0 17.838977,59.362841,0 17.838569,59.363263,0 17.838057,59.363653,0 17.837449,59.364007,0 17.836755,59.364317,0 17.835988,59.364578,0 17.835161,59.364786,0 17.834288,59.364937,0 17.833383,59.365029,0 17.832463,59.365059,0 17.831543,59.365029,0 17.830638,59.364937,0 17.829765,59.364786,0 17.828938,59.364578,0 17.828171,59.364317,0 17.827477,59.364007,0 17.826869,59.363653,0 17.826357,59.363263,0 17.825949,59.362841,0 17.825652,59.362396,0 17.825472,59.361935,0 17.825412,59.361466,0 17.825472,59.360997,0 17.825652,59.360536,0 17.825949,59.360091,0 17.826357,59.359669,0 17.826869,59.359279,0 17.827477,59.358925,0 17.828171,59.358615,0 17.828938,59.358354,0 17.829765,59.358146,0 17.830638,59.357995,0 17.831543,59.357903,0 17.832463,59.357873,0 17.833383,59.357903,0 17.834288,59.357995,0 17.835161,59.358146,0 17.835988,59.358354,0 17.836755,59.358615,0 17.837449,59.358925,0 17.838057,59.359279,0 17.838569,59.359669,0 17.838977,59.360091,0 17.839274,59.360536,0 17.839454,59.360997,0 17.839514,59.361466,0</coordinates></LinearRing></outerBoundaryIs></Polygon></Placemark><Placemark><name>Högberga</name><styleUrl>#zone</styleUrl><Polygon><outerBoundaryIs><LinearRing><coordinates>18.200761,59.344283,0 18.200701,59.344752,0 18.200521,59.345213,0 18.200225,59.345658,0 18.199817,59.346080,0 18.199305,59.346470,0 18.198697,59.346824,0 18.198004,59.347134,0 18.197238,59.347395,0 18.196411,59.347603,0 18.195538,59.347754,0 18.194634,59.347846,0 18.193714,59.347876,0 18.192794,59.347846,0 18.191890,59.347754,0 18.191017,59.347603,0 18.190190,59.347395,0 18.189424,59.347134,0 18.188731,59.346824,0 18.188123,59.346470,0 18.187611,59.346080,0 18.187203,59.345658,0 18.186907,59.345213,0 18.186727,59.344752,0 18.186667,59.344283,0 18.186727,59.343814,0 18.186907,59.343353,0 18.187203,59.342908,0 18.187611,59.342486,0 18.188123,59.342096,0 18.188731,59.341742,0 18.189424,59.341432,0 18.190190,59.341171,0 18.191017,59.340963,0 18.191890,59.340812,0 18.192794,59.340720,0 18.193714,59.340690,0 18.194634,59.340720,0 18.195538,59.340812,0 18.196411,59.340963,0 18.197238,59.341171,0 18.198004,59.341432,0 18.198697,59.341742,0 18.199305,59.342096,0 18.199817,59.342486,0 18.200225,59.342908,0 18.200521,59.343353,0 18.200701,59.343814,0 18.200761,59.344283,0</coordinates></LinearRing></outerBoundaryIs></Polygon></Placemark><Placemark><name>Högdalen</name><styleUrl>#zone</styleUrl><Polygon><outerBoundaryIs><LinearRing><coordinates>18.050088,59.263764,0 18.050027,59.264233,0 18.049848,59.264694,0 18.049552,59.265139,0 18.049146,59.265561,0 18.048635,59.265951,0 18.048028,59.266305,0 18.047337,59.266615,0 18.046572,59.266876,0 18.045747,59.267084,0 18.044877,59.267235,0 18.043975,59.267327,0 18.043057,59.267357,0 18.042139,59.267327,0 18.041237,59.267235,0 18.040367,59.267084,0 18.039542,59.266876,0 18.038777,59.266615,0 18.038086,59.266305,0 18.037479,59.265951,0 18.036968,59.265561,0 18.036562,59.265139,0 18.036266,59.264694,0 18.036087,59.264233,0 18.036026,59.263764,0 18.036087,59.263295,0 18.036266,59.262834,0 18.036562,59.262389,0 18.036968,59.261967,0 18.037479,59.261577,0 18.038086,59.261223,0 18.038777,59.260913,0 18.039542,59.260652,0 18.040367,59.260444,0 18.041237,59.260293,0 18.042139,59.260201,0 18.043057,59.260171,0 18.043975,59.260201,0 18.044877,59.260293,0 18.045747,59.260444,0 18.046572,59.260652,0 18.047337,59.260913,0 18.048028,59.261223,0 18.048635,59.261577,0 18.049146,59.261967,0 18.049552,59.262389,0 18.049848,59.262834,0 18.050027,59.263295,0 18.050088,59.263764,0</coordinates></LinearRing></outerBoundaryIs></Polygon></Placemark><Placemark><name>Höglandstorget</name><styleUrl>#zone</styleUrl><Polygon><outerBoundaryIs><LinearRing><coordinates>17.947431,59.323207,0 17.947371,59.323676,0 17.947191,59.324137,0 17.946895,59.324582,0 17.946487,59.325004,0 17.945976,59.325394,0 17.945368,59.325748,0 17.944675,59.326058,0 17.943909,59.326319,0 17.943083,59.326527,0 17.942211,59.326678,0 17.941307,59.326770,0 17.940388,59.326800,0 17.939469,59.326770,0 17.938565,59.326678,0 17.937693,59.326527,0 17.936867,59.326319,0 17.936101,59.326058,0 17.935408,59.325748,0 17.934800,59.325394,0 17.934289,59.325004,0 17.933881,59.324582,0 17.933585,59.324137,0 17.933405,59.323676,0 17.933345,59.323207,0 17.933405,59.322738,0 17.933585,59.322277,0 17.933881,59.321832,0 17.934289,59.321410,0 17.934800,59.321020,0 17.935408,59.320666,0 17.936101,59.320356,0 17.936867,59.320095,0 17.937693,59.319887,0 17.938565,59.319736,0 17.939469,59.319644,0 17.940388,59.319614,0 17.941307,59.319644,0 17.942211,59.319736,0 17.943083,59.319887,0 17.943909,59.320095,0 17.944675,59.320356,0 17.945368,59.320666,0 17.945976,59.321020,0 17.946487,59.321410,0 17.946895,59.321832,0 17.947191,59.322277,0 17.947371,59.322738,0 17.947431,59.323207,0</coordinates></LinearRing></outerBoundaryIs></Polygon></Placemark><Placemark><name>Hökarängen</name><styleUrl>#zone</styleUrl><Polygon><outerBoundaryIs><LinearRing><coordinates>18.089875,59.257319,0 18.089815,59.257788,0 18.089636,59.258249,0 18.089340,59.258694,0 18.088934,59.259116,0 18.088423,59.259506,0 18.087816,59.259860,0 18.087125,59.260170,0 18.086361,59.260431,0 18.085536,59.260639,0 18.084665,59.260790,0 18.083764,59.260882,0 18.082846,59.260912,0 18.081928,59.260882,0 18.081027,59.260790,0 18.080156,59.260639,0 18.079331,59.260431,0 18.078567,59.260170,0 18.077876,59.259860,0 18.077269,59.259506,0 18.076758,59.259116,0 18.076352,59.258694,0 18.076056,59.258249,0 18.075877,59.257788,0 18.075817,59.257319,0 18.075877,59.256850,0 18.076056,59.256389,0 18.076352,59.255944,0 18.076758,59.255522,0 18.077269,59.255132,0 18.077876,59.254778,0 18.078567,59.254468,0 18.079331,59.254207,0 18.080156,59.253999,0 18.081027,59.253848,0 18.081928,59.253756,0 18.082846,59.253726,0 18.083764,59.253756,0 18.084665,59.253848,0 18.085536,59.253999,0 18.086361,59.254207,0 18.087125,59.254468,0 18.087816,59.254778,0 18.088423,59.255132,0 18.088934,59.255522,0 18.089340,59.255944,0 18.089636,59.256389,0 18.089815,59.256850,0 18.089875,59.257319,0</coordinates></LinearRing></outerBoundaryIs></Polygon></Placemark><Placemark><name>Hötorget</name><styleUrl>#zone</styleUrl><Polygon><outerBoundaryIs><LinearRing><coordinates>18.070311,59.335831,0 18.070250,59.336300,0 18.070070,59.336761,0 18.069774,59.337206,0 18.069367,59.337628,0 18.068855,59.338018,0 18.068247,59.338372,0 18.067554,59.338682,0 18.066788,59.338943,0 18.065961,59.339151,0 18.065089,59.339302,0 18.064185,59.339394,0 18.063265,59.339424,0 18.062345,59.339394,0 18.061441,59.339302,0 18.060569,59.339151,0 18.059742,59.338943,0 18.058976,59.338682,0 18.058283,59.338372,0 18.057675,59.338018,0 18.057163,59.337628,0 18.056756,59.337206,0 18.056460,59.336761,0 18.056280,59.336300,0 18.056219,59.335831,0 18.056280,59.335362,0 18.056460,59.334901,0 18.056756,59.334456,0 18.057163,59.334034,0 18.057675,59.333644,0 18.058283,59.333290,0 18.058976,59.332980,0 18.059742,59.332719,0 18.060569,59.332511,0 18.061441,59.332360,0 18.062345,59.332268,0 18.063265,59.332238,0 18.064185,59.332268,0 18.065089,59.332360,0 18.065961,59.332511,0 18.066788,59.332719,0 18.067554,59.332980,0 18.068247,59.333290,0 18.068855,59.333644,0 18.069367,59.334034,0 18.069774,59.334456,0 18.070070,59.334901,0 18.070250,59.335362,0 18.070311,59.335831,0</coordinates></LinearRing></outerBoundaryIs></Polygon></Placemark><Placemark><name>Igelboda</name><styleUrl>#zone</styleUrl><Polygon><outerBoundaryIs><LinearRing><coordinates>18.282785,59.289784,0 18.282725,59.290253,0 18.282545,59.290714,0 18.282249,59.291159,0 18.281842,59.291581,0 18.281331,59.291971,0 18.280724,59.292325,0 18.280032,59.292635,0 18.279267,59.292896,0 18.278442,59.293104,0 18.277570,59.293255,0 18.276667,59.293347,0 18.275749,59.293377,0 18.274831,59.293347,0 18.273928,59.293255,0 18.273056,59.293104,0 18.272231,59.292896,0 18.271466,59.292635,0 18.270774,59.292325,0 18.270167,59.291971,0 18.269656,59.291581,0 18.269249,59.291159,0 18.268953,59.290714,0 18.268773,59.290253,0 18.268713,59.289784,0 18.268773,59.289315,0 18.268953,59.288854,0 18.269249,59.288409,0 18.269656,59.287987,0 18.270167,59.287597,0 18.270774,59.287243,0 18.271466,59.286933,0 18.272231,59.286672,0 18.273056,59.286464,0 18.273928,59.286313,0 18.274831,59.286221,0 18.275749,59.286191,0 18.276667,59.286221,0 18.277570,59.286313,0 18.278442,59.286464,0 18.279267,59.286672,0 18.280032,59.286933,0 18.280724,59.287243,0 18.281331,59.287597,0 18.281842,59.287987,0 18.282249,59.288409,0 18.282545,59.288854,0 18.282725,59.289315,0 18.282785,59.289784,0</coordinates></LinearRing></outerBoundaryIs></Polygon></Placemark><Placemark><name>Islandstorget</name><styleUrl>#zone</styleUrl><Polygon><outerBoundaryIs><LinearRing><coordinates>17.900793,59.345938,0 17.900732,59.346407,0 17.900552,59.346868,0 17.900256,59.347313,0 17.899848,59.347735,0 17.899336,59.348125,0 17.898728,59.348479,0 17.898035,59.348789,0 17.897269,59.349050,0 17.896442,59.349258,0 17.895569,59.349409,0 17.894665,59.349501,0 17.893745,59.349531,0 17.892825,59.349501,0 17.891921,59.349409,0 17.891048,59.349258,0 17.890221,59.349050,0 17.889455,59.348789,0 17.888762,59.348479,0 17.888154,59.348125,0 17.887642,59.347735,0 17.887234,59.347313,0 17.886938,59.346868,0 17.886758,59.346407,0 17.886697,59.345938,0 17.886758,59.345469,0 17.886938,59.345008,0 17.887234,59.344563,0 17.887642,59.344141,0 17.888154,59.343751,0 17.888762,59.343397,0 17.889455,59.343087,0 17.890221,59.342826,0 17.891048,59.342618,0 17.891921,59.342467,0 17.892825,59.342375,0 17.893745,59.342345,0 17.894665,59.342375,0 17.895569,59.342467,0 17.896442,59.342618,0 17.897269,59.342826,0 17.898035,59.343087,0 17.898728,59.343397,0 17.899336,59.343751,0 17.899848,59.344141,0 17.900256,59.344563,0 17.900552,59.345008,0 17.900732,59.345469,0 17.900793,59.345938,0</coordinates></LinearRing></outerBoundaryIs></Polygon></Placemark><Placemark><name>Jakobsberg</name><styleUrl>#zone</styleUrl><Polygon><outerBoundaryIs><LinearRing><coordinates>17.840097,59.423561,0 17.840036,59.424030,0 17.839856,59.424491,0 17.839559,59.424936,0 17.839150,59.425358,0 17.838637,59.425748,0 17.838028,59.426102,0 17.837333,59.426412,0 17.836565,59.426673,0 17.835736,59.426881,0 17.834861,59.427032,0 17.833955,59.427124,0 17.833033,59.427154,0 17.832111,59.427124,0 17.831205,59.427032,0 17.830330,59.426881,0 17.829501,59.426673,0 17.828733,59.426412,0 17.828038,59.426102,0 17.827429,59.425748,0 17.826916,59.425358,0 17.826507,59.424936,0 17.826210,59.424491,0 17.826030,59.424030,0 17.825969,59.423561,0 17.826030,59.423092,0 17.826210,59.422631,0 17.826507,59.422186,0 17.826916,59.421764,0 17.827429,59.421374,0 17.828038,59.421020,0 17.828733,59.420710,0 17.829501,59.420449,0 17.830330,59.420241,0 17.831205,59.420090,0 17.832111,59.419998,0 17.833033,59.419968,0 17.833955,59.419998,0 17.834861,59.420090,0 17.835736,59.420241,0 17.836565,59.420449,0 17.837333,59.420710,0 17.838028,59.421020,0 17.838637,59.421374,0 17.839150,59.421764,0 17.839559,59.422186,0 17.839856,59.422631,0 17.840036,59.423092,0 17.840097,59.423561,0</coordinates></LinearRing></outerBoundaryIs></Polygon></Placemark><Placemark><name>Johannelund</name><styleUrl>#zone</styleUrl><Polygon><outerBoundaryIs><LinearRing><coordinates>17.864905,59.367948,0 17.864845,59.368417,0 17.864665,59.368878,0 17.864368,59.369323,0 17.863960,59.369745,0 17.863448,59.370135,0 17.862840,59.370489,0 17.862146,59.370799,0 17.861379,59.371060,0 17.860552,59.371268,0 17.859678,59.371419,0 17.858773,59.371511,0 17.857853,59.371541,0 17.856933,59.371511,0 17.856028,59.371419,0 17.855154,59.371268,0 17.854327,59.371060,0 17.853560,59.370799,0 17.852866,59.370489,0 17.852258,59.370135,0 17.851746,59.369745,0 17.851338,59.369323,0 17.851041,59.368878,0 17.850861,59.368417,0 17.850801,59.367948,0 17.850861,59.367479,0 17.851041,59.367018,0 17.851338,59.366573,0 17.851746,59.366151,0 17.852258,59.365761,0 17.852866,59.365407,0 17.853560,59.365097,0 17.854327,59.364836,0 17.855154,59.364628,0 17.856028,59.364477,0 17.856933,59.364385,0 17.857853,59.364355,0 17.858773,59.364385,0 17.859678,59.364477,0 17.860552,59.364628,0 17.861379,59.364836,0 17.862146,59.365097,0 17.862840,59.365407,0 17.863448,59.365761,0 17.863960,59.366151,0 17.864368,59.366573,0 17.864665,59.367018,0 17.864845,59.367479,0 17.864905,59.367948,0</coordinates></LinearRing></outerBoundaryIs></Polygon></Placemark><Placemark><name>Johannesfred</name><styleUrl>#zone</styleUrl><Polygon><outerBoundaryIs><LinearRing><coordinates>17.976771,59.342754,0 17.976711,59.343223,0 17.976531,59.343684,0 17.976235,59.344129,0 17.975827,59.344551,0 17.975315,59.344941,0 17.974707,59.345295,0 17.974014,59.345605,0 17.973247,59.345866,0 17.972421,59.346074,0 17.971548,59.346225,0 17.970644,59.346317,0 17.969724,59.346347,0 17.968804,59.346317,0 17.967900,59.346225,0 17.967027,59.346074,0 17.966201,59.345866,0 17.965434,59.345605,0 17.964741,59.345295,0 17.964133,59.344941,0 17.963621,59.344551,0 17.963213,59.344129,0 17.962917,59.343684,0 17.962737,59.343223,0 17.962677,59.342754,0 17.962737,59.342285,0 17.962917,59.341824,0 17.963213,59.341379,0 17.963621,59.340957,0 17.964133,59.340567,0 17.964741,59.340213,0 17.965434,59.339903,0 17.966201,59.339642,0 17.967027,59.339434,0 17.967900,59.339283,0 17.968804,59.339191,0 17.969724,59.339161,0 17.970644,59.339191,0 17.971548,59.339283,0 17.972421,59.339434,0 17.973247,59.339642,0 17.974014,59.339903,0 17.974707,59.340213,0 17.975315,59.340567,0 17.975827,59.340957,0 17.976235,59.341379,0 17.976531,59.341824,0 17.976711,59.342285,0 17.976771,59.342754,0</coordinates></LinearRing></outerBoundaryIs></Polygon></Placemark><Placemark><name>Jordbro</name><styleUrl>#zone</styleUrl><Polygon><outerBoundaryIs><LinearRing><coordinates>18.133591,59.142233,0 18.133531,59.142702,0 18.133352,59.143163,0 18.133057,59.143608,0 18.132652,59.144030,0 18.132143,59.144420,0 18.131539,59.144774,0 18.130850,59.145084,0 18.130088,59.145345,0 18.129266,59.145553,0 18.128398,59.145704,0 18.127499,59.145796,0 18.126585,59.145826,0 18.125671,59.145796,0 18.124772,59.145704,0 18.123904,59.145553,0 18.123082,59.145345,0 18.122320,59.145084,0 18.121631,59.144774,0 18.121027,59.144420,0 18.120518,59.144030,0 18.120113,59.143608,0 18.119818,59.143163,0 18.119639,59.142702,0 18.119579,59.142233,0 18.119639,59.141764,0 18.119818,59.141303,0 18.120113,59.140858,0 18.120518,59.140436,0 18.121027,59.140046,0 18.121631,59.139692,0 18.122320,59.139382,0 18.123082,59.139121,0 18.123904,59.138913,0 18.124772,59.138762,0 18.125671,59.138670,0 18.126585,59.138640,0 18.127499,59.138670,0 18.128398,59.138762,0 18.129266,59.138913,0 18.130088,59.139121,0 18.130850,59.139382,0 18.131539,59.139692,0 18.132143,59.140046,0 18.132652,59.140436,0 18.133057,59.140858,0 18.133352,59.141303,0 18.133531,59.141764,0 18.133591,59.142233,0</coordinates></LinearRing></outerBoundaryIs></Polygon></Placemark><Placemark><name>Järna</name><styleUrl>#zone</styleUrl><Polygon><outerBoundaryIs><LinearRing><coordinates>17.575116,59.093844,0 17.575056,59.094313,0 17.574877,59.094774,0 17.574583,59.095219,0 17.574178,59.095641,0 17.573670,59.096031,0 17.573067,59.096385,0 17.572379,59.096695,0 17.571618,59.096956,0 17.570797,59.097164,0 17.569931,59.097315,0 17.569033,59.097407,0 17.568120,59.097437,0 17.567207,59.097407,0 17.566309,59.097315,0 17.565443,59.097164,0 17.564622,59.096956,0 17.563861,59.096695,0 17.563173,59.096385,0 17.562570,59.096031,0 17.562062,59.095641,0 17.561657,59.095219,0 17.561363,59.094774,0 17.561184,59.094313,0 17.561124,59.093844,0 17.561184,59.093375,0 17.561363,59.092914,0 17.561657,59.092469,0 17.562062,59.092047,0 17.562570,59.091657,0 17.563173,59.091303,0 17.563861,59.090993,0 17.564622,59.090732,0 17.565443,59.090524,0 17.566309,59.090373,0 17.567207,59.090281,0 17.568120,59.090251,0 17.569033,59.090281,0 17.569931,59.090373,0 17.570797,59.090524,0 17.571618,59.090732,0 17.572379,59.090993,0 17.573067,59.091303,0 17.573670,59.091657,0 17.574178,59.092047,0 17.574583,59.092469,0 17.574877,59.092914,0 17.575056,59.093375,0 17.575116,59.093844,0</coordinates></LinearRing></outerBoundaryIs></Polygon></Placemark><Placemark><name>Kallhäll</name><styleUrl>#zone</styleUrl><Polygon><outerBoundaryIs><LinearRing><coordinates>17.814069,59.452472,0 17.814008,59.452941,0 17.813828,59.453402,0 17.813531,59.453847,0 17.813122,59.454269,0 17.812608,59.454659,0 17.811998,59.455013,0 17.811303,59.455323,0 17.810534,59.455584,0 17.809704,59.455792,0 17.808829,59.455943,0 17.807922,59.456035,0 17.806999,59.456065,0 17.806076,59.456035,0 17.805169,59.455943,0 17.804294,59.455792,0 17.803464,59.455584,0 17.802695,59.455323,0 17.802000,59.455013,0 17.801390,59.454659,0 17.800876,59.454269,0 17.800467,59.453847,0 17.800170,59.453402,0 17.799990,59.452941,0 17.799929,59.452472,0 17.799990,59.452003,0 17.800170,59.451542,0 17.800467,59.451097,0 17.800876,59.450675,0 17.801390,59.450285,0 17.802000,59.449931,0 17.802695,59.449621,0 17.803464,59.449360,0 17.804294,59.449152,0 17.805169,59.449001,0 17.806076,59.448909,0 17.806999,59.448879,0 17.807922,59.448909,0 17.808829,59.449001,0 17.809704,59.449152,0 17.810534,59.449360,0 17.811303,59.449621,0 17.811998,59.449931,0 17.812608,59.450285,0 17.813122,59.450675,0 17.813531,59.451097,0 17.813828,59.451542,0 17.814008,59.452003,0 17.814069,59.452472,0</coordinates></LinearRing></outerBoundaryIs></Polygon></Placemark><Placemark><name>Karlaplan</name><styleUrl>#zone</styleUrl><Polygon><outerBoundaryIs><LinearRing><coordinates>18.099341,59.339752,0 18.099281,59.340221,0 18.099101,59.340682,0 18.098805,59.341127,0 18.098397,59.341549,0 18.097885,59.341939,0 18.097278,59.342293,0 18.096585,59.342603,0 18.095818,59.342864,0 18.094992,59.343072,0 18.094119,59.343223,0 18.093215,59.343315,0 18.092295,59.343345,0 18.091375,59.343315,0 18.090471,59.343223,0 18.089598,59.343072,0 18.088772,59.342864,0 18.088005,59.342603,0 18.087312,59.342293,0 18.086705,59.341939,0 18.086193,59.341549,0 18.085785,59.341127,0 18.085489,59.340682,0 18.085309,59.340221,0 18.085249,59.339752,0 18.085309,59.339283,0 18.085489,59.338822,0 18.085785,59.338377,0 18.086193,59.337955,0 18.086705,59.337565,0 18.087312,59.337211,0 18.088005,59.336901,0 18.088772,59.336640,0 18.089598,59.336432,0 18.090471,59.336281,0 18.091375,59.336189,0 18.092295,59.336159,0 18.093215,59.336189,0 18.094119,59.336281,0 18.094992,59.336432,0 18.095818,59.336640,0 18.096585,59.336901,0 18.097278,59.337211,0 18.097885,59.337565,0 18.098397,59.337955,0 18.098805,59.338377,0 18.099101,59.338822,0 18.099281,59.339283,0 18.099341,59.339752,0</coordinates></LinearRing></outerBoundaryIs></Polygon></Placemark><Placemark><name>Karlsbodavägen</name><styleUrl>#zone</styleUrl><Polygon><outerBoundaryIs><LinearRing><coordinates>17.968381,59.355927,0 17.968320,59.356396,0 17.968140,59.356857,0 17.967844,59.357302,0 17.967436,59.357724,0 17.966924,59.358114,0 17.966316,59.358468,0 17.965623,59.358778,0 17.964856,59.359039,0 17.964029,59.359247,0 17.963156,59.359398,0 17.962251,59.359490,0 17.961331,59.359520,0 17.960411,59.359490,0 17.959506,59.359398,0 17.958633,59.359247,0 17.957806,59.359039,0 17.957039,59.358778,0 17.956346,59.358468,0 17.955738,59.358114,0 17.955226,59.357724,0 17.954818,59.357302,0 17.954522,59.356857,0 17.954342,59.356396,0 17.954281,59.355927,0 17.954342,59.355458,0 17.954522,59.354997,0 17.954818,59.354552,0 17.955226,59.354130,0 17.955738,59.353740,0 17.956346,59.353386,0 17.957039,59.353076,0 17.957806,59.352815,0 17.958633,59.352607,0 17.959506,59.352456,0 17.960411,59.352364,0 17.961331,59.352334,0 17.962251,59.352364,0 17.963156,59.352456,0 17.964029,59.352607,0 17.964856,59.352815,0 17.965623,59.353076,0 17.966316,59.353386,0 17.966924,59.353740,0 17.967436,59.354130,0 17.967844,59.354552,0 17.968140,59.354997,0 17.968320,59.355458,0 17.968381,59.355927,0</coordinates></LinearRing></outerBoundaryIs></Polygon></Placemark><Placemark><name>Kista</name><styleUrl>#zone</styleUrl><Polygon><outerBoundaryIs><LinearRing><coordinates>17.949481,59.403124,0 17.949421,59.403593,0 17.949241,59.404054,0 17.948944,59.404499,0 17.948536,59.404921,0 17.948023,59.405311,0 17.947414,59.405665,0 17.946720,59.405975,0 17.945952,59.406236,0 17.945124,59.406444,0 17.944249,59.406595,0 17.943343,59.406687,0 17.942422,59.406717,0 17.941501,59.406687,0 17.940595,59.406595,0 17.939720,59.406444,0 17.938892,59.406236,0 17.938124,59.405975,0 17.937430,59.405665,0 17.936821,59.405311,0 17.936308,59.404921,0 17.935900,59.404499,0 17.935603,59.404054,0 17.935423,59.403593,0 17.935363,59.403124,0 17.935423,59.402655,0 17.935603,59.402194,0 17.935900,59.401749,0 17.936308,59.401327,0 17.936821,59.400937,0 17.937430,59.400583,0 17.938124,59.400273,0 17.938892,59.400012,0 17.939720,59.399804,0 17.940595,59.399653,0 17.941501,59.399561,0 17.942422,59.399531,0 17.943343,59.399561,0 17.944249,59.399653,0 17.945124,59.399804,0 17.945952,59.400012,0 17.946720,59.400273,0 17.947414,59.400583,0 17.948023,59.400937,0 17.948536,59.401327,0 17.948944,59.401749,0 17.949241,59.402194,0 17.949421,59.402655,0 17.949481,59.403124,0</coordinates></LinearRing></outerBoundaryIs></Polygon></Placemark><Placemark><name>Klövervägen</name><styleUrl>#zone</styleUrl><Polygon><outerBoundaryIs><LinearRing><coordinates>17.980774,59.325250,0 17.980714,59.325719,0 17.980534,59.326180,0 17.980238,59.326625,0 17.979831,59.327047,0 17.979319,59.327437,0 17.978711,59.327791,0 17.978019,59.328101,0 17.977253,59.328362,0 17.976426,59.328570,0 17.975554,59.328721,0 17.974650,59.328813,0 17.973731,59.328843,0 17.972812,59.328813,0 17.971908,59.328721,0 17.971036,59.328570,0 17.970209,59.328362,0 17.969443,59.328101,0 17.968751,59.327791,0 17.968143,59.327437,0 17.967631,59.327047,0 17.967224,59.326625,0 17.966928,59.326180,0 17.966748,59.325719,0 17.966688,59.325250,0 17.966748,59.324781,0 17.966928,59.324320,0 17.967224,59.323875,0 17.967631,59.323453,0 17.968143,59.323063,0 17.968751,59.322709,0 17.969443,59.322399,0 17.970209,59.322138,0 17.971036,59.321930,0 17.971908,59.321779,0 17.972812,59.321687,0 17.973731,59.321657,0 17.974650,59.321687,0 17.975554,59.321779,0 17.976426,59.321930,0 17.977253,59.322138,0 17.978019,59.322399,0 17.978711,59.322709,0 17.979319,59.323063,0 17.979831,59.323453,0 17.980238,59.323875,0 17.980534,59.324320,0 17.980714,59.324781,0 17.980774,59.325250,0</coordinates></LinearRing></outerBoundaryIs></Polygon></Placemark><Placemark><name>Knivsta</name><styleUrl>#zone</styleUrl><Polygon><outerBoundaryIs><LinearRing><coordinates>17.794013,59.725761,0 17.793953,59.726230,0 17.793771,59.726691,0 17.793471,59.727136,0 17.793059,59.727558,0 17.792541,59.727948,0 17.791926,59.728302,0 17.791225,59.728612,0 17.790450,59.728873,0 17.789614,59.729081,0 17.788731,59.729232,0 17.787816,59.729324,0 17.786886,59.729354,0 17.785956,59.729324,0 17.785041,59.729232,0 17.784158,59.729081,0 17.783322,59.728873,0 17.782547,59.728612,0 17.781846,59.728302,0 17.781231,59.727948,0 17.780713,59.727558,0 17.780301,59.727136,0 17.780001,59.726691,0 17.779819,59.726230,0 17.779759,59.725761,0 17.779819,59.725292,0 17.780001,59.724831,0 17.780301,59.724386,0 17.780713,59.723964,0 17.781231,59.723574,0 17.781846,59.723220,0 17.782547,59.722910,0 17.783322,59.722649,0 17.784158,59.722441,0 17.785041,59.722290,0 17.785956,59.722198,0 17.786886,59.722168,0 17.787816,59.722198,0 17.788731,59.722290,0 17.789614,59.722441,0 17.790450,59.722649,0 17.791225,59.722910,0 17.791926,59.723220,0 17.792541,59.723574,0 17.793059,59.723964,0 17.793471,59.724386,0 17.793771,59.724831,0 17.793953,59.725292,0 17.794013,59.725761,0</coordinates></LinearRing></outerBoundaryIs></Polygon></Placemark><Placemark><name>Kottla</name><styleUrl>#zone</styleUrl><Polygon><outerBoundaryIs><LinearRing><coordinates>18.186841,59.344444,0 18.186781,59.344913,0 18.186601,59.345374,0 18.186305,59.345819,0 18.185897,59.346241,0 18.185385,59.346631,0 18.184777,59.346985,0 18.184084,59.347295,0 18.183318,59.347556,0 18.182491,59.347764,0 18.181618,59.347915,0 18.180714,59.348007,0 18.179794,59.348037,0 18.178874,59.348007,0 18.177970,59.347915,0 18.177097,59.347764,0 18.176270,59.347556,0 18.175504,59.347295,0 18.174811,59.346985,0 18.174203,59.346631,0 18.173691,59.346241,0 18.173283,59.345819,0 18.172987,59.345374,0 18.172807,59.344913,0 18.172747,59.344444,0 18.172807,59.343975,0 18.172987,59.343514,0 18.173283,59.343069,0 18.173691,59.342647,0 18.174203,59.342257,0 18.174811,59.341903,0 18.175504,59.341593,0 18.176270,59.341332,0 18.177097,59.341124,0 18.177970,59.340973,0 18.178874,59.340881,0 18.179794,59.340851,0 18.180714,59.340881,0 18.181618,59.340973,0 18.182491,59.341124,0 18.183318,59.341332,0 18.184084,59.341593,0 18.184777,59.341903,0 18.185385,59.342257,0 18.185897,59.342647,0 18.186305,59.343069,0 18.186601,59.343514,0 18.186781,59.343975,0 18.186841,59.344444,0</coordinates></LinearRing></outerBoundaryIs></Polygon></Placemark><Placemark><name>Kragstalund</name><styleUrl>#zone</styleUrl><Polygon><outerBoundaryIs><LinearRing><coordinates>18.082781,59.510192,0 18.082720,59.510661,0 18.082540,59.511122,0 18.082242,59.511567,0 18.081832,59.511989,0 18.081317,59.512379,0 18.080707,59.512733,0 18.080010,59.513043,0 18.079240,59.513304,0 18.078409,59.513512,0 18.077532,59.513663,0 18.076623,59.513755,0 18.075699,59.513785,0 18.074775,59.513755,0 18.073866,59.513663,0 18.072989,59.513512,0 18.072158,59.513304,0 18.071388,59.513043,0 18.070691,59.512733,0 18.070081,59.512379,0 18.069566,59.511989,0 18.069156,59.511567,0 18.068858,59.511122,0 18.068678,59.510661,0 18.068617,59.510192,0 18.068678,59.509723,0 18.068858,59.509262,0 18.069156,59.508817,0 18.069566,59.508395,0 18.070081,59.508005,0 18.070691,59.507651,0 18.071388,59.507341,0 18.072158,59.507080,0 18.072989,59.506872,0 18.073866,59.506721,0 18.074775,59.506629,0 18.075699,59.506599,0 18.076623,59.506629,0 18.077532,59.506721,0 18.078409,59.506872,0 18.079240,59.507080,0 18.080010,59.507341,0 18.080707,59.507651,0 18.081317,59.508005,0 18.081832,59.508395,0 18.082242,59.508817,0 18.082540,59.509262,0 18.082720,59.509723,0 18.082781,59.510192,0</coordinates></LinearRing></outerBoundaryIs></Polygon></Placemark><Placemark><name>Krigslida</name><styleUrl>#zone</styleUrl><Polygon><outerBoundaryIs><LinearRing><coordinates>18.072218,59.108788,0 18.072158,59.109257,0 18.071979,59.109718,0 18.071685,59.110163,0 18.071280,59.110585,0 18.070772,59.110975,0 18.070168,59.111329,0 18.069480,59.111639,0 18.068718,59.111900,0 18.067897,59.112108,0 18.067030,59.112259,0 18.066133,59.112351,0 18.065219,59.112381,0 18.064305,59.112351,0 18.063408,59.112259,0 18.062541,59.112108,0 18.061720,59.111900,0 18.060958,59.111639,0 18.060270,59.111329,0 18.059666,59.110975,0 18.059158,59.110585,0 18.058753,59.110163,0 18.058459,59.109718,0 18.058280,59.109257,0 18.058220,59.108788,0 18.058280,59.108319,0 18.058459,59.107858,0 18.058753,59.107413,0 18.059158,59.106991,0 18.059666,59.106601,0 18.060270,59.106247,0 18.060958,59.105937,0 18.061720,59.105676,0 18.062541,59.105468,0 18.063408,59.105317,0 18.064305,59.105225,0 18.065219,59.105195,0 18.066133,59.105225,0 18.067030,59.105317,0 18.067897,59.105468,0 18.068718,59.105676,0 18.069480,59.105937,0 18.070168,59.106247,0 18.070772,59.106601,0 18.071280,59.106991,0 18.071685,59.107413,0 18.071979,59.107858,0 18.072158,59.108319,0 18.072218,59.108788,0</coordinates></LinearRing></outerBoundaryIs></Polygon></Placemark><Placemark><name>Kristineberg</name><styleUrl>#zone</styleUrl><Polygon><outerBoundaryIs><LinearRing><coordinates>18.011154,59.332561,0 18.011094,59.333030,0 18.010914,59.333491,0 18.010618,59.333936,0 18.010210,59.334358,0 18.009698,59.334748,0 18.009090,59.335102,0 18.008398,59.335412,0 18.007631,59.335673,0 18.006805,59.335881,0 18.005932,59.336032,0 18.005029,59.336124,0 18.004109,59.336154,0 18.003189,59.336124,0 18.002286,59.336032,0 18.001413,59.335881,0 18.000587,59.335673,0 17.999820,59.335412,0 17.999128,59.335102,0 17.998520,59.334748,0 17.998008,59.334358,0 17.997600,59.333936,0 17.997304,59.333491,0 17.997124,59.333030,0 17.997064,59.332561,0 17.997124,59.332092,0 17.997304,59.331631,0 17.997600,59.331186,0 17.998008,59.330764,0 17.998520,59.330374,0 17.999128,59.330020,0 17.999820,59.329710,0 18.000587,59.329449,0 18.001413,59.329241,0 18.002286,59.329090,0 18.003189,59.328998,0 18.004109,59.328968,0 18.005029,59.328998,0 18.005932,59.329090,0 18.006805,59.329241,0 18.007631,59.329449,0 18.008398,59.329710,0 18.009090,59.330020,0 18.009698,59.330374,0 18.010210,59.330764,0 18.010618,59.331186,0 18.010914,59.331631,0 18.011094,59.332092,0 18.011154,59.332561,0</coordinates></LinearRing></outerBoundaryIs></Polygon></Placemark><Placemark><name>Kungsträdgården</name><styleUrl>#zone</styleUrl><Polygon><outerBoundaryIs><LinearRing><coordinates>18.078098,59.330839,0 18.078038,59.331308,0 18.077858,59.331769,0 18.077562,59.332214,0 18.077155,59.332636,0 18.076643,59.333026,0 18.076035,59.333380,0 18.075342,59.333690,0 18.074576,59.333951,0 18.073750,59.334159,0 18.072877,59.334310,0 18.071973,59.334402,0 18.071054,59.334432,0 18.070135,59.334402,0 18.069231,59.334310,0 18.068358,59.334159,0 18.067532,59.333951,0 18.066766,59.333690,0 18.066073,59.333380,0 18.065465,59.333026,0 18.064953,59.332636,0 18.064546,59.332214,0 18.064250,59.331769,0 18.064070,59.331308,0 18.064010,59.330839,0 18.064070,59.330370,0 18.064250,59.329909,0 18.064546,59.329464,0 18.064953,59.329042,0 18.065465,59.328652,0 18.066073,59.328298,0 18.066766,59.327988,0 18.067532,59.327727,0 18.068358,59.327519,0 18.069231,59.327368,0 18.070135,59.327276,0 18.071054,59.327246,0 18.071973,59.327276,0 18.072877,59.327368,0 18.073750,59.327519,0 18.074576,59.327727,0 18.075342,59.327988,0 18.076035,59.328298,0 18.076643,59.328652,0 18.077155,59.329042,0 18.077562,59.329464,0 18.077858,59.329909,0 18.078038,59.330370,0 18.078098,59.330839,0</coordinates></LinearRing></outerBoundaryIs></Polygon></Placemark><Placemark><name>Kungsängen</name><styleUrl>#zone</styleUrl><Polygon><outerBoundaryIs><LinearRing><coordinates>17.758918,59.477751,0 17.758858,59.478220,0 17.758677,59.478681,0 17.758380,59.479126,0 17.757970,59.479548,0 17.757456,59.479938,0 17.756846,59.480292,0 17.756150,59.480602,0 17.755381,59.480863,0 17.754551,59.481071,0 17.753674,59.481222,0 17.752766,59.481314,0 17.751843,59.481344,0 17.750920,59.481314,0 17.750012,59.481222,0 17.749135,59.481071,0 17.748305,59.480863,0 17.747536,59.480602,0 17.746840,59.480292,0 17.746230,59.479938,0 17.745716,59.479548,0 17.745306,59.479126,0 17.745009,59.478681,0 17.744828,59.478220,0 17.744768,59.477751,0 17.744828,59.477282,0 17.745009,59.476821,0 17.745306,59.476376,0 17.745716,59.475954,0 17.746230,59.475564,0 17.746840,59.475210,0 17.747536,59.474900,0 17.748305,59.474639,0 17.749135,59.474431,0 17.750012,59.474280,0 17.750920,59.474188,0 17.751843,59.474158,0 17.752766,59.474188,0 17.753674,59.474280,0 17.754551,59.474431,0 17.755381,59.474639,0 17.756150,59.474900,0 17.756846,59.475210,0 17.757456,59.475564,0 17.757970,59.475954,0 17.758380,59.476376,0 17.758677,59.476821,0 17.758858,59.477282,0 17.758918,59.477751,0</coordinates></LinearRing></outerBoundaryIs></Polygon></Placemark><Placemark><name>Käppala</name><styleUrl>#zone</styleUrl><Polygon><outerBoundaryIs><LinearRing><coordinates>18.224782,59.352648,0 18.224722,59.353117,0 18.224542,59.353578,0 18.224245,59.354023,0 18.223838,59.354445,0 18.223325,59.354835,0 18.222717,59.355189,0 18.222024,59.355499,0 18.221257,59.355760,0 18.220431,59.355968,0 18.219557,59.356119,0 18.218653,59.356211,0 18.217733,59.356241,0 18.216813,59.356211,0 18.215909,59.356119,0 18.215035,59.355968,0 18.214209,59.355760,0 18.213442,59.355499,0 18.212749,59.355189,0 18.212141,59.354835,0 18.211628,59.354445,0 18.211221,59.354023,0 18.210924,59.353578,0 18.210744,59.353117,0 18.210684,59.352648,0 18.210744,59.352179,0 18.210924,59.351718,0 18.211221,59.351273,0 18.211628,59.350851,0 18.212141,59.350461,0 18.212749,59.350107,0 18.213442,59.349797,0 18.214209,59.349536,0 18.215035,59.349328,0 18.215909,59.349177,0 18.216813,59.349085,0 18.217733,59.349055,0 18.218653,59.349085,0 18.219557,59.349177,0 18.220431,59.349328,0 18.221257,59.349536,0 18.222024,59.349797,0 18.222717,59.350107,0 18.223325,59.350461,0 18.223838,59.350851,0 18.224245,59.351273,0 18.224542,59.351718,0 18.224722,59.352179,0 18.224782,59.352648,0</coordinates></LinearRing></outerBoundaryIs></Polygon></Placemark><Placemark><name>Kärrtorp</name><styleUrl>#zone</styleUrl><Polygon><outerBoundaryIs><LinearRing><coordinates>18.121667,59.284156,0 18.121607,59.284625,0 18.121427,59.285086,0 18.121131,59.285531,0 18.120724,59.285953,0 18.120213,59.286343,0 18.119606,59.286697,0 18.118915,59.287007,0 18.118149,59.287268,0 18.117324,59.287476,0 18.116453,59.287627,0 18.115550,59.287719,0 18.114632,59.287749,0 18.113714,59.287719,0 18.112811,59.287627,0 18.111940,59.287476,0 18.111115,59.287268,0 18.110349,59.287007,0 18.109658,59.286697,0 18.109051,59.286343,0 18.108540,59.285953,0 18.108133,59.285531,0 18.107837,59.285086,0 18.107657,59.284625,0 18.107597,59.284156,0 18.107657,59.283687,0 18.107837,59.283226,0 18.108133,59.282781,0 18.108540,59.282359,0 18.109051,59.281969,0 18.109658,59.281615,0 18.110349,59.281305,0 18.111115,59.281044,0 18.111940,59.280836,0 18.112811,59.280685,0 18.113714,59.280593,0 18.114632,59.280563,0 18.115550,59.280593,0 18.116453,59.280685,0 18.117324,59.280836,0 18.118149,59.281044,0 18.118915,59.281305,0 18.119606,59.281615,0 18.120213,59.281969,0 18.120724,59.282359,0 18.121131,59.282781,0 18.121427,59.283226,0 18.121607,59.283687,0 18.121667,59.284156,0</coordinates></LinearRing></outerBoundaryIs></Polygon></Placemark><Placemark><name>Kårsta</name><styleUrl>#zone</styleUrl><Polygon><outerBoundaryIs><LinearRing><coordinates>18.274667,59.656771,0 18.274606,59.657240,0 18.274424,59.657701,0 18.274125,59.658146,0 18.273714,59.658568,0 18.273197,59.658958,0 18.272584,59.659312,0 18.271884,59.659622,0 18.271110,59.659883,0 18.270276,59.660091,0 18.269395,59.660242,0 18.268482,59.660334,0 18.267554,59.660364,0 18.266626,59.660334,0 18.265713,59.660242,0 18.264832,59.660091,0 18.263998,59.659883,0 18.263224,59.659622,0 18.262524,59.659312,0 18.261911,59.658958,0 18.261394,59.658568,0 18.260983,59.658146,0 18.260684,59.657701,0 18.260502,59.657240,0 18.260441,59.656771,0 18.260502,59.656302,0 18.260684,59.655841,0 18.260983,59.655396,0 18.261394,59.654974,0 18.261911,59.654584,0 18.262524,59.654230,0 18.263224,59.653920,0 18.263998,59.653659,0 18.264832,59.653451,0 18.265713,59.653300,0 18.266626,59.653208,0 18.267554,59.653178,0 18.268482,59.653208,0 18.269395,59.653300,0 18.270276,59.653451,0 18.271110,59.653659,0 18.271884,59.653920,0 18.272584,59.654230,0 18.273197,59.654584,0 18.273714,59.654974,0 18.274125,59.655396,0 18.274424,59.655841,0 18.274606,59.656302,0 18.274667,59.656771,0</coordinates></LinearRing></outerBoundaryIs></Polygon></Placemark><Placemark><name>Lahäll</name><styleUrl>#zone</styleUrl><Polygon><outerBoundaryIs><LinearRing><coordinates>18.081097,59.424012,0 18.081036,59.424481,0 18.080856,59.424942,0 18.080559,59.425387,0 18.080150,59.425809,0 18.079637,59.426199,0 18.079028,59.426553,0 18.078333,59.426863,0 18.077565,59.427124,0 18.076736,59.427332,0 18.075861,59.427483,0 18.074955,59.427575,0 18.074033,59.427605,0 18.073111,59.427575,0 18.072205,59.427483,0 18.071330,59.427332,0 18.070501,59.427124,0 18.069733,59.426863,0 18.069038,59.426553,0 18.068429,59.426199,0 18.067916,59.425809,0 18.067507,59.425387,0 18.067210,59.424942,0 18.067030,59.424481,0 18.066969,59.424012,0 18.067030,59.423543,0 18.067210,59.423082,0 18.067507,59.422637,0 18.067916,59.422215,0 18.068429,59.421825,0 18.069038,59.421471,0 18.069733,59.421161,0 18.070501,59.420900,0 18.071330,59.420692,0 18.072205,59.420541,0 18.073111,59.420449,0 18.074033,59.420419,0 18.074955,59.420449,0 18.075861,59.420541,0 18.076736,59.420692,0 18.077565,59.420900,0 18.078333,59.421161,0 18.079028,59.421471,0 18.079637,59.421825,0 18.080150,59.422215,0 18.080559,59.422637,0 18.080856,59.423082,0 18.081036,59.423543,0 18.081097,59.424012,0</coordinates></LinearRing></outerBoundaryIs></Polygon></Placemark><Placemark><name>Larsberg</name><styleUrl>#zone</styleUrl><Polygon><outerBoundaryIs><LinearRing><coordinates>18.153611,59.350338,0 18.153550,59.350807,0 18.153370,59.351268,0 18.153074,59.351713,0 18.152666,59.352135,0 18.152154,59.352525,0 18.151546,59.352879,0 18.150853,59.353189,0 18.150086,59.353450,0 18.149259,59.353658,0 18.148386,59.353809,0 18.147482,59.353901,0 18.146562,59.353931,0 18.145642,59.353901,0 18.144738,59.353809,0 18.143865,59.353658,0 18.143038,59.353450,0 18.142271,59.353189,0 18.141578,59.352879,0 18.140970,59.352525,0 18.140458,59.352135,0 18.140050,59.351713,0 18.139754,59.351268,0 18.139574,59.350807,0 18.139513,59.350338,0 18.139574,59.349869,0 18.139754,59.349408,0 18.140050,59.348963,0 18.140458,59.348541,0 18.140970,59.348151,0 18.141578,59.347797,0 18.142271,59.347487,0 18.143038,59.347226,0 18.143865,59.347018,0 18.144738,59.346867,0 18.145642,59.346775,0 18.146562,59.346745,0 18.147482,59.346775,0 18.148386,59.346867,0 18.149259,59.347018,0 18.150086,59.347226,0 18.150853,59.347487,0 18.151546,59.347797,0 18.152154,59.348151,0 18.152666,59.348541,0 18.153074,59.348963,0 18.153370,59.349408,0 18.153550,59.349869,0 18.153611,59.350338,0</coordinates></LinearRing></outerBoundaryIs></Polygon></Placemark><Placemark><name>Liljeholmen</name><styleUrl>#zone</styleUrl><Polygon><outerBoundaryIs><LinearRing><coordinates>18.030172,59.310744,0 18.030112,59.311213,0 18.029932,59.311674,0 18.029636,59.312119,0 18.029229,59.312541,0 18.028717,59.312931,0 18.028110,59.313285,0 18.027418,59.313595,0 18.026652,59.313856,0 18.025826,59.314064,0 18.024954,59.314215,0 18.024051,59.314307,0 18.023132,59.314337,0 18.022213,59.314307,0 18.021310,59.314215,0 18.020438,59.314064,0 18.019612,59.313856,0 18.018846,59.313595,0 18.018154,59.313285,0 18.017547,59.312931,0 18.017035,59.312541,0 18.016628,59.312119,0 18.016332,59.311674,0 18.016152,59.311213,0 18.016092,59.310744,0 18.016152,59.310275,0 18.016332,59.309814,0 18.016628,59.309369,0 18.017035,59.308947,0 18.017547,59.308557,0 18.018154,59.308203,0 18.018846,59.307893,0 18.019612,59.307632,0 18.020438,59.307424,0 18.021310,59.307273,0 18.022213,59.307181,0 18.023132,59.307151,0 18.024051,59.307181,0 18.024954,59.307273,0 18.025826,59.307424,0 18.026652,59.307632,0 18.027418,59.307893,0 18.028110,59.308203,0 18.028717,59.308557,0 18.029229,59.308947,0 18.029636,59.309369,0 18.029932,59.309814,0 18.030112,59.310275,0 18.030172,59.310744,0</coordinates></LinearRing></outerBoundaryIs></Polygon></Placemark><Placemark><name>Liljevalchs/Gröna Lund</name><styleUrl>#zone</styleUrl><Polygon><outerBoundaryIs><LinearRing><coordinates>18.104086,59.325273,0 18.104026,59.325742,0 18.103846,59.326203,0 18.103550,59.326648,0 18.103143,59.327070,0 18.102631,59.327460,0 18.102023,59.327814,0 18.101331,59.328124,0 18.100565,59.328385,0 18.099738,59.328593,0 18.098866,59.328744,0 18.097962,59.328836,0 18.097043,59.328866,0 18.096124,59.328836,0 18.095220,59.328744,0 18.094348,59.328593,0 18.093521,59.328385,0 18.092755,59.328124,0 18.092063,59.327814,0 18.091455,59.327460,0 18.090943,59.327070,0 18.090536,59.326648,0 18.090240,59.326203,0 18.090060,59.325742,0 18.090000,59.325273,0 18.090060,59.324804,0 18.090240,59.324343,0 18.090536,59.323898,0 18.090943,59.323476,0 18.091455,59.323086,0 18.092063,59.322732,0 18.092755,59.322422,0 18.093521,59.322161,0 18.094348,59.321953,0 18.095220,59.321802,0 18.096124,59.321710,0 18.097043,59.321680,0 18.097962,59.321710,0 18.098866,59.321802,0 18.099738,59.321953,0 18.100565,59.322161,0 18.101331,59.322422,0 18.102023,59.322732,0 18.102631,59.323086,0 18.103143,59.323476,0 18.103550,59.323898,0 18.103846,59.324343,0 18.104026,59.324804,0 18.104086,59.325273,0</coordinates></LinearRing></outerBoundaryIs></Polygon></Placemark><Placemark><name>Lillängen</name><styleUrl>#zone</styleUrl><Polygon><outerBoundaryIs><LinearRing><coordinates>18.168732,59.305096,0 18.168672,59.305565,0 18.168492,59.306026,0 18.168196,59.306471,0 18.167789,59.306893,0 18.167278,59.307283,0 18.166670,59.307637,0 18.165978,59.307947,0 18.165213,59.308208,0 18.164387,59.308416,0 18.163515,59.308567,0 18.162612,59.308659,0 18.161693,59.308689,0 18.160774,59.308659,0 18.159871,59.308567,0 18.158999,59.308416,0 18.158173,59.308208,0 18.157408,59.307947,0 18.156716,59.307637,0 18.156108,59.307283,0 18.155597,59.306893,0 18.155190,59.306471,0 18.154894,59.306026,0 18.154714,59.305565,0 18.154654,59.305096,0 18.154714,59.304627,0 18.154894,59.304166,0 18.155190,59.303721,0 18.155597,59.303299,0 18.156108,59.302909,0 18.156716,59.302555,0 18.157408,59.302245,0 18.158173,59.301984,0 18.158999,59.301776,0 18.159871,59.301625,0 18.160774,59.301533,0 18.161693,59.301503,0 18.162612,59.301533,0 18.163515,59.301625,0 18.164387,59.301776,0 18.165213,59.301984,0 18.165978,59.302245,0 18.166670,59.302555,0 18.167278,59.302909,0 18.167789,59.303299,0 18.168196,59.303721,0 18.168492,59.304166,0 18.168672,59.304627,0 18.168732,59.305096,0</coordinates></LinearRing></outerBoundaryIs></Polygon></Placemark><Placemark><name>Linde</name><styleUrl>#zone</styleUrl><Polygon><outerBoundaryIs><LinearRing><coordinates>18.071163,59.293377,0 18.071103,59.293846,0 18.070923,59.294307,0 18.070627,59.294752,0 18.070220,59.295174,0 18.069709,59.295564,0 18.069102,59.295918,0 18.068410,59.296228,0 18.067644,59.296489,0 18.066819,59.296697,0 18.065947,59.296848,0 18.065044,59.296940,0 18.064126,59.296970,0 18.063208,59.296940,0 18.062305,59.296848,0 18.061433,59.296697,0 18.060608,59.296489,0 18.059842,59.296228,0 18.059150,59.295918,0 18.058543,59.295564,0 18.058032,59.295174,0 18.057625,59.294752,0 18.057329,59.294307,0 18.057149,59.293846,0 18.057089,59.293377,0 18.057149,59.292908,0 18.057329,59.292447,0 18.057625,59.292002,0 18.058032,59.291580,0 18.058543,59.291190,0 18.059150,59.290836,0 18.059842,59.290526,0 18.060608,59.290265,0 18.061433,59.290057,0 18.062305,59.289906,0 18.063208,59.289814,0 18.064126,59.289784,0 18.065044,59.289814,0 18.065947,59.289906,0 18.066819,59.290057,0 18.067644,59.290265,0 18.068410,59.290526,0 18.069102,59.290836,0 18.069709,59.291190,0 18.070220,59.291580,0 18.070627,59.292002,0 18.070923,59.292447,0 18.071103,59.292908,0 18.071163,59.293377,0</coordinates></LinearRing></outerBoundaryIs></Polygon></Placemark><Placemark><name>Lindholmen</name><styleUrl>#zone</styleUrl><Polygon><outerBoundaryIs><LinearRing><coordinates>18.116347,59.584287,0 18.116287,59.584756,0 18.116106,59.585217,0 18.115807,59.585662,0 18.115397,59.586084,0 18.114881,59.586474,0 18.114269,59.586828,0 18.113571,59.587138,0 18.112799,59.587399,0 18.111966,59.587607,0 18.111087,59.587758,0 18.110176,59.587850,0 18.109250,59.587880,0 18.108324,59.587850,0 18.107413,59.587758,0 18.106534,59.587607,0 18.105701,59.587399,0 18.104929,59.587138,0 18.104231,59.586828,0 18.103619,59.586474,0 18.103103,59.586084,0 18.102693,59.585662,0 18.102394,59.585217,0 18.102213,59.584756,0 18.102153,59.584287,0 18.102213,59.583818,0 18.102394,59.583357,0 18.102693,59.582912,0 18.103103,59.582490,0 18.103619,59.582100,0 18.104231,59.581746,0 18.104929,59.581436,0 18.105701,59.581175,0 18.106534,59.580967,0 18.107413,59.580816,0 18.108324,59.580724,0 18.109250,59.580694,0 18.110176,59.580724,0 18.111087,59.580816,0 18.111966,59.580967,0 18.112799,59.581175,0 18.113571,59.581436,0 18.114269,59.581746,0 18.114881,59.582100,0 18.115397,59.582490,0 18.115807,59.582912,0 18.116106,59.583357,0 18.116287,59.583818,0 18.116347,59.584287,0</coordinates></LinearRing></outerBoundaryIs></Polygon></Placemark><Placemark><name>Luma</name><styleUrl>#zone</styleUrl><Polygon><outerBoundaryIs><LinearRing><coordinates>18.102892,59.304196,0 18.102832,59.304665,0 18.102652,59.305126,0 18.102356,59.305571,0 18.101949,59.305993,0 18.101437,59.306383,0 18.100830,59.306737,0 18.100138,59.307047,0 18.099372,59.307308,0 18.098547,59.307516,0 18.097675,59.307667,0 18.096772,59.307759,0 18.095853,59.307789,0 18.094934,59.307759,0 18.094031,59.307667,0 18.093159,59.307516,0 18.092334,59.307308,0 18.091568,59.307047,0 18.090876,59.306737,0 18.090269,59.306383,0 18.089757,59.305993,0 18.089350,59.305571,0 18.089054,59.305126,0 18.088874,59.304665,0 18.088814,59.304196,0 18.088874,59.303727,0 18.089054,59.303266,0 18.089350,59.302821,0 18.089757,59.302399,0 18.090269,59.302009,0 18.090876,59.301655,0 18.091568,59.301345,0 18.092334,59.301084,0 18.093159,59.300876,0 18.094031,59.300725,0 18.094934,59.300633,0 18.095853,59.300603,0 18.096772,59.300633,0 18.097675,59.300725,0 18.098547,59.300876,0 18.099372,59.301084,0 18.100138,59.301345,0 18.100830,59.301655,0 18.101437,59.302009,0 18.101949,59.302399,0 18.102356,59.302821,0 18.102652,59.303266,0 18.102832,59.303727,0 18.102892,59.304196,0</coordinates></LinearRing></outerBoundaryIs></Polygon></Placemark><Placemark><name>Mariatorget</name><styleUrl>#zone</styleUrl><Polygon><outerBoundaryIs><LinearRing><coordinates>18.067517,59.317115,0 18.067456,59.317584,0 18.067277,59.318045,0 18.066981,59.318490,0 18.066573,59.318912,0 18.066061,59.319302,0 18.065454,59.319656,0 18.064762,59.319966,0 18.063996,59.320227,0 18.063170,59.320435,0 18.062298,59.320586,0 18.061394,59.320678,0 18.060475,59.320708,0 18.059556,59.320678,0 18.058652,59.320586,0 18.057780,59.320435,0 18.056954,59.320227,0 18.056188,59.319966,0 18.055496,59.319656,0 18.054889,59.319302,0 18.054377,59.318912,0 18.053969,59.318490,0 18.053673,59.318045,0 18.053494,59.317584,0 18.053433,59.317115,0 18.053494,59.316646,0 18.053673,59.316185,0 18.053969,59.315740,0 18.054377,59.315318,0 18.054889,59.314928,0 18.055496,59.314574,0 18.056188,59.314264,0 18.056954,59.314003,0 18.057780,59.313795,0 18.058652,59.313644,0 18.059556,59.313552,0 18.060475,59.313522,0 18.061394,59.313552,0 18.062298,59.313644,0 18.063170,59.313795,0 18.063996,59.314003,0 18.064762,59.314264,0 18.065454,59.314574,0 18.066061,59.314928,0 18.066573,59.315318,0 18.066981,59.315740,0 18.067277,59.316185,0 18.067456,59.316646,0 18.067517,59.317115,0</coordinates></LinearRing></outerBoundaryIs></Polygon></Placemark><Placemark><name>Masmo</name><styleUrl>#zone</styleUrl><Polygon><outerBoundaryIs><LinearRing><coordinates>17.888895,59.249864,0 17.888835,59.250333,0 17.888655,59.250794,0 17.888360,59.251239,0 17.887953,59.251661,0 17.887442,59.252051,0 17.886836,59.252405,0 17.886145,59.252715,0 17.885381,59.252976,0 17.884556,59.253184,0 17.883686,59.253335,0 17.882784,59.253427,0 17.881867,59.253457,0 17.880950,59.253427,0 17.880048,59.253335,0 17.879178,59.253184,0 17.878353,59.252976,0 17.877589,59.252715,0 17.876898,59.252405,0 17.876292,59.252051,0 17.875781,59.251661,0 17.875374,59.251239,0 17.875079,59.250794,0 17.874899,59.250333,0 17.874839,59.249864,0 17.874899,59.249395,0 17.875079,59.248934,0 17.875374,59.248489,0 17.875781,59.248067,0 17.876292,59.247677,0 17.876898,59.247323,0 17.877589,59.247013,0 17.878353,59.246752,0 17.879178,59.246544,0 17.880048,59.246393,0 17.880950,59.246301,0 17.881867,59.246271,0 17.882784,59.246301,0 17.883686,59.246393,0 17.884556,59.246544,0 17.885381,59.246752,0 17.886145,59.247013,0 17.886836,59.247323,0 17.887442,59.247677,0 17.887953,59.248067,0 17.888360,59.248489,0 17.888655,59.248934,0 17.888835,59.249395,0 17.888895,59.249864,0</coordinates></LinearRing></outerBoundaryIs></Polygon></Placemark><Placemark><name>Medborgarplatsen</name><styleUrl>#zone</styleUrl><Polygon><outerBoundaryIs><LinearRing><coordinates>18.080248,59.315175,0 18.080188,59.315644,0 18.080008,59.316105,0 18.079712,59.316550,0 18.079305,59.316972,0 18.078793,59.317362,0 18.078186,59.317716,0 18.077493,59.318026,0 18.076728,59.318287,0 18.075902,59.318495,0 18.075029,59.318646,0 18.074126,59.318738,0 18.073207,59.318768,0 18.072288,59.318738,0 18.071385,59.318646,0 18.070512,59.318495,0 18.069686,59.318287,0 18.068921,59.318026,0 18.068228,59.317716,0 18.067621,59.317362,0 18.067109,59.316972,0 18.066702,59.316550,0 18.066406,59.316105,0 18.066226,59.315644,0 18.066166,59.315175,0 18.066226,59.314706,0 18.066406,59.314245,0 18.066702,59.313800,0 18.067109,59.313378,0 18.067621,59.312988,0 18.068228,59.312634,0 18.068921,59.312324,0 18.069686,59.312063,0 18.070512,59.311855,0 18.071385,59.311704,0 18.072288,59.311612,0 18.073207,59.311582,0 18.074126,59.311612,0 18.075029,59.311704,0 18.075902,59.311855,0 18.076728,59.312063,0 18.077493,59.312324,0 18.078186,59.312634,0 18.078793,59.312988,0 18.079305,59.313378,0 18.079712,59.313800,0 18.080008,59.314245,0 18.080188,59.314706,0 18.080248,59.315175,0</coordinates></LinearRing></outerBoundaryIs></Polygon></Placemark><Placemark><name>Midsommarkransen</name><styleUrl>#zone</styleUrl><Polygon><outerBoundaryIs><LinearRing><coordinates>18.018035,59.301611,0 18.017975,59.302080,0 18.017796,59.302541,0 18.017500,59.302986,0 18.017092,59.303408,0 18.016581,59.303798,0 18.015974,59.304152,0 18.015282,59.304462,0 18.014516,59.304723,0 18.013690,59.304931,0 18.012819,59.305082,0 18.011916,59.305174,0 18.010997,59.305204,0 18.010078,59.305174,0 18.009175,59.305082,0 18.008304,59.304931,0 18.007478,59.304723,0 18.006712,59.304462,0 18.006020,59.304152,0 18.005413,59.303798,0 18.004902,59.303408,0 18.004494,59.302986,0 18.004198,59.302541,0 18.004019,59.302080,0 18.003959,59.301611,0 18.004019,59.301142,0 18.004198,59.300681,0 18.004494,59.300236,0 18.004902,59.299814,0 18.005413,59.299424,0 18.006020,59.299070,0 18.006712,59.298760,0 18.007478,59.298499,0 18.008304,59.298291,0 18.009175,59.298140,0 18.010078,59.298048,0 18.010997,59.298018,0 18.011916,59.298048,0 18.012819,59.298140,0 18.013690,59.298291,0 18.014516,59.298499,0 18.015282,59.298760,0 18.015974,59.299070,0 18.016581,59.299424,0 18.017092,59.299814,0 18.017500,59.300236,0 18.017796,59.300681,0 18.017975,59.301142,0 18.018035,59.301611,0</coordinates></LinearRing></outerBoundaryIs></Polygon></Placemark><Placemark><name>Molnby</name><styleUrl>#zone</styleUrl><Polygon><outerBoundaryIs><LinearRing><coordinates>18.092365,59.557788,0 18.092304,59.558257,0 18.092123,59.558718,0 18.091825,59.559163,0 18.091415,59.559585,0 18.090899,59.559975,0 18.090288,59.560329,0 18.089590,59.560639,0 18.088819,59.560900,0 18.087987,59.561108,0 18.087109,59.561259,0 18.086199,59.561351,0 18.085273,59.561381,0 18.084347,59.561351,0 18.083437,59.561259,0 18.082559,59.561108,0 18.081727,59.560900,0 18.080956,59.560639,0 18.080258,59.560329,0 18.079647,59.559975,0 18.079131,59.559585,0 18.078721,59.559163,0 18.078423,59.558718,0 18.078242,59.558257,0 18.078181,59.557788,0 18.078242,59.557319,0 18.078423,59.556858,0 18.078721,59.556413,0 18.079131,59.555991,0 18.079647,59.555601,0 18.080258,59.555247,0 18.080956,59.554937,0 18.081727,59.554676,0 18.082559,59.554468,0 18.083437,59.554317,0 18.084347,59.554225,0 18.085273,59.554195,0 18.086199,59.554225,0 18.087109,59.554317,0 18.087987,59.554468,0 18.088819,59.554676,0 18.089590,59.554937,0 18.090288,59.555247,0 18.090899,59.555601,0 18.091415,59.555991,0 18.091825,59.556413,0 18.092123,59.556858,0 18.092304,59.557319,0 18.092365,59.557788,0</coordinates></LinearRing></outerBoundaryIs></Polygon></Placemark><Placemark><name>Mälarhöjden</name><styleUrl>#zone</styleUrl><Polygon><outerBoundaryIs><LinearRing><coordinates>17.962778,59.300496,0 17.962718,59.300965,0 17.962538,59.301426,0 17.962242,59.301871,0 17.961835,59.302293,0 17.961324,59.302683,0 17.960717,59.303037,0 17.960025,59.303347,0 17.959259,59.303608,0 17.958433,59.303816,0 17.957562,59.303967,0 17.956659,59.304059,0 17.955740,59.304089,0 17.954821,59.304059,0 17.953918,59.303967,0 17.953047,59.303816,0 17.952221,59.303608,0 17.951455,59.303347,0 17.950763,59.303037,0 17.950156,59.302683,0 17.949645,59.302293,0 17.949238,59.301871,0 17.948942,59.301426,0 17.948762,59.300965,0 17.948702,59.300496,0 17.948762,59.300027,0 17.948942,59.299566,0 17.949238,59.299121,0 17.949645,59.298699,0 17.950156,59.298309,0 17.950763,59.297955,0 17.951455,59.297645,0 17.952221,59.297384,0 17.953047,59.297176,0 17.953918,59.297025,0 17.954821,59.296933,0 17.955740,59.296903,0 17.956659,59.296933,0 17.957562,59.297025,0 17.958433,59.297176,0 17.959259,59.297384,0 17.960025,59.297645,0 17.960717,59.297955,0 17.961324,59.298309,0 17.961835,59.298699,0 17.962242,59.299121,0 17.962538,59.299566,0 17.962718,59.300027,0 17.962778,59.300496,0</coordinates></LinearRing></outerBoundaryIs></Polygon></Placemark><Placemark><name>Märsta</name><styleUrl>#zone</styleUrl><Polygon><outerBoundaryIs><LinearRing><coordinates>17.868404,59.626620,0 17.868344,59.627089,0 17.868162,59.627550,0 17.867863,59.627995,0 17.867452,59.628417,0 17.866936,59.628807,0 17.866323,59.629161,0 17.865624,59.629471,0 17.864851,59.629732,0 17.864018,59.629940,0 17.863137,59.630091,0 17.862226,59.630183,0 17.861298,59.630213,0 17.860370,59.630183,0 17.859459,59.630091,0 17.858578,59.629940,0 17.857745,59.629732,0 17.856972,59.629471,0 17.856273,59.629161,0 17.855660,59.628807,0 17.855144,59.628417,0 17.854733,59.627995,0 17.854434,59.627550,0 17.854252,59.627089,0 17.854192,59.626620,0 17.854252,59.626151,0 17.854434,59.625690,0 17.854733,59.625245,0 17.855144,59.624823,0 17.855660,59.624433,0 17.856273,59.624079,0 17.856972,59.623769,0 17.857745,59.623508,0 17.858578,59.623300,0 17.859459,59.623149,0 17.860370,59.623057,0 17.861298,59.623027,0 17.862226,59.623057,0 17.863137,59.623149,0 17.864018,59.623300,0 17.864851,59.623508,0 17.865624,59.623769,0 17.866323,59.624079,0 17.866936,59.624433,0 17.867452,59.624823,0 17.867863,59.625245,0 17.868162,59.625690,0 17.868344,59.626151,0 17.868404,59.626620,0</coordinates></LinearRing></outerBoundaryIs></Polygon></Placemark><Placemark><name>Mårtensdal</name><styleUrl>#zone</styleUrl><Polygon><outerBoundaryIs><LinearRing><coordinates>18.095064,59.302698,0 18.095003,59.303167,0 18.094824,59.303628,0 18.094528,59.304073,0 18.094121,59.304495,0 18.093609,59.304885,0 18.093002,59.305239,0 18.092310,59.305549,0 18.091544,59.305810,0 18.090719,59.306018,0 18.089847,59.306169,0 18.088944,59.306261,0 18.088025,59.306291,0 18.087106,59.306261,0 18.086203,59.306169,0 18.085331,59.306018,0 18.084506,59.305810,0 18.083740,59.305549,0 18.083048,59.305239,0 18.082441,59.304885,0 18.081929,59.304495,0 18.081522,59.304073,0 18.081226,59.303628,0 18.081047,59.303167,0 18.080986,59.302698,0 18.081047,59.302229,0 18.081226,59.301768,0 18.081522,59.301323,0 18.081929,59.300901,0 18.082441,59.300511,0 18.083048,59.300157,0 18.083740,59.299847,0 18.084506,59.299586,0 18.085331,59.299378,0 18.086203,59.299227,0 18.087106,59.299135,0 18.088025,59.299105,0 18.088944,59.299135,0 18.089847,59.299227,0 18.090719,59.299378,0 18.091544,59.299586,0 18.092310,59.299847,0 18.093002,59.300157,0 18.093609,59.300511,0 18.094121,59.300901,0 18.094528,59.301323,0 18.094824,59.301768,0 18.095003,59.302229,0 18.095064,59.302698,0</coordinates></LinearRing></outerBoundaryIs></Polygon></Placemark><Placemark><name>Mölnbo</name><styleUrl>#zone</styleUrl><Polygon><outerBoundaryIs><LinearRing><coordinates>17.426023,59.047590,0 17.425964,59.048059,0 17.425785,59.048520,0 17.425492,59.048965,0 17.425087,59.049387,0 17.424580,59.049777,0 17.423977,59.050131,0 17.423290,59.050441,0 17.422530,59.050702,0 17.421711,59.050910,0 17.420845,59.051061,0 17.419949,59.051153,0 17.419037,59.051183,0 17.418125,59.051153,0 17.417229,59.051061,0 17.416363,59.050910,0 17.415544,59.050702,0 17.414784,59.050441,0 17.414097,59.050131,0 17.413494,59.049777,0 17.412987,59.049387,0 17.412582,59.048965,0 17.412289,59.048520,0 17.412110,59.048059,0 17.412051,59.047590,0 17.412110,59.047121,0 17.412289,59.046660,0 17.412582,59.046215,0 17.412987,59.045793,0 17.413494,59.045403,0 17.414097,59.045049,0 17.414784,59.044739,0 17.415544,59.044478,0 17.416363,59.044270,0 17.417229,59.044119,0 17.418125,59.044027,0 17.419037,59.043997,0 17.419949,59.044027,0 17.420845,59.044119,0 17.421711,59.044270,0 17.422530,59.044478,0 17.423290,59.044739,0 17.423977,59.045049,0 17.424580,59.045403,0 17.425087,59.045793,0 17.425492,59.046215,0 17.425785,59.046660,0 17.425964,59.047121,0 17.426023,59.047590,0</coordinates></LinearRing></outerBoundaryIs></Polygon></Placemark><Placemark><name>Mörby</name><styleUrl>#zone</styleUrl><Polygon><outerBoundaryIs><LinearRing><coordinates>18.054251,59.392119,0 18.054191,59.392588,0 18.054011,59.393049,0 18.053714,59.393494,0 18.053306,59.393916,0 18.052793,59.394306,0 18.052184,59.394660,0 18.051490,59.394970,0 18.050723,59.395231,0 18.049895,59.395439,0 18.049021,59.395590,0 18.048115,59.395682,0 18.047194,59.395712,0 18.046273,59.395682,0 18.045367,59.395590,0 18.044493,59.395439,0 18.043665,59.395231,0 18.042898,59.394970,0 18.042204,59.394660,0 18.041595,59.394306,0 18.041082,59.393916,0 18.040674,59.393494,0 18.040377,59.393049,0 18.040197,59.392588,0 18.040137,59.392119,0 18.040197,59.391650,0 18.040377,59.391189,0 18.040674,59.390744,0 18.041082,59.390322,0 18.041595,59.389932,0 18.042204,59.389578,0 18.042898,59.389268,0 18.043665,59.389007,0 18.044493,59.388799,0 18.045367,59.388648,0 18.046273,59.388556,0 18.047194,59.388526,0 18.048115,59.388556,0 18.049021,59.388648,0 18.049895,59.388799,0 18.050723,59.389007,0 18.051490,59.389268,0 18.052184,59.389578,0 18.052793,59.389932,0 18.053306,59.390322,0 18.053714,59.390744,0 18.054011,59.391189,0 18.054191,59.391650,0 18.054251,59.392119,0</coordinates></LinearRing></outerBoundaryIs></Polygon></Placemark><Placemark><name>Mörby centrum</name><styleUrl>#zone</styleUrl><Polygon><outerBoundaryIs><LinearRing><coordinates>18.043455,59.398585,0 18.043394,59.399054,0 18.043214,59.399515,0 18.042917,59.399960,0 18.042509,59.400382,0 18.041996,59.400772,0 18.041387,59.401126,0 18.040693,59.401436,0 18.039925,59.401697,0 18.039097,59.401905,0 18.038223,59.402056,0 18.037317,59.402148,0 18.036396,59.402178,0 18.035475,59.402148,0 18.034569,59.402056,0 18.033695,59.401905,0 18.032867,59.401697,0 18.032099,59.401436,0 18.031405,59.401126,0 18.030796,59.400772,0 18.030283,59.400382,0 18.029875,59.399960,0 18.029578,59.399515,0 18.029398,59.399054,0 18.029337,59.398585,0 18.029398,59.398116,0 18.029578,59.397655,0 18.029875,59.397210,0 18.030283,59.396788,0 18.030796,59.396398,0 18.031405,59.396044,0 18.032099,59.395734,0 18.032867,59.395473,0 18.033695,59.395265,0 18.034569,59.395114,0 18.035475,59.395022,0 18.036396,59.394992,0 18.037317,59.395022,0 18.038223,59.395114,0 18.039097,59.395265,0 18.039925,59.395473,0 18.040693,59.395734,0 18.041387,59.396044,0 18.041996,59.396398,0 18.042509,59.396788,0 18.042917,59.397210,0 18.043214,59.397655,0 18.043394,59.398116,0 18.043455,59.398585,0</coordinates></LinearRing></outerBoundaryIs></Polygon></Placemark><Placemark><name>Nacka</name><styleUrl>#zone</styleUrl><Polygon><outerBoundaryIs><LinearRing><coordinates>18.137465,59.306585,0 18.137405,59.307054,0 18.137226,59.307515,0 18.136930,59.307960,0 18.136522,59.308382,0 18.136011,59.308772,0 18.135404,59.309126,0 18.134711,59.309436,0 18.133946,59.309697,0 18.133120,59.309905,0 18.132248,59.310056,0 18.131345,59.310148,0 18.130426,59.310178,0 18.129507,59.310148,0 18.128604,59.310056,0 18.127732,59.309905,0 18.126906,59.309697,0 18.126141,59.309436,0 18.125448,59.309126,0 18.124841,59.308772,0 18.124330,59.308382,0 18.123922,59.307960,0 18.123626,59.307515,0 18.123447,59.307054,0 18.123387,59.306585,0 18.123447,59.306116,0 18.123626,59.305655,0 18.123922,59.305210,0 18.124330,59.304788,0 18.124841,59.304398,0 18.125448,59.304044,0 18.126141,59.303734,0 18.126906,59.303473,0 18.127732,59.303265,0 18.128604,59.303114,0 18.129507,59.303022,0 18.130426,59.302992,0 18.131345,59.303022,0 18.132248,59.303114,0 18.133120,59.303265,0 18.133946,59.303473,0 18.134711,59.303734,0 18.135404,59.304044,0 18.136011,59.304398,0 18.136522,59.304788,0 18.136930,59.305210,0 18.137226,59.305655,0 18.137405,59.306116,0 18.137465,59.306585,0</coordinates></LinearRing></outerBoundaryIs></Polygon></Placemark><Placemark><name>Neglinge</name><styleUrl>#zone</styleUrl><Polygon><outerBoundaryIs><LinearRing><coordinates>18.299755,59.288390,0 18.299694,59.288859,0 18.299515,59.289320,0 18.299219,59.289765,0 18.298812,59.290187,0 18.298301,59.290577,0 18.297694,59.290931,0 18.297002,59.291241,0 18.296237,59.291502,0 18.295411,59.291710,0 18.294540,59.291861,0 18.293637,59.291953,0 18.292719,59.291983,0 18.291801,59.291953,0 18.290898,59.291861,0 18.290027,59.291710,0 18.289201,59.291502,0 18.288436,59.291241,0 18.287744,59.290931,0 18.287137,59.290577,0 18.286626,59.290187,0 18.286219,59.289765,0 18.285923,59.289320,0 18.285744,59.288859,0 18.285683,59.288390,0 18.285744,59.287921,0 18.285923,59.287460,0 18.286219,59.287015,0 18.286626,59.286593,0 18.287137,59.286203,0 18.287744,59.285849,0 18.288436,59.285539,0 18.289201,59.285278,0 18.290027,59.285070,0 18.290898,59.284919,0 18.291801,59.284827,0 18.292719,59.284797,0 18.293637,59.284827,0 18.294540,59.284919,0 18.295411,59.285070,0 18.296237,59.285278,0 18.297002,59.285539,0 18.297694,59.285849,0 18.298301,59.286203,0 18.298812,59.286593,0 18.299219,59.287015,0 18.299515,59.287460,0 18.299694,59.287921,0 18.299755,59.288390,0</coordinates></LinearRing></outerBoundaryIs></Polygon></Placemark><Placemark><name>Nockeby</name><styleUrl>#zone</styleUrl><Polygon><outerBoundaryIs><LinearRing><coordinates>17.925470,59.328713,0 17.925410,59.329182,0 17.925230,59.329643,0 17.924934,59.330088,0 17.924526,59.330510,0 17.924014,59.330900,0 17.923407,59.331254,0 17.922714,59.331564,0 17.921948,59.331825,0 17.921122,59.332033,0 17.920249,59.332184,0 17.919345,59.332276,0 17.918426,59.332306,0 17.917507,59.332276,0 17.916603,59.332184,0 17.915730,59.332033,0 17.914904,59.331825,0 17.914138,59.331564,0 17.913445,59.331254,0 17.912838,59.330900,0 17.912326,59.330510,0 17.911918,59.330088,0 17.911622,59.329643,0 17.911442,59.329182,0 17.911382,59.328713,0 17.911442,59.328244,0 17.911622,59.327783,0 17.911918,59.327338,0 17.912326,59.326916,0 17.912838,59.326526,0 17.913445,59.326172,0 17.914138,59.325862,0 17.914904,59.325601,0 17.915730,59.325393,0 17.916603,59.325242,0 17.917507,59.325150,0 17.918426,59.325120,0 17.919345,59.325150,0 17.920249,59.325242,0 17.921122,59.325393,0 17.921948,59.325601,0 17.922714,59.325862,0 17.923407,59.326172,0 17.924014,59.326526,0 17.924526,59.326916,0 17.924934,59.327338,0 17.925230,59.327783,0 17.925410,59.328244,0 17.925470,59.328713,0</coordinates></LinearRing></outerBoundaryIs></Polygon></Placemark><Placemark><name>Nockeby torg</name><styleUrl>#zone</styleUrl><Polygon><outerBoundaryIs><LinearRing><coordinates>17.935788,59.328982,0 17.935728,59.329451,0 17.935548,59.329912,0 17.935252,59.330357,0 17.934844,59.330779,0 17.934332,59.331169,0 17.933725,59.331523,0 17.933032,59.331833,0 17.932266,59.332094,0 17.931440,59.332302,0 17.930567,59.332453,0 17.929663,59.332545,0 17.928744,59.332575,0 17.927825,59.332545,0 17.926921,59.332453,0 17.926048,59.332302,0 17.925222,59.332094,0 17.924456,59.331833,0 17.923763,59.331523,0 17.923156,59.331169,0 17.922644,59.330779,0 17.922236,59.330357,0 17.921940,59.329912,0 17.921760,59.329451,0 17.921700,59.328982,0 17.921760,59.328513,0 17.921940,59.328052,0 17.922236,59.327607,0 17.922644,59.327185,0 17.923156,59.326795,0 17.923763,59.326441,0 17.924456,59.326131,0 17.925222,59.325870,0 17.926048,59.325662,0 17.926921,59.325511,0 17.927825,59.325419,0 17.928744,59.325389,0 17.929663,59.325419,0 17.930567,59.325511,0 17.931440,59.325662,0 17.932266,59.325870,0 17.933032,59.326131,0 17.933725,59.326441,0 17.934332,59.326795,0 17.934844,59.327185,0 17.935252,59.327607,0 17.935548,59.328052,0 17.935728,59.328513,0 17.935788,59.328982,0</coordinates></LinearRing></outerBoundaryIs></Polygon></Placemark><Placemark><name>Nordiska museet/Vasamuseet</name><styleUrl>#zone</styleUrl><Polygon><outerBoundaryIs><LinearRing><coordinates>18.102433,59.329312,0 18.102373,59.329781,0 18.102193,59.330242,0 18.101897,59.330687,0 18.101489,59.331109,0 18.100978,59.331499,0 18.100370,59.331853,0 18.099677,59.332163,0 18.098911,59.332424,0 18.098085,59.332632,0 18.097212,59.332783,0 18.096308,59.332875,0 18.095389,59.332905,0 18.094470,59.332875,0 18.093566,59.332783,0 18.092693,59.332632,0 18.091867,59.332424,0 18.091101,59.332163,0 18.090408,59.331853,0 18.089800,59.331499,0 18.089289,59.331109,0 18.088881,59.330687,0 18.088585,59.330242,0 18.088405,59.329781,0 18.088345,59.329312,0 18.088405,59.328843,0 18.088585,59.328382,0 18.088881,59.327937,0 18.089289,59.327515,0 18.089800,59.327125,0 18.090408,59.326771,0 18.091101,59.326461,0 18.091867,59.326200,0 18.092693,59.325992,0 18.093566,59.325841,0 18.094470,59.325749,0 18.095389,59.325719,0 18.096308,59.325749,0 18.097212,59.325841,0 18.098085,59.325992,0 18.098911,59.326200,0 18.099677,59.326461,0 18.100370,59.326771,0 18.100978,59.327125,0 18.101489,59.327515,0 18.101897,59.327937,0 18.102193,59.328382,0 18.102373,59.328843,0 18.102433,59.329312,0</coordinates></LinearRing></outerBoundaryIs></Polygon></Placemark><Placemark><name>Norra Ulvsunda</name><styleUrl>#zone</styleUrl><Polygon><outerBoundaryIs><LinearRing><coordinates>17.969209,59.350296,0 17.969148,59.350765,0 17.968968,59.351226,0 17.968672,59.351671,0 17.968264,59.352093,0 17.967752,59.352483,0 17.967144,59.352837,0 17.966451,59.353147,0 17.965684,59.353408,0 17.964857,59.353616,0 17.963984,59.353767,0 17.963080,59.353859,0 17.962160,59.353889,0 17.961240,59.353859,0 17.960336,59.353767,0 17.959463,59.353616,0 17.958636,59.353408,0 17.957869,59.353147,0 17.957176,59.352837,0 17.956568,59.352483,0 17.956056,59.352093,0 17.955648,59.351671,0 17.955352,59.351226,0 17.955172,59.350765,0 17.955111,59.350296,0 17.955172,59.349827,0 17.955352,59.349366,0 17.955648,59.348921,0 17.956056,59.348499,0 17.956568,59.348109,0 17.957176,59.347755,0 17.957869,59.347445,0 17.958636,59.347184,0 17.959463,59.346976,0 17.960336,59.346825,0 17.961240,59.346733,0 17.962160,59.346703,0 17.963080,59.346733,0 17.963984,59.346825,0 17.964857,59.346976,0 17.965684,59.347184,0 17.966451,59.347445,0 17.967144,59.347755,0 17.967752,59.348109,0 17.968264,59.348499,0 17.968672,59.348921,0 17.968968,59.349366,0 17.969148,59.349827,0 17.969209,59.350296,0</coordinates></LinearRing></outerBoundaryIs></Polygon></Placemark><Placemark><name>Norrviken</name><styleUrl>#zone</styleUrl><Polygon><outerBoundaryIs><LinearRing><coordinates>17.931462,59.459113,0 17.931402,59.459582,0 17.931221,59.460043,0 17.930924,59.460488,0 17.930515,59.460910,0 17.930001,59.461300,0 17.929391,59.461654,0 17.928696,59.461964,0 17.927927,59.462225,0 17.927097,59.462433,0 17.926221,59.462584,0 17.925314,59.462676,0 17.924391,59.462706,0 17.923468,59.462676,0 17.922561,59.462584,0 17.921685,59.462433,0 17.920855,59.462225,0 17.920086,59.461964,0 17.919391,59.461654,0 17.918781,59.461300,0 17.918267,59.460910,0 17.917858,59.460488,0 17.917561,59.460043,0 17.917380,59.459582,0 17.917320,59.459113,0 17.917380,59.458644,0 17.917561,59.458183,0 17.917858,59.457738,0 17.918267,59.457316,0 17.918781,59.456926,0 17.919391,59.456572,0 17.920086,59.456262,0 17.920855,59.456001,0 17.921685,59.455793,0 17.922561,59.455642,0 17.923468,59.455550,0 17.924391,59.455520,0 17.925314,59.455550,0 17.926221,59.455642,0 17.927097,59.455793,0 17.927927,59.456001,0 17.928696,59.456262,0 17.929391,59.456572,0 17.930001,59.456926,0 17.930515,59.457316,0 17.930924,59.457738,0 17.931221,59.458183,0 17.931402,59.458644,0 17.931462,59.459113,0</coordinates></LinearRing></outerBoundaryIs></Polygon></Placemark><Placemark><name>Norsborg</name><styleUrl>#zone</styleUrl><Polygon><outerBoundaryIs><LinearRing><coordinates>17.819758,59.243904,0 17.819697,59.244373,0 17.819518,59.244834,0 17.819223,59.245279,0 17.818816,59.245701,0 17.818305,59.246091,0 17.817699,59.246445,0 17.817008,59.246755,0 17.816244,59.247016,0 17.815420,59.247224,0 17.814550,59.247375,0 17.813648,59.247467,0 17.812731,59.247497,0 17.811814,59.247467,0 17.810912,59.247375,0 17.810042,59.247224,0 17.809218,59.247016,0 17.808454,59.246755,0 17.807763,59.246445,0 17.807157,59.246091,0 17.806646,59.245701,0 17.806239,59.245279,0 17.805944,59.244834,0 17.805765,59.244373,0 17.805704,59.243904,0 17.805765,59.243435,0 17.805944,59.242974,0 17.806239,59.242529,0 17.806646,59.242107,0 17.807157,59.241717,0 17.807763,59.241363,0 17.808454,59.241053,0 17.809218,59.240792,0 17.810042,59.240584,0 17.810912,59.240433,0 17.811814,59.240341,0 17.812731,59.240311,0 17.813648,59.240341,0 17.814550,59.240433,0 17.815420,59.240584,0 17.816244,59.240792,0 17.817008,59.241053,0 17.817699,59.241363,0 17.818305,59.241717,0 17.818816,59.242107,0 17.819223,59.242529,0 17.819518,59.242974,0 17.819697,59.243435,0 17.819758,59.243904,0</coordinates></LinearRing></outerBoundaryIs></Polygon></Placemark><Placemark><name>Nybroplan</name><styleUrl>#zone</styleUrl><Polygon><outerBoundaryIs><LinearRing><coordinates>18.083647,59.332694,0 18.083587,59.333163,0 18.083407,59.333624,0 18.083111,59.334069,0 18.082703,59.334491,0 18.082191,59.334881,0 18.081583,59.335235,0 18.080891,59.335545,0 18.080124,59.335806,0 18.079298,59.336014,0 18.078425,59.336165,0 18.077522,59.336257,0 18.076602,59.336287,0 18.075682,59.336257,0 18.074779,59.336165,0 18.073906,59.336014,0 18.073080,59.335806,0 18.072313,59.335545,0 18.071621,59.335235,0 18.071013,59.334881,0 18.070501,59.334491,0 18.070093,59.334069,0 18.069797,59.333624,0 18.069617,59.333163,0 18.069557,59.332694,0 18.069617,59.332225,0 18.069797,59.331764,0 18.070093,59.331319,0 18.070501,59.330897,0 18.071013,59.330507,0 18.071621,59.330153,0 18.072313,59.329843,0 18.073080,59.329582,0 18.073906,59.329374,0 18.074779,59.329223,0 18.075682,59.329131,0 18.076602,59.329101,0 18.077522,59.329131,0 18.078425,59.329223,0 18.079298,59.329374,0 18.080124,59.329582,0 18.080891,59.329843,0 18.081583,59.330153,0 18.082191,59.330507,0 18.082703,59.330897,0 18.083111,59.331319,0 18.083407,59.331764,0 18.083587,59.332225,0 18.083647,59.332694,0</coordinates></LinearRing></outerBoundaryIs></Polygon></Placemark><Placemark><name>Nynäsgård</name><styleUrl>#zone</styleUrl><Polygon><outerBoundaryIs><LinearRing><coordinates>17.949514,58.913912,0 17.949455,58.914381,0 17.949277,58.914842,0 17.948985,58.915287,0 17.948582,58.915709,0 17.948076,58.916099,0 17.947476,58.916453,0 17.946792,58.916763,0 17.946035,58.917024,0 17.945218,58.917232,0 17.944356,58.917383,0 17.943463,58.917475,0 17.942555,58.917505,0 17.941647,58.917475,0 17.940754,58.917383,0 17.939892,58.917232,0 17.939075,58.917024,0 17.938318,58.916763,0 17.937634,58.916453,0 17.937034,58.916099,0 17.936528,58.915709,0 17.936125,58.915287,0 17.935833,58.914842,0 17.935655,58.914381,0 17.935596,58.913912,0 17.935655,58.913443,0 17.935833,58.912982,0 17.936125,58.912537,0 17.936528,58.912115,0 17.937034,58.911725,0 17.937634,58.911371,0 17.938318,58.911061,0 17.939075,58.910800,0 17.939892,58.910592,0 17.940754,58.910441,0 17.941647,58.910349,0 17.942555,58.910319,0 17.943463,58.910349,0 17.944356,58.910441,0 17.945218,58.910592,0 17.946035,58.910800,0 17.946792,58.911061,0 17.947476,58.911371,0 17.948076,58.911725,0 17.948582,58.912115,0 17.948985,58.912537,0 17.949277,58.912982,0 17.949455,58.913443,0 17.949514,58.913912,0</coordinates></LinearRing></outerBoundaryIs></Polygon></Placemark><Placemark><name>Nynäshamn</name><styleUrl>#zone</styleUrl><Polygon><outerBoundaryIs><LinearRing><coordinates>17.957704,58.900914,0 17.957644,58.901383,0 17.957467,58.901844,0 17.957174,58.902289,0 17.956772,58.902711,0 17.956266,58.903101,0 17.955666,58.903455,0 17.954982,58.903765,0 17.954225,58.904026,0 17.953409,58.904234,0 17.952548,58.904385,0 17.951655,58.904477,0 17.950747,58.904507,0 17.949839,58.904477,0 17.948946,58.904385,0 17.948085,58.904234,0 17.947269,58.904026,0 17.946512,58.903765,0 17.945828,58.903455,0 17.945228,58.903101,0 17.944722,58.902711,0 17.944320,58.902289,0 17.944027,58.901844,0 17.943850,58.901383,0 17.943790,58.900914,0 17.943850,58.900445,0 17.944027,58.899984,0 17.944320,58.899539,0 17.944722,58.899117,0 17.945228,58.898727,0 17.945828,58.898373,0 17.946512,58.898063,0 17.947269,58.897802,0 17.948085,58.897594,0 17.948946,58.897443,0 17.949839,58.897351,0 17.950747,58.897321,0 17.951655,58.897351,0 17.952548,58.897443,0 17.953409,58.897594,0 17.954225,58.897802,0 17.954982,58.898063,0 17.955666,58.898373,0 17.956266,58.898727,0 17.956772,58.899117,0 17.957174,58.899539,0 17.957467,58.899984,0 17.957644,58.900445,0 17.957704,58.900914,0</coordinates></LinearRing></outerBoundaryIs></Polygon></Placemark><Placemark><name>Näckrosen</name><styleUrl>#zone</styleUrl><Polygon><outerBoundaryIs><LinearRing><coordinates>17.988844,59.367575,0 17.988784,59.368044,0 17.988604,59.368505,0 17.988307,59.368950,0 17.987899,59.369372,0 17.987387,59.369762,0 17.986779,59.370116,0 17.986085,59.370426,0 17.985318,59.370687,0 17.984491,59.370895,0 17.983617,59.371046,0 17.982712,59.371138,0 17.981792,59.371168,0 17.980872,59.371138,0 17.979967,59.371046,0 17.979093,59.370895,0 17.978266,59.370687,0 17.977499,59.370426,0 17.976805,59.370116,0 17.976197,59.369762,0 17.975685,59.369372,0 17.975277,59.368950,0 17.974980,59.368505,0 17.974800,59.368044,0 17.974740,59.367575,0 17.974800,59.367106,0 17.974980,59.366645,0 17.975277,59.366200,0 17.975685,59.365778,0 17.976197,59.365388,0 17.976805,59.365034,0 17.977499,59.364724,0 17.978266,59.364463,0 17.979093,59.364255,0 17.979967,59.364104,0 17.980872,59.364012,0 17.981792,59.363982,0 17.982712,59.364012,0 17.983617,59.364104,0 17.984491,59.364255,0 17.985318,59.364463,0 17.986085,59.364724,0 17.986779,59.365034,0 17.987387,59.365388,0 17.987899,59.365778,0 17.988307,59.366200,0 17.988604,59.366645,0 17.988784,59.367106,0 17.988844,59.367575,0</coordinates></LinearRing></outerBoundaryIs></Polygon></Placemark><Placemark><name>Näsby allé</name><styleUrl>#zone</styleUrl><Polygon><outerBoundaryIs><LinearRing><coordinates>18.092280,59.427354,0 18.092219,59.427823,0 18.092039,59.428284,0 18.091742,59.428729,0 18.091333,59.429151,0 18.090820,59.429541,0 18.090210,59.429895,0 18.089516,59.430205,0 18.088747,59.430466,0 18.087918,59.430674,0 18.087043,59.430825,0 18.086137,59.430917,0 18.085215,59.430947,0 18.084293,59.430917,0 18.083387,59.430825,0 18.082512,59.430674,0 18.081683,59.430466,0 18.080914,59.430205,0 18.080220,59.429895,0 18.079610,59.429541,0 18.079097,59.429151,0 18.078688,59.428729,0 18.078391,59.428284,0 18.078211,59.427823,0 18.078150,59.427354,0 18.078211,59.426885,0 18.078391,59.426424,0 18.078688,59.425979,0 18.079097,59.425557,0 18.079610,59.425167,0 18.080220,59.424813,0 18.080914,59.424503,0 18.081683,59.424242,0 18.082512,59.424034,0 18.083387,59.423883,0 18.084293,59.423791,0 18.085215,59.423761,0 18.086137,59.423791,0 18.087043,59.423883,0 18.087918,59.424034,0 18.088747,59.424242,0 18.089516,59.424503,0 18.090210,59.424813,0 18.090820,59.425167,0 18.091333,59.425557,0 18.091742,59.425979,0 18.092039,59.426424,0 18.092219,59.426885,0 18.092280,59.427354,0</coordinates></LinearRing></outerBoundaryIs></Polygon></Placemark><Placemark><name>Näsbypark</name><styleUrl>#zone</styleUrl><Polygon><outerBoundaryIs><LinearRing><coordinates>18.102537,59.430194,0 18.102477,59.430663,0 18.102296,59.431124,0 18.101999,59.431569,0 18.101591,59.431991,0 18.101077,59.432381,0 18.100468,59.432735,0 18.099773,59.433045,0 18.099005,59.433306,0 18.098176,59.433514,0 18.097301,59.433665,0 18.096394,59.433757,0 18.095472,59.433787,0 18.094550,59.433757,0 18.093643,59.433665,0 18.092768,59.433514,0 18.091939,59.433306,0 18.091171,59.433045,0 18.090476,59.432735,0 18.089867,59.432381,0 18.089353,59.431991,0 18.088945,59.431569,0 18.088648,59.431124,0 18.088467,59.430663,0 18.088407,59.430194,0 18.088467,59.429725,0 18.088648,59.429264,0 18.088945,59.428819,0 18.089353,59.428397,0 18.089867,59.428007,0 18.090476,59.427653,0 18.091171,59.427343,0 18.091939,59.427082,0 18.092768,59.426874,0 18.093643,59.426723,0 18.094550,59.426631,0 18.095472,59.426601,0 18.096394,59.426631,0 18.097301,59.426723,0 18.098176,59.426874,0 18.099005,59.427082,0 18.099773,59.427343,0 18.100468,59.427653,0 18.101077,59.428007,0 18.101591,59.428397,0 18.101999,59.428819,0 18.102296,59.429264,0 18.102477,59.429725,0 18.102537,59.430194,0</coordinates></LinearRing></outerBoundaryIs></Polygon></Placemark><Placemark><name>Odenplan</name><styleUrl>#zone</styleUrl><Polygon><outerBoundaryIs><LinearRing><coordinates>18.054977,59.342989,0 18.054917,59.343458,0 18.054737,59.343919,0 18.054441,59.344364,0 18.054033,59.344786,0 18.053521,59.345176,0 18.052913,59.345530,0 18.052220,59.345840,0 18.051453,59.346101,0 18.050627,59.346309,0 18.049754,59.346460,0 18.048850,59.346552,0 18.047930,59.346582,0 18.047010,59.346552,0 18.046106,59.346460,0 18.045233,59.346309,0 18.044407,59.346101,0 18.043640,59.345840,0 18.042947,59.345530,0 18.042339,59.345176,0 18.041827,59.344786,0 18.041419,59.344364,0 18.041123,59.343919,0 18.040943,59.343458,0 18.040883,59.342989,0 18.040943,59.342520,0 18.041123,59.342059,0 18.041419,59.341614,0 18.041827,59.341192,0 18.042339,59.340802,0 18.042947,59.340448,0 18.043640,59.340138,0 18.044407,59.339877,0 18.045233,59.339669,0 18.046106,59.339518,0 18.047010,59.339426,0 18.047930,59.339396,0 18.048850,59.339426,0 18.049754,59.339518,0 18.050627,59.339669,0 18.051453,59.339877,0 18.052220,59.340138,0 18.052913,59.340448,0 18.053521,59.340802,0 18.054033,59.341192,0 18.054441,59.341614,0 18.054737,59.342059,0 18.054917,59.342520,0 18.054977,59.342989,0</coordinates></LinearRing></outerBoundaryIs></Polygon></Placemark><Placemark><name>Olovslund</name><styleUrl>#zone</styleUrl><Polygon><outerBoundaryIs><LinearRing><coordinates>17.942455,59.327896,0 17.942395,59.328365,0 17.942215,59.328826,0 17.941919,59.329271,0 17.941511,59.329693,0 17.940999,59.330083,0 17.940392,59.330437,0 17.939699,59.330747,0 17.938933,59.331008,0 17.938107,59.331216,0 17.937234,59.331367,0 17.936330,59.331459,0 17.935411,59.331489,0 17.934492,59.331459,0 17.933588,59.331367,0 17.932715,59.331216,0 17.931889,59.331008,0 17.931123,59.330747,0 17.930430,59.330437,0 17.929823,59.330083,0 17.929311,59.329693,0 17.928903,59.329271,0 17.928607,59.328826,0 17.928427,59.328365,0 17.928367,59.327896,0 17.928427,59.327427,0 17.928607,59.326966,0 17.928903,59.326521,0 17.929311,59.326099,0 17.929823,59.325709,0 17.930430,59.325355,0 17.931123,59.325045,0 17.931889,59.324784,0 17.932715,59.324576,0 17.933588,59.324425,0 17.934492,59.324333,0 17.935411,59.324303,0 17.936330,59.324333,0 17.937234,59.324425,0 17.938107,59.324576,0 17.938933,59.324784,0 17.939699,59.325045,0 17.940392,59.325355,0 17.940999,59.325709,0 17.941511,59.326099,0 17.941919,59.326521,0 17.942215,59.326966,0 17.942395,59.327427,0 17.942455,59.327896,0</coordinates></LinearRing></outerBoundaryIs></Polygon></Placemark><Placemark><name>Ormsta</name><styleUrl>#zone</styleUrl><Polygon><outerBoundaryIs><LinearRing><coordinates>18.086555,59.546056,0 18.086495,59.546525,0 18.086314,59.546986,0 18.086016,59.547431,0 18.085606,59.547853,0 18.085090,59.548243,0 18.084479,59.548597,0 18.083782,59.548907,0 18.083011,59.549168,0 18.082179,59.549376,0 18.081301,59.549527,0 18.080391,59.549619,0 18.079466,59.549649,0 18.078541,59.549619,0 18.077631,59.549527,0 18.076753,59.549376,0 18.075921,59.549168,0 18.075150,59.548907,0 18.074453,59.548597,0 18.073842,59.548243,0 18.073326,59.547853,0 18.072916,59.547431,0 18.072618,59.546986,0 18.072437,59.546525,0 18.072377,59.546056,0 18.072437,59.545587,0 18.072618,59.545126,0 18.072916,59.544681,0 18.073326,59.544259,0 18.073842,59.543869,0 18.074453,59.543515,0 18.075150,59.543205,0 18.075921,59.542944,0 18.076753,59.542736,0 18.077631,59.542585,0 18.078541,59.542493,0 18.079466,59.542463,0 18.080391,59.542493,0 18.081301,59.542585,0 18.082179,59.542736,0 18.083011,59.542944,0 18.083782,59.543205,0 18.084479,59.543515,0 18.085090,59.543869,0 18.085606,59.544259,0 18.086016,59.544681,0 18.086314,59.545126,0 18.086495,59.545587,0 18.086555,59.546056,0</coordinates></LinearRing></outerBoundaryIs></Polygon></Placemark><Placemark><name>Ringvägen</name><styleUrl>#zone</styleUrl><Polygon><outerBoundaryIs><LinearRing><coordinates>18.309292,59.283086,0 18.309231,59.283555,0 18.309052,59.284016,0 18.308756,59.284461,0 18.308349,59.284883,0 18.307838,59.285273,0 18.307231,59.285627,0 18.306539,59.285937,0 18.305774,59.286198,0 18.304949,59.286406,0 18.304078,59.286557,0 18.303175,59.286649,0 18.302257,59.286679,0 18.301339,59.286649,0 18.300436,59.286557,0 18.299565,59.286406,0 18.298740,59.286198,0 18.297975,59.285937,0 18.297283,59.285627,0 18.296676,59.285273,0 18.296165,59.284883,0 18.295758,59.284461,0 18.295462,59.284016,0 18.295283,59.283555,0 18.295222,59.283086,0 18.295283,59.282617,0 18.295462,59.282156,0 18.295758,59.281711,0 18.296165,59.281289,0 18.296676,59.280899,0 18.297283,59.280545,0 18.297975,59.280235,0 18.298740,59.279974,0 18.299565,59.279766,0 18.300436,59.279615,0 18.301339,59.279523,0 18.302257,59.279493,0 18.303175,59.279523,0 18.304078,59.279615,0 18.304949,59.279766,0 18.305774,59.279974,0 18.306539,59.280235,0 18.307231,59.280545,0 18.307838,59.280899,0 18.308349,59.281289,0 18.308756,59.281711,0 18.309052,59.282156,0 18.309231,59.282617,0 18.309292,59.283086,0</coordinates></LinearRing></outerBoundaryIs></Polygon></Placemark><Placemark><name>Rinkeby</name><styleUrl>#zone</styleUrl><Polygon><outerBoundaryIs><LinearRing><coordinates>17.935436,59.388254,0 17.935376,59.388723,0 17.935196,59.389184,0 17.934899,59.389629,0 17.934491,59.390051,0 17.933978,59.390441,0 17.933370,59.390795,0 17.932676,59.391105,0 17.931908,59.391366,0 17.931080,59.391574,0 17.930206,59.391725,0 17.929301,59.391817,0 17.928380,59.391847,0 17.927459,59.391817,0 17.926554,59.391725,0 17.925680,59.391574,0 17.924852,59.391366,0 17.924084,59.391105,0 17.923390,59.390795,0 17.922782,59.390441,0 17.922269,59.390051,0 17.921861,59.389629,0 17.921564,59.389184,0 17.921384,59.388723,0 17.921324,59.388254,0 17.921384,59.387785,0 17.921564,59.387324,0 17.921861,59.386879,0 17.922269,59.386457,0 17.922782,59.386067,0 17.923390,59.385713,0 17.924084,59.385403,0 17.924852,59.385142,0 17.925680,59.384934,0 17.926554,59.384783,0 17.927459,59.384691,0 17.928380,59.384661,0 17.929301,59.384691,0 17.930206,59.384783,0 17.931080,59.384934,0 17.931908,59.385142,0 17.932676,59.385403,0 17.933370,59.385713,0 17.933978,59.386067,0 17.934491,59.386457,0 17.934899,59.386879,0 17.935196,59.387324,0 17.935376,59.387785,0 17.935436,59.388254,0</coordinates></LinearRing></outerBoundaryIs></Polygon></Placemark><Placemark><name>Rissne</name><styleUrl>#zone</styleUrl><Polygon><outerBoundaryIs><LinearRing><coordinates>17.947779,59.375576,0 17.947718,59.376045,0 17.947538,59.376506,0 17.947242,59.376951,0 17.946834,59.377373,0 17.946321,59.377763,0 17.945713,59.378117,0 17.945019,59.378427,0 17.944252,59.378688,0 17.943424,59.378896,0 17.942551,59.379047,0 17.941646,59.379139,0 17.940725,59.379169,0 17.939804,59.379139,0 17.938899,59.379047,0 17.938026,59.378896,0 17.937198,59.378688,0 17.936431,59.378427,0 17.935737,59.378117,0 17.935129,59.377763,0 17.934616,59.377373,0 17.934208,59.376951,0 17.933912,59.376506,0 17.933732,59.376045,0 17.933671,59.375576,0 17.933732,59.375107,0 17.933912,59.374646,0 17.934208,59.374201,0 17.934616,59.373779,0 17.935129,59.373389,0 17.935737,59.373035,0 17.936431,59.372725,0 17.937198,59.372464,0 17.938026,59.372256,0 17.938899,59.372105,0 17.939804,59.372013,0 17.940725,59.371983,0 17.941646,59.372013,0 17.942551,59.372105,0 17.943424,59.372256,0 17.944252,59.372464,0 17.945019,59.372725,0 17.945713,59.373035,0 17.946321,59.373389,0 17.946834,59.373779,0 17.947242,59.374201,0 17.947538,59.374646,0 17.947718,59.375107,0 17.947779,59.375576,0</coordinates></LinearRing></outerBoundaryIs></Polygon></Placemark><Placemark><name>Ropsten</name><styleUrl>#zone</styleUrl><Polygon><outerBoundaryIs><LinearRing><coordinates>18.109446,59.357356,0 18.109386,59.357825,0 18.109206,59.358286,0 18.108909,59.358731,0 18.108501,59.359153,0 18.107989,59.359543,0 18.107381,59.359897,0 18.106688,59.360207,0 18.105921,59.360468,0 18.105094,59.360676,0 18.104221,59.360827,0 18.103316,59.360919,0 18.102396,59.360949,0 18.101476,59.360919,0 18.100571,59.360827,0 18.099698,59.360676,0 18.098871,59.360468,0 18.098104,59.360207,0 18.097411,59.359897,0 18.096803,59.359543,0 18.096291,59.359153,0 18.095883,59.358731,0 18.095586,59.358286,0 18.095406,59.357825,0 18.095346,59.357356,0 18.095406,59.356887,0 18.095586,59.356426,0 18.095883,59.355981,0 18.096291,59.355559,0 18.096803,59.355169,0 18.097411,59.354815,0 18.098104,59.354505,0 18.098871,59.354244,0 18.099698,59.354036,0 18.100571,59.353885,0 18.101476,59.353793,0 18.102396,59.353763,0 18.103316,59.353793,0 18.104221,59.353885,0 18.105094,59.354036,0 18.105921,59.354244,0 18.106688,59.354505,0 18.107381,59.354815,0 18.107989,59.355169,0 18.108501,59.355559,0 18.108909,59.355981,0 18.109206,59.356426,0 18.109386,59.356887,0 18.109446,59.357356,0</coordinates></LinearRing></outerBoundaryIs></Polygon></Placemark><Placemark><name>Rosersberg</name><styleUrl>#zone</styleUrl><Polygon><outerBoundaryIs><LinearRing><coordinates>17.887200,59.583780,0 17.887140,59.584249,0 17.886959,59.584710,0 17.886660,59.585155,0 17.886250,59.585577,0 17.885734,59.585967,0 17.885122,59.586321,0 17.884424,59.586631,0 17.883652,59.586892,0 17.882819,59.587100,0 17.881940,59.587251,0 17.881029,59.587343,0 17.880103,59.587373,0 17.879177,59.587343,0 17.878266,59.587251,0 17.877387,59.587100,0 17.876554,59.586892,0 17.875782,59.586631,0 17.875084,59.586321,0 17.874472,59.585967,0 17.873956,59.585577,0 17.873546,59.585155,0 17.873247,59.584710,0 17.873066,59.584249,0 17.873006,59.583780,0 17.873066,59.583311,0 17.873247,59.582850,0 17.873546,59.582405,0 17.873956,59.581983,0 17.874472,59.581593,0 17.875084,59.581239,0 17.875782,59.580929,0 17.876554,59.580668,0 17.877387,59.580460,0 17.878266,59.580309,0 17.879177,59.580217,0 17.880103,59.580187,0 17.881029,59.580217,0 17.881940,59.580309,0 17.882819,59.580460,0 17.883652,59.580668,0 17.884424,59.580929,0 17.885122,59.581239,0 17.885734,59.581593,0 17.886250,59.581983,0 17.886660,59.582405,0 17.886959,59.582850,0 17.887140,59.583311,0 17.887200,59.583780,0</coordinates></LinearRing></outerBoundaryIs></Polygon></Placemark><Placemark><name>Roslags Näsby</name><styleUrl>#zone</styleUrl><Polygon><outerBoundaryIs><LinearRing><coordinates>18.065086,59.435764,0 18.065026,59.436233,0 18.064846,59.436694,0 18.064548,59.437139,0 18.064140,59.437561,0 18.063626,59.437951,0 18.063017,59.438305,0 18.062322,59.438615,0 18.061553,59.438876,0 18.060724,59.439084,0 18.059849,59.439235,0 18.058942,59.439327,0 18.058020,59.439357,0 18.057098,59.439327,0 18.056191,59.439235,0 18.055316,59.439084,0 18.054487,59.438876,0 18.053718,59.438615,0 18.053023,59.438305,0 18.052414,59.437951,0 18.051900,59.437561,0 18.051492,59.437139,0 18.051194,59.436694,0 18.051014,59.436233,0 18.050954,59.435764,0 18.051014,59.435295,0 18.051194,59.434834,0 18.051492,59.434389,0 18.051900,59.433967,0 18.052414,59.433577,0 18.053023,59.433223,0 18.053718,59.432913,0 18.054487,59.432652,0 18.055316,59.432444,0 18.056191,59.432293,0 18.057098,59.432201,0 18.058020,59.432171,0 18.058942,59.432201,0 18.059849,59.432293,0 18.060724,59.432444,0 18.061553,59.432652,0 18.062322,59.432913,0 18.063017,59.433223,0 18.063626,59.433577,0 18.064140,59.433967,0 18.064548,59.434389,0 18.064846,59.434834,0 18.065026,59.435295,0 18.065086,59.435764,0</coordinates></LinearRing></outerBoundaryIs></Polygon></Placemark><Placemark><name>Rotebro</name><styleUrl>#zone</styleUrl><Polygon><outerBoundaryIs><LinearRing><coordinates>17.921850,59.475848,0 17.921789,59.476317,0 17.921609,59.476778,0 17.921311,59.477223,0 17.920902,59.477645,0 17.920388,59.478035,0 17.919778,59.478389,0 17.919082,59.478699,0 17.918312,59.478960,0 17.917482,59.479168,0 17.916606,59.479319,0 17.915698,59.479411,0 17.914775,59.479441,0 17.913852,59.479411,0 17.912944,59.479319,0 17.912068,59.479168,0 17.911238,59.478960,0 17.910468,59.478699,0 17.909772,59.478389,0 17.909162,59.478035,0 17.908648,59.477645,0 17.908239,59.477223,0 17.907941,59.476778,0 17.907761,59.476317,0 17.907700,59.475848,0 17.907761,59.475379,0 17.907941,59.474918,0 17.908239,59.474473,0 17.908648,59.474051,0 17.909162,59.473661,0 17.909772,59.473307,0 17.910468,59.472997,0 17.911238,59.472736,0 17.912068,59.472528,0 17.912944,59.472377,0 17.913852,59.472285,0 17.914775,59.472255,0 17.915698,59.472285,0 17.916606,59.472377,0 17.917482,59.472528,0 17.918312,59.472736,0 17.919082,59.472997,0 17.919778,59.473307,0 17.920388,59.473661,0 17.920902,59.474051,0 17.921311,59.474473,0 17.921609,59.474918,0 17.921789,59.475379,0 17.921850,59.475848,0</coordinates></LinearRing></outerBoundaryIs></Polygon></Placemark><Placemark><name>Rydbo</name><styleUrl>#zone</styleUrl><Polygon><outerBoundaryIs><LinearRing><coordinates>18.192699,59.465402,0 18.192638,59.465871,0 18.192458,59.466332,0 18.192160,59.466777,0 18.191751,59.467199,0 18.191237,59.467589,0 18.190627,59.467943,0 18.189931,59.468253,0 18.189162,59.468514,0 18.188333,59.468722,0 18.187456,59.468873,0 18.186549,59.468965,0 18.185626,59.468995,0 18.184703,59.468965,0 18.183796,59.468873,0 18.182919,59.468722,0 18.182090,59.468514,0 18.181321,59.468253,0 18.180625,59.467943,0 18.180015,59.467589,0 18.179501,59.467199,0 18.179092,59.466777,0 18.178794,59.466332,0 18.178614,59.465871,0 18.178553,59.465402,0 18.178614,59.464933,0 18.178794,59.464472,0 18.179092,59.464027,0 18.179501,59.463605,0 18.180015,59.463215,0 18.180625,59.462861,0 18.181321,59.462551,0 18.182090,59.462290,0 18.182919,59.462082,0 18.183796,59.461931,0 18.184703,59.461839,0 18.185626,59.461809,0 18.186549,59.461839,0 18.187456,59.461931,0 18.188333,59.462082,0 18.189162,59.462290,0 18.189931,59.462551,0 18.190627,59.462861,0 18.191237,59.463215,0 18.191751,59.463605,0 18.192160,59.464027,0 18.192458,59.464472,0 18.192638,59.464933,0 18.192699,59.465402,0</coordinates></LinearRing></outerBoundaryIs></Polygon></Placemark><Placemark><name>Råcksta</name><styleUrl>#zone</styleUrl><Polygon><outerBoundaryIs><LinearRing><coordinates>17.888897,59.354913,0 17.888837,59.355382,0 17.888657,59.355843,0 17.888361,59.356288,0 17.887953,59.356710,0 17.887441,59.357100,0 17.886833,59.357454,0 17.886139,59.357764,0 17.885373,59.358025,0 17.884546,59.358233,0 17.883673,59.358384,0 17.882768,59.358476,0 17.881848,59.358506,0 17.880928,59.358476,0 17.880023,59.358384,0 17.879150,59.358233,0 17.878323,59.358025,0 17.877557,59.357764,0 17.876863,59.357454,0 17.876255,59.357100,0 17.875743,59.356710,0 17.875335,59.356288,0 17.875039,59.355843,0 17.874859,59.355382,0 17.874799,59.354913,0 17.874859,59.354444,0 17.875039,59.353983,0 17.875335,59.353538,0 17.875743,59.353116,0 17.876255,59.352726,0 17.876863,59.352372,0 17.877557,59.352062,0 17.878323,59.351801,0 17.879150,59.351593,0 17.880023,59.351442,0 17.880928,59.351350,0 17.881848,59.351320,0 17.882768,59.351350,0 17.883673,59.351442,0 17.884546,59.351593,0 17.885373,59.351801,0 17.886139,59.352062,0 17.886833,59.352372,0 17.887441,59.352726,0 17.887953,59.353116,0 17.888361,59.353538,0 17.888657,59.353983,0 17.888837,59.354444,0 17.888897,59.354913,0</coordinates></LinearRing></outerBoundaryIs></Polygon></Placemark><Placemark><name>Rådhuset</name><styleUrl>#zone</styleUrl><Polygon><outerBoundaryIs><LinearRing><coordinates>18.051299,59.330150,0 18.051239,59.330619,0 18.051059,59.331080,0 18.050763,59.331525,0 18.050356,59.331947,0 18.049844,59.332337,0 18.049236,59.332691,0 18.048543,59.333001,0 18.047777,59.333262,0 18.046951,59.333470,0 18.046078,59.333621,0 18.045174,59.333713,0 18.044255,59.333743,0 18.043336,59.333713,0 18.042432,59.333621,0 18.041559,59.333470,0 18.040733,59.333262,0 18.039967,59.333001,0 18.039274,59.332691,0 18.038666,59.332337,0 18.038154,59.331947,0 18.037747,59.331525,0 18.037451,59.331080,0 18.037271,59.330619,0 18.037211,59.330150,0 18.037271,59.329681,0 18.037451,59.329220,0 18.037747,59.328775,0 18.038154,59.328353,0 18.038666,59.327963,0 18.039274,59.327609,0 18.039967,59.327299,0 18.040733,59.327038,0 18.041559,59.326830,0 18.042432,59.326679,0 18.043336,59.326587,0 18.044255,59.326557,0 18.045174,59.326587,0 18.046078,59.326679,0 18.046951,59.326830,0 18.047777,59.327038,0 18.048543,59.327299,0 18.049236,59.327609,0 18.049844,59.327963,0 18.050356,59.328353,0 18.050763,59.328775,0 18.051059,59.329220,0 18.051239,59.329681,0 18.051299,59.330150,0</coordinates></LinearRing></outerBoundaryIs></Polygon></Placemark><Placemark><name>Rådmansgatan</name><styleUrl>#zone</styleUrl><Polygon><outerBoundaryIs><LinearRing><coordinates>18.066114,59.340274,0 18.066054,59.340743,0 18.065874,59.341204,0 18.065578,59.341649,0 18.065170,59.342071,0 18.064658,59.342461,0 18.064051,59.342815,0 18.063358,59.343125,0 18.062591,59.343386,0 18.061765,59.343594,0 18.060892,59.343745,0 18.059988,59.343837,0 18.059068,59.343867,0 18.058148,59.343837,0 18.057244,59.343745,0 18.056371,59.343594,0 18.055545,59.343386,0 18.054778,59.343125,0 18.054085,59.342815,0 18.053478,59.342461,0 18.052966,59.342071,0 18.052558,59.341649,0 18.052262,59.341204,0 18.052082,59.340743,0 18.052022,59.340274,0 18.052082,59.339805,0 18.052262,59.339344,0 18.052558,59.338899,0 18.052966,59.338477,0 18.053478,59.338087,0 18.054085,59.337733,0 18.054778,59.337423,0 18.055545,59.337162,0 18.056371,59.336954,0 18.057244,59.336803,0 18.058148,59.336711,0 18.059068,59.336681,0 18.059988,59.336711,0 18.060892,59.336803,0 18.061765,59.336954,0 18.062591,59.337162,0 18.063358,59.337423,0 18.064051,59.337733,0 18.064658,59.338087,0 18.065170,59.338477,0 18.065578,59.338899,0 18.065874,59.339344,0 18.066054,59.339805,0 18.066114,59.340274,0</coordinates></LinearRing></outerBoundaryIs></Polygon></Placemark><Placemark><name>Rågsved</name><styleUrl>#zone</styleUrl><Polygon><outerBoundaryIs><LinearRing><coordinates>18.035474,59.256689,0 18.035414,59.257158,0 18.035235,59.257619,0 18.034939,59.258064,0 18.034532,59.258486,0 18.034022,59.258876,0 18.033415,59.259230,0 18.032724,59.259540,0 18.031960,59.259801,0 18.031135,59.260009,0 18.030264,59.260160,0 18.029362,59.260252,0 18.028445,59.260282,0 18.027528,59.260252,0 18.026626,59.260160,0 18.025755,59.260009,0 18.024930,59.259801,0 18.024166,59.259540,0 18.023475,59.259230,0 18.022868,59.258876,0 18.022358,59.258486,0 18.021951,59.258064,0 18.021655,59.257619,0 18.021476,59.257158,0 18.021416,59.256689,0 18.021476,59.256220,0 18.021655,59.255759,0 18.021951,59.255314,0 18.022358,59.254892,0 18.022868,59.254502,0 18.023475,59.254148,0 18.024166,59.253838,0 18.024930,59.253577,0 18.025755,59.253369,0 18.026626,59.253218,0 18.027528,59.253126,0 18.028445,59.253096,0 18.029362,59.253126,0 18.030264,59.253218,0 18.031135,59.253369,0 18.031960,59.253577,0 18.032724,59.253838,0 18.033415,59.254148,0 18.034022,59.254502,0 18.034532,59.254892,0 18.034939,59.255314,0 18.035235,59.255759,0 18.035414,59.256220,0 18.035474,59.256689,0</coordinates></LinearRing></outerBoundaryIs></Polygon></Placemark><Placemark><name>Rönninge</name><styleUrl>#zone</styleUrl><Polygon><outerBoundaryIs><LinearRing><coordinates>17.757709,59.193497,0 17.757649,59.193966,0 17.757470,59.194427,0 17.757175,59.194872,0 17.756769,59.195294,0 17.756259,59.195684,0 17.755654,59.196038,0 17.754964,59.196348,0 17.754201,59.196609,0 17.753378,59.196817,0 17.752509,59.196968,0 17.751609,59.197060,0 17.750693,59.197090,0 17.749777,59.197060,0 17.748877,59.196968,0 17.748008,59.196817,0 17.747185,59.196609,0 17.746422,59.196348,0 17.745732,59.196038,0 17.745127,59.195684,0 17.744617,59.195294,0 17.744211,59.194872,0 17.743916,59.194427,0 17.743737,59.193966,0 17.743677,59.193497,0 17.743737,59.193028,0 17.743916,59.192567,0 17.744211,59.192122,0 17.744617,59.191700,0 17.745127,59.191310,0 17.745732,59.190956,0 17.746422,59.190646,0 17.747185,59.190385,0 17.748008,59.190177,0 17.748877,59.190026,0 17.749777,59.189934,0 17.750693,59.189904,0 17.751609,59.189934,0 17.752509,59.190026,0 17.753378,59.190177,0 17.754201,59.190385,0 17.754964,59.190646,0 17.755654,59.190956,0 17.756259,59.191310,0 17.756769,59.191700,0 17.757175,59.192122,0 17.757470,59.192567,0 17.757649,59.193028,0 17.757709,59.193497,0</coordinates></LinearRing></outerBoundaryIs></Polygon></Placemark><Placemark><name>Saltsjö-Duvnäs</name><styleUrl>#zone</styleUrl><Polygon><outerBoundaryIs><LinearRing><coordinates>18.206048,59.300522,0 18.205988,59.300991,0 18.205808,59.301452,0 18.205512,59.301897,0 18.205105,59.302319,0 18.204594,59.302709,0 18.203987,59.303063,0 18.203295,59.303373,0 18.202529,59.303634,0 18.201703,59.303842,0 18.200832,59.303993,0 18.199929,59.304085,0 18.199010,59.304115,0 18.198091,59.304085,0 18.197188,59.303993,0 18.196317,59.303842,0 18.195491,59.303634,0 18.194725,59.303373,0 18.194033,59.303063,0 18.193426,59.302709,0 18.192915,59.302319,0 18.192508,59.301897,0 18.192212,59.301452,0 18.192032,59.300991,0 18.191972,59.300522,0 18.192032,59.300053,0 18.192212,59.299592,0 18.192508,59.299147,0 18.192915,59.298725,0 18.193426,59.298335,0 18.194033,59.297981,0 18.194725,59.297671,0 18.195491,59.297410,0 18.196317,59.297202,0 18.197188,59.297051,0 18.198091,59.296959,0 18.199010,59.296929,0 18.199929,59.296959,0 18.200832,59.297051,0 18.201703,59.297202,0 18.202529,59.297410,0 18.203295,59.297671,0 18.203987,59.297981,0 18.204594,59.298335,0 18.205105,59.298725,0 18.205512,59.299147,0 18.205808,59.299592,0 18.205988,59.300053,0 18.206048,59.300522,0</coordinates></LinearRing></outerBoundaryIs></Polygon></Placemark><Placemark><name>Saltsjö-Järla</name><styleUrl>#zone</styleUrl><Polygon><outerBoundaryIs><LinearRing><coordinates>18.157321,59.306919,0 18.157260,59.307388,0 18.157081,59.307849,0 18.156785,59.308294,0 18.156377,59.308716,0 18.155866,59.309106,0 18.155259,59.309460,0 18.154566,59.309770,0 18.153801,59.310031,0 18.152975,59.310239,0 18.152103,59.310390,0 18.151200,59.310482,0 18.150281,59.310512,0 18.149362,59.310482,0 18.148459,59.310390,0 18.147587,59.310239,0 18.146761,59.310031,0 18.145996,59.309770,0 18.145303,59.309460,0 18.144696,59.309106,0 18.144185,59.308716,0 18.143777,59.308294,0 18.143481,59.307849,0 18.143302,59.307388,0 18.143241,59.306919,0 18.143302,59.306450,0 18.143481,59.305989,0 18.143777,59.305544,0 18.144185,59.305122,0 18.144696,59.304732,0 18.145303,59.304378,0 18.145996,59.304068,0 18.146761,59.303807,0 18.147587,59.303599,0 18.148459,59.303448,0 18.149362,59.303356,0 18.150281,59.303326,0 18.151200,59.303356,0 18.152103,59.303448,0 18.152975,59.303599,0 18.153801,59.303807,0 18.154566,59.304068,0 18.155259,59.304378,0 18.155866,59.304732,0 18.156377,59.305122,0 18.156785,59.305544,0 18.157081,59.305989,0 18.157260,59.306450,0 18.157321,59.306919,0</coordinates></LinearRing></outerBoundaryIs></Polygon></Placemark><Placemark><name>Saltsjöbaden</name><styleUrl>#zone</styleUrl><Polygon><outerBoundaryIs><LinearRing><coordinates>18.319322,59.279040,0 18.319262,59.279509,0 18.319082,59.279970,0 18.318786,59.280415,0 18.318379,59.280837,0 18.317868,59.281227,0 18.317262,59.281581,0 18.316570,59.281891,0 18.315805,59.282152,0 18.314980,59.282360,0 18.314108,59.282511,0 18.313206,59.282603,0 18.312288,59.282633,0 18.311370,59.282603,0 18.310468,59.282511,0 18.309596,59.282360,0 18.308771,59.282152,0 18.308006,59.281891,0 18.307314,59.281581,0 18.306708,59.281227,0 18.306197,59.280837,0 18.305790,59.280415,0 18.305494,59.279970,0 18.305314,59.279509,0 18.305254,59.279040,0 18.305314,59.278571,0 18.305494,59.278110,0 18.305790,59.277665,0 18.306197,59.277243,0 18.306708,59.276853,0 18.307314,59.276499,0 18.308006,59.276189,0 18.308771,59.275928,0 18.309596,59.275720,0 18.310468,59.275569,0 18.311370,59.275477,0 18.312288,59.275447,0 18.313206,59.275477,0 18.314108,59.275569,0 18.314980,59.275720,0 18.315805,59.275928,0 18.316570,59.276189,0 18.317262,59.276499,0 18.317868,59.276853,0 18.318379,59.277243,0 18.318786,59.277665,0 18.319082,59.278110,0 18.319262,59.278571,0 18.319322,59.279040,0</coordinates></LinearRing></outerBoundaryIs></Polygon></Placemark><Placemark><name>Sandsborg</name><styleUrl>#zone</styleUrl><Polygon><outerBoundaryIs><LinearRing><coordinates>18.099016,59.285689,0 18.098956,59.286158,0 18.098776,59.286619,0 18.098481,59.287064,0 18.098074,59.287486,0 18.097562,59.287876,0 18.096956,59.288230,0 18.096264,59.288540,0 18.095499,59.288801,0 18.094673,59.289009,0 18.093802,59.289160,0 18.092899,59.289252,0 18.091981,59.289282,0 18.091063,59.289252,0 18.090160,59.289160,0 18.089289,59.289009,0 18.088463,59.288801,0 18.087698,59.288540,0 18.087006,59.288230,0 18.086400,59.287876,0 18.085888,59.287486,0 18.085481,59.287064,0 18.085186,59.286619,0 18.085006,59.286158,0 18.084946,59.285689,0 18.085006,59.285220,0 18.085186,59.284759,0 18.085481,59.284314,0 18.085888,59.283892,0 18.086400,59.283502,0 18.087006,59.283148,0 18.087698,59.282838,0 18.088463,59.282577,0 18.089289,59.282369,0 18.090160,59.282218,0 18.091063,59.282126,0 18.091981,59.282096,0 18.092899,59.282126,0 18.093802,59.282218,0 18.094673,59.282369,0 18.095499,59.282577,0 18.096264,59.282838,0 18.096956,59.283148,0 18.097562,59.283502,0 18.098074,59.283892,0 18.098481,59.284314,0 18.098776,59.284759,0 18.098956,59.285220,0 18.099016,59.285689,0</coordinates></LinearRing></outerBoundaryIs></Polygon></Placemark><Placemark><name>Sankt Eriksplan</name><styleUrl>#zone</styleUrl><Polygon><outerBoundaryIs><LinearRing><coordinates>18.044269,59.340539,0 18.044209,59.341008,0 18.044029,59.341469,0 18.043733,59.341914,0 18.043325,59.342336,0 18.042813,59.342726,0 18.042206,59.343080,0 18.041513,59.343390,0 18.040746,59.343651,0 18.039920,59.343859,0 18.039047,59.344010,0 18.038143,59.344102,0 18.037223,59.344132,0 18.036303,59.344102,0 18.035399,59.344010,0 18.034526,59.343859,0 18.033700,59.343651,0 18.032933,59.343390,0 18.032240,59.343080,0 18.031633,59.342726,0 18.031121,59.342336,0 18.030713,59.341914,0 18.030417,59.341469,0 18.030237,59.341008,0 18.030177,59.340539,0 18.030237,59.340070,0 18.030417,59.339609,0 18.030713,59.339164,0 18.031121,59.338742,0 18.031633,59.338352,0 18.032240,59.337998,0 18.032933,59.337688,0 18.033700,59.337427,0 18.034526,59.337219,0 18.035399,59.337068,0 18.036303,59.336976,0 18.037223,59.336946,0 18.038143,59.336976,0 18.039047,59.337068,0 18.039920,59.337219,0 18.040746,59.337427,0 18.041513,59.337688,0 18.042206,59.337998,0 18.042813,59.338352,0 18.043325,59.338742,0 18.043733,59.339164,0 18.044029,59.339609,0 18.044209,59.340070,0 18.044269,59.340539,0</coordinates></LinearRing></outerBoundaryIs></Polygon></Placemark><Placemark><name>Segersäng</name><styleUrl>#zone</styleUrl><Polygon><outerBoundaryIs><LinearRing><coordinates>17.933731,59.028908,0 17.933671,59.029377,0 17.933493,59.029838,0 17.933199,59.030283,0 17.932795,59.030705,0 17.932288,59.031095,0 17.931685,59.031449,0 17.930999,59.031759,0 17.930239,59.032020,0 17.929420,59.032228,0 17.928555,59.032379,0 17.927659,59.032471,0 17.926748,59.032501,0 17.925837,59.032471,0 17.924941,59.032379,0 17.924076,59.032228,0 17.923257,59.032020,0 17.922497,59.031759,0 17.921811,59.031449,0 17.921208,59.031095,0 17.920701,59.030705,0 17.920297,59.030283,0 17.920003,59.029838,0 17.919825,59.029377,0 17.919765,59.028908,0 17.919825,59.028439,0 17.920003,59.027978,0 17.920297,59.027533,0 17.920701,59.027111,0 17.921208,59.026721,0 17.921811,59.026367,0 17.922497,59.026057,0 17.923257,59.025796,0 17.924076,59.025588,0 17.924941,59.025437,0 17.925837,59.025345,0 17.926748,59.025315,0 17.927659,59.025345,0 17.928555,59.025437,0 17.929420,59.025588,0 17.930239,59.025796,0 17.930999,59.026057,0 17.931685,59.026367,0 17.932288,59.026721,0 17.932795,59.027111,0 17.933199,59.027533,0 17.933493,59.027978,0 17.933671,59.028439,0 17.933731,59.028908,0</coordinates></LinearRing></outerBoundaryIs></Polygon></Placemark><Placemark><name>Sickla</name><styleUrl>#zone</styleUrl><Polygon><outerBoundaryIs><LinearRing><coordinates>18.127808,59.306855,0 18.127747,59.307324,0 18.127568,59.307785,0 18.127272,59.308230,0 18.126864,59.308652,0 18.126353,59.309042,0 18.125746,59.309396,0 18.125053,59.309706,0 18.124288,59.309967,0 18.123462,59.310175,0 18.122590,59.310326,0 18.121687,59.310418,0 18.120768,59.310448,0 18.119849,59.310418,0 18.118946,59.310326,0 18.118074,59.310175,0 18.117248,59.309967,0 18.116483,59.309706,0 18.115790,59.309396,0 18.115183,59.309042,0 18.114672,59.308652,0 18.114264,59.308230,0 18.113968,59.307785,0 18.113789,59.307324,0 18.113728,59.306855,0 18.113789,59.306386,0 18.113968,59.305925,0 18.114264,59.305480,0 18.114672,59.305058,0 18.115183,59.304668,0 18.115790,59.304314,0 18.116483,59.304004,0 18.117248,59.303743,0 18.118074,59.303535,0 18.118946,59.303384,0 18.119849,59.303292,0 18.120768,59.303262,0 18.121687,59.303292,0 18.122590,59.303384,0 18.123462,59.303535,0 18.124288,59.303743,0 18.125053,59.304004,0 18.125746,59.304314,0 18.126353,59.304668,0 18.126864,59.305058,0 18.127272,59.305480,0 18.127568,59.305925,0 18.127747,59.306386,0 18.127808,59.306855,0</coordinates></LinearRing></outerBoundaryIs></Polygon></Placemark><Placemark><name>Sickla kaj</name><styleUrl>#zone</styleUrl><Polygon><outerBoundaryIs><LinearRing><coordinates>18.110430,59.302626,0 18.110369,59.303095,0 18.110190,59.303556,0 18.109894,59.304001,0 18.109487,59.304423,0 18.108975,59.304813,0 18.108368,59.305167,0 18.107676,59.305477,0 18.106910,59.305738,0 18.106085,59.305946,0 18.105213,59.306097,0 18.104310,59.306189,0 18.103391,59.306219,0 18.102472,59.306189,0 18.101569,59.306097,0 18.100697,59.305946,0 18.099872,59.305738,0 18.099106,59.305477,0 18.098414,59.305167,0 18.097807,59.304813,0 18.097295,59.304423,0 18.096888,59.304001,0 18.096592,59.303556,0 18.096413,59.303095,0 18.096352,59.302626,0 18.096413,59.302157,0 18.096592,59.301696,0 18.096888,59.301251,0 18.097295,59.300829,0 18.097807,59.300439,0 18.098414,59.300085,0 18.099106,59.299775,0 18.099872,59.299514,0 18.100697,59.299306,0 18.101569,59.299155,0 18.102472,59.299063,0 18.103391,59.299033,0 18.104310,59.299063,0 18.105213,59.299155,0 18.106085,59.299306,0 18.106910,59.299514,0 18.107676,59.299775,0 18.108368,59.300085,0 18.108975,59.300439,0 18.109487,59.300829,0 18.109894,59.301251,0 18.110190,59.301696,0 18.110369,59.302157,0 18.110430,59.302626,0</coordinates></LinearRing></outerBoundaryIs></Polygon></Placemark><Placemark><name>Sickla udde</name><styleUrl>#zone</styleUrl><Polygon><outerBoundaryIs><LinearRing><coordinates>18.115582,59.306290,0 18.115522,59.306759,0 18.115343,59.307220,0 18.115047,59.307665,0 18.114639,59.308087,0 18.114128,59.308477,0 18.113521,59.308831,0 18.112828,59.309141,0 18.112063,59.309402,0 18.111237,59.309610,0 18.110365,59.309761,0 18.109462,59.309853,0 18.108543,59.309883,0 18.107624,59.309853,0 18.106721,59.309761,0 18.105849,59.309610,0 18.105023,59.309402,0 18.104258,59.309141,0 18.103565,59.308831,0 18.102958,59.308477,0 18.102447,59.308087,0 18.102039,59.307665,0 18.101743,59.307220,0 18.101564,59.306759,0 18.101504,59.306290,0 18.101564,59.305821,0 18.101743,59.305360,0 18.102039,59.304915,0 18.102447,59.304493,0 18.102958,59.304103,0 18.103565,59.303749,0 18.104258,59.303439,0 18.105023,59.303178,0 18.105849,59.302970,0 18.106721,59.302819,0 18.107624,59.302727,0 18.108543,59.302697,0 18.109462,59.302727,0 18.110365,59.302819,0 18.111237,59.302970,0 18.112063,59.303178,0 18.112828,59.303439,0 18.113521,59.303749,0 18.114128,59.304103,0 18.114639,59.304493,0 18.115047,59.304915,0 18.115343,59.305360,0 18.115522,59.305821,0 18.115582,59.306290,0</coordinates></LinearRing></outerBoundaryIs></Polygon></Placemark><Placemark><name>Skansen</name><styleUrl>#zone</styleUrl><Polygon><outerBoundaryIs><LinearRing><coordinates>18.108413,59.323785,0 18.108353,59.324254,0 18.108173,59.324715,0 18.107877,59.325160,0 18.107469,59.325582,0 18.106958,59.325972,0 18.106350,59.326326,0 18.105658,59.326636,0 18.104892,59.326897,0 18.104065,59.327105,0 18.103193,59.327256,0 18.102289,59.327348,0 18.101370,59.327378,0 18.100451,59.327348,0 18.099547,59.327256,0 18.098675,59.327105,0 18.097848,59.326897,0 18.097082,59.326636,0 18.096390,59.326326,0 18.095782,59.325972,0 18.095271,59.325582,0 18.094863,59.325160,0 18.094567,59.324715,0 18.094387,59.324254,0 18.094327,59.323785,0 18.094387,59.323316,0 18.094567,59.322855,0 18.094863,59.322410,0 18.095271,59.321988,0 18.095782,59.321598,0 18.096390,59.321244,0 18.097082,59.320934,0 18.097848,59.320673,0 18.098675,59.320465,0 18.099547,59.320314,0 18.100451,59.320222,0 18.101370,59.320192,0 18.102289,59.320222,0 18.103193,59.320314,0 18.104065,59.320465,0 18.104892,59.320673,0 18.105658,59.320934,0 18.106350,59.321244,0 18.106958,59.321598,0 18.107469,59.321988,0 18.107877,59.322410,0 18.108173,59.322855,0 18.108353,59.323316,0 18.108413,59.323785,0</coordinates></LinearRing></outerBoundaryIs></Polygon></Placemark><Placemark><name>Skanstull</name><styleUrl>#zone</styleUrl><Polygon><outerBoundaryIs><LinearRing><coordinates>18.082998,59.308699,0 18.082938,59.309168,0 18.082758,59.309629,0 18.082462,59.310074,0 18.082055,59.310496,0 18.081543,59.310886,0 18.080936,59.311240,0 18.080244,59.311550,0 18.079478,59.311811,0 18.078652,59.312019,0 18.077780,59.312170,0 18.076877,59.312262,0 18.075958,59.312292,0 18.075039,59.312262,0 18.074136,59.312170,0 18.073264,59.312019,0 18.072438,59.311811,0 18.071672,59.311550,0 18.070980,59.311240,0 18.070373,59.310886,0 18.069861,59.310496,0 18.069454,59.310074,0 18.069158,59.309629,0 18.068978,59.309168,0 18.068918,59.308699,0 18.068978,59.308230,0 18.069158,59.307769,0 18.069454,59.307324,0 18.069861,59.306902,0 18.070373,59.306512,0 18.070980,59.306158,0 18.071672,59.305848,0 18.072438,59.305587,0 18.073264,59.305379,0 18.074136,59.305228,0 18.075039,59.305136,0 18.075958,59.305106,0 18.076877,59.305136,0 18.077780,59.305228,0 18.078652,59.305379,0 18.079478,59.305587,0 18.080244,59.305848,0 18.080936,59.306158,0 18.081543,59.306512,0 18.082055,59.306902,0 18.082462,59.307324,0 18.082758,59.307769,0 18.082938,59.308230,0 18.082998,59.308699,0</coordinates></LinearRing></outerBoundaryIs></Polygon></Placemark><Placemark><name>Skarpnäck</name><styleUrl>#zone</styleUrl><Polygon><outerBoundaryIs><LinearRing><coordinates>18.140018,59.266406,0 18.139958,59.266875,0 18.139779,59.267336,0 18.139483,59.267781,0 18.139076,59.268203,0 18.138565,59.268593,0 18.137959,59.268947,0 18.137267,59.269257,0 18.136503,59.269518,0 18.135678,59.269726,0 18.134807,59.269877,0 18.133905,59.269969,0 18.132987,59.269999,0 18.132069,59.269969,0 18.131167,59.269877,0 18.130296,59.269726,0 18.129471,59.269518,0 18.128707,59.269257,0 18.128015,59.268947,0 18.127409,59.268593,0 18.126898,59.268203,0 18.126491,59.267781,0 18.126195,59.267336,0 18.126016,59.266875,0 18.125956,59.266406,0 18.126016,59.265937,0 18.126195,59.265476,0 18.126491,59.265031,0 18.126898,59.264609,0 18.127409,59.264219,0 18.128015,59.263865,0 18.128707,59.263555,0 18.129471,59.263294,0 18.130296,59.263086,0 18.131167,59.262935,0 18.132069,59.262843,0 18.132987,59.262813,0 18.133905,59.262843,0 18.134807,59.262935,0 18.135678,59.263086,0 18.136503,59.263294,0 18.137267,59.263555,0 18.137959,59.263865,0 18.138565,59.264219,0 18.139076,59.264609,0 18.139483,59.265031,0 18.139779,59.265476,0 18.139958,59.265937,0 18.140018,59.266406,0</coordinates></LinearRing></outerBoundaryIs></Polygon></Placemark><Placemark><name>Skogskyrkogården</name><styleUrl>#zone</styleUrl><Polygon><outerBoundaryIs><LinearRing><coordinates>18.102432,59.278693,0 18.102372,59.279162,0 18.102192,59.279623,0 18.101896,59.280068,0 18.101489,59.280490,0 18.100978,59.280880,0 18.100372,59.281234,0 18.099680,59.281544,0 18.098915,59.281805,0 18.098090,59.282013,0 18.097218,59.282164,0 18.096316,59.282256,0 18.095398,59.282286,0 18.094480,59.282256,0 18.093578,59.282164,0 18.092706,59.282013,0 18.091881,59.281805,0 18.091116,59.281544,0 18.090424,59.281234,0 18.089818,59.280880,0 18.089307,59.280490,0 18.088900,59.280068,0 18.088604,59.279623,0 18.088424,59.279162,0 18.088364,59.278693,0 18.088424,59.278224,0 18.088604,59.277763,0 18.088900,59.277318,0 18.089307,59.276896,0 18.089818,59.276506,0 18.090424,59.276152,0 18.091116,59.275842,0 18.091881,59.275581,0 18.092706,59.275373,0 18.093578,59.275222,0 18.094480,59.275130,0 18.095398,59.275100,0 18.096316,59.275130,0 18.097218,59.275222,0 18.098090,59.275373,0 18.098915,59.275581,0 18.099680,59.275842,0 18.100372,59.276152,0 18.100978,59.276506,0 18.101489,59.276896,0 18.101896,59.277318,0 18.102192,59.277763,0 18.102372,59.278224,0 18.102432,59.278693,0</coordinates></LinearRing></outerBoundaryIs></Polygon></Placemark><Placemark><name>Skogås</name><styleUrl>#zone</styleUrl><Polygon><outerBoundaryIs><LinearRing><coordinates>18.160377,59.219606,0 18.160317,59.220075,0 18.160138,59.220536,0 18.159843,59.220981,0 18.159437,59.221403,0 18.158927,59.221793,0 18.158321,59.222147,0 18.157630,59.222457,0 18.156867,59.222718,0 18.156043,59.222926,0 18.155173,59.223077,0 18.154272,59.223169,0 18.153356,59.223199,0 18.152440,59.223169,0 18.151539,59.223077,0 18.150669,59.222926,0 18.149845,59.222718,0 18.149082,59.222457,0 18.148391,59.222147,0 18.147785,59.221793,0 18.147275,59.221403,0 18.146869,59.220981,0 18.146574,59.220536,0 18.146395,59.220075,0 18.146335,59.219606,0 18.146395,59.219137,0 18.146574,59.218676,0 18.146869,59.218231,0 18.147275,59.217809,0 18.147785,59.217419,0 18.148391,59.217065,0 18.149082,59.216755,0 18.149845,59.216494,0 18.150669,59.216286,0 18.151539,59.216135,0 18.152440,59.216043,0 18.153356,59.216013,0 18.154272,59.216043,0 18.155173,59.216135,0 18.156043,59.216286,0 18.156867,59.216494,0 18.157630,59.216755,0 18.158321,59.217065,0 18.158927,59.217419,0 18.159437,59.217809,0 18.159843,59.218231,0 18.160138,59.218676,0 18.160317,59.219137,0 18.160377,59.219606,0</coordinates></LinearRing></outerBoundaryIs></Polygon></Placemark><Placemark><name>Skärholmen</name><styleUrl>#zone</styleUrl><Polygon><outerBoundaryIs><LinearRing><coordinates>17.913785,59.276920,0 17.913725,59.277389,0 17.913546,59.277850,0 17.913250,59.278295,0 17.912843,59.278717,0 17.912332,59.279107,0 17.911725,59.279461,0 17.911034,59.279771,0 17.910269,59.280032,0 17.909444,59.280240,0 17.908572,59.280391,0 17.907670,59.280483,0 17.906752,59.280513,0 17.905834,59.280483,0 17.904932,59.280391,0 17.904060,59.280240,0 17.903235,59.280032,0 17.902470,59.279771,0 17.901779,59.279461,0 17.901172,59.279107,0 17.900661,59.278717,0 17.900254,59.278295,0 17.899958,59.277850,0 17.899779,59.277389,0 17.899719,59.276920,0 17.899779,59.276451,0 17.899958,59.275990,0 17.900254,59.275545,0 17.900661,59.275123,0 17.901172,59.274733,0 17.901779,59.274379,0 17.902470,59.274069,0 17.903235,59.273808,0 17.904060,59.273600,0 17.904932,59.273449,0 17.905834,59.273357,0 17.906752,59.273327,0 17.907670,59.273357,0 17.908572,59.273449,0 17.909444,59.273600,0 17.910269,59.273808,0 17.911034,59.274069,0 17.911725,59.274379,0 17.912332,59.274733,0 17.912843,59.275123,0 17.913250,59.275545,0 17.913546,59.275990,0 17.913725,59.276451,0 17.913785,59.276920,0</coordinates></LinearRing></outerBoundaryIs></Polygon></Placemark><Placemark><name>Skärmarbrink</name><styleUrl>#zone</styleUrl><Polygon><outerBoundaryIs><LinearRing><coordinates>18.096939,59.295576,0 18.096879,59.296045,0 18.096699,59.296506,0 18.096403,59.296951,0 18.095996,59.297373,0 18.095485,59.297763,0 18.094878,59.298117,0 18.094186,59.298427,0 18.093421,59.298688,0 18.092595,59.298896,0 18.091723,59.299047,0 18.090821,59.299139,0 18.089902,59.299169,0 18.088983,59.299139,0 18.088081,59.299047,0 18.087209,59.298896,0 18.086383,59.298688,0 18.085618,59.298427,0 18.084926,59.298117,0 18.084319,59.297763,0 18.083808,59.297373,0 18.083401,59.296951,0 18.083105,59.296506,0 18.082925,59.296045,0 18.082865,59.295576,0 18.082925,59.295107,0 18.083105,59.294646,0 18.083401,59.294201,0 18.083808,59.293779,0 18.084319,59.293389,0 18.084926,59.293035,0 18.085618,59.292725,0 18.086383,59.292464,0 18.087209,59.292256,0 18.088081,59.292105,0 18.088983,59.292013,0 18.089902,59.291983,0 18.090821,59.292013,0 18.091723,59.292105,0 18.092595,59.292256,0 18.093421,59.292464,0 18.094186,59.292725,0 18.094878,59.293035,0 18.095485,59.293389,0 18.095996,59.293779,0 18.096403,59.294201,0 18.096699,59.294646,0 18.096879,59.295107,0 18.096939,59.295576,0</coordinates></LinearRing></outerBoundaryIs></Polygon></Placemark><Placemark><name>Skärsätra</name><styleUrl>#zone</styleUrl><Polygon><outerBoundaryIs><LinearRing><coordinates>18.177306,59.343388,0 18.177246,59.343857,0 18.177066,59.344318,0 18.176770,59.344763,0 18.176362,59.345185,0 18.175850,59.345575,0 18.175242,59.345929,0 18.174549,59.346239,0 18.173783,59.346500,0 18.172956,59.346708,0 18.172083,59.346859,0 18.171179,59.346951,0 18.170259,59.346981,0 18.169339,59.346951,0 18.168435,59.346859,0 18.167562,59.346708,0 18.166735,59.346500,0 18.165969,59.346239,0 18.165276,59.345929,0 18.164668,59.345575,0 18.164156,59.345185,0 18.163748,59.344763,0 18.163452,59.344318,0 18.163272,59.343857,0 18.163212,59.343388,0 18.163272,59.342919,0 18.163452,59.342458,0 18.163748,59.342013,0 18.164156,59.341591,0 18.164668,59.341201,0 18.165276,59.340847,0 18.165969,59.340537,0 18.166735,59.340276,0 18.167562,59.340068,0 18.168435,59.339917,0 18.169339,59.339825,0 18.170259,59.339795,0 18.171179,59.339825,0 18.172083,59.339917,0 18.172956,59.340068,0 18.173783,59.340276,0 18.174549,59.340537,0 18.175242,59.340847,0 18.175850,59.341201,0 18.176362,59.341591,0 18.176770,59.342013,0 18.177066,59.342458,0 18.177246,59.342919,0 18.177306,59.343388,0</coordinates></LinearRing></outerBoundaryIs></Polygon></Placemark><Placemark><name>Slussen</name><styleUrl>#zone</styleUrl><Polygon><outerBoundaryIs><LinearRing><coordinates>18.079242,59.319317,0 18.079182,59.319786,0 18.079002,59.320247,0 18.078706,59.320692,0 18.078299,59.321114,0 18.077787,59.321504,0 18.077180,59.321858,0 18.076487,59.322168,0 18.075721,59.322429,0 18.074895,59.322637,0 18.074023,59.322788,0 18.073119,59.322880,0 18.072200,59.322910,0 18.071281,59.322880,0 18.070377,59.322788,0 18.069505,59.322637,0 18.068679,59.322429,0 18.067913,59.322168,0 18.067220,59.321858,0 18.066613,59.321504,0 18.066101,59.321114,0 18.065694,59.320692,0 18.065398,59.320247,0 18.065218,59.319786,0 18.065158,59.319317,0 18.065218,59.318848,0 18.065398,59.318387,0 18.065694,59.317942,0 18.066101,59.317520,0 18.066613,59.317130,0 18.067220,59.316776,0 18.067913,59.316466,0 18.068679,59.316205,0 18.069505,59.315997,0 18.070377,59.315846,0 18.071281,59.315754,0 18.072200,59.315724,0 18.073119,59.315754,0 18.074023,59.315846,0 18.074895,59.315997,0 18.075721,59.316205,0 18.076487,59.316466,0 18.077180,59.316776,0 18.077787,59.317130,0 18.078299,59.317520,0 18.078706,59.317942,0 18.079002,59.318387,0 18.079182,59.318848,0 18.079242,59.319317,0</coordinates></LinearRing></outerBoundaryIs></Polygon></Placemark><Placemark><name>Smedslätten</name><styleUrl>#zone</styleUrl><Polygon><outerBoundaryIs><LinearRing><coordinates>17.971677,59.320836,0 17.971617,59.321305,0 17.971437,59.321766,0 17.971141,59.322211,0 17.970734,59.322633,0 17.970222,59.323023,0 17.969615,59.323377,0 17.968922,59.323687,0 17.968156,59.323948,0 17.967330,59.324156,0 17.966458,59.324307,0 17.965554,59.324399,0 17.964635,59.324429,0 17.963716,59.324399,0 17.962812,59.324307,0 17.961940,59.324156,0 17.961114,59.323948,0 17.960348,59.323687,0 17.959655,59.323377,0 17.959048,59.323023,0 17.958536,59.322633,0 17.958129,59.322211,0 17.957833,59.321766,0 17.957653,59.321305,0 17.957593,59.320836,0 17.957653,59.320367,0 17.957833,59.319906,0 17.958129,59.319461,0 17.958536,59.319039,0 17.959048,59.318649,0 17.959655,59.318295,0 17.960348,59.317985,0 17.961114,59.317724,0 17.961940,59.317516,0 17.962812,59.317365,0 17.963716,59.317273,0 17.964635,59.317243,0 17.965554,59.317273,0 17.966458,59.317365,0 17.967330,59.317516,0 17.968156,59.317724,0 17.968922,59.317985,0 17.969615,59.318295,0 17.970222,59.318649,0 17.970734,59.319039,0 17.971141,59.319461,0 17.971437,59.319906,0 17.971617,59.320367,0 17.971677,59.320836,0</coordinates></LinearRing></outerBoundaryIs></Polygon></Placemark><Placemark><name>Sockenplan</name><styleUrl>#zone</styleUrl><Polygon><outerBoundaryIs><LinearRing><coordinates>18.077318,59.282995,0 18.077257,59.283464,0 18.077078,59.283925,0 18.076782,59.284370,0 18.076375,59.284792,0 18.075864,59.285182,0 18.075257,59.285536,0 18.074565,59.285846,0 18.073800,59.286107,0 18.072975,59.286315,0 18.072104,59.286466,0 18.071201,59.286558,0 18.070283,59.286588,0 18.069365,59.286558,0 18.068462,59.286466,0 18.067591,59.286315,0 18.066766,59.286107,0 18.066001,59.285846,0 18.065309,59.285536,0 18.064702,59.285182,0 18.064191,59.284792,0 18.063784,59.284370,0 18.063488,59.283925,0 18.063309,59.283464,0 18.063248,59.282995,0 18.063309,59.282526,0 18.063488,59.282065,0 18.063784,59.281620,0 18.064191,59.281198,0 18.064702,59.280808,0 18.065309,59.280454,0 18.066001,59.280144,0 18.066766,59.279883,0 18.067591,59.279675,0 18.068462,59.279524,0 18.069365,59.279432,0 18.070283,59.279402,0 18.071201,59.279432,0 18.072104,59.279524,0 18.072975,59.279675,0 18.073800,59.279883,0 18.074565,59.280144,0 18.075257,59.280454,0 18.075864,59.280808,0 18.076375,59.281198,0 18.076782,59.281620,0 18.077078,59.282065,0 18.077257,59.282526,0 18.077318,59.282995,0</coordinates></LinearRing></outerBoundaryIs></Polygon></Placemark><Placemark><name>Sollentuna</name><styleUrl>#zone</styleUrl><Polygon><outerBoundaryIs><LinearRing><coordinates>17.955649,59.428425,0 17.955588,59.428894,0 17.955408,59.429355,0 17.955111,59.429800,0 17.954702,59.430222,0 17.954189,59.430612,0 17.953580,59.430966,0 17.952885,59.431276,0 17.952116,59.431537,0 17.951288,59.431745,0 17.950412,59.431896,0 17.949506,59.431988,0 17.948584,59.432018,0 17.947662,59.431988,0 17.946756,59.431896,0 17.945880,59.431745,0 17.945052,59.431537,0 17.944283,59.431276,0 17.943588,59.430966,0 17.942979,59.430612,0 17.942466,59.430222,0 17.942057,59.429800,0 17.941760,59.429355,0 17.941580,59.428894,0 17.941519,59.428425,0 17.941580,59.427956,0 17.941760,59.427495,0 17.942057,59.427050,0 17.942466,59.426628,0 17.942979,59.426238,0 17.943588,59.425884,0 17.944283,59.425574,0 17.945052,59.425313,0 17.945880,59.425105,0 17.946756,59.424954,0 17.947662,59.424862,0 17.948584,59.424832,0 17.949506,59.424862,0 17.950412,59.424954,0 17.951288,59.425105,0 17.952116,59.425313,0 17.952885,59.425574,0 17.953580,59.425884,0 17.954189,59.426238,0 17.954702,59.426628,0 17.955111,59.427050,0 17.955408,59.427495,0 17.955588,59.427956,0 17.955649,59.428425,0</coordinates></LinearRing></outerBoundaryIs></Polygon></Placemark><Placemark><name>Solna Business Park</name><styleUrl>#zone</styleUrl><Polygon><outerBoundaryIs><LinearRing><coordinates>17.986135,59.359663,0 17.986075,59.360132,0 17.985895,59.360593,0 17.985599,59.361038,0 17.985191,59.361460,0 17.984679,59.361850,0 17.984070,59.362204,0 17.983377,59.362514,0 17.982610,59.362775,0 17.981783,59.362983,0 17.980910,59.363134,0 17.980005,59.363226,0 17.979085,59.363256,0 17.978165,59.363226,0 17.977260,59.363134,0 17.976387,59.362983,0 17.975560,59.362775,0 17.974793,59.362514,0 17.974100,59.362204,0 17.973491,59.361850,0 17.972979,59.361460,0 17.972571,59.361038,0 17.972275,59.360593,0 17.972095,59.360132,0 17.972035,59.359663,0 17.972095,59.359194,0 17.972275,59.358733,0 17.972571,59.358288,0 17.972979,59.357866,0 17.973491,59.357476,0 17.974100,59.357122,0 17.974793,59.356812,0 17.975560,59.356551,0 17.976387,59.356343,0 17.977260,59.356192,0 17.978165,59.356100,0 17.979085,59.356070,0 17.980005,59.356100,0 17.980910,59.356192,0 17.981783,59.356343,0 17.982610,59.356551,0 17.983377,59.356812,0 17.984070,59.357122,0 17.984679,59.357476,0 17.985191,59.357866,0 17.985599,59.358288,0 17.985895,59.358733,0 17.986075,59.359194,0 17.986135,59.359663,0</coordinates></LinearRing></outerBoundaryIs></Polygon></Placemark><Placemark><name>Solna centrum</name><styleUrl>#zone</styleUrl><Polygon><outerBoundaryIs><LinearRing><coordinates>18.004875,59.359506,0 18.004815,59.359975,0 18.004635,59.360436,0 18.004339,59.360881,0 18.003931,59.361303,0 18.003418,59.361693,0 18.002810,59.362047,0 18.002117,59.362357,0 18.001350,59.362618,0 18.000523,59.362826,0 17.999650,59.362977,0 17.998745,59.363069,0 17.997825,59.363099,0 17.996905,59.363069,0 17.996000,59.362977,0 17.995127,59.362826,0 17.994300,59.362618,0 17.993533,59.362357,0 17.992840,59.362047,0 17.992232,59.361693,0 17.991719,59.361303,0 17.991311,59.360881,0 17.991015,59.360436,0 17.990835,59.359975,0 17.990775,59.359506,0 17.990835,59.359037,0 17.991015,59.358576,0 17.991311,59.358131,0 17.991719,59.357709,0 17.992232,59.357319,0 17.992840,59.356965,0 17.993533,59.356655,0 17.994300,59.356394,0 17.995127,59.356186,0 17.996000,59.356035,0 17.996905,59.355943,0 17.997825,59.355913,0 17.998745,59.355943,0 17.999650,59.356035,0 18.000523,59.356186,0 18.001350,59.356394,0 18.002117,59.356655,0 18.002810,59.356965,0 18.003418,59.357319,0 18.003931,59.357709,0 18.004339,59.358131,0 18.004635,59.358576,0 18.004815,59.359037,0 18.004875,59.359506,0</coordinates></LinearRing></outerBoundaryIs></Polygon></Placemark><Placemark><name>Solna station</name><styleUrl>#zone</styleUrl><Polygon><outerBoundaryIs><LinearRing><coordinates>18.015559,59.363863,0 18.015499,59.364332,0 18.015319,59.364793,0 18.015023,59.365238,0 18.014615,59.365660,0 18.014102,59.366050,0 18.013494,59.366404,0 18.012801,59.366714,0 18.012034,59.366975,0 18.011206,59.367183,0 18.010333,59.367334,0 18.009428,59.367426,0 18.008508,59.367456,0 18.007588,59.367426,0 18.006683,59.367334,0 18.005810,59.367183,0 18.004982,59.366975,0 18.004215,59.366714,0 18.003522,59.366404,0 18.002914,59.366050,0 18.002401,59.365660,0 18.001993,59.365238,0 18.001697,59.364793,0 18.001517,59.364332,0 18.001457,59.363863,0 18.001517,59.363394,0 18.001697,59.362933,0 18.001993,59.362488,0 18.002401,59.362066,0 18.002914,59.361676,0 18.003522,59.361322,0 18.004215,59.361012,0 18.004982,59.360751,0 18.005810,59.360543,0 18.006683,59.360392,0 18.007588,59.360300,0 18.008508,59.360270,0 18.009428,59.360300,0 18.010333,59.360392,0 18.011206,59.360543,0 18.012034,59.360751,0 18.012801,59.361012,0 18.013494,59.361322,0 18.014102,59.361676,0 18.014615,59.362066,0 18.015023,59.362488,0 18.015319,59.362933,0 18.015499,59.363394,0 18.015559,59.363863,0</coordinates></LinearRing></outerBoundaryIs></Polygon></Placemark><Placemark><name>Solna strand</name><styleUrl>#zone</styleUrl><Polygon><outerBoundaryIs><LinearRing><coordinates>17.980238,59.354464,0 17.980178,59.354933,0 17.979998,59.355394,0 17.979702,59.355839,0 17.979294,59.356261,0 17.978782,59.356651,0 17.978174,59.357005,0 17.977480,59.357315,0 17.976714,59.357576,0 17.975887,59.357784,0 17.975014,59.357935,0 17.974109,59.358027,0 17.973189,59.358057,0 17.972269,59.358027,0 17.971364,59.357935,0 17.970491,59.357784,0 17.969664,59.357576,0 17.968898,59.357315,0 17.968204,59.357005,0 17.967596,59.356651,0 17.967084,59.356261,0 17.966676,59.355839,0 17.966380,59.355394,0 17.966200,59.354933,0 17.966140,59.354464,0 17.966200,59.353995,0 17.966380,59.353534,0 17.966676,59.353089,0 17.967084,59.352667,0 17.967596,59.352277,0 17.968204,59.351923,0 17.968898,59.351613,0 17.969664,59.351352,0 17.970491,59.351144,0 17.971364,59.350993,0 17.972269,59.350901,0 17.973189,59.350871,0 17.974109,59.350901,0 17.975014,59.350993,0 17.975887,59.351144,0 17.976714,59.351352,0 17.977480,59.351613,0 17.978174,59.351923,0 17.978782,59.352277,0 17.979294,59.352667,0 17.979702,59.353089,0 17.979998,59.353534,0 17.980178,59.353995,0 17.980238,59.354464,0</coordinates></LinearRing></outerBoundaryIs></Polygon></Placemark><Placemark><name>Solsidan</name><styleUrl>#zone</styleUrl><Polygon><outerBoundaryIs><LinearRing><coordinates>18.303154,59.270910,0 18.303094,59.271379,0 18.302914,59.271840,0 18.302619,59.272285,0 18.302212,59.272707,0 18.301701,59.273097,0 18.301094,59.273451,0 18.300403,59.273761,0 18.299638,59.274022,0 18.298813,59.274230,0 18.297942,59.274381,0 18.297040,59.274473,0 18.296122,59.274503,0 18.295204,59.274473,0 18.294302,59.274381,0 18.293431,59.274230,0 18.292606,59.274022,0 18.291841,59.273761,0 18.291150,59.273451,0 18.290543,59.273097,0 18.290032,59.272707,0 18.289625,59.272285,0 18.289330,59.271840,0 18.289150,59.271379,0 18.289090,59.270910,0 18.289150,59.270441,0 18.289330,59.269980,0 18.289625,59.269535,0 18.290032,59.269113,0 18.290543,59.268723,0 18.291150,59.268369,0 18.291841,59.268059,0 18.292606,59.267798,0 18.293431,59.267590,0 18.294302,59.267439,0 18.295204,59.267347,0 18.296122,59.267317,0 18.297040,59.267347,0 18.297942,59.267439,0 18.298813,59.267590,0 18.299638,59.267798,0 18.300403,59.268059,0 18.301094,59.268369,0 18.301701,59.268723,0 18.302212,59.269113,0 18.302619,59.269535,0 18.302914,59.269980,0 18.303094,59.270441,0 18.303154,59.270910,0</coordinates></LinearRing></outerBoundaryIs></Polygon></Placemark><Placemark><name>Spånga</name><styleUrl>#zone</styleUrl><Polygon><outerBoundaryIs><LinearRing><coordinates>17.904266,59.384106,0 17.904205,59.384575,0 17.904025,59.385036,0 17.903728,59.385481,0 17.903320,59.385903,0 17.902808,59.386293,0 17.902199,59.386647,0 17.901505,59.386957,0 17.900738,59.387218,0 17.899910,59.387426,0 17.899036,59.387577,0 17.898131,59.387669,0 17.897210,59.387699,0 17.896289,59.387669,0 17.895384,59.387577,0 17.894510,59.387426,0 17.893682,59.387218,0 17.892915,59.386957,0 17.892221,59.386647,0 17.891612,59.386293,0 17.891100,59.385903,0 17.890692,59.385481,0 17.890395,59.385036,0 17.890215,59.384575,0 17.890154,59.384106,0 17.890215,59.383637,0 17.890395,59.383176,0 17.890692,59.382731,0 17.891100,59.382309,0 17.891612,59.381919,0 17.892221,59.381565,0 17.892915,59.381255,0 17.893682,59.380994,0 17.894510,59.380786,0 17.895384,59.380635,0 17.896289,59.380543,0 17.897210,59.380513,0 17.898131,59.380543,0 17.899036,59.380635,0 17.899910,59.380786,0 17.900738,59.380994,0 17.901505,59.381255,0 17.902199,59.381565,0 17.902808,59.381919,0 17.903320,59.382309,0 17.903728,59.382731,0 17.904025,59.383176,0 17.904205,59.383637,0 17.904266,59.384106,0</coordinates></LinearRing></outerBoundaryIs></Polygon></Placemark><Placemark><name>Stadion</name><styleUrl>#zone</styleUrl><Polygon><outerBoundaryIs><LinearRing><coordinates>18.087494,59.342285,0 18.087434,59.342754,0 18.087254,59.343215,0 18.086957,59.343660,0 18.086550,59.344082,0 18.086038,59.344472,0 18.085430,59.344826,0 18.084737,59.345136,0 18.083970,59.345397,0 18.083144,59.345605,0 18.082271,59.345756,0 18.081367,59.345848,0 18.080447,59.345878,0 18.079527,59.345848,0 18.078623,59.345756,0 18.077750,59.345605,0 18.076924,59.345397,0 18.076157,59.345136,0 18.075464,59.344826,0 18.074856,59.344472,0 18.074344,59.344082,0 18.073937,59.343660,0 18.073640,59.343215,0 18.073460,59.342754,0 18.073400,59.342285,0 18.073460,59.341816,0 18.073640,59.341355,0 18.073937,59.340910,0 18.074344,59.340488,0 18.074856,59.340098,0 18.075464,59.339744,0 18.076157,59.339434,0 18.076924,59.339173,0 18.077750,59.338965,0 18.078623,59.338814,0 18.079527,59.338722,0 18.080447,59.338692,0 18.081367,59.338722,0 18.082271,59.338814,0 18.083144,59.338965,0 18.083970,59.339173,0 18.084737,59.339434,0 18.085430,59.339744,0 18.086038,59.340098,0 18.086550,59.340488,0 18.086957,59.340910,0 18.087254,59.341355,0 18.087434,59.341816,0 18.087494,59.342285,0</coordinates></LinearRing></outerBoundaryIs></Polygon></Placemark><Placemark><name>Stadshagen</name><styleUrl>#zone</styleUrl><Polygon><outerBoundaryIs><LinearRing><coordinates>18.022923,59.337620,0 18.022863,59.338089,0 18.022683,59.338550,0 18.022387,59.338995,0 18.021979,59.339417,0 18.021467,59.339807,0 18.020859,59.340161,0 18.020166,59.340471,0 18.019400,59.340732,0 18.018573,59.340940,0 18.017701,59.341091,0 18.016797,59.341183,0 18.015877,59.341213,0 18.014957,59.341183,0 18.014053,59.341091,0 18.013181,59.340940,0 18.012354,59.340732,0 18.011588,59.340471,0 18.010895,59.340161,0 18.010287,59.339807,0 18.009775,59.339417,0 18.009367,59.338995,0 18.009071,59.338550,0 18.008891,59.338089,0 18.008831,59.337620,0 18.008891,59.337151,0 18.009071,59.336690,0 18.009367,59.336245,0 18.009775,59.335823,0 18.010287,59.335433,0 18.010895,59.335079,0 18.011588,59.334769,0 18.012354,59.334508,0 18.013181,59.334300,0 18.014053,59.334149,0 18.014957,59.334057,0 18.015877,59.334027,0 18.016797,59.334057,0 18.017701,59.334149,0 18.018573,59.334300,0 18.019400,59.334508,0 18.020166,59.334769,0 18.020859,59.335079,0 18.021467,59.335433,0 18.021979,59.335823,0 18.022387,59.336245,0 18.022683,59.336690,0 18.022863,59.337151,0 18.022923,59.337620,0</coordinates></LinearRing></outerBoundaryIs></Polygon></Placemark><Placemark><name>Stockholms södra</name><styleUrl>#zone</styleUrl><Polygon><outerBoundaryIs><LinearRing><coordinates>18.068852,59.313628,0 18.068792,59.314097,0 18.068612,59.314558,0 18.068316,59.315003,0 18.067909,59.315425,0 18.067397,59.315815,0 18.066790,59.316169,0 18.066097,59.316479,0 18.065331,59.316740,0 18.064505,59.316948,0 18.063633,59.317099,0 18.062730,59.317191,0 18.061811,59.317221,0 18.060892,59.317191,0 18.059989,59.317099,0 18.059117,59.316948,0 18.058291,59.316740,0 18.057525,59.316479,0 18.056832,59.316169,0 18.056225,59.315815,0 18.055713,59.315425,0 18.055306,59.315003,0 18.055010,59.314558,0 18.054830,59.314097,0 18.054770,59.313628,0 18.054830,59.313159,0 18.055010,59.312698,0 18.055306,59.312253,0 18.055713,59.311831,0 18.056225,59.311441,0 18.056832,59.311087,0 18.057525,59.310777,0 18.058291,59.310516,0 18.059117,59.310308,0 18.059989,59.310157,0 18.060892,59.310065,0 18.061811,59.310035,0 18.062730,59.310065,0 18.063633,59.310157,0 18.064505,59.310308,0 18.065331,59.310516,0 18.066097,59.310777,0 18.066790,59.311087,0 18.067397,59.311441,0 18.067909,59.311831,0 18.068316,59.312253,0 18.068612,59.312698,0 18.068792,59.313159,0 18.068852,59.313628,0</coordinates></LinearRing></outerBoundaryIs></Polygon></Placemark><Placemark><name>Stocksund</name><styleUrl>#zone</styleUrl><Polygon><outerBoundaryIs><LinearRing><coordinates>18.050890,59.384997,0 18.050829,59.385466,0 18.050649,59.385927,0 18.050353,59.386372,0 18.049944,59.386794,0 18.049432,59.387184,0 18.048823,59.387538,0 18.048129,59.387848,0 18.047362,59.388109,0 18.046534,59.388317,0 18.045660,59.388468,0 18.044755,59.388560,0 18.043834,59.388590,0 18.042913,59.388560,0 18.042008,59.388468,0 18.041134,59.388317,0 18.040306,59.388109,0 18.039539,59.387848,0 18.038845,59.387538,0 18.038236,59.387184,0 18.037724,59.386794,0 18.037315,59.386372,0 18.037019,59.385927,0 18.036839,59.385466,0 18.036778,59.384997,0 18.036839,59.384528,0 18.037019,59.384067,0 18.037315,59.383622,0 18.037724,59.383200,0 18.038236,59.382810,0 18.038845,59.382456,0 18.039539,59.382146,0 18.040306,59.381885,0 18.041134,59.381677,0 18.042008,59.381526,0 18.042913,59.381434,0 18.043834,59.381404,0 18.044755,59.381434,0 18.045660,59.381526,0 18.046534,59.381677,0 18.047362,59.381885,0 18.048129,59.382146,0 18.048823,59.382456,0 18.049432,59.382810,0 18.049944,59.383200,0 18.050353,59.383622,0 18.050649,59.384067,0 18.050829,59.384528,0 18.050890,59.384997,0</coordinates></LinearRing></outerBoundaryIs></Polygon></Placemark><Placemark><name>Stora Essingen</name><styleUrl>#zone</styleUrl><Polygon><outerBoundaryIs><LinearRing><coordinates>18.000137,59.324809,0 18.000077,59.325278,0 17.999897,59.325739,0 17.999601,59.326184,0 17.999194,59.326606,0 17.998682,59.326996,0 17.998074,59.327350,0 17.997382,59.327660,0 17.996616,59.327921,0 17.995789,59.328129,0 17.994917,59.328280,0 17.994013,59.328372,0 17.993094,59.328402,0 17.992175,59.328372,0 17.991271,59.328280,0 17.990399,59.328129,0 17.989572,59.327921,0 17.988806,59.327660,0 17.988114,59.327350,0 17.987506,59.326996,0 17.986994,59.326606,0 17.986587,59.326184,0 17.986291,59.325739,0 17.986111,59.325278,0 17.986051,59.324809,0 17.986111,59.324340,0 17.986291,59.323879,0 17.986587,59.323434,0 17.986994,59.323012,0 17.987506,59.322622,0 17.988114,59.322268,0 17.988806,59.321958,0 17.989572,59.321697,0 17.990399,59.321489,0 17.991271,59.321338,0 17.992175,59.321246,0 17.993094,59.321216,0 17.994013,59.321246,0 17.994917,59.321338,0 17.995789,59.321489,0 17.996616,59.321697,0 17.997382,59.321958,0 17.998074,59.322268,0 17.998682,59.322622,0 17.999194,59.323012,0 17.999601,59.323434,0 17.999897,59.323879,0 18.000077,59.324340,0 18.000137,59.324809,0</coordinates></LinearRing></outerBoundaryIs></Polygon></Placemark><Placemark><name>Stora mossen</name><styleUrl>#zone</styleUrl><Polygon><outerBoundaryIs><LinearRing><coordinates>17.973110,59.334555,0 17.973050,59.335024,0 17.972870,59.335485,0 17.972574,59.335930,0 17.972166,59.336352,0 17.971654,59.336742,0 17.971047,59.337096,0 17.970354,59.337406,0 17.969588,59.337667,0 17.968761,59.337875,0 17.967888,59.338026,0 17.966985,59.338118,0 17.966065,59.338148,0 17.965145,59.338118,0 17.964242,59.338026,0 17.963369,59.337875,0 17.962542,59.337667,0 17.961776,59.337406,0 17.961083,59.337096,0 17.960476,59.336742,0 17.959964,59.336352,0 17.959556,59.335930,0 17.959260,59.335485,0 17.959080,59.335024,0 17.959020,59.334555,0 17.959080,59.334086,0 17.959260,59.333625,0 17.959556,59.333180,0 17.959964,59.332758,0 17.960476,59.332368,0 17.961083,59.332014,0 17.961776,59.331704,0 17.962542,59.331443,0 17.963369,59.331235,0 17.964242,59.331084,0 17.965145,59.330992,0 17.966065,59.330962,0 17.966985,59.330992,0 17.967888,59.331084,0 17.968761,59.331235,0 17.969588,59.331443,0 17.970354,59.331704,0 17.971047,59.332014,0 17.971654,59.332368,0 17.972166,59.332758,0 17.972574,59.333180,0 17.972870,59.333625,0 17.973050,59.334086,0 17.973110,59.334555,0</coordinates></LinearRing></outerBoundaryIs></Polygon></Placemark><Placemark><name>Storängen</name><styleUrl>#zone</styleUrl><Polygon><outerBoundaryIs><LinearRing><coordinates>18.185317,59.305577,0 18.185257,59.306046,0 18.185077,59.306507,0 18.184781,59.306952,0 18.184374,59.307374,0 18.183863,59.307764,0 18.183255,59.308118,0 18.182563,59.308428,0 18.181798,59.308689,0 18.180972,59.308897,0 18.180100,59.309048,0 18.179197,59.309140,0 18.178278,59.309170,0 18.177359,59.309140,0 18.176456,59.309048,0 18.175584,59.308897,0 18.174758,59.308689,0 18.173993,59.308428,0 18.173301,59.308118,0 18.172693,59.307764,0 18.172182,59.307374,0 18.171775,59.306952,0 18.171479,59.306507,0 18.171299,59.306046,0 18.171239,59.305577,0 18.171299,59.305108,0 18.171479,59.304647,0 18.171775,59.304202,0 18.172182,59.303780,0 18.172693,59.303390,0 18.173301,59.303036,0 18.173993,59.302726,0 18.174758,59.302465,0 18.175584,59.302257,0 18.176456,59.302106,0 18.177359,59.302014,0 18.178278,59.301984,0 18.179197,59.302014,0 18.180100,59.302106,0 18.180972,59.302257,0 18.181798,59.302465,0 18.182563,59.302726,0 18.183255,59.303036,0 18.183863,59.303390,0 18.184374,59.303780,0 18.184781,59.304202,0 18.185077,59.304647,0 18.185257,59.305108,0 18.185317,59.305577,0</coordinates></LinearRing></outerBoundaryIs></Polygon></Placemark><Placemark><name>Stureby</name><styleUrl>#zone</styleUrl><Polygon><outerBoundaryIs><LinearRing><coordinates>18.062849,59.274645,0 18.062789,59.275114,0 18.062609,59.275575,0 18.062314,59.276020,0 18.061907,59.276442,0 18.061396,59.276832,0 18.060789,59.277186,0 18.060097,59.277496,0 18.059332,59.277757,0 18.058507,59.277965,0 18.057636,59.278116,0 18.056734,59.278208,0 18.055816,59.278238,0 18.054898,59.278208,0 18.053996,59.278116,0 18.053125,59.277965,0 18.052300,59.277757,0 18.051535,59.277496,0 18.050843,59.277186,0 18.050236,59.276832,0 18.049725,59.276442,0 18.049318,59.276020,0 18.049023,59.275575,0 18.048843,59.275114,0 18.048783,59.274645,0 18.048843,59.274176,0 18.049023,59.273715,0 18.049318,59.273270,0 18.049725,59.272848,0 18.050236,59.272458,0 18.050843,59.272104,0 18.051535,59.271794,0 18.052300,59.271533,0 18.053125,59.271325,0 18.053996,59.271174,0 18.054898,59.271082,0 18.055816,59.271052,0 18.056734,59.271082,0 18.057636,59.271174,0 18.058507,59.271325,0 18.059332,59.271533,0 18.060097,59.271794,0 18.060789,59.272104,0 18.061396,59.272458,0 18.061907,59.272848,0 18.062314,59.273270,0 18.062609,59.273715,0 18.062789,59.274176,0 18.062849,59.274645,0</coordinates></LinearRing></outerBoundaryIs></Polygon></Placemark><Placemark><name>Stuvsta</name><styleUrl>#zone</styleUrl><Polygon><outerBoundaryIs><LinearRing><coordinates>18.003894,59.254208,0 18.003833,59.254677,0 18.003654,59.255138,0 18.003359,59.255583,0 18.002952,59.256005,0 18.002441,59.256395,0 18.001835,59.256749,0 18.001144,59.257059,0 18.000379,59.257320,0 17.999555,59.257528,0 17.998684,59.257679,0 17.997782,59.257771,0 17.996865,59.257801,0 17.995948,59.257771,0 17.995046,59.257679,0 17.994175,59.257528,0 17.993351,59.257320,0 17.992586,59.257059,0 17.991895,59.256749,0 17.991289,59.256395,0 17.990778,59.256005,0 17.990371,59.255583,0 17.990076,59.255138,0 17.989897,59.254677,0 17.989836,59.254208,0 17.989897,59.253739,0 17.990076,59.253278,0 17.990371,59.252833,0 17.990778,59.252411,0 17.991289,59.252021,0 17.991895,59.251667,0 17.992586,59.251357,0 17.993351,59.251096,0 17.994175,59.250888,0 17.995046,59.250737,0 17.995948,59.250645,0 17.996865,59.250615,0 17.997782,59.250645,0 17.998684,59.250737,0 17.999555,59.250888,0 18.000379,59.251096,0 18.001144,59.251357,0 18.001835,59.251667,0 18.002441,59.252021,0 18.002952,59.252411,0 18.003359,59.252833,0 18.003654,59.253278,0 18.003833,59.253739,0 18.003894,59.254208,0</coordinates></LinearRing></outerBoundaryIs></Polygon></Placemark><Placemark><name>Styrmansgatan</name><styleUrl>#zone</styleUrl><Polygon><outerBoundaryIs><LinearRing><coordinates>18.091074,59.331444,0 18.091013,59.331913,0 18.090834,59.332374,0 18.090537,59.332819,0 18.090130,59.333241,0 18.089618,59.333631,0 18.089010,59.333985,0 18.088317,59.334295,0 18.087551,59.334556,0 18.086725,59.334764,0 18.085852,59.334915,0 18.084949,59.335007,0 18.084029,59.335037,0 18.083109,59.335007,0 18.082206,59.334915,0 18.081333,59.334764,0 18.080507,59.334556,0 18.079741,59.334295,0 18.079048,59.333985,0 18.078440,59.333631,0 18.077928,59.333241,0 18.077521,59.332819,0 18.077224,59.332374,0 18.077045,59.331913,0 18.076984,59.331444,0 18.077045,59.330975,0 18.077224,59.330514,0 18.077521,59.330069,0 18.077928,59.329647,0 18.078440,59.329257,0 18.079048,59.328903,0 18.079741,59.328593,0 18.080507,59.328332,0 18.081333,59.328124,0 18.082206,59.327973,0 18.083109,59.327881,0 18.084029,59.327851,0 18.084949,59.327881,0 18.085852,59.327973,0 18.086725,59.328124,0 18.087551,59.328332,0 18.088317,59.328593,0 18.089010,59.328903,0 18.089618,59.329257,0 18.090130,59.329647,0 18.090537,59.330069,0 18.090834,59.330514,0 18.091013,59.330975,0 18.091074,59.331444,0</coordinates></LinearRing></outerBoundaryIs></Polygon></Placemark><Placemark><name>Sundbybergs centrum</name><styleUrl>#zone</styleUrl><Polygon><outerBoundaryIs><LinearRing><coordinates>17.979501,59.360672,0 17.979440,59.361141,0 17.979260,59.361602,0 17.978964,59.362047,0 17.978556,59.362469,0 17.978044,59.362859,0 17.977436,59.363213,0 17.976742,59.363523,0 17.975975,59.363784,0 17.975148,59.363992,0 17.974275,59.364143,0 17.973370,59.364235,0 17.972450,59.364265,0 17.971530,59.364235,0 17.970625,59.364143,0 17.969752,59.363992,0 17.968925,59.363784,0 17.968158,59.363523,0 17.967464,59.363213,0 17.966856,59.362859,0 17.966344,59.362469,0 17.965936,59.362047,0 17.965640,59.361602,0 17.965460,59.361141,0 17.965399,59.360672,0 17.965460,59.360203,0 17.965640,59.359742,0 17.965936,59.359297,0 17.966344,59.358875,0 17.966856,59.358485,0 17.967464,59.358131,0 17.968158,59.357821,0 17.968925,59.357560,0 17.969752,59.357352,0 17.970625,59.357201,0 17.971530,59.357109,0 17.972450,59.357079,0 17.973370,59.357109,0 17.974275,59.357201,0 17.975148,59.357352,0 17.975975,59.357560,0 17.976742,59.357821,0 17.977436,59.358131,0 17.978044,59.358485,0 17.978556,59.358875,0 17.978964,59.359297,0 17.979260,59.359742,0 17.979440,59.360203,0 17.979501,59.360672,0</coordinates></LinearRing></outerBoundaryIs></Polygon></Placemark><Placemark><name>Svedmyra</name><styleUrl>#zone</styleUrl><Polygon><outerBoundaryIs><LinearRing><coordinates>18.074161,59.277491,0 18.074101,59.277960,0 18.073922,59.278421,0 18.073626,59.278866,0 18.073219,59.279288,0 18.072708,59.279678,0 18.072101,59.280032,0 18.071410,59.280342,0 18.070645,59.280603,0 18.069820,59.280811,0 18.068948,59.280962,0 18.068046,59.281054,0 18.067128,59.281084,0 18.066210,59.281054,0 18.065308,59.280962,0 18.064436,59.280811,0 18.063611,59.280603,0 18.062846,59.280342,0 18.062155,59.280032,0 18.061548,59.279678,0 18.061037,59.279288,0 18.060630,59.278866,0 18.060334,59.278421,0 18.060155,59.277960,0 18.060095,59.277491,0 18.060155,59.277022,0 18.060334,59.276561,0 18.060630,59.276116,0 18.061037,59.275694,0 18.061548,59.275304,0 18.062155,59.274950,0 18.062846,59.274640,0 18.063611,59.274379,0 18.064436,59.274171,0 18.065308,59.274020,0 18.066210,59.273928,0 18.067128,59.273898,0 18.068046,59.273928,0 18.068948,59.274020,0 18.069820,59.274171,0 18.070645,59.274379,0 18.071410,59.274640,0 18.072101,59.274950,0 18.072708,59.275304,0 18.073219,59.275694,0 18.073626,59.276116,0 18.073922,59.276561,0 18.074101,59.277022,0 18.074161,59.277491,0</coordinates></LinearRing></outerBoundaryIs></Polygon></Placemark><Placemark><name>Sätra</name><styleUrl>#zone</styleUrl><Polygon><outerBoundaryIs><LinearRing><coordinates>17.928704,59.285760,0 17.928644,59.286229,0 17.928464,59.286690,0 17.928169,59.287135,0 17.927762,59.287557,0 17.927250,59.287947,0 17.926644,59.288301,0 17.925952,59.288611,0 17.925187,59.288872,0 17.924361,59.289080,0 17.923490,59.289231,0 17.922587,59.289323,0 17.921669,59.289353,0 17.920751,59.289323,0 17.919848,59.289231,0 17.918977,59.289080,0 17.918151,59.288872,0 17.917386,59.288611,0 17.916694,59.288301,0 17.916088,59.287947,0 17.915576,59.287557,0 17.915169,59.287135,0 17.914874,59.286690,0 17.914694,59.286229,0 17.914634,59.285760,0 17.914694,59.285291,0 17.914874,59.284830,0 17.915169,59.284385,0 17.915576,59.283963,0 17.916088,59.283573,0 17.916694,59.283219,0 17.917386,59.282909,0 17.918151,59.282648,0 17.918977,59.282440,0 17.919848,59.282289,0 17.920751,59.282197,0 17.921669,59.282167,0 17.922587,59.282197,0 17.923490,59.282289,0 17.924361,59.282440,0 17.925187,59.282648,0 17.925952,59.282909,0 17.926644,59.283219,0 17.927250,59.283573,0 17.927762,59.283963,0 17.928169,59.284385,0 17.928464,59.284830,0 17.928644,59.285291,0 17.928704,59.285760,0</coordinates></LinearRing></outerBoundaryIs></Polygon></Placemark><Placemark><name>Södertälje centrum</name><styleUrl>#zone</styleUrl><Polygon><outerBoundaryIs><LinearRing><coordinates>17.634491,59.191945,0 17.634431,59.192414,0 17.634252,59.192875,0 17.633957,59.193320,0 17.633551,59.193742,0 17.633041,59.194132,0 17.632436,59.194486,0 17.631746,59.194796,0 17.630983,59.195057,0 17.630160,59.195265,0 17.629291,59.195416,0 17.628391,59.195508,0 17.627475,59.195538,0 17.626559,59.195508,0 17.625659,59.195416,0 17.624790,59.195265,0 17.623967,59.195057,0 17.623204,59.194796,0 17.622514,59.194486,0 17.621909,59.194132,0 17.621399,59.193742,0 17.620993,59.193320,0 17.620698,59.192875,0 17.620519,59.192414,0 17.620459,59.191945,0 17.620519,59.191476,0 17.620698,59.191015,0 17.620993,59.190570,0 17.621399,59.190148,0 17.621909,59.189758,0 17.622514,59.189404,0 17.623204,59.189094,0 17.623967,59.188833,0 17.624790,59.188625,0 17.625659,59.188474,0 17.626559,59.188382,0 17.627475,59.188352,0 17.628391,59.188382,0 17.629291,59.188474,0 17.630160,59.188625,0 17.630983,59.188833,0 17.631746,59.189094,0 17.632436,59.189404,0 17.633041,59.189758,0 17.633551,59.190148,0 17.633957,59.190570,0 17.634252,59.191015,0 17.634431,59.191476,0 17.634491,59.191945,0</coordinates></LinearRing></outerBoundaryIs></Polygon></Placemark><Placemark><name>Södertälje hamn</name><styleUrl>#zone</styleUrl><Polygon><outerBoundaryIs><LinearRing><coordinates>17.653886,59.178684,0 17.653826,59.179153,0 17.653647,59.179614,0 17.653352,59.180059,0 17.652947,59.180481,0 17.652437,59.180871,0 17.651832,59.181225,0 17.651142,59.181535,0 17.650380,59.181796,0 17.649557,59.182004,0 17.648688,59.182155,0 17.647788,59.182247,0 17.646873,59.182277,0 17.645958,59.182247,0 17.645058,59.182155,0 17.644189,59.182004,0 17.643366,59.181796,0 17.642604,59.181535,0 17.641914,59.181225,0 17.641309,59.180871,0 17.640799,59.180481,0 17.640394,59.180059,0 17.640099,59.179614,0 17.639920,59.179153,0 17.639860,59.178684,0 17.639920,59.178215,0 17.640099,59.177754,0 17.640394,59.177309,0 17.640799,59.176887,0 17.641309,59.176497,0 17.641914,59.176143,0 17.642604,59.175833,0 17.643366,59.175572,0 17.644189,59.175364,0 17.645058,59.175213,0 17.645958,59.175121,0 17.646873,59.175091,0 17.647788,59.175121,0 17.648688,59.175213,0 17.649557,59.175364,0 17.650380,59.175572,0 17.651142,59.175833,0 17.651832,59.176143,0 17.652437,59.176497,0 17.652947,59.176887,0 17.653352,59.177309,0 17.653647,59.177754,0 17.653826,59.178215,0 17.653886,59.178684,0</coordinates></LinearRing></outerBoundaryIs></Polygon></Placemark><Placemark><name>Södertälje syd</name><styleUrl>#zone</styleUrl><Polygon><outerBoundaryIs><LinearRing><coordinates>17.652551,59.163516,0 17.652491,59.163985,0 17.652312,59.164446,0 17.652017,59.164891,0 17.651612,59.165313,0 17.651102,59.165703,0 17.650498,59.166057,0 17.649808,59.166367,0 17.649046,59.166628,0 17.648224,59.166836,0 17.647355,59.166987,0 17.646456,59.167079,0 17.645541,59.167109,0 17.644626,59.167079,0 17.643727,59.166987,0 17.642858,59.166836,0 17.642036,59.166628,0 17.641274,59.166367,0 17.640584,59.166057,0 17.639980,59.165703,0 17.639470,59.165313,0 17.639065,59.164891,0 17.638770,59.164446,0 17.638591,59.163985,0 17.638531,59.163516,0 17.638591,59.163047,0 17.638770,59.162586,0 17.639065,59.162141,0 17.639470,59.161719,0 17.639980,59.161329,0 17.640584,59.160975,0 17.641274,59.160665,0 17.642036,59.160404,0 17.642858,59.160196,0 17.643727,59.160045,0 17.644626,59.159953,0 17.645541,59.159923,0 17.646456,59.159953,0 17.647355,59.160045,0 17.648224,59.160196,0 17.649046,59.160404,0 17.649808,59.160665,0 17.650498,59.160975,0 17.651102,59.161329,0 17.651612,59.161719,0 17.652017,59.162141,0 17.652312,59.162586,0 17.652491,59.163047,0 17.652551,59.163516,0</coordinates></LinearRing></outerBoundaryIs></Polygon></Placemark><Placemark><name>T-Centralen</name><styleUrl>#zone</styleUrl><Polygon><outerBoundaryIs><LinearRing><coordinates>18.067989,59.331894,0 18.067928,59.332363,0 18.067749,59.332824,0 18.067452,59.333269,0 18.067045,59.333691,0 18.066533,59.334081,0 18.065925,59.334435,0 18.065233,59.334745,0 18.064466,59.335006,0 18.063640,59.335214,0 18.062767,59.335365,0 18.061864,59.335457,0 18.060944,59.335487,0 18.060024,59.335457,0 18.059121,59.335365,0 18.058248,59.335214,0 18.057422,59.335006,0 18.056655,59.334745,0 18.055963,59.334435,0 18.055355,59.334081,0 18.054843,59.333691,0 18.054436,59.333269,0 18.054139,59.332824,0 18.053960,59.332363,0 18.053899,59.331894,0 18.053960,59.331425,0 18.054139,59.330964,0 18.054436,59.330519,0 18.054843,59.330097,0 18.055355,59.329707,0 18.055963,59.329353,0 18.056655,59.329043,0 18.057422,59.328782,0 18.058248,59.328574,0 18.059121,59.328423,0 18.060024,59.328331,0 18.060944,59.328301,0 18.061864,59.328331,0 18.062767,59.328423,0 18.063640,59.328574,0 18.064466,59.328782,0 18.065233,59.329043,0 18.065925,59.329353,0 18.066533,59.329707,0 18.067045,59.330097,0 18.067452,59.330519,0 18.067749,59.330964,0 18.067928,59.331425,0 18.067989,59.331894,0</coordinates></LinearRing></outerBoundaryIs></Polygon></Placemark><Placemark><name>Tallkrogen</name><styleUrl>#zone</styleUrl><Polygon><outerBoundaryIs><LinearRing><coordinates>18.093091,59.271529,0 18.093031,59.271998,0 18.092852,59.272459,0 18.092556,59.272904,0 18.092149,59.273326,0 18.091638,59.273716,0 18.091032,59.274070,0 18.090340,59.274380,0 18.089575,59.274641,0 18.088750,59.274849,0 18.087879,59.275000,0 18.086977,59.275092,0 18.086059,59.275122,0 18.085141,59.275092,0 18.084239,59.275000,0 18.083368,59.274849,0 18.082543,59.274641,0 18.081778,59.274380,0 18.081086,59.274070,0 18.080480,59.273716,0 18.079969,59.273326,0 18.079562,59.272904,0 18.079266,59.272459,0 18.079087,59.271998,0 18.079027,59.271529,0 18.079087,59.271060,0 18.079266,59.270599,0 18.079562,59.270154,0 18.079969,59.269732,0 18.080480,59.269342,0 18.081086,59.268988,0 18.081778,59.268678,0 18.082543,59.268417,0 18.083368,59.268209,0 18.084239,59.268058,0 18.085141,59.267966,0 18.086059,59.267936,0 18.086977,59.267966,0 18.087879,59.268058,0 18.088750,59.268209,0 18.089575,59.268417,0 18.090340,59.268678,0 18.091032,59.268988,0 18.091638,59.269342,0 18.092149,59.269732,0 18.092556,59.270154,0 18.092852,59.270599,0 18.093031,59.271060,0 18.093091,59.271529,0</coordinates></LinearRing></outerBoundaryIs></Polygon></Placemark><Placemark><name>Tattby</name><styleUrl>#zone</styleUrl><Polygon><outerBoundaryIs><LinearRing><coordinates>18.287400,59.279638,0 18.287340,59.280107,0 18.287160,59.280568,0 18.286864,59.281013,0 18.286458,59.281435,0 18.285946,59.281825,0 18.285340,59.282179,0 18.284648,59.282489,0 18.283883,59.282750,0 18.283058,59.282958,0 18.282187,59.283109,0 18.281284,59.283201,0 18.280366,59.283231,0 18.279448,59.283201,0 18.278545,59.283109,0 18.277674,59.282958,0 18.276849,59.282750,0 18.276084,59.282489,0 18.275392,59.282179,0 18.274786,59.281825,0 18.274274,59.281435,0 18.273868,59.281013,0 18.273572,59.280568,0 18.273392,59.280107,0 18.273332,59.279638,0 18.273392,59.279169,0 18.273572,59.278708,0 18.273868,59.278263,0 18.274274,59.277841,0 18.274786,59.277451,0 18.275392,59.277097,0 18.276084,59.276787,0 18.276849,59.276526,0 18.277674,59.276318,0 18.278545,59.276167,0 18.279448,59.276075,0 18.280366,59.276045,0 18.281284,59.276075,0 18.282187,59.276167,0 18.283058,59.276318,0 18.283883,59.276526,0 18.284648,59.276787,0 18.285340,59.277097,0 18.285946,59.277451,0 18.286458,59.277841,0 18.286864,59.278263,0 18.287160,59.278708,0 18.287340,59.279169,0 18.287400,59.279638,0</coordinates></LinearRing></outerBoundaryIs></Polygon></Placemark><Placemark><name>Tekniska högskolan</name><styleUrl>#zone</styleUrl><Polygon><outerBoundaryIs><LinearRing><coordinates>18.077911,59.345793,0 18.077850,59.346262,0 18.077670,59.346723,0 18.077374,59.347168,0 18.076966,59.347590,0 18.076454,59.347980,0 18.075846,59.348334,0 18.075153,59.348644,0 18.074387,59.348905,0 18.073560,59.349113,0 18.072687,59.349264,0 18.071783,59.349356,0 18.070863,59.349386,0 18.069943,59.349356,0 18.069039,59.349264,0 18.068166,59.349113,0 18.067339,59.348905,0 18.066573,59.348644,0 18.065880,59.348334,0 18.065272,59.347980,0 18.064760,59.347590,0 18.064352,59.347168,0 18.064056,59.346723,0 18.063876,59.346262,0 18.063815,59.345793,0 18.063876,59.345324,0 18.064056,59.344863,0 18.064352,59.344418,0 18.064760,59.343996,0 18.065272,59.343606,0 18.065880,59.343252,0 18.066573,59.342942,0 18.067339,59.342681,0 18.068166,59.342473,0 18.069039,59.342322,0 18.069943,59.342230,0 18.070863,59.342200,0 18.071783,59.342230,0 18.072687,59.342322,0 18.073560,59.342473,0 18.074387,59.342681,0 18.075153,59.342942,0 18.075846,59.343252,0 18.076454,59.343606,0 18.076966,59.343996,0 18.077374,59.344418,0 18.077670,59.344863,0 18.077850,59.345324,0 18.077911,59.345793,0</coordinates></LinearRing></outerBoundaryIs></Polygon></Placemark><Placemark><name>Telefonplan</name><styleUrl>#zone</styleUrl><Polygon><outerBoundaryIs><LinearRing><coordinates>18.005238,59.298361,0 18.005178,59.298830,0 18.004998,59.299291,0 18.004702,59.299736,0 18.004295,59.300158,0 18.003783,59.300548,0 18.003176,59.300902,0 18.002484,59.301212,0 18.001719,59.301473,0 18.000893,59.301681,0 18.000022,59.301832,0 17.999119,59.301924,0 17.998200,59.301954,0 17.997281,59.301924,0 17.996378,59.301832,0 17.995507,59.301681,0 17.994681,59.301473,0 17.993916,59.301212,0 17.993224,59.300902,0 17.992617,59.300548,0 17.992105,59.300158,0 17.991698,59.299736,0 17.991402,59.299291,0 17.991222,59.298830,0 17.991162,59.298361,0 17.991222,59.297892,0 17.991402,59.297431,0 17.991698,59.296986,0 17.992105,59.296564,0 17.992617,59.296174,0 17.993224,59.295820,0 17.993916,59.295510,0 17.994681,59.295249,0 17.995507,59.295041,0 17.996378,59.294890,0 17.997281,59.294798,0 17.998200,59.294768,0 17.999119,59.294798,0 18.000022,59.294890,0 18.000893,59.295041,0 18.001719,59.295249,0 18.002484,59.295510,0 18.003176,59.295820,0 18.003783,59.296174,0 18.004295,59.296564,0 18.004702,59.296986,0 18.004998,59.297431,0 18.005178,59.297892,0 18.005238,59.298361,0</coordinates></LinearRing></outerBoundaryIs></Polygon></Placemark><Placemark><name>Tensta</name><styleUrl>#zone</styleUrl><Polygon><outerBoundaryIs><LinearRing><coordinates>17.906753,59.394767,0 17.906692,59.395236,0 17.906512,59.395697,0 17.906216,59.396142,0 17.905807,59.396564,0 17.905294,59.396954,0 17.904686,59.397308,0 17.903991,59.397618,0 17.903224,59.397879,0 17.902396,59.398087,0 17.901522,59.398238,0 17.900616,59.398330,0 17.899695,59.398360,0 17.898774,59.398330,0 17.897868,59.398238,0 17.896994,59.398087,0 17.896166,59.397879,0 17.895399,59.397618,0 17.894704,59.397308,0 17.894096,59.396954,0 17.893583,59.396564,0 17.893174,59.396142,0 17.892878,59.395697,0 17.892698,59.395236,0 17.892637,59.394767,0 17.892698,59.394298,0 17.892878,59.393837,0 17.893174,59.393392,0 17.893583,59.392970,0 17.894096,59.392580,0 17.894704,59.392226,0 17.895399,59.391916,0 17.896166,59.391655,0 17.896994,59.391447,0 17.897868,59.391296,0 17.898774,59.391204,0 17.899695,59.391174,0 17.900616,59.391204,0 17.901522,59.391296,0 17.902396,59.391447,0 17.903224,59.391655,0 17.903991,59.391916,0 17.904686,59.392226,0 17.905294,59.392580,0 17.905807,59.392970,0 17.906216,59.393392,0 17.906512,59.393837,0 17.906692,59.394298,0 17.906753,59.394767,0</coordinates></LinearRing></outerBoundaryIs></Polygon></Placemark><Placemark><name>Thorildsplan</name><styleUrl>#zone</styleUrl><Polygon><outerBoundaryIs><LinearRing><coordinates>18.021364,59.331447,0 18.021303,59.331916,0 18.021124,59.332377,0 18.020827,59.332822,0 18.020420,59.333244,0 18.019908,59.333634,0 18.019300,59.333988,0 18.018607,59.334298,0 18.017841,59.334559,0 18.017015,59.334767,0 18.016142,59.334918,0 18.015239,59.335010,0 18.014319,59.335040,0 18.013399,59.335010,0 18.012496,59.334918,0 18.011623,59.334767,0 18.010797,59.334559,0 18.010031,59.334298,0 18.009338,59.333988,0 18.008730,59.333634,0 18.008218,59.333244,0 18.007811,59.332822,0 18.007514,59.332377,0 18.007335,59.331916,0 18.007274,59.331447,0 18.007335,59.330978,0 18.007514,59.330517,0 18.007811,59.330072,0 18.008218,59.329650,0 18.008730,59.329260,0 18.009338,59.328906,0 18.010031,59.328596,0 18.010797,59.328335,0 18.011623,59.328127,0 18.012496,59.327976,0 18.013399,59.327884,0 18.014319,59.327854,0 18.015239,59.327884,0 18.016142,59.327976,0 18.017015,59.328127,0 18.017841,59.328335,0 18.018607,59.328596,0 18.019300,59.328906,0 18.019908,59.329260,0 18.020420,59.329650,0 18.020827,59.330072,0 18.021124,59.330517,0 18.021303,59.330978,0 18.021364,59.331447,0</coordinates></LinearRing></outerBoundaryIs></Polygon></Placemark><Placemark><name>Tibble</name><styleUrl>#zone</styleUrl><Polygon><outerBoundaryIs><LinearRing><coordinates>18.069761,59.442409,0 18.069700,59.442878,0 18.069520,59.443339,0 18.069223,59.443784,0 18.068814,59.444206,0 18.068300,59.444596,0 18.067691,59.444950,0 18.066996,59.445260,0 18.066227,59.445521,0 18.065398,59.445729,0 18.064522,59.445880,0 18.063616,59.445972,0 18.062693,59.446002,0 18.061770,59.445972,0 18.060864,59.445880,0 18.059988,59.445729,0 18.059159,59.445521,0 18.058390,59.445260,0 18.057695,59.444950,0 18.057086,59.444596,0 18.056572,59.444206,0 18.056163,59.443784,0 18.055866,59.443339,0 18.055686,59.442878,0 18.055625,59.442409,0 18.055686,59.441940,0 18.055866,59.441479,0 18.056163,59.441034,0 18.056572,59.440612,0 18.057086,59.440222,0 18.057695,59.439868,0 18.058390,59.439558,0 18.059159,59.439297,0 18.059988,59.439089,0 18.060864,59.438938,0 18.061770,59.438846,0 18.062693,59.438816,0 18.063616,59.438846,0 18.064522,59.438938,0 18.065398,59.439089,0 18.066227,59.439297,0 18.066996,59.439558,0 18.067691,59.439868,0 18.068300,59.440222,0 18.068814,59.440612,0 18.069223,59.441034,0 18.069520,59.441479,0 18.069700,59.441940,0 18.069761,59.442409,0</coordinates></LinearRing></outerBoundaryIs></Polygon></Placemark><Placemark><name>Tippen</name><styleUrl>#zone</styleUrl><Polygon><outerBoundaryIs><LinearRing><coordinates>18.284359,59.284187,0 18.284299,59.284656,0 18.284119,59.285117,0 18.283823,59.285562,0 18.283416,59.285984,0 18.282905,59.286374,0 18.282298,59.286728,0 18.281607,59.287038,0 18.280841,59.287299,0 18.280016,59.287507,0 18.279145,59.287658,0 18.278242,59.287750,0 18.277324,59.287780,0 18.276406,59.287750,0 18.275503,59.287658,0 18.274632,59.287507,0 18.273807,59.287299,0 18.273041,59.287038,0 18.272350,59.286728,0 18.271743,59.286374,0 18.271232,59.285984,0 18.270825,59.285562,0 18.270529,59.285117,0 18.270349,59.284656,0 18.270289,59.284187,0 18.270349,59.283718,0 18.270529,59.283257,0 18.270825,59.282812,0 18.271232,59.282390,0 18.271743,59.282000,0 18.272350,59.281646,0 18.273041,59.281336,0 18.273807,59.281075,0 18.274632,59.280867,0 18.275503,59.280716,0 18.276406,59.280624,0 18.277324,59.280594,0 18.278242,59.280624,0 18.279145,59.280716,0 18.280016,59.280867,0 18.280841,59.281075,0 18.281607,59.281336,0 18.282298,59.281646,0 18.282905,59.282000,0 18.283416,59.282390,0 18.283823,59.282812,0 18.284119,59.283257,0 18.284299,59.283718,0 18.284359,59.284187,0</coordinates></LinearRing></outerBoundaryIs></Polygon></Placemark><Placemark><name>Torsvik/Millesgården</name><styleUrl>#zone</styleUrl><Polygon><outerBoundaryIs><LinearRing><coordinates>18.124799,59.361947,0 18.124739,59.362416,0 18.124559,59.362877,0 18.124262,59.363322,0 18.123854,59.363744,0 18.123342,59.364134,0 18.122734,59.364488,0 18.122040,59.364798,0 18.121273,59.365059,0 18.120446,59.365267,0 18.119573,59.365418,0 18.118668,59.365510,0 18.117748,59.365540,0 18.116828,59.365510,0 18.115923,59.365418,0 18.115050,59.365267,0 18.114223,59.365059,0 18.113456,59.364798,0 18.112762,59.364488,0 18.112154,59.364134,0 18.111642,59.363744,0 18.111234,59.363322,0 18.110937,59.362877,0 18.110757,59.362416,0 18.110697,59.361947,0 18.110757,59.361478,0 18.110937,59.361017,0 18.111234,59.360572,0 18.111642,59.360150,0 18.112154,59.359760,0 18.112762,59.359406,0 18.113456,59.359096,0 18.114223,59.358835,0 18.115050,59.358627,0 18.115923,59.358476,0 18.116828,59.358384,0 18.117748,59.358354,0 18.118668,59.358384,0 18.119573,59.358476,0 18.120446,59.358627,0 18.121273,59.358835,0 18.122040,59.359096,0 18.122734,59.359406,0 18.123342,59.359760,0 18.123854,59.360150,0 18.124262,59.360572,0 18.124559,59.361017,0 18.124739,59.361478,0 18.124799,59.361947,0</coordinates></LinearRing></outerBoundaryIs></Polygon></Placemark><Placemark><name>Trekanten</name><styleUrl>#zone</styleUrl><Polygon><outerBoundaryIs><LinearRing><coordinates>18.024943,59.314271,0 18.024883,59.314740,0 18.024703,59.315201,0 18.024407,59.315646,0 18.024000,59.316068,0 18.023488,59.316458,0 18.022881,59.316812,0 18.022188,59.317122,0 18.021423,59.317383,0 18.020596,59.317591,0 18.019724,59.317742,0 18.018821,59.317834,0 18.017902,59.317864,0 18.016983,59.317834,0 18.016080,59.317742,0 18.015208,59.317591,0 18.014381,59.317383,0 18.013616,59.317122,0 18.012923,59.316812,0 18.012316,59.316458,0 18.011804,59.316068,0 18.011397,59.315646,0 18.011101,59.315201,0 18.010921,59.314740,0 18.010861,59.314271,0 18.010921,59.313802,0 18.011101,59.313341,0 18.011397,59.312896,0 18.011804,59.312474,0 18.012316,59.312084,0 18.012923,59.311730,0 18.013616,59.311420,0 18.014381,59.311159,0 18.015208,59.310951,0 18.016080,59.310800,0 18.016983,59.310708,0 18.017902,59.310678,0 18.018821,59.310708,0 18.019724,59.310800,0 18.020596,59.310951,0 18.021423,59.311159,0 18.022188,59.311420,0 18.022881,59.311730,0 18.023488,59.312084,0 18.024000,59.312474,0 18.024407,59.312896,0 18.024703,59.313341,0 18.024883,59.313802,0 18.024943,59.314271,0</coordinates></LinearRing></outerBoundaryIs></Polygon></Placemark><Placemark><name>Trångsund</name><styleUrl>#zone</styleUrl><Polygon><outerBoundaryIs><LinearRing><coordinates>18.137854,59.227749,0 18.137794,59.228218,0 18.137615,59.228679,0 18.137320,59.229124,0 18.136913,59.229546,0 18.136403,59.229936,0 18.135797,59.230290,0 18.135106,59.230600,0 18.134343,59.230861,0 18.133519,59.231069,0 18.132649,59.231220,0 18.131748,59.231312,0 18.130831,59.231342,0 18.129914,59.231312,0 18.129013,59.231220,0 18.128143,59.231069,0 18.127319,59.230861,0 18.126556,59.230600,0 18.125865,59.230290,0 18.125259,59.229936,0 18.124749,59.229546,0 18.124342,59.229124,0 18.124047,59.228679,0 18.123868,59.228218,0 18.123808,59.227749,0 18.123868,59.227280,0 18.124047,59.226819,0 18.124342,59.226374,0 18.124749,59.225952,0 18.125259,59.225562,0 18.125865,59.225208,0 18.126556,59.224898,0 18.127319,59.224637,0 18.128143,59.224429,0 18.129013,59.224278,0 18.129914,59.224186,0 18.130831,59.224156,0 18.131748,59.224186,0 18.132649,59.224278,0 18.133519,59.224429,0 18.134343,59.224637,0 18.135106,59.224898,0 18.135797,59.225208,0 18.136403,59.225562,0 18.136913,59.225952,0 18.137320,59.226374,0 18.137615,59.226819,0 18.137794,59.227280,0 18.137854,59.227749,0</coordinates></LinearRing></outerBoundaryIs></Polygon></Placemark><Placemark><name>Tullinge</name><styleUrl>#zone</styleUrl><Polygon><outerBoundaryIs><LinearRing><coordinates>17.911594,59.205513,0 17.911534,59.205982,0 17.911354,59.206443,0 17.911059,59.206888,0 17.910653,59.207310,0 17.910143,59.207700,0 17.909538,59.208054,0 17.908848,59.208364,0 17.908084,59.208625,0 17.907261,59.208833,0 17.906392,59.208984,0 17.905491,59.209076,0 17.904575,59.209106,0 17.903659,59.209076,0 17.902758,59.208984,0 17.901889,59.208833,0 17.901066,59.208625,0 17.900302,59.208364,0 17.899612,59.208054,0 17.899007,59.207700,0 17.898497,59.207310,0 17.898091,59.206888,0 17.897796,59.206443,0 17.897616,59.205982,0 17.897556,59.205513,0 17.897616,59.205044,0 17.897796,59.204583,0 17.898091,59.204138,0 17.898497,59.203716,0 17.899007,59.203326,0 17.899612,59.202972,0 17.900302,59.202662,0 17.901066,59.202401,0 17.901889,59.202193,0 17.902758,59.202042,0 17.903659,59.201950,0 17.904575,59.201920,0 17.905491,59.201950,0 17.906392,59.202042,0 17.907261,59.202193,0 17.908084,59.202401,0 17.908848,59.202662,0 17.909538,59.202972,0 17.910143,59.203326,0 17.910653,59.203716,0 17.911059,59.204138,0 17.911354,59.204583,0 17.911534,59.205044,0 17.911594,59.205513,0</coordinates></LinearRing></outerBoundaryIs></Polygon></Placemark><Placemark><name>Tumba</name><styleUrl>#zone</styleUrl><Polygon><outerBoundaryIs><LinearRing><coordinates>17.843536,59.199478,0 17.843476,59.199947,0 17.843297,59.200408,0 17.843002,59.200853,0 17.842596,59.201275,0 17.842086,59.201665,0 17.841481,59.202019,0 17.840791,59.202329,0 17.840028,59.202590,0 17.839204,59.202798,0 17.838335,59.202949,0 17.837435,59.203041,0 17.836519,59.203071,0 17.835603,59.203041,0 17.834703,59.202949,0 17.833834,59.202798,0 17.833010,59.202590,0 17.832247,59.202329,0 17.831557,59.202019,0 17.830952,59.201665,0 17.830442,59.201275,0 17.830036,59.200853,0 17.829741,59.200408,0 17.829562,59.199947,0 17.829502,59.199478,0 17.829562,59.199009,0 17.829741,59.198548,0 17.830036,59.198103,0 17.830442,59.197681,0 17.830952,59.197291,0 17.831557,59.196937,0 17.832247,59.196627,0 17.833010,59.196366,0 17.833834,59.196158,0 17.834703,59.196007,0 17.835603,59.195915,0 17.836519,59.195885,0 17.837435,59.195915,0 17.838335,59.196007,0 17.839204,59.196158,0 17.840028,59.196366,0 17.840791,59.196627,0 17.841481,59.196937,0 17.842086,59.197291,0 17.842596,59.197681,0 17.843002,59.198103,0 17.843297,59.198548,0 17.843476,59.199009,0 17.843536,59.199478,0</coordinates></LinearRing></outerBoundaryIs></Polygon></Placemark><Placemark><name>Tunagård</name><styleUrl>#zone</styleUrl><Polygon><outerBoundaryIs><LinearRing><coordinates>18.314382,59.468975,0 18.314322,59.469444,0 18.314141,59.469905,0 18.313844,59.470350,0 18.313435,59.470772,0 18.312921,59.471162,0 18.312311,59.471516,0 18.311615,59.471826,0 18.310846,59.472087,0 18.310016,59.472295,0 18.309140,59.472446,0 18.308232,59.472538,0 18.307309,59.472568,0 18.306386,59.472538,0 18.305478,59.472446,0 18.304602,59.472295,0 18.303772,59.472087,0 18.303003,59.471826,0 18.302307,59.471516,0 18.301697,59.471162,0 18.301183,59.470772,0 18.300774,59.470350,0 18.300477,59.469905,0 18.300296,59.469444,0 18.300236,59.468975,0 18.300296,59.468506,0 18.300477,59.468045,0 18.300774,59.467600,0 18.301183,59.467178,0 18.301697,59.466788,0 18.302307,59.466434,0 18.303003,59.466124,0 18.303772,59.465863,0 18.304602,59.465655,0 18.305478,59.465504,0 18.306386,59.465412,0 18.307309,59.465382,0 18.308232,59.465412,0 18.309140,59.465504,0 18.310016,59.465655,0 18.310846,59.465863,0 18.311615,59.466124,0 18.312311,59.466434,0 18.312921,59.466788,0 18.313435,59.467178,0 18.313844,59.467600,0 18.314141,59.468045,0 18.314322,59.468506,0 18.314382,59.468975,0</coordinates></LinearRing></outerBoundaryIs></Polygon></Placemark><Placemark><name>Tungelsta</name><styleUrl>#zone</styleUrl><Polygon><outerBoundaryIs><LinearRing><coordinates>18.052590,59.102658,0 18.052530,59.103127,0 18.052351,59.103588,0 18.052057,59.104033,0 18.051652,59.104455,0 18.051144,59.104845,0 18.050540,59.105199,0 18.049852,59.105509,0 18.049091,59.105770,0 18.048270,59.105978,0 18.047403,59.106129,0 18.046505,59.106221,0 18.045592,59.106251,0 18.044679,59.106221,0 18.043781,59.106129,0 18.042914,59.105978,0 18.042093,59.105770,0 18.041332,59.105509,0 18.040644,59.105199,0 18.040040,59.104845,0 18.039532,59.104455,0 18.039127,59.104033,0 18.038833,59.103588,0 18.038654,59.103127,0 18.038594,59.102658,0 18.038654,59.102189,0 18.038833,59.101728,0 18.039127,59.101283,0 18.039532,59.100861,0 18.040040,59.100471,0 18.040644,59.100117,0 18.041332,59.099807,0 18.042093,59.099546,0 18.042914,59.099338,0 18.043781,59.099187,0 18.044679,59.099095,0 18.045592,59.099065,0 18.046505,59.099095,0 18.047403,59.099187,0 18.048270,59.099338,0 18.049091,59.099546,0 18.049852,59.099807,0 18.050540,59.100117,0 18.051144,59.100471,0 18.051652,59.100861,0 18.052057,59.101283,0 18.052351,59.101728,0 18.052530,59.102189,0 18.052590,59.102658,0</coordinates></LinearRing></outerBoundaryIs></Polygon></Placemark><Placemark><name>Täby Centrum</name><styleUrl>#zone</styleUrl><Polygon><outerBoundaryIs><LinearRing><coordinates>18.081742,59.444277,0 18.081682,59.444746,0 18.081501,59.445207,0 18.081204,59.445652,0 18.080795,59.446074,0 18.080281,59.446464,0 18.079672,59.446818,0 18.078977,59.447128,0 18.078208,59.447389,0 18.077379,59.447597,0 18.076503,59.447748,0 18.075597,59.447840,0 18.074674,59.447870,0 18.073751,59.447840,0 18.072845,59.447748,0 18.071969,59.447597,0 18.071140,59.447389,0 18.070371,59.447128,0 18.069676,59.446818,0 18.069067,59.446464,0 18.068553,59.446074,0 18.068144,59.445652,0 18.067847,59.445207,0 18.067666,59.444746,0 18.067606,59.444277,0 18.067666,59.443808,0 18.067847,59.443347,0 18.068144,59.442902,0 18.068553,59.442480,0 18.069067,59.442090,0 18.069676,59.441736,0 18.070371,59.441426,0 18.071140,59.441165,0 18.071969,59.440957,0 18.072845,59.440806,0 18.073751,59.440714,0 18.074674,59.440684,0 18.075597,59.440714,0 18.076503,59.440806,0 18.077379,59.440957,0 18.078208,59.441165,0 18.078977,59.441426,0 18.079672,59.441736,0 18.080281,59.442090,0 18.080795,59.442480,0 18.081204,59.442902,0 18.081501,59.443347,0 18.081682,59.443808,0 18.081742,59.444277,0</coordinates></LinearRing></outerBoundaryIs></Polygon></Placemark><Placemark><name>Täby Kyrkby</name><styleUrl>#zone</styleUrl><Polygon><outerBoundaryIs><LinearRing><coordinates>18.073293,59.492962,0 18.073233,59.493431,0 18.073052,59.493892,0 18.072754,59.494337,0 18.072345,59.494759,0 18.071831,59.495149,0 18.071220,59.495503,0 18.070524,59.495813,0 18.069754,59.496074,0 18.068924,59.496282,0 18.068047,59.496433,0 18.067139,59.496525,0 18.066215,59.496555,0 18.065291,59.496525,0 18.064383,59.496433,0 18.063506,59.496282,0 18.062676,59.496074,0 18.061906,59.495813,0 18.061210,59.495503,0 18.060599,59.495149,0 18.060085,59.494759,0 18.059676,59.494337,0 18.059378,59.493892,0 18.059197,59.493431,0 18.059137,59.492962,0 18.059197,59.492493,0 18.059378,59.492032,0 18.059676,59.491587,0 18.060085,59.491165,0 18.060599,59.490775,0 18.061210,59.490421,0 18.061906,59.490111,0 18.062676,59.489850,0 18.063506,59.489642,0 18.064383,59.489491,0 18.065291,59.489399,0 18.066215,59.489369,0 18.067139,59.489399,0 18.068047,59.489491,0 18.068924,59.489642,0 18.069754,59.489850,0 18.070524,59.490111,0 18.071220,59.490421,0 18.071831,59.490775,0 18.072345,59.491165,0 18.072754,59.491587,0 18.073052,59.492032,0 18.073233,59.492493,0 18.073293,59.492962,0</coordinates></LinearRing></outerBoundaryIs></Polygon></Placemark><Placemark><name>Täljö</name><styleUrl>#zone</styleUrl><Polygon><outerBoundaryIs><LinearRing><coordinates>18.242671,59.473363,0 18.242611,59.473832,0 18.242430,59.474293,0 18.242133,59.474738,0 18.241723,59.475160,0 18.241209,59.475550,0 18.240599,59.475904,0 18.239903,59.476214,0 18.239134,59.476475,0 18.238304,59.476683,0 18.237428,59.476834,0 18.236520,59.476926,0 18.235597,59.476956,0 18.234674,59.476926,0 18.233766,59.476834,0 18.232890,59.476683,0 18.232060,59.476475,0 18.231291,59.476214,0 18.230595,59.475904,0 18.229985,59.475550,0 18.229471,59.475160,0 18.229061,59.474738,0 18.228764,59.474293,0 18.228583,59.473832,0 18.228523,59.473363,0 18.228583,59.472894,0 18.228764,59.472433,0 18.229061,59.471988,0 18.229471,59.471566,0 18.229985,59.471176,0 18.230595,59.470822,0 18.231291,59.470512,0 18.232060,59.470251,0 18.232890,59.470043,0 18.233766,59.469892,0 18.234674,59.469800,0 18.235597,59.469770,0 18.236520,59.469800,0 18.237428,59.469892,0 18.238304,59.470043,0 18.239134,59.470251,0 18.239903,59.470512,0 18.240599,59.470822,0 18.241209,59.471176,0 18.241723,59.471566,0 18.242133,59.471988,0 18.242430,59.472433,0 18.242611,59.472894,0 18.242671,59.473363,0</coordinates></LinearRing></outerBoundaryIs></Polygon></Placemark><Placemark><name>Ulriksdal</name><styleUrl>#zone</styleUrl><Polygon><outerBoundaryIs><LinearRing><coordinates>18.007983,59.380285,0 18.007922,59.380754,0 18.007742,59.381215,0 18.007446,59.381660,0 18.007038,59.382082,0 18.006525,59.382472,0 18.005916,59.382826,0 18.005223,59.383136,0 18.004455,59.383397,0 18.003628,59.383605,0 18.002754,59.383756,0 18.001849,59.383848,0 18.000928,59.383878,0 18.000007,59.383848,0 17.999102,59.383756,0 17.998228,59.383605,0 17.997401,59.383397,0 17.996633,59.383136,0 17.995940,59.382826,0 17.995331,59.382472,0 17.994818,59.382082,0 17.994410,59.381660,0 17.994114,59.381215,0 17.993934,59.380754,0 17.993873,59.380285,0 17.993934,59.379816,0 17.994114,59.379355,0 17.994410,59.378910,0 17.994818,59.378488,0 17.995331,59.378098,0 17.995940,59.377744,0 17.996633,59.377434,0 17.997401,59.377173,0 17.998228,59.376965,0 17.999102,59.376814,0 18.000007,59.376722,0 18.000928,59.376692,0 18.001849,59.376722,0 18.002754,59.376814,0 18.003628,59.376965,0 18.004455,59.377173,0 18.005223,59.377434,0 18.005916,59.377744,0 18.006525,59.378098,0 18.007038,59.378488,0 18.007446,59.378910,0 18.007742,59.379355,0 18.007922,59.379816,0 18.007983,59.380285,0</coordinates></LinearRing></outerBoundaryIs></Polygon></Placemark><Placemark><name>Universitetet</name><styleUrl>#zone</styleUrl><Polygon><outerBoundaryIs><LinearRing><coordinates>18.061649,59.365202,0 18.061588,59.365671,0 18.061408,59.366132,0 18.061112,59.366577,0 18.060704,59.366999,0 18.060191,59.367389,0 18.059583,59.367743,0 18.058890,59.368053,0 18.058123,59.368314,0 18.057296,59.368522,0 18.056422,59.368673,0 18.055517,59.368765,0 18.054597,59.368795,0 18.053677,59.368765,0 18.052772,59.368673,0 18.051898,59.368522,0 18.051071,59.368314,0 18.050304,59.368053,0 18.049611,59.367743,0 18.049003,59.367389,0 18.048490,59.366999,0 18.048082,59.366577,0 18.047786,59.366132,0 18.047606,59.365671,0 18.047545,59.365202,0 18.047606,59.364733,0 18.047786,59.364272,0 18.048082,59.363827,0 18.048490,59.363405,0 18.049003,59.363015,0 18.049611,59.362661,0 18.050304,59.362351,0 18.051071,59.362090,0 18.051898,59.361882,0 18.052772,59.361731,0 18.053677,59.361639,0 18.054597,59.361609,0 18.055517,59.361639,0 18.056422,59.361731,0 18.057296,59.361882,0 18.058123,59.362090,0 18.058890,59.362351,0 18.059583,59.362661,0 18.060191,59.363015,0 18.060704,59.363405,0 18.061112,59.363827,0 18.061408,59.364272,0 18.061588,59.364733,0 18.061649,59.365202,0</coordinates></LinearRing></outerBoundaryIs></Polygon></Placemark><Placemark><name>Upplands Väsby</name><styleUrl>#zone</styleUrl><Polygon><outerBoundaryIs><LinearRing><coordinates>17.906458,59.520854,0 17.906398,59.521323,0 17.906217,59.521784,0 17.905919,59.522229,0 17.905509,59.522651,0 17.904994,59.523041,0 17.904383,59.523395,0 17.903687,59.523705,0 17.902916,59.523966,0 17.902085,59.524174,0 17.901208,59.524325,0 17.900299,59.524417,0 17.899374,59.524447,0 17.898449,59.524417,0 17.897540,59.524325,0 17.896663,59.524174,0 17.895832,59.523966,0 17.895061,59.523705,0 17.894365,59.523395,0 17.893754,59.523041,0 17.893239,59.522651,0 17.892829,59.522229,0 17.892531,59.521784,0 17.892350,59.521323,0 17.892290,59.520854,0 17.892350,59.520385,0 17.892531,59.519924,0 17.892829,59.519479,0 17.893239,59.519057,0 17.893754,59.518667,0 17.894365,59.518313,0 17.895061,59.518003,0 17.895832,59.517742,0 17.896663,59.517534,0 17.897540,59.517383,0 17.898449,59.517291,0 17.899374,59.517261,0 17.900299,59.517291,0 17.901208,59.517383,0 17.902085,59.517534,0 17.902916,59.517742,0 17.903687,59.518003,0 17.904383,59.518313,0 17.904994,59.518667,0 17.905509,59.519057,0 17.905919,59.519479,0 17.906217,59.519924,0 17.906398,59.520385,0 17.906458,59.520854,0</coordinates></LinearRing></outerBoundaryIs></Polygon></Placemark><Placemark><name>Uppsala C</name><styleUrl>#zone</styleUrl><Polygon><outerBoundaryIs><LinearRing><coordinates>17.656179,59.857420,0 17.656117,59.857889,0 17.655935,59.858350,0 17.655634,59.858795,0 17.655220,59.859217,0 17.654700,59.859607,0 17.654083,59.859961,0 17.653379,59.860271,0 17.652601,59.860532,0 17.651761,59.860740,0 17.650875,59.860891,0 17.649957,59.860983,0 17.649023,59.861013,0 17.648089,59.860983,0 17.647171,59.860891,0 17.646285,59.860740,0 17.645445,59.860532,0 17.644667,59.860271,0 17.643963,59.859961,0 17.643346,59.859607,0 17.642826,59.859217,0 17.642412,59.858795,0 17.642111,59.858350,0 17.641929,59.857889,0 17.641867,59.857420,0 17.641929,59.856951,0 17.642111,59.856490,0 17.642412,59.856045,0 17.642826,59.855623,0 17.643346,59.855233,0 17.643963,59.854879,0 17.644667,59.854569,0 17.645445,59.854308,0 17.646285,59.854100,0 17.647171,59.853949,0 17.648089,59.853857,0 17.649023,59.853827,0 17.649957,59.853857,0 17.650875,59.853949,0 17.651761,59.854100,0 17.652601,59.854308,0 17.653379,59.854569,0 17.654083,59.854879,0 17.654700,59.855233,0 17.655220,59.855623,0 17.655634,59.856045,0 17.655935,59.856490,0 17.656117,59.856951,0 17.656179,59.857420,0</coordinates></LinearRing></outerBoundaryIs></Polygon></Placemark><Placemark><name>Valla torg</name><styleUrl>#zone</styleUrl><Polygon><outerBoundaryIs><LinearRing><coordinates>18.055530,59.295066,0 18.055470,59.295535,0 18.055290,59.295996,0 18.054994,59.296441,0 18.054587,59.296863,0 18.054076,59.297253,0 18.053469,59.297607,0 18.052777,59.297917,0 18.052012,59.298178,0 18.051186,59.298386,0 18.050314,59.298537,0 18.049412,59.298629,0 18.048493,59.298659,0 18.047574,59.298629,0 18.046672,59.298537,0 18.045800,59.298386,0 18.044974,59.298178,0 18.044209,59.297917,0 18.043517,59.297607,0 18.042910,59.297253,0 18.042399,59.296863,0 18.041992,59.296441,0 18.041696,59.295996,0 18.041516,59.295535,0 18.041456,59.295066,0 18.041516,59.294597,0 18.041696,59.294136,0 18.041992,59.293691,0 18.042399,59.293269,0 18.042910,59.292879,0 18.043517,59.292525,0 18.044209,59.292215,0 18.044974,59.291954,0 18.045800,59.291746,0 18.046672,59.291595,0 18.047574,59.291503,0 18.048493,59.291473,0 18.049412,59.291503,0 18.050314,59.291595,0 18.051186,59.291746,0 18.052012,59.291954,0 18.052777,59.292215,0 18.053469,59.292525,0 18.054076,59.292879,0 18.054587,59.293269,0 18.054994,59.293691,0 18.055290,59.294136,0 18.055470,59.294597,0 18.055530,59.295066,0</coordinates></LinearRing></outerBoundaryIs></Polygon></Placemark><Placemark><name>Vallentuna</name><styleUrl>#zone</styleUrl><Polygon><outerBoundaryIs><LinearRing><coordinates>18.087247,59.534432,0 18.087186,59.534901,0 18.087005,59.535362,0 18.086708,59.535807,0 18.086298,59.536229,0 18.085782,59.536619,0 18.085171,59.536973,0 18.084474,59.537283,0 18.083703,59.537544,0 18.082872,59.537752,0 18.081994,59.537903,0 18.081085,59.537995,0 18.080160,59.538025,0 18.079235,59.537995,0 18.078326,59.537903,0 18.077448,59.537752,0 18.076617,59.537544,0 18.075846,59.537283,0 18.075149,59.536973,0 18.074538,59.536619,0 18.074022,59.536229,0 18.073612,59.535807,0 18.073315,59.535362,0 18.073134,59.534901,0 18.073073,59.534432,0 18.073134,59.533963,0 18.073315,59.533502,0 18.073612,59.533057,0 18.074022,59.532635,0 18.074538,59.532245,0 18.075149,59.531891,0 18.075846,59.531581,0 18.076617,59.531320,0 18.077448,59.531112,0 18.078326,59.530961,0 18.079235,59.530869,0 18.080160,59.530839,0 18.081085,59.530869,0 18.081994,59.530961,0 18.082872,59.531112,0 18.083703,59.531320,0 18.084474,59.531581,0 18.085171,59.531891,0 18.085782,59.532245,0 18.086298,59.532635,0 18.086708,59.533057,0 18.087005,59.533502,0 18.087186,59.533963,0 18.087247,59.534432,0</coordinates></LinearRing></outerBoundaryIs></Polygon></Placemark><Placemark><name>Vega</name><styleUrl>#zone</styleUrl><Polygon><outerBoundaryIs><LinearRing><coordinates>18.142912,59.186662,0 18.142852,59.187131,0 18.142673,59.187592,0 18.142378,59.188037,0 18.141972,59.188459,0 18.141462,59.188849,0 18.140857,59.189203,0 18.140167,59.189513,0 18.139404,59.189774,0 18.138581,59.189982,0 18.137713,59.190133,0 18.136813,59.190225,0 18.135897,59.190255,0 18.134981,59.190225,0 18.134081,59.190133,0 18.133213,59.189982,0 18.132390,59.189774,0 18.131627,59.189513,0 18.130937,59.189203,0 18.130332,59.188849,0 18.129822,59.188459,0 18.129416,59.188037,0 18.129121,59.187592,0 18.128942,59.187131,0 18.128882,59.186662,0 18.128942,59.186193,0 18.129121,59.185732,0 18.129416,59.185287,0 18.129822,59.184865,0 18.130332,59.184475,0 18.130937,59.184121,0 18.131627,59.183811,0 18.132390,59.183550,0 18.133213,59.183342,0 18.134081,59.183191,0 18.134981,59.183099,0 18.135897,59.183069,0 18.136813,59.183099,0 18.137713,59.183191,0 18.138581,59.183342,0 18.139404,59.183550,0 18.140167,59.183811,0 18.140857,59.184121,0 18.141462,59.184475,0 18.141972,59.184865,0 18.142378,59.185287,0 18.142673,59.185732,0 18.142852,59.186193,0 18.142912,59.186662,0</coordinates></LinearRing></outerBoundaryIs></Polygon></Placemark><Placemark><name>Vendevägen</name><styleUrl>#zone</styleUrl><Polygon><outerBoundaryIs><LinearRing><coordinates>18.074649,59.399766,0 18.074588,59.400235,0 18.074408,59.400696,0 18.074111,59.401141,0 18.073703,59.401563,0 18.073190,59.401953,0 18.072581,59.402307,0 18.071887,59.402617,0 18.071119,59.402878,0 18.070291,59.403086,0 18.069417,59.403237,0 18.068511,59.403329,0 18.067590,59.403359,0 18.066669,59.403329,0 18.065763,59.403237,0 18.064889,59.403086,0 18.064061,59.402878,0 18.063293,59.402617,0 18.062599,59.402307,0 18.061990,59.401953,0 18.061477,59.401563,0 18.061069,59.401141,0 18.060772,59.400696,0 18.060592,59.400235,0 18.060531,59.399766,0 18.060592,59.399297,0 18.060772,59.398836,0 18.061069,59.398391,0 18.061477,59.397969,0 18.061990,59.397579,0 18.062599,59.397225,0 18.063293,59.396915,0 18.064061,59.396654,0 18.064889,59.396446,0 18.065763,59.396295,0 18.066669,59.396203,0 18.067590,59.396173,0 18.068511,59.396203,0 18.069417,59.396295,0 18.070291,59.396446,0 18.071119,59.396654,0 18.071887,59.396915,0 18.072581,59.397225,0 18.073190,59.397579,0 18.073703,59.397969,0 18.074111,59.398391,0 18.074408,59.398836,0 18.074588,59.399297,0 18.074649,59.399766,0</coordinates></LinearRing></outerBoundaryIs></Polygon></Placemark><Placemark><name>Viggbyholm</name><styleUrl>#zone</styleUrl><Polygon><outerBoundaryIs><LinearRing><coordinates>18.111431,59.449406,0 18.111371,59.449875,0 18.111190,59.450336,0 18.110893,59.450781,0 18.110484,59.451203,0 18.109970,59.451593,0 18.109361,59.451947,0 18.108665,59.452257,0 18.107897,59.452518,0 18.107067,59.452726,0 18.106192,59.452877,0 18.105285,59.452969,0 18.104362,59.452999,0 18.103439,59.452969,0 18.102532,59.452877,0 18.101657,59.452726,0 18.100827,59.452518,0 18.100059,59.452257,0 18.099363,59.451947,0 18.098754,59.451593,0 18.098240,59.451203,0 18.097831,59.450781,0 18.097534,59.450336,0 18.097353,59.449875,0 18.097293,59.449406,0 18.097353,59.448937,0 18.097534,59.448476,0 18.097831,59.448031,0 18.098240,59.447609,0 18.098754,59.447219,0 18.099363,59.446865,0 18.100059,59.446555,0 18.100827,59.446294,0 18.101657,59.446086,0 18.102532,59.445935,0 18.103439,59.445843,0 18.104362,59.445813,0 18.105285,59.445843,0 18.106192,59.445935,0 18.107067,59.446086,0 18.107897,59.446294,0 18.108665,59.446555,0 18.109361,59.446865,0 18.109970,59.447219,0 18.110484,59.447609,0 18.110893,59.448031,0 18.111190,59.448476,0 18.111371,59.448937,0 18.111431,59.449406,0</coordinates></LinearRing></outerBoundaryIs></Polygon></Placemark><Placemark><name>Visinge</name><styleUrl>#zone</styleUrl><Polygon><outerBoundaryIs><LinearRing><coordinates>18.070184,59.462690,0 18.070123,59.463159,0 18.069943,59.463620,0 18.069646,59.464065,0 18.069236,59.464487,0 18.068723,59.464877,0 18.068113,59.465231,0 18.067417,59.465541,0 18.066648,59.465802,0 18.065818,59.466010,0 18.064942,59.466161,0 18.064035,59.466253,0 18.063112,59.466283,0 18.062189,59.466253,0 18.061282,59.466161,0 18.060406,59.466010,0 18.059576,59.465802,0 18.058807,59.465541,0 18.058111,59.465231,0 18.057501,59.464877,0 18.056988,59.464487,0 18.056578,59.464065,0 18.056281,59.463620,0 18.056101,59.463159,0 18.056040,59.462690,0 18.056101,59.462221,0 18.056281,59.461760,0 18.056578,59.461315,0 18.056988,59.460893,0 18.057501,59.460503,0 18.058111,59.460149,0 18.058807,59.459839,0 18.059576,59.459578,0 18.060406,59.459370,0 18.061282,59.459219,0 18.062189,59.459127,0 18.063112,59.459097,0 18.064035,59.459127,0 18.064942,59.459219,0 18.065818,59.459370,0 18.066648,59.459578,0 18.067417,59.459839,0 18.068113,59.460149,0 18.068723,59.460503,0 18.069236,59.460893,0 18.069646,59.461315,0 18.069943,59.461760,0 18.070123,59.462221,0 18.070184,59.462690,0</coordinates></LinearRing></outerBoundaryIs></Polygon></Placemark><Placemark><name>Vällingby</name><styleUrl>#zone</styleUrl><Polygon><outerBoundaryIs><LinearRing><coordinates>17.877894,59.363934,0 17.877834,59.364403,0 17.877654,59.364864,0 17.877358,59.365309,0 17.876950,59.365731,0 17.876437,59.366121,0 17.875829,59.366475,0 17.875136,59.366785,0 17.874369,59.367046,0 17.873541,59.367254,0 17.872668,59.367405,0 17.871763,59.367497,0 17.870843,59.367527,0 17.869923,59.367497,0 17.869018,59.367405,0 17.868145,59.367254,0 17.867317,59.367046,0 17.866550,59.366785,0 17.865857,59.366475,0 17.865249,59.366121,0 17.864736,59.365731,0 17.864328,59.365309,0 17.864032,59.364864,0 17.863852,59.364403,0 17.863792,59.363934,0 17.863852,59.363465,0 17.864032,59.363004,0 17.864328,59.362559,0 17.864736,59.362137,0 17.865249,59.361747,0 17.865857,59.361393,0 17.866550,59.361083,0 17.867317,59.360822,0 17.868145,59.360614,0 17.869018,59.360463,0 17.869923,59.360371,0 17.870843,59.360341,0 17.871763,59.360371,0 17.872668,59.360463,0 17.873541,59.360614,0 17.874369,59.360822,0 17.875136,59.361083,0 17.875829,59.361393,0 17.876437,59.361747,0 17.876950,59.362137,0 17.877358,59.362559,0 17.877654,59.363004,0 17.877834,59.363465,0 17.877894,59.363934,0</coordinates></LinearRing></outerBoundaryIs></Polygon></Placemark><Placemark><name>Västerhaninge</name><styleUrl>#zone</styleUrl><Polygon><outerBoundaryIs><LinearRing><coordinates>18.110280,59.123111,0 18.110220,59.123580,0 18.110041,59.124041,0 18.109747,59.124486,0 18.109342,59.124908,0 18.108833,59.125298,0 18.108229,59.125652,0 18.107540,59.125962,0 18.106779,59.126223,0 18.105957,59.126431,0 18.105090,59.126582,0 18.104192,59.126674,0 18.103278,59.126704,0 18.102364,59.126674,0 18.101466,59.126582,0 18.100599,59.126431,0 18.099777,59.126223,0 18.099016,59.125962,0 18.098327,59.125652,0 18.097723,59.125298,0 18.097214,59.124908,0 18.096809,59.124486,0 18.096515,59.124041,0 18.096336,59.123580,0 18.096276,59.123111,0 18.096336,59.122642,0 18.096515,59.122181,0 18.096809,59.121736,0 18.097214,59.121314,0 18.097723,59.120924,0 18.098327,59.120570,0 18.099016,59.120260,0 18.099777,59.119999,0 18.100599,59.119791,0 18.101466,59.119640,0 18.102364,59.119548,0 18.103278,59.119518,0 18.104192,59.119548,0 18.105090,59.119640,0 18.105957,59.119791,0 18.106779,59.119999,0 18.107540,59.120260,0 18.108229,59.120570,0 18.108833,59.120924,0 18.109342,59.121314,0 18.109747,59.121736,0 18.110041,59.122181,0 18.110220,59.122642,0 18.110280,59.123111,0</coordinates></LinearRing></outerBoundaryIs></Polygon></Placemark><Placemark><name>Västertorp</name><styleUrl>#zone</styleUrl><Polygon><outerBoundaryIs><LinearRing><coordinates>17.973728,59.291315,0 17.973668,59.291784,0 17.973489,59.292245,0 17.973193,59.292690,0 17.972786,59.293112,0 17.972274,59.293502,0 17.971667,59.293856,0 17.970975,59.294166,0 17.970210,59.294427,0 17.969385,59.294635,0 17.968513,59.294786,0 17.967610,59.294878,0 17.966692,59.294908,0 17.965774,59.294878,0 17.964871,59.294786,0 17.963999,59.294635,0 17.963174,59.294427,0 17.962409,59.294166,0 17.961717,59.293856,0 17.961110,59.293502,0 17.960598,59.293112,0 17.960191,59.292690,0 17.959895,59.292245,0 17.959716,59.291784,0 17.959656,59.291315,0 17.959716,59.290846,0 17.959895,59.290385,0 17.960191,59.289940,0 17.960598,59.289518,0 17.961110,59.289128,0 17.961717,59.288774,0 17.962409,59.288464,0 17.963174,59.288203,0 17.963999,59.287995,0 17.964871,59.287844,0 17.965774,59.287752,0 17.966692,59.287722,0 17.967610,59.287752,0 17.968513,59.287844,0 17.969385,59.287995,0 17.970210,59.288203,0 17.970975,59.288464,0 17.971667,59.288774,0 17.972274,59.289128,0 17.972786,59.289518,0 17.973193,59.289940,0 17.973489,59.290385,0 17.973668,59.290846,0 17.973728,59.291315,0</coordinates></LinearRing></outerBoundaryIs></Polygon></Placemark><Placemark><name>Västra skogen</name><styleUrl>#zone</styleUrl><Polygon><outerBoundaryIs><LinearRing><coordinates>18.010919,59.347353,0 18.010859,59.347822,0 18.010679,59.348283,0 18.010382,59.348728,0 18.009975,59.349150,0 18.009462,59.349540,0 18.008855,59.349894,0 18.008161,59.350204,0 18.007395,59.350465,0 18.006568,59.350673,0 18.005695,59.350824,0 18.004791,59.350916,0 18.003871,59.350946,0 18.002951,59.350916,0 18.002047,59.350824,0 18.001174,59.350673,0 18.000347,59.350465,0 17.999581,59.350204,0 17.998887,59.349894,0 17.998280,59.349540,0 17.997767,59.349150,0 17.997360,59.348728,0 17.997063,59.348283,0 17.996883,59.347822,0 17.996823,59.347353,0 17.996883,59.346884,0 17.997063,59.346423,0 17.997360,59.345978,0 17.997767,59.345556,0 17.998280,59.345166,0 17.998887,59.344812,0 17.999581,59.344502,0 18.000347,59.344241,0 18.001174,59.344033,0 18.002047,59.343882,0 18.002951,59.343790,0 18.003871,59.343760,0 18.004791,59.343790,0 18.005695,59.343882,0 18.006568,59.344033,0 18.007395,59.344241,0 18.008161,59.344502,0 18.008855,59.344812,0 18.009462,59.345166,0 18.009975,59.345556,0 18.010382,59.345978,0 18.010679,59.346423,0 18.010859,59.346884,0 18.010919,59.347353,0</coordinates></LinearRing></outerBoundaryIs></Polygon></Placemark><Placemark><name>Vårberg</name><styleUrl>#zone</styleUrl><Polygon><outerBoundaryIs><LinearRing><coordinates>17.897683,59.276010,0 17.897623,59.276479,0 17.897443,59.276940,0 17.897148,59.277385,0 17.896741,59.277807,0 17.896230,59.278197,0 17.895623,59.278551,0 17.894931,59.278861,0 17.894167,59.279122,0 17.893341,59.279330,0 17.892470,59.279481,0 17.891568,59.279573,0 17.890650,59.279603,0 17.889732,59.279573,0 17.888830,59.279481,0 17.887959,59.279330,0 17.887133,59.279122,0 17.886369,59.278861,0 17.885677,59.278551,0 17.885070,59.278197,0 17.884559,59.277807,0 17.884152,59.277385,0 17.883857,59.276940,0 17.883677,59.276479,0 17.883617,59.276010,0 17.883677,59.275541,0 17.883857,59.275080,0 17.884152,59.274635,0 17.884559,59.274213,0 17.885070,59.273823,0 17.885677,59.273469,0 17.886369,59.273159,0 17.887133,59.272898,0 17.887959,59.272690,0 17.888830,59.272539,0 17.889732,59.272447,0 17.890650,59.272417,0 17.891568,59.272447,0 17.892470,59.272539,0 17.893341,59.272690,0 17.894167,59.272898,0 17.894931,59.273159,0 17.895623,59.273469,0 17.896230,59.273823,0 17.896741,59.274213,0 17.897148,59.274635,0 17.897443,59.275080,0 17.897623,59.275541,0 17.897683,59.276010,0</coordinates></LinearRing></outerBoundaryIs></Polygon></Placemark><Placemark><name>Vårby gård</name><styleUrl>#zone</styleUrl><Polygon><outerBoundaryIs><LinearRing><coordinates>17.890695,59.265080,0 17.890635,59.265549,0 17.890455,59.266010,0 17.890160,59.266455,0 17.889753,59.266877,0 17.889242,59.267267,0 17.888636,59.267621,0 17.887944,59.267931,0 17.887179,59.268192,0 17.886355,59.268400,0 17.885484,59.268551,0 17.884582,59.268643,0 17.883664,59.268673,0 17.882746,59.268643,0 17.881844,59.268551,0 17.880973,59.268400,0 17.880149,59.268192,0 17.879384,59.267931,0 17.878692,59.267621,0 17.878086,59.267267,0 17.877575,59.266877,0 17.877168,59.266455,0 17.876873,59.266010,0 17.876693,59.265549,0 17.876633,59.265080,0 17.876693,59.264611,0 17.876873,59.264150,0 17.877168,59.263705,0 17.877575,59.263283,0 17.878086,59.262893,0 17.878692,59.262539,0 17.879384,59.262229,0 17.880149,59.261968,0 17.880973,59.261760,0 17.881844,59.261609,0 17.882746,59.261517,0 17.883664,59.261487,0 17.884582,59.261517,0 17.885484,59.261609,0 17.886355,59.261760,0 17.887179,59.261968,0 17.887944,59.262229,0 17.888636,59.262539,0 17.889242,59.262893,0 17.889753,59.263283,0 17.890160,59.263705,0 17.890455,59.264150,0 17.890635,59.264611,0 17.890695,59.265080,0</coordinates></LinearRing></outerBoundaryIs></Polygon></Placemark><Placemark><name>Waldemarsudde</name><styleUrl>#zone</styleUrl><Polygon><outerBoundaryIs><LinearRing><coordinates>18.118303,59.322646,0 18.118243,59.323115,0 18.118063,59.323576,0 18.117767,59.324021,0 18.117359,59.324443,0 18.116847,59.324833,0 18.116240,59.325187,0 18.115547,59.325497,0 18.114781,59.325758,0 18.113955,59.325966,0 18.113083,59.326117,0 18.112179,59.326209,0 18.111260,59.326239,0 18.110341,59.326209,0 18.109437,59.326117,0 18.108565,59.325966,0 18.107739,59.325758,0 18.106973,59.325497,0 18.106280,59.325187,0 18.105673,59.324833,0 18.105161,59.324443,0 18.104753,59.324021,0 18.104457,59.323576,0 18.104277,59.323115,0 18.104217,59.322646,0 18.104277,59.322177,0 18.104457,59.321716,0 18.104753,59.321271,0 18.105161,59.320849,0 18.105673,59.320459,0 18.106280,59.320105,0 18.106973,59.319795,0 18.107739,59.319534,0 18.108565,59.319326,0 18.109437,59.319175,0 18.110341,59.319083,0 18.111260,59.319053,0 18.112179,59.319083,0 18.113083,59.319175,0 18.113955,59.319326,0 18.114781,59.319534,0 18.115547,59.319795,0 18.116240,59.320105,0 18.116847,59.320459,0 18.117359,59.320849,0 18.117767,59.321271,0 18.118063,59.321716,0 18.118243,59.322177,0 18.118303,59.322646,0</coordinates></LinearRing></outerBoundaryIs></Polygon></Placemark><Placemark><name>Zinkensdamm</name><styleUrl>#zone</styleUrl><Polygon><outerBoundaryIs><LinearRing><coordinates>18.056230,59.317831,0 18.056170,59.318300,0 18.055990,59.318761,0 18.055694,59.319206,0 18.055286,59.319628,0 18.054775,59.320018,0 18.054167,59.320372,0 18.053475,59.320682,0 18.052709,59.320943,0 18.051883,59.321151,0 18.051011,59.321302,0 18.050107,59.321394,0 18.049188,59.321424,0 18.048269,59.321394,0 18.047365,59.321302,0 18.046493,59.321151,0 18.045667,59.320943,0 18.044901,59.320682,0 18.044209,59.320372,0 18.043601,59.320018,0 18.043090,59.319628,0 18.042682,59.319206,0 18.042386,59.318761,0 18.042206,59.318300,0 18.042146,59.317831,0 18.042206,59.317362,0 18.042386,59.316901,0 18.042682,59.316456,0 18.043090,59.316034,0 18.043601,59.315644,0 18.044209,59.315290,0 18.044901,59.314980,0 18.045667,59.314719,0 18.046493,59.314511,0 18.047365,59.314360,0 18.048269,59.314268,0 18.049188,59.314238,0 18.050107,59.314268,0 18.051011,59.314360,0 18.051883,59.314511,0 18.052709,59.314719,0 18.053475,59.314980,0 18.054167,59.315290,0 18.054775,59.315644,0 18.055286,59.316034,0 18.055694,59.316456,0 18.055990,59.316901,0 18.056170,59.317362,0 18.056230,59.317831,0</coordinates></LinearRing></outerBoundaryIs></Polygon></Placemark><Placemark><name>Älvsjö</name><styleUrl>#zone</styleUrl><Polygon><outerBoundaryIs><LinearRing><coordinates>18.017641,59.278303,0 18.017580,59.278772,0 18.017401,59.279233,0 18.017105,59.279678,0 18.016698,59.280100,0 18.016187,59.280490,0 18.015581,59.280844,0 18.014889,59.281154,0 18.014124,59.281415,0 18.013299,59.281623,0 18.012427,59.281774,0 18.011525,59.281866,0 18.010607,59.281896,0 18.009689,59.281866,0 18.008787,59.281774,0 18.007915,59.281623,0 18.007090,59.281415,0 18.006325,59.281154,0 18.005633,59.280844,0 18.005027,59.280490,0 18.004516,59.280100,0 18.004109,59.279678,0 18.003813,59.279233,0 18.003634,59.278772,0 18.003573,59.278303,0 18.003634,59.277834,0 18.003813,59.277373,0 18.004109,59.276928,0 18.004516,59.276506,0 18.005027,59.276116,0 18.005633,59.275762,0 18.006325,59.275452,0 18.007090,59.275191,0 18.007915,59.274983,0 18.008787,59.274832,0 18.009689,59.274740,0 18.010607,59.274710,0 18.011525,59.274740,0 18.012427,59.274832,0 18.013299,59.274983,0 18.014124,59.275191,0 18.014889,59.275452,0 18.015581,59.275762,0 18.016187,59.276116,0 18.016698,59.276506,0 18.017105,59.276928,0 18.017401,59.277373,0 18.017580,59.277834,0 18.017641,59.278303,0</coordinates></LinearRing></outerBoundaryIs></Polygon></Placemark><Placemark><name>Ängbyplan</name><styleUrl>#zone</styleUrl><Polygon><outerBoundaryIs><LinearRing><coordinates>17.914460,59.341889,0 17.914399,59.342358,0 17.914220,59.342819,0 17.913923,59.343264,0 17.913516,59.343686,0 17.913004,59.344076,0 17.912396,59.344430,0 17.911703,59.344740,0 17.910936,59.345001,0 17.910110,59.345209,0 17.909237,59.345360,0 17.908333,59.345452,0 17.907413,59.345482,0 17.906493,59.345452,0 17.905589,59.345360,0 17.904716,59.345209,0 17.903890,59.345001,0 17.903123,59.344740,0 17.902430,59.344430,0 17.901822,59.344076,0 17.901310,59.343686,0 17.900903,59.343264,0 17.900606,59.342819,0 17.900427,59.342358,0 17.900366,59.341889,0 17.900427,59.341420,0 17.900606,59.340959,0 17.900903,59.340514,0 17.901310,59.340092,0 17.901822,59.339702,0 17.902430,59.339348,0 17.903123,59.339038,0 17.903890,59.338777,0 17.904716,59.338569,0 17.905589,59.338418,0 17.906493,59.338326,0 17.907413,59.338296,0 17.908333,59.338326,0 17.909237,59.338418,0 17.910110,59.338569,0 17.910936,59.338777,0 17.911703,59.339038,0 17.912396,59.339348,0 17.913004,59.339702,0 17.913516,59.340092,0 17.913923,59.340514,0 17.914220,59.340959,0 17.914399,59.341420,0 17.914460,59.341889,0</coordinates></LinearRing></outerBoundaryIs></Polygon></Placemark><Placemark><name>Åkers Runö</name><styleUrl>#zone</styleUrl><Polygon><outerBoundaryIs><LinearRing><coordinates>18.277720,59.480636,0 18.277659,59.481105,0 18.277479,59.481566,0 18.277181,59.482011,0 18.276772,59.482433,0 18.276258,59.482823,0 18.275647,59.483177,0 18.274951,59.483487,0 18.274182,59.483748,0 18.273352,59.483956,0 18.272475,59.484107,0 18.271568,59.484199,0 18.270644,59.484229,0 18.269720,59.484199,0 18.268813,59.484107,0 18.267936,59.483956,0 18.267106,59.483748,0 18.266337,59.483487,0 18.265641,59.483177,0 18.265030,59.482823,0 18.264516,59.482433,0 18.264107,59.482011,0 18.263809,59.481566,0 18.263629,59.481105,0 18.263568,59.480636,0 18.263629,59.480167,0 18.263809,59.479706,0 18.264107,59.479261,0 18.264516,59.478839,0 18.265030,59.478449,0 18.265641,59.478095,0 18.266337,59.477785,0 18.267106,59.477524,0 18.267936,59.477316,0 18.268813,59.477165,0 18.269720,59.477073,0 18.270644,59.477043,0 18.271568,59.477073,0 18.272475,59.477165,0 18.273352,59.477316,0 18.274182,59.477524,0 18.274951,59.477785,0 18.275647,59.478095,0 18.276258,59.478449,0 18.276772,59.478839,0 18.277181,59.479261,0 18.277479,59.479706,0 18.277659,59.480167,0 18.277720,59.480636,0</coordinates></LinearRing></outerBoundaryIs></Polygon></Placemark><Placemark><name>Åkersberga</name><styleUrl>#zone</styleUrl><Polygon><outerBoundaryIs><LinearRing><coordinates>18.305715,59.479172,0 18.305655,59.479641,0 18.305474,59.480102,0 18.305177,59.480547,0 18.304767,59.480969,0 18.304253,59.481359,0 18.303643,59.481713,0 18.302947,59.482023,0 18.302178,59.482284,0 18.301348,59.482492,0 18.300471,59.482643,0 18.299564,59.482735,0 18.298640,59.482765,0 18.297716,59.482735,0 18.296809,59.482643,0 18.295932,59.482492,0 18.295102,59.482284,0 18.294333,59.482023,0 18.293637,59.481713,0 18.293027,59.481359,0 18.292513,59.480969,0 18.292103,59.480547,0 18.291806,59.480102,0 18.291625,59.479641,0 18.291565,59.479172,0 18.291625,59.478703,0 18.291806,59.478242,0 18.292103,59.477797,0 18.292513,59.477375,0 18.293027,59.476985,0 18.293637,59.476631,0 18.294333,59.476321,0 18.295102,59.476060,0 18.295932,59.475852,0 18.296809,59.475701,0 18.297716,59.475609,0 18.298640,59.475579,0 18.299564,59.475609,0 18.300471,59.475701,0 18.301348,59.475852,0 18.302178,59.476060,0 18.302947,59.476321,0 18.303643,59.476631,0 18.304253,59.476985,0 18.304767,59.477375,0 18.305177,59.477797,0 18.305474,59.478242,0 18.305655,59.478703,0 18.305715,59.479172,0</coordinates></LinearRing></outerBoundaryIs></Polygon></Placemark><Placemark><name>Åkeshov</name><styleUrl>#zone</styleUrl><Polygon><outerBoundaryIs><LinearRing><coordinates>17.931266,59.342139,0 17.931206,59.342608,0 17.931026,59.343069,0 17.930729,59.343514,0 17.930322,59.343936,0 17.929810,59.344326,0 17.929202,59.344680,0 17.928509,59.344990,0 17.927742,59.345251,0 17.926916,59.345459,0 17.926043,59.345610,0 17.925139,59.345702,0 17.924219,59.345732,0 17.923299,59.345702,0 17.922395,59.345610,0 17.921522,59.345459,0 17.920696,59.345251,0 17.919929,59.344990,0 17.919236,59.344680,0 17.918628,59.344326,0 17.918116,59.343936,0 17.917709,59.343514,0 17.917412,59.343069,0 17.917232,59.342608,0 17.917172,59.342139,0 17.917232,59.341670,0 17.917412,59.341209,0 17.917709,59.340764,0 17.918116,59.340342,0 17.918628,59.339952,0 17.919236,59.339598,0 17.919929,59.339288,0 17.920696,59.339027,0 17.921522,59.338819,0 17.922395,59.338668,0 17.923299,59.338576,0 17.924219,59.338546,0 17.925139,59.338576,0 17.926043,59.338668,0 17.926916,59.338819,0 17.927742,59.339027,0 17.928509,59.339288,0 17.929202,59.339598,0 17.929810,59.339952,0 17.930322,59.340342,0 17.930729,59.340764,0 17.931026,59.341209,0 17.931206,59.341670,0 17.931266,59.342139,0</coordinates></LinearRing></outerBoundaryIs></Polygon></Placemark><Placemark><name>Ålstens gård</name><styleUrl>#zone</styleUrl><Polygon><outerBoundaryIs><LinearRing><coordinates>17.959187,59.320685,0 17.959127,59.321154,0 17.958947,59.321615,0 17.958651,59.322060,0 17.958244,59.322482,0 17.957732,59.322872,0 17.957125,59.323226,0 17.956432,59.323536,0 17.955666,59.323797,0 17.954840,59.324005,0 17.953968,59.324156,0 17.953064,59.324248,0 17.952145,59.324278,0 17.951226,59.324248,0 17.950322,59.324156,0 17.949450,59.324005,0 17.948624,59.323797,0 17.947858,59.323536,0 17.947165,59.323226,0 17.946558,59.322872,0 17.946046,59.322482,0 17.945639,59.322060,0 17.945343,59.321615,0 17.945163,59.321154,0 17.945103,59.320685,0 17.945163,59.320216,0 17.945343,59.319755,0 17.945639,59.319310,0 17.946046,59.318888,0 17.946558,59.318498,0 17.947165,59.318144,0 17.947858,59.317834,0 17.948624,59.317573,0 17.949450,59.317365,0 17.950322,59.317214,0 17.951226,59.317122,0 17.952145,59.317092,0 17.953064,59.317122,0 17.953968,59.317214,0 17.954840,59.317365,0 17.955666,59.317573,0 17.956432,59.317834,0 17.957125,59.318144,0 17.957732,59.318498,0 17.958244,59.318888,0 17.958651,59.319310,0 17.958947,59.319755,0 17.959127,59.320216,0 17.959187,59.320685,0</coordinates></LinearRing></outerBoundaryIs></Polygon></Placemark><Placemark><name>Ålstensgatan</name><styleUrl>#zone</styleUrl><Polygon><outerBoundaryIs><LinearRing><coordinates>17.963847,59.323449,0 17.963787,59.323918,0 17.963607,59.324379,0 17.963311,59.324824,0 17.962903,59.325246,0 17.962392,59.325636,0 17.961784,59.325990,0 17.961091,59.326300,0 17.960325,59.326561,0 17.959499,59.326769,0 17.958627,59.326920,0 17.957723,59.327012,0 17.956804,59.327042,0 17.955885,59.327012,0 17.954981,59.326920,0 17.954109,59.326769,0 17.953283,59.326561,0 17.952517,59.326300,0 17.951824,59.325990,0 17.951216,59.325636,0 17.950705,59.325246,0 17.950297,59.324824,0 17.950001,59.324379,0 17.949821,59.323918,0 17.949761,59.323449,0 17.949821,59.322980,0 17.950001,59.322519,0 17.950297,59.322074,0 17.950705,59.321652,0 17.951216,59.321262,0 17.951824,59.320908,0 17.952517,59.320598,0 17.953283,59.320337,0 17.954109,59.320129,0 17.954981,59.319978,0 17.955885,59.319886,0 17.956804,59.319856,0 17.957723,59.319886,0 17.958627,59.319978,0 17.959499,59.320129,0 17.960325,59.320337,0 17.961091,59.320598,0 17.961784,59.320908,0 17.962392,59.321262,0 17.962903,59.321652,0 17.963311,59.322074,0 17.963607,59.322519,0 17.963787,59.322980,0 17.963847,59.323449,0</coordinates></LinearRing></outerBoundaryIs></Polygon></Placemark><Placemark><name>Årstaberg</name><styleUrl>#zone</styleUrl><Polygon><outerBoundaryIs><LinearRing><coordinates>18.036751,59.299254,0 18.036691,59.299723,0 18.036511,59.300184,0 18.036215,59.300629,0 18.035808,59.301051,0 18.035297,59.301441,0 18.034690,59.301795,0 18.033997,59.302105,0 18.033232,59.302366,0 18.032406,59.302574,0 18.031535,59.302725,0 18.030632,59.302817,0 18.029713,59.302847,0 18.028794,59.302817,0 18.027891,59.302725,0 18.027020,59.302574,0 18.026194,59.302366,0 18.025429,59.302105,0 18.024736,59.301795,0 18.024129,59.301441,0 18.023618,59.301051,0 18.023211,59.300629,0 18.022915,59.300184,0 18.022735,59.299723,0 18.022675,59.299254,0 18.022735,59.298785,0 18.022915,59.298324,0 18.023211,59.297879,0 18.023618,59.297457,0 18.024129,59.297067,0 18.024736,59.296713,0 18.025429,59.296403,0 18.026194,59.296142,0 18.027020,59.295934,0 18.027891,59.295783,0 18.028794,59.295691,0 18.029713,59.295661,0 18.030632,59.295691,0 18.031535,59.295783,0 18.032406,59.295934,0 18.033232,59.296142,0 18.033997,59.296403,0 18.034690,59.296713,0 18.035297,59.297067,0 18.035808,59.297457,0 18.036215,59.297879,0 18.036511,59.298324,0 18.036691,59.298785,0 18.036751,59.299254,0</coordinates></LinearRing></outerBoundaryIs></Polygon></Placemark><Placemark><name>Årstadal</name><styleUrl>#zone</styleUrl><Polygon><outerBoundaryIs><LinearRing><coordinates>18.032651,59.305878,0 18.032591,59.306347,0 18.032411,59.306808,0 18.032115,59.307253,0 18.031708,59.307675,0 18.031197,59.308065,0 18.030590,59.308419,0 18.029897,59.308729,0 18.029132,59.308990,0 18.028306,59.309198,0 18.027434,59.309349,0 18.026531,59.309441,0 18.025612,59.309471,0 18.024693,59.309441,0 18.023790,59.309349,0 18.022918,59.309198,0 18.022092,59.308990,0 18.021327,59.308729,0 18.020634,59.308419,0 18.020027,59.308065,0 18.019516,59.307675,0 18.019109,59.307253,0 18.018813,59.306808,0 18.018633,59.306347,0 18.018573,59.305878,0 18.018633,59.305409,0 18.018813,59.304948,0 18.019109,59.304503,0 18.019516,59.304081,0 18.020027,59.303691,0 18.020634,59.303337,0 18.021327,59.303027,0 18.022092,59.302766,0 18.022918,59.302558,0 18.023790,59.302407,0 18.024693,59.302315,0 18.025612,59.302285,0 18.026531,59.302315,0 18.027434,59.302407,0 18.028306,59.302558,0 18.029132,59.302766,0 18.029897,59.303027,0 18.030590,59.303337,0 18.031197,59.303691,0 18.031708,59.304081,0 18.032115,59.304503,0 18.032411,59.304948,0 18.032591,59.305409,0 18.032651,59.305878,0</coordinates></LinearRing></outerBoundaryIs></Polygon></Placemark><Placemark><name>Årstafältet</name><styleUrl>#zone</styleUrl><Polygon><outerBoundaryIs><LinearRing><coordinates>18.046561,59.296363,0 18.046501,59.296832,0 18.046322,59.297293,0 18.046026,59.297738,0 18.045619,59.298160,0 18.045107,59.298550,0 18.044500,59.298904,0 18.043808,59.299214,0 18.043043,59.299475,0 18.042217,59.299683,0 18.041345,59.299834,0 18.040443,59.299926,0 18.039524,59.299956,0 18.038605,59.299926,0 18.037703,59.299834,0 18.036831,59.299683,0 18.036005,59.299475,0 18.035240,59.299214,0 18.034548,59.298904,0 18.033941,59.298550,0 18.033429,59.298160,0 18.033022,59.297738,0 18.032726,59.297293,0 18.032547,59.296832,0 18.032487,59.296363,0 18.032547,59.295894,0 18.032726,59.295433,0 18.033022,59.294988,0 18.033429,59.294566,0 18.033941,59.294176,0 18.034548,59.293822,0 18.035240,59.293512,0 18.036005,59.293251,0 18.036831,59.293043,0 18.037703,59.292892,0 18.038605,59.292800,0 18.039524,59.292770,0 18.040443,59.292800,0 18.041345,59.292892,0 18.042217,59.293043,0 18.043043,59.293251,0 18.043808,59.293512,0 18.044500,59.293822,0 18.045107,59.294176,0 18.045619,59.294566,0 18.046026,59.294988,0 18.046322,59.295433,0 18.046501,59.295894,0 18.046561,59.296363,0</coordinates></LinearRing></outerBoundaryIs></Polygon></Placemark><Placemark><name>Örnsberg</name><styleUrl>#zone</styleUrl><Polygon><outerBoundaryIs><LinearRing><coordinates>17.994740,59.305336,0 17.994680,59.305805,0 17.994500,59.306266,0 17.994204,59.306711,0 17.993797,59.307133,0 17.993286,59.307523,0 17.992678,59.307877,0 17.991986,59.308187,0 17.991221,59.308448,0 17.990395,59.308656,0 17.989523,59.308807,0 17.988620,59.308899,0 17.987701,59.308929,0 17.986782,59.308899,0 17.985879,59.308807,0 17.985007,59.308656,0 17.984181,59.308448,0 17.983416,59.308187,0 17.982724,59.307877,0 17.982116,59.307523,0 17.981605,59.307133,0 17.981198,59.306711,0 17.980902,59.306266,0 17.980722,59.305805,0 17.980662,59.305336,0 17.980722,59.304867,0 17.980902,59.304406,0 17.981198,59.303961,0 17.981605,59.303539,0 17.982116,59.303149,0 17.982724,59.302795,0 17.983416,59.302485,0 17.984181,59.302224,0 17.985007,59.302016,0 17.985879,59.301865,0 17.986782,59.301773,0 17.987701,59.301743,0 17.988620,59.301773,0 17.989523,59.301865,0 17.990395,59.302016,0 17.991221,59.302224,0 17.991986,59.302485,0 17.992678,59.302795,0 17.993286,59.303149,0 17.993797,59.303539,0 17.994204,59.303961,0 17.994500,59.304406,0 17.994680,59.304867,0 17.994740,59.305336,0</coordinates></LinearRing></outerBoundaryIs></Polygon></Placemark><Placemark><name>Ösmo</name><styleUrl>#zone</styleUrl><Polygon><outerBoundaryIs><LinearRing><coordinates>17.909569,58.983998,0 17.909510,58.984467,0 17.909332,58.984928,0 17.909039,58.985373,0 17.908635,58.985795,0 17.908128,58.986185,0 17.907527,58.986539,0 17.906841,58.986849,0 17.906083,58.987110,0 17.905265,58.987318,0 17.904401,58.987469,0 17.903506,58.987561,0 17.902596,58.987591,0 17.901686,58.987561,0 17.900791,58.987469,0 17.899927,58.987318,0 17.899109,58.987110,0 17.898351,58.986849,0 17.897665,58.986539,0 17.897064,58.986185,0 17.896557,58.985795,0 17.896153,58.985373,0 17.895860,58.984928,0 17.895682,58.984467,0 17.895623,58.983998,0 17.895682,58.983529,0 17.895860,58.983068,0 17.896153,58.982623,0 17.896557,58.982201,0 17.897064,58.981811,0 17.897665,58.981457,0 17.898351,58.981147,0 17.899109,58.980886,0 17.899927,58.980678,0 17.900791,58.980527,0 17.901686,58.980435,0 17.902596,58.980405,0 17.903506,58.980435,0 17.904401,58.980527,0 17.905265,58.980678,0 17.906083,58.980886,0 17.906841,58.981147,0 17.907527,58.981457,0 17.908128,58.981811,0 17.908635,58.982201,0 17.909039,58.982623,0 17.909332,58.983068,0 17.909510,58.983529,0 17.909569,58.983998,0</coordinates></LinearRing></outerBoundaryIs></Polygon></Placemark><Placemark><name>Östberga</name><styleUrl>#zone</styleUrl><Polygon><outerBoundaryIs><LinearRing><coordinates>18.080953,59.403989,0 18.080892,59.404458,0 18.080712,59.404919,0 18.080415,59.405364,0 18.080007,59.405786,0 18.079494,59.406176,0 18.078885,59.406530,0 18.078191,59.406840,0 18.077423,59.407101,0 18.076595,59.407309,0 18.075720,59.407460,0 18.074814,59.407552,0 18.073893,59.407582,0 18.072972,59.407552,0 18.072066,59.407460,0 18.071191,59.407309,0 18.070363,59.407101,0 18.069595,59.406840,0 18.068901,59.406530,0 18.068292,59.406176,0 18.067779,59.405786,0 18.067371,59.405364,0 18.067074,59.404919,0 18.066894,59.404458,0 18.066833,59.403989,0 18.066894,59.403520,0 18.067074,59.403059,0 18.067371,59.402614,0 18.067779,59.402192,0 18.068292,59.401802,0 18.068901,59.401448,0 18.069595,59.401138,0 18.070363,59.400877,0 18.071191,59.400669,0 18.072066,59.400518,0 18.072972,59.400426,0 18.073893,59.400396,0 18.074814,59.400426,0 18.075720,59.400518,0 18.076595,59.400669,0 18.077423,59.400877,0 18.078191,59.401138,0 18.078885,59.401448,0 18.079494,59.401802,0 18.080007,59.402192,0 18.080415,59.402614,0 18.080712,59.403059,0 18.080892,59.403520,0 18.080953,59.403989,0</coordinates></LinearRing></outerBoundaryIs></Polygon></Placemark><Placemark><name>Östermalmstorg</name><styleUrl>#zone</styleUrl><Polygon><outerBoundaryIs><LinearRing><coordinates>18.084734,59.335478,0 18.084674,59.335947,0 18.084494,59.336408,0 18.084198,59.336853,0 18.083791,59.337275,0 18.083279,59.337665,0 18.082671,59.338019,0 18.081978,59.338329,0 18.081212,59.338590,0 18.080385,59.338798,0 18.079512,59.338949,0 18.078609,59.339041,0 18.077689,59.339071,0 18.076769,59.339041,0 18.075866,59.338949,0 18.074993,59.338798,0 18.074166,59.338590,0 18.073400,59.338329,0 18.072707,59.338019,0 18.072099,59.337665,0 18.071587,59.337275,0 18.071180,59.336853,0 18.070884,59.336408,0 18.070704,59.335947,0 18.070644,59.335478,0 18.070704,59.335009,0 18.070884,59.334548,0 18.071180,59.334103,0 18.071587,59.333681,0 18.072099,59.333291,0 18.072707,59.332937,0 18.073400,59.332627,0 18.074166,59.332366,0 18.074993,59.332158,0 18.075866,59.332007,0 18.076769,59.331915,0 18.077689,59.331885,0 18.078609,59.331915,0 18.079512,59.332007,0 18.080385,59.332158,0 18.081212,59.332366,0 18.081978,59.332627,0 18.082671,59.332937,0 18.083279,59.333291,0 18.083791,59.333681,0 18.084198,59.334103,0 18.084494,59.334548,0 18.084674,59.335009,0 18.084734,59.335478,0</coordinates></LinearRing></outerBoundaryIs></Polygon></Placemark><Placemark><name>Österskär</name><styleUrl>#zone</styleUrl><Polygon><outerBoundaryIs><LinearRing><coordinates>18.318141,59.461213,0 18.318080,59.461682,0 18.317900,59.462143,0 18.317602,59.462588,0 18.317193,59.463010,0 18.316679,59.463400,0 18.316069,59.463754,0 18.315374,59.464064,0 18.314605,59.464325,0 18.313775,59.464533,0 18.312899,59.464684,0 18.311992,59.464776,0 18.311069,59.464806,0 18.310146,59.464776,0 18.309239,59.464684,0 18.308363,59.464533,0 18.307533,59.464325,0 18.306764,59.464064,0 18.306069,59.463754,0 18.305459,59.463400,0 18.304945,59.463010,0 18.304536,59.462588,0 18.304238,59.462143,0 18.304058,59.461682,0 18.303997,59.461213,0 18.304058,59.460744,0 18.304238,59.460283,0 18.304536,59.459838,0 18.304945,59.459416,0 18.305459,59.459026,0 18.306069,59.458672,0 18.306764,59.458362,0 18.307533,59.458101,0 18.308363,59.457893,0 18.309239,59.457742,0 18.310146,59.457650,0 18.311069,59.457620,0 18.311992,59.457650,0 18.312899,59.457742,0 18.313775,59.457893,0 18.314605,59.458101,0 18.315374,59.458362,0 18.316069,59.458672,0 18.316679,59.459026,0 18.317193,59.459416,0 18.317602,59.459838,0 18.317900,59.460283,0 18.318080,59.460744,0 18.318141,59.461213,0</coordinates></LinearRing></outerBoundaryIs></Polygon></Placemark><Placemark><name>Östertälje</name><styleUrl>#zone</styleUrl><Polygon><outerBoundaryIs><LinearRing><coordinates>17.665105,59.185150,0 17.665045,59.185619,0 17.664866,59.186080,0 17.664571,59.186525,0 17.664166,59.186947,0 17.663656,59.187337,0 17.663051,59.187691,0 17.662361,59.188001,0 17.661598,59.188262,0 17.660775,59.188470,0 17.659906,59.188621,0 17.659007,59.188713,0 17.658091,59.188743,0 17.657175,59.188713,0 17.656276,59.188621,0 17.655407,59.188470,0 17.654584,59.188262,0 17.653821,59.188001,0 17.653131,59.187691,0 17.652526,59.187337,0 17.652016,59.186947,0 17.651611,59.186525,0 17.651316,59.186080,0 17.651137,59.185619,0 17.651077,59.185150,0 17.651137,59.184681,0 17.651316,59.184220,0 17.651611,59.183775,0 17.652016,59.183353,0 17.652526,59.182963,0 17.653131,59.182609,0 17.653821,59.182299,0 17.654584,59.182038,0 17.655407,59.181830,0 17.656276,59.181679,0 17.657175,59.181587,0 17.658091,59.181557,0 17.659007,59.181587,0 17.659906,59.181679,0 17.660775,59.181830,0 17.661598,59.182038,0 17.662361,59.182299,0 17.663051,59.182609,0 17.663656,59.182963,0 17.664166,59.183353,0 17.664571,59.183775,0 17.664866,59.184220,0 17.665045,59.184681,0 17.665105,59.185150,0</coordinates></LinearRing></outerBoundaryIs></Polygon></Placemark><Placemark><name>Östervik</name><styleUrl>#zone</styleUrl><Polygon><outerBoundaryIs><LinearRing><coordinates>18.242529,59.294993,0 18.242469,59.295462,0 18.242289,59.295923,0 18.241993,59.296368,0 18.241586,59.296790,0 18.241075,59.297180,0 18.240468,59.297534,0 18.239776,59.297844,0 18.239011,59.298105,0 18.238185,59.298313,0 18.237313,59.298464,0 18.236411,59.298556,0 18.235492,59.298586,0 18.234573,59.298556,0 18.233671,59.298464,0 18.232799,59.298313,0 18.231973,59.298105,0 18.231208,59.297844,0 18.230516,59.297534,0 18.229909,59.297180,0 18.229398,59.296790,0 18.228991,59.296368,0 18.228695,59.295923,0 18.228515,59.295462,0 18.228455,59.294993,0 18.228515,59.294524,0 18.228695,59.294063,0 18.228991,59.293618,0 18.229398,59.293196,0 18.229909,59.292806,0 18.230516,59.292452,0 18.231208,59.292142,0 18.231973,59.291881,0 18.232799,59.291673,0 18.233671,59.291522,0 18.234573,59.291430,0 18.235492,59.291400,0 18.236411,59.291430,0 18.237313,59.291522,0 18.238185,59.291673,0 18.239011,59.291881,0 18.239776,59.292142,0 18.240468,59.292452,0 18.241075,59.292806,0 18.241586,59.293196,0 18.241993,59.293618,0 18.242289,59.294063,0 18.242469,59.294524,0 18.242529,59.294993,0</coordinates></LinearRing></outerBoundaryIs></Polygon></Placemark></Folder></Document></kml>