{
 "type": "FeatureCollection",
 "features": [
  {
   "type": "Feature",
   "properties": {
    "name": "Abrahamsberg",
    "system": "Tunnelbana",
    "lines": "17/18/19",
    "style": "Gröna linjen",
    "kommun": "Stockholm"
   },
   "geometry": {
    "type": "Point",
    "coordinates": [
     17.953763,
     59.336468
    ]
   }
  },
  {
   "type": "Feature",
   "properties": {
    "name": "AGA",
    "system": "Tram",
    "lines": "21",
    "style": "Tvärbanan / Lidingöbanan",
    "kommun": "Lidingö"
   },
   "geometry": {
    "type": "Point",
    "coordinates": [
     18.156505,
     59.346293
    ]
   }
  },
  {
   "type": "Feature",
   "properties": {
    "name": "Akalla",
    "system": "Tunnelbana",
    "lines": "11",
    "style": "Blå linjen",
    "kommun": "Stockholm"
   },
   "geometry": {
    "type": "Point",
    "coordinates": [
     17.913219,
     59.415581
    ]
   }
  },
  {
   "type": "Feature",
   "properties": {
    "name": "Alby",
    "system": "Tunnelbana",
    "lines": "13",
    "style": "Röda linjen",
    "kommun": "Botkyrka"
   },
   "geometry": {
    "type": "Point",
    "coordinates": [
     17.844807,
     59.239309
    ]
   }
  },
  {
   "type": "Feature",
   "properties": {
    "name": "Alléparken",
    "system": "Tram",
    "lines": "12",
    "style": "Nockebybanan",
    "kommun": "Stockholm"
   },
   "geometry": {
    "type": "Point",
    "coordinates": [
     17.974462,
     59.329287
    ]
   }
  },
  {
   "type": "Feature",
   "properties": {
    "name": "Altorp",
    "system": "Roslagsbanan",
    "lines": "29",
    "style": "Roslagsbanan",
    "kommun": "Danderyd"
   },
   "geometry": {
    "type": "Point",
    "coordinates": [
     18.07284,
     59.410829
    ]
   }
  },
  {
   "type": "Feature",
   "properties": {
    "name": "Alvik",
    "system": "Tunnelbana + Tram",
    "lines": "17/18/19/12/30/31",
    "style": "Gröna linjen",
    "kommun": "Stockholm"
   },
   "geometry": {
    "type": "Point",
    "coordinates": [
     17.982279,
     59.333401
    ]
   }
  },
  {
   "type": "Feature",
   "properties": {
    "name": "Alviks strand",
    "system": "Tram",
    "lines": "30/31",
    "style": "Tvärbanan / Lidingöbanan",
    "kommun": "Stockholm"
   },
   "geometry": {
    "type": "Point",
    "coordinates": [
     17.98222,
     59.328963
    ]
   }
  },
  {
   "type": "Feature",
   "properties": {
    "name": "Arninge",
    "system": "Roslagsbanan",
    "lines": "28",
    "style": "Roslagsbanan",
    "kommun": "Täby"
   },
   "geometry": {
    "type": "Point",
    "coordinates": [
     18.141376,
     59.458786
    ]
   }
  },
  {
   "type": "Feature",
   "properties": {
    "name": "Aspudden",
    "system": "Tunnelbana",
    "lines": "13",
    "style": "Röda linjen",
    "kommun": "Stockholm"
   },
   "geometry": {
    "type": "Point",
    "coordinates": [
     18.002392,
     59.306576
    ]
   }
  },
  {
   "type": "Feature",
   "properties": {
    "name": "Axelsberg",
    "system": "Tunnelbana",
    "lines": "13",
    "style": "Röda linjen",
    "kommun": "Stockholm"
   },
   "geometry": {
    "type": "Point",
    "coordinates": [
     17.974414,
     59.304325
    ]
   }
  },
  {
   "type": "Feature",
   "properties": {
    "name": "Bagarmossen",
    "system": "Tunnelbana",
    "lines": "17",
    "style": "Gröna linjen",
    "kommun": "Stockholm"
   },
   "geometry": {
    "type": "Point",
    "coordinates": [
     18.13134,
     59.276186
    ]
   }
  },
  {
   "type": "Feature",
   "properties": {
    "name": "Baggeby",
    "system": "Tram",
    "lines": "21",
    "style": "Tvärbanan / Lidingöbanan",
    "kommun": "Lidingö"
   },
   "geometry": {
    "type": "Point",
    "coordinates": [
     18.132622,
     59.357055
    ]
   }
  },
  {
   "type": "Feature",
   "properties": {
    "name": "Bandhagen",
    "system": "Tunnelbana",
    "lines": "19",
    "style": "Gröna linjen",
    "kommun": "Stockholm"
   },
   "geometry": {
    "type": "Point",
    "coordinates": [
     18.049588,
     59.270305
    ]
   }
  },
  {
   "type": "Feature",
   "properties": {
    "name": "Barkarby",
    "system": "Pendeltåg",
    "lines": "43",
    "style": "Pendeltåg",
    "kommun": "Järfälla"
   },
   "geometry": {
    "type": "Point",
    "coordinates": [
     17.865414,
     59.404783
    ]
   }
  },
  {
   "type": "Feature",
   "properties": {
    "name": "Bergshamra",
    "system": "Tunnelbana",
    "lines": "14",
    "style": "Röda linjen",
    "kommun": "Solna"
   },
   "geometry": {
    "type": "Point",
    "coordinates": [
     18.037404,
     59.380702
    ]
   }
  },
  {
   "type": "Feature",
   "properties": {
    "name": "Björkhagen",
    "system": "Tunnelbana",
    "lines": "17",
    "style": "Gröna linjen",
    "kommun": "Stockholm"
   },
   "geometry": {
    "type": "Point",
    "coordinates": [
     18.115486,
     59.291204
    ]
   }
  },
  {
   "type": "Feature",
   "properties": {
    "name": "Blackeberg",
    "system": "Tunnelbana",
    "lines": "17/18/19",
    "style": "Gröna linjen",
    "kommun": "Stockholm"
   },
   "geometry": {
    "type": "Point",
    "coordinates": [
     17.882699,
     59.348473
    ]
   }
  },
  {
   "type": "Feature",
   "properties": {
    "name": "Blåsut",
    "system": "Tunnelbana",
    "lines": "18",
    "style": "Gröna linjen",
    "kommun": "Stockholm"
   },
   "geometry": {
    "type": "Point",
    "coordinates": [
     18.091161,
     59.290503
    ]
   }
  },
  {
   "type": "Feature",
   "properties": {
    "name": "Bodal",
    "system": "Tram",
    "lines": "21",
    "style": "Tvärbanan / Lidingöbanan",
    "kommun": "Lidingö"
   },
   "geometry": {
    "type": "Point",
    "coordinates": [
     18.138162,
     59.353954
    ]
   }
  },
  {
   "type": "Feature",
   "properties": {
    "name": "Bredäng",
    "system": "Tunnelbana",
    "lines": "13",
    "style": "Röda linjen",
    "kommun": "Stockholm"
   },
   "geometry": {
    "type": "Point",
    "coordinates": [
     17.933437,
     59.294783
    ]
   }
  },
  {
   "type": "Feature",
   "properties": {
    "name": "Brevik",
    "system": "Tram",
    "lines": "21",
    "style": "Tvärbanan / Lidingöbanan",
    "kommun": "Lidingö"
   },
   "geometry": {
    "type": "Point",
    "coordinates": [
     18.203624,
     59.348411
    ]
   }
  },
  {
   "type": "Feature",
   "properties": {
    "name": "Bro",
    "system": "Pendeltåg",
    "lines": "43",
    "style": "Pendeltåg",
    "kommun": "Upplands-Bro"
   },
   "geometry": {
    "type": "Point",
    "coordinates": [
     17.632897,
     59.512344
    ]
   }
  },
  {
   "type": "Feature",
   "properties": {
    "name": "Bromma Blocks",
    "system": "Tram",
    "lines": "31",
    "style": "Tvärbanan / Lidingöbanan",
    "kommun": "Stockholm"
   },
   "geometry": {
    "type": "Point",
    "coordinates": [
     17.956882,
     59.353827
    ]
   }
  },
  {
   "type": "Feature",
   "properties": {
    "name": "Bromma flygplats",
    "system": "Tram",
    "lines": "31",
    "style": "Tvärbanan / Lidingöbanan",
    "kommun": "Stockholm"
   },
   "geometry": {
    "type": "Point",
    "coordinates": [
     17.946688,
     59.357067
    ]
   }
  },
  {
   "type": "Feature",
   "properties": {
    "name": "Brommaplan",
    "system": "Tunnelbana",
    "lines": "17/18/19",
    "style": "Gröna linjen",
    "kommun": "Stockholm"
   },
   "geometry": {
    "type": "Point",
    "coordinates": [
     17.939694,
     59.338283
    ]
   }
  },
  {
   "type": "Feature",
   "properties": {
    "name": "Bråvallavägen",
    "system": "Roslagsbanan",
    "lines": "28",
    "style": "Roslagsbanan",
    "kommun": "Danderyd"
   },
   "geometry": {
    "type": "Point",
    "coordinates": [
     18.060404,
     59.405305
    ]
   }
  },
  {
   "type": "Feature",
   "properties": {
    "name": "Bällsta",
    "system": "Roslagsbanan",
    "lines": "27",
    "style": "Roslagsbanan",
    "kommun": "Vallentuna"
   },
   "geometry": {
    "type": "Point",
    "coordinates": [
     18.07196,
     59.522982
    ]
   }
  },
  {
   "type": "Feature",
   "properties": {
    "name": "Bällsta bro",
    "system": "Tram",
    "lines": "30",
    "style": "Tvärbanan / Lidingöbanan",
    "kommun": "Sundbyberg"
   },
   "geometry": {
    "type": "Point",
    "coordinates": [
     17.963285,
     59.360752
    ]
   }
  },
  {
   "type": "Feature",
   "properties": {
    "name": "Danderyds sjukhus",
    "system": "Tunnelbana",
    "lines": "14",
    "style": "Röda linjen",
    "kommun": "Danderyd"
   },
   "geometry": {
    "type": "Point",
    "coordinates": [
     18.041963,
     59.390951
    ]
   }
  },
  {
   "type": "Feature",
   "properties": {
    "name": "Djurgårdsbron",
    "system": "Tram",
    "lines": "7",
    "style": "Spårväg City",
    "kommun": "Stockholm"
   },
   "geometry": {
    "type": "Point",
    "coordinates": [
     18.092641,
     59.331736
    ]
   }
  },
  {
   "type": "Feature",
   "properties": {
    "name": "Djurgårdsskolan",
    "system": "Tram",
    "lines": "7",
    "style": "Spårväg City",
    "kommun": "Stockholm"
   },
   "geometry": {
    "type": "Point",
    "coordinates": [
     18.104603,
     59.323247
    ]
   }
  },
  {
   "type": "Feature",
   "properties": {
    "name": "Djursholms Ekeby",
    "system": "Roslagsbanan",
    "lines": "28",
    "style": "Roslagsbanan",
    "kommun": "Danderyd"
   },
   "geometry": {
    "type": "Point",
    "coordinates": [
     18.057394,
     59.413309
    ]
   }
  },
  {
   "type": "Feature",
   "properties": {
    "name": "Djursholms Ösby",
    "system": "Roslagsbanan",
    "lines": "27/28/29",
    "style": "Roslagsbanan",
    "kommun": "Danderyd"
   },
   "geometry": {
    "type": "Point",
    "coordinates": [
     18.059099,
     59.398643
    ]
   }
  },
  {
   "type": "Feature",
   "properties": {
    "name": "Duvbo",
    "system": "Tunnelbana",
    "lines": "10",
    "style": "Blå linjen",
    "kommun": "Sundbyberg"
   },
   "geometry": {
    "type": "Point",
    "coordinates": [
     17.964303,
     59.367562
    ]
   }
  },
  {
   "type": "Feature",
   "properties": {
    "name": "Enebyberg",
    "system": "Roslagsbanan",
    "lines": "28",
    "style": "Roslagsbanan",
    "kommun": "Danderyd"
   },
   "geometry": {
    "type": "Point",
    "coordinates": [
     18.051214,
     59.42581
    ]
   }
  },
  {
   "type": "Feature",
   "properties": {
    "name": "Enskede gård",
    "system": "Tunnelbana",
    "lines": "19",
    "style": "Gröna linjen",
    "kommun": "Stockholm"
   },
   "geometry": {
    "type": "Point",
    "coordinates": [
     18.070204,
     59.289287
    ]
   }
  },
  {
   "type": "Feature",
   "properties": {
    "name": "Ensta",
    "system": "Roslagsbanan",
    "lines": "27",
    "style": "Roslagsbanan",
    "kommun": "Täby"
   },
   "geometry": {
    "type": "Point",
    "coordinates": [
     18.063628,
     59.452139
    ]
   }
  },
  {
   "type": "Feature",
   "properties": {
    "name": "Erstaviksbadet",
    "system": "Saltsjöbanan",
    "lines": "26",
    "style": "Saltsjöbanan",
    "kommun": "Nacka"
   },
   "geometry": {
    "type": "Point",
    "coordinates": [
     18.285232,
     59.272884
    ]
   }
  },
  {
   "type": "Feature",
   "properties": {
    "name": "Farsta",
    "system": "Tunnelbana",
    "lines": "18",
    "style": "Gröna linjen",
    "kommun": "Stockholm"
   },
   "geometry": {
    "type": "Point",
    "coordinates": [
     18.093929,
     59.243353
    ]
   }
  },
  {
   "type": "Feature",
   "properties": {
    "name": "Farsta strand",
    "system": "Tunnelbana + Pendeltåg",
    "lines": "18/43",
    "style": "Gröna linjen",
    "kommun": "Stockholm"
   },
   "geometry": {
    "type": "Point",
    "coordinates": [
     18.102066,
     59.235049
    ]
   }
  },
  {
   "type": "Feature",
   "properties": {
    "name": "Fisksätra",
    "system": "Saltsjöbanan",
    "lines": "25",
    "style": "Saltsjöbanan",
    "kommun": "Nacka"
   },
   "geometry": {
    "type": "Point",
    "coordinates": [
     18.256127,
     59.294189
    ]
   }
  },
  {
   "type": "Feature",
   "properties": {
    "name": "Fittja",
    "system": "Tunnelbana",
    "lines": "13",
    "style": "Röda linjen",
    "kommun": "Botkyrka"
   },
   "geometry": {
    "type": "Point",
    "coordinates": [
     17.860701,
     59.24736
    ]
   }
  },
  {
   "type": "Feature",
   "properties": {
    "name": "Flemingsberg",
    "system": "Pendeltåg",
    "lines": "40/41",
    "style": "Pendeltåg",
    "kommun": "Huddinge"
   },
   "geometry": {
    "type": "Point",
    "coordinates": [
     17.946934,
     59.218719
    ]
   }
  },
  {
   "type": "Feature",
   "properties": {
    "name": "Fridhemsplan",
    "system": "Tunnelbana",
    "lines": "10/11/17/18/19",
    "style": "Blå linjen",
    "kommun": "Stockholm"
   },
   "geometry": {
    "type": "Point",
    "coordinates": [
     18.031055,
     59.332948
    ]
   }
  },
  {
   "type": "Feature",
   "properties": {
    "name": "Fruängen",
    "system": "Tunnelbana",
    "lines": "14",
    "style": "Röda linjen",
    "kommun": "Stockholm"
   },
   "geometry": {
    "type": "Point",
    "coordinates": [
     17.964876,
     59.286468
    ]
   }
  },
  {
   "type": "Feature",
   "properties": {
    "name": "Galoppfältet",
    "system": "Roslagsbanan",
    "lines": "28",
    "style": "Roslagsbanan",
    "kommun": "Täby"
   },
   "geometry": {
    "type": "Point",
    "coordinates": [
     18.085027,
     59.446931
    ]
   }
  },
  {
   "type": "Feature",
   "properties": {
    "name": "Gamla stan",
    "system": "Tunnelbana",
    "lines": "13/14/17/18/19",
    "style": "Röda linjen",
    "kommun": "Stockholm"
   },
   "geometry": {
    "type": "Point",
    "coordinates": [
     18.067002,
     59.323305
    ]
   }
  },
  {
   "type": "Feature",
   "properties": {
    "name": "Globen",
    "system": "Tunnelbana + Tram",
    "lines": "19/30",
    "style": "Gröna linjen",
    "kommun": "Stockholm"
   },
   "geometry": {
    "type": "Point",
    "coordinates": [
     18.076785,
     59.294058
    ]
   }
  },
  {
   "type": "Feature",
   "properties": {
    "name": "Gröndal",
    "system": "Tram",
    "lines": "30",
    "style": "Tvärbanan / Lidingöbanan",
    "kommun": "Stockholm"
   },
   "geometry": {
    "type": "Point",
    "coordinates": [
     18.0113,
     59.31594
    ]
   }
  },
  {
   "type": "Feature",
   "properties": {
    "name": "Gubbängen",
    "system": "Tunnelbana",
    "lines": "18",
    "style": "Gröna linjen",
    "kommun": "Stockholm"
   },
   "geometry": {
    "type": "Point",
    "coordinates": [
     18.082079,
     59.26362
    ]
   }
  },
  {
   "type": "Feature",
   "properties": {
    "name": "Gullmarsplan",
    "system": "Tunnelbana + Tram",
    "lines": "17/18/19/30",
    "style": "Gröna linjen",
    "kommun": "Stockholm"
   },
   "geometry": {
    "type": "Point",
    "coordinates": [
     18.080639,
     59.299529
    ]
   }
  },
  {
   "type": "Feature",
   "properties": {
    "name": "Gärdet",
    "system": "Tunnelbana",
    "lines": "13",
    "style": "Röda linjen",
    "kommun": "Stockholm"
   },
   "geometry": {
    "type": "Point",
    "coordinates": [
     18.098877,
     59.345877
    ]
   }
  },
  {
   "type": "Feature",
   "properties": {
    "name": "Gåshaga",
    "system": "Tram",
    "lines": "21",
    "style": "Tvärbanan / Lidingöbanan",
    "kommun": "Lidingö"
   },
   "geometry": {
    "type": "Point",
    "coordinates": [
     18.226262,
     59.356596
    ]
   }
  },
  {
   "type": "Feature",
   "properties": {
    "name": "Gåshaga brygga",
    "system": "Tram",
    "lines": "21",
    "style": "Tvärbanan / Lidingöbanan",
    "kommun": "Lidingö"
   },
   "geometry": {
    "type": "Point",
    "coordinates": [
     18.233862,
     59.356893
    ]
   }
  },
  {
   "type": "Feature",
   "properties": {
    "name": "Hagsätra",
    "system": "Tunnelbana",
    "lines": "19",
    "style": "Gröna linjen",
    "kommun": "Stockholm"
   },
   "geometry": {
    "type": "Point",
    "coordinates": [
     18.012769,
     59.262548
    ]
   }
  },
  {
   "type": "Feature",
   "properties": {
    "name": "Hallonbergen",
    "system": "Tunnelbana",
    "lines": "10",
    "style": "Blå linjen",
    "kommun": "Sundbyberg"
   },
   "geometry": {
    "type": "Point",
    "coordinates": [
     17.969111,
     59.374459
    ]
   }
  },
  {
   "type": "Feature",
   "properties": {
    "name": "Hallunda",
    "system": "Tunnelbana",
    "lines": "13",
    "style": "Röda linjen",
    "kommun": "Botkyrka"
   },
   "geometry": {
    "type": "Point",
    "coordinates": [
     17.825092,
     59.24328
    ]
   }
  },
  {
   "type": "Feature",
   "properties": {
    "name": "Hammarbyhöjden",
    "system": "Tunnelbana",
    "lines": "17",
    "style": "Gröna linjen",
    "kommun": "Stockholm"
   },
   "geometry": {
    "type": "Point",
    "coordinates": [
     18.104328,
     59.294805
    ]
   }
  },
  {
   "type": "Feature",
   "properties": {
    "name": "Handen",
    "system": "Pendeltåg",
    "lines": "43",
    "style": "Pendeltåg",
    "kommun": "Haninge"
   },
   "geometry": {
    "type": "Point",
    "coordinates": [
     18.134055,
     59.166429
    ]
   }
  },
  {
   "type": "Feature",
   "properties": {
    "name": "Helenelund",
    "system": "Pendeltåg",
    "lines": "40/41",
    "style": "Pendeltåg",
    "kommun": "Sollentuna"
   },
   "geometry": {
    "type": "Point",
    "coordinates": [
     17.962877,
     59.408731
    ]
   }
  },
  {
   "type": "Feature",
   "properties": {
    "name": "Henriksdal",
    "system": "Saltsjöbanan",
    "lines": "25",
    "style": "Saltsjöbanan",
    "kommun": "Nacka"
   },
   "geometry": {
    "type": "Point",
    "coordinates": [
     18.108423,
     59.312141
    ]
   }
  },
  {
   "type": "Feature",
   "properties": {
    "name": "Hjulsta",
    "system": "Tunnelbana",
    "lines": "10",
    "style": "Blå linjen",
    "kommun": "Stockholm"
   },
   "geometry": {
    "type": "Point",
    "coordinates": [
     17.888219,
     59.396599
    ]
   }
  },
  {
   "type": "Feature",
   "properties": {
    "name": "Hornstull",
    "system": "Tunnelbana",
    "lines": "13/14",
    "style": "Röda linjen",
    "kommun": "Stockholm"
   },
   "geometry": {
    "type": "Point",
    "coordinates": [
     18.036711,
     59.31642
    ]
   }
  },
  {
   "type": "Feature",
   "properties": {
    "name": "Huddinge",
    "system": "Pendeltåg",
    "lines": "40/41",
    "style": "Pendeltåg",
    "kommun": "Huddinge"
   },
   "geometry": {
    "type": "Point",
    "coordinates": [
     17.978356,
     59.235906
    ]
   }
  },
  {
   "type": "Feature",
   "properties": {
    "name": "Husby",
    "system": "Tunnelbana",
    "lines": "11",
    "style": "Blå linjen",
    "kommun": "Stockholm"
   },
   "geometry": {
    "type": "Point",
    "coordinates": [
     17.928665,
     59.408185
    ]
   }
  },
  {
   "type": "Feature",
   "properties": {
    "name": "Huvudsta",
    "system": "Tunnelbana",
    "lines": "10",
    "style": "Blå linjen",
    "kommun": "Solna"
   },
   "geometry": {
    "type": "Point",
    "coordinates": [
     17.987073,
     59.349659
    ]
   }
  },
  {
   "type": "Feature",
   "properties": {
    "name": "Hägernäs",
    "system": "Roslagsbanan",
    "lines": "28",
    "style": "Roslagsbanan",
    "kommun": "Täby"
   },
   "geometry": {
    "type": "Point",
    "coordinates": [
     18.125053,
     59.450942
    ]
   }
  },
  {
   "type": "Feature",
   "properties": {
    "name": "Hägerstensåsen",
    "system": "Tunnelbana",
    "lines": "14",
    "style": "Röda linjen",
    "kommun": "Stockholm"
   },
   "geometry": {
    "type": "Point",
    "coordinates": [
     17.977919,
     59.294998
    ]
   }
  },
  {
   "type": "Feature",
   "properties": {
    "name": "Häggvik",
    "system": "Pendeltåg",
    "lines": "40/41",
    "style": "Pendeltåg",
    "kommun": "Sollentuna"
   },
   "geometry": {
    "type": "Point",
    "coordinates": [
     17.932998,
     59.443815
    ]
   }
  },
  {
   "type": "Feature",
   "properties": {
    "name": "Hässelby gård",
    "system": "Tunnelbana",
    "lines": "17/18/19",
    "style": "Gröna linjen",
    "kommun": "Stockholm"
   },
   "geometry": {
    "type": "Point",
    "coordinates": [
     17.843908,
     59.366967
    ]
   }
  },
  {
   "type": "Feature",
   "properties": {
    "name": "Hässelby strand",
    "system": "Tunnelbana",
    "lines": "17/18/19",
    "style": "Gröna linjen",
    "kommun": "Stockholm"
   },
   "geometry": {
    "type": "Point",
    "coordinates": [
     17.832463,
     59.361466
    ]
   }
  },
  {
   "type": "Feature",
   "properties": {
    "name": "Högberga",
    "system": "Tram",
    "lines": "21",
    "style": "Tvärbanan / Lidingöbanan",
    "kommun": "Lidingö"
   },
   "geometry": {
    "type": "Point",
    "coordinates": [
     18.193714,
     59.344283
    ]
   }
  },
  {
   "type": "Feature",
   "properties": {
    "name": "Högdalen",
    "system": "Tunnelbana",
    "lines": "19",
    "style": "Gröna linjen",
    "kommun": "Stockholm"
   },
   "geometry": {
    "type": "Point",
    "coordinates": [
     18.043057,
     59.263764
    ]
   }
  },
  {
   "type": "Feature",
   "properties": {
    "name": "Höglandstorget",
    "system": "Tram",
    "lines": "12",
    "style": "Nockebybanan",
    "kommun": "Stockholm"
   },
   "geometry": {
    "type": "Point",
    "coordinates": [
     17.940388,
     59.323207
    ]
   }
  },
  {
   "type": "Feature",
   "properties": {
    "name": "Hökarängen",
    "system": "Tunnelbana",
    "lines": "18",
    "style": "Gröna linjen",
    "kommun": "Stockholm"
   },
   "geometry": {
    "type": "Point",
    "coordinates": [
     18.082846,
     59.257319
    ]
   }
  },
  {
   "type": "Feature",
   "properties": {
    "name": "Hötorget",
    "system": "Tunnelbana",
    "lines": "17/18/19",
    "style": "Gröna linjen",
    "kommun": "Stockholm"
   },
   "geometry": {
    "type": "Point",
    "coordinates": [
     18.063265,
     59.335831
    ]
   }
  },
  {
   "type": "Feature",
   "properties": {
    "name": "Igelboda",
    "system": "Saltsjöbanan",
    "lines": "25/26",
    "style": "Saltsjöbanan",
    "kommun": "Nacka"
   },
   "geometry": {
    "type": "Point",
    "coordinates": [
     18.275749,
     59.289784
    ]
   }
  },
  {
   "type": "Feature",
   "properties": {
    "name": "Islandstorget",
    "system": "Tunnelbana",
    "lines": "17/18/19",
    "style": "Gröna linjen",
    "kommun": "Stockholm"
   },
   "geometry": {
    "type": "Point",
    "coordinates": [
     17.893745,
     59.345938
    ]
   }
  },
  {
   "type": "Feature",
   "properties": {
    "name": "Jakobsberg",
    "system": "Pendeltåg",
    "lines": "43",
    "style": "Pendeltåg",
    "kommun": "Järfälla"
   },
   "geometry": {
    "type": "Point",
    "coordinates": [
     17.833033,
     59.423561
    ]
   }
  },
  {
   "type": "Feature",
   "properties": {
    "name": "Johannelund",
    "system": "Tunnelbana",
    "lines": "17/18/19",
    "style": "Gröna linjen",
    "kommun": "Stockholm"
   },
   "geometry": {
    "type": "Point",
    "coordinates": [
     17.857853,
     59.367948
    ]
   }
  },
  {
   "type": "Feature",
   "properties": {
    "name": "Johannesfred",
    "system": "Tram",
    "lines": "30/31",
    "style": "Tvärbanan / Lidingöbanan",
    "kommun": "Stockholm"
   },
   "geometry": {
    "type": "Point",
    "coordinates": [
     17.969724,
     59.342754
    ]
   }
  },
  {
   "type": "Feature",
   "properties": {
    "name": "Jordbro",
    "system": "Pendeltåg",
    "lines": "43",
    "style": "Pendeltåg",
    "kommun": "Haninge"
   },
   "geometry": {
    "type": "Point",
    "coordinates": [
     18.126585,
     59.142233
    ]
   }
  },
  {
   "type": "Feature",
   "properties": {
    "name": "Kallhäll",
    "system": "Pendeltåg",
    "lines": "43",
    "style": "Pendeltåg",
    "kommun": "Järfälla"
   },
   "geometry": {
    "type": "Point",
    "coordinates": [
     17.806999,
     59.452472
    ]
   }
  },
  {
   "type": "Feature",
   "properties": {
    "name": "Karlaplan",
    "system": "Tunnelbana",
    "lines": "13",
    "style": "Röda linjen",
    "kommun": "Stockholm"
   },
   "geometry": {
    "type": "Point",
    "coordinates": [
     18.092295,
     59.339752
    ]
   }
  },
  {
   "type": "Feature",
   "properties": {
    "name": "Karlsbodavägen",
    "system": "Tram",
    "lines": "30",
    "style": "Tvärbanan / Lidingöbanan",
    "kommun": "Stockholm"
   },
   "geometry": {
    "type": "Point",
    "coordinates": [
     17.961331,
     59.355927
    ]
   }
  },
  {
   "type": "Feature",
   "properties": {
    "name": "Kista",
    "system": "Tunnelbana",
    "lines": "11",
    "style": "Blå linjen",
    "kommun": "Stockholm"
   },
   "geometry": {
    "type": "Point",
    "coordinates": [
     17.942422,
     59.403124
    ]
   }
  },
  {
   "type": "Feature",
   "properties": {
    "name": "Klövervägen",
    "system": "Tram",
    "lines": "12",
    "style": "Nockebybanan",
    "kommun": "Stockholm"
   },
   "geometry": {
    "type": "Point",
    "coordinates": [
     17.973731,
     59.32525
    ]
   }
  },
  {
   "type": "Feature",
   "properties": {
    "name": "Kottla",
    "system": "Tram",
    "lines": "21",
    "style": "Tvärbanan / Lidingöbanan",
    "kommun": "Lidingö"
   },
   "geometry": {
    "type": "Point",
    "coordinates": [
     18.179794,
     59.344444
    ]
   }
  },
  {
   "type": "Feature",
   "properties": {
    "name": "Kragstalund",
    "system": "Roslagsbanan",
    "lines": "27",
    "style": "Roslagsbanan",
    "kommun": "Vallentuna"
   },
   "geometry": {
    "type": "Point",
    "coordinates": [
     18.075699,
     59.510192
    ]
   }
  },
  {
   "type": "Feature",
   "properties": {
    "name": "Krigslida",
    "system": "Pendeltåg",
    "lines": "43",
    "style": "Pendeltåg",
    "kommun": "Haninge"
   },
   "geometry": {
    "type": "Point",
    "coordinates": [
     18.065219,
     59.108788
    ]
   }
  },
  {
   "type": "Feature",
   "properties": {
    "name": "Kristineberg",
    "system": "Tunnelbana",
    "lines": "17/18/19",
    "style": "Gröna linjen",
    "kommun": "Stockholm"
   },
   "geometry": {
    "type": "Point",
    "coordinates": [
     18.004109,
     59.332561
    ]
   }
  },
  {
   "type": "Feature",
   "properties": {
    "name": "Kungsträdgården",
    "system": "Tunnelbana + Tram",
    "lines": "10/11/7",
    "style": "Blå linjen",
    "kommun": "Stockholm"
   },
   "geometry": {
    "type": "Point",
    "coordinates": [
     18.071054,
     59.330839
    ]
   }
  },
  {
   "type": "Feature",
   "properties": {
    "name": "Kungsängen",
    "system": "Pendeltåg",
    "lines": "43",
    "style": "Pendeltåg",
    "kommun": "Upplands-Bro"
   },
   "geometry": {
    "type": "Point",
    "coordinates": [
     17.751843,
     59.477751
    ]
   }
  },
  {
   "type": "Feature",
   "properties": {
    "name": "Käppala",
    "system": "Tram",
    "lines": "21",
    "style": "Tvärbanan / Lidingöbanan",
    "kommun": "Lidingö"
   },
   "geometry": {
    "type": "Point",
    "coordinates": [
     18.217733,
     59.352648
    ]
   }
  },
  {
   "type": "Feature",
   "properties": {
    "name": "Kärrtorp",
    "system": "Tunnelbana",
    "lines": "17",
    "style": "Gröna linjen",
    "kommun": "Stockholm"
   },
   "geometry": {
    "type": "Point",
    "coordinates": [
     18.114632,
     59.284156
    ]
   }
  },
  {
   "type": "Feature",
   "properties": {
    "name": "Lahäll",
    "system": "Roslagsbanan",
    "lines": "29",
    "style": "Roslagsbanan",
    "kommun": "Täby"
   },
   "geometry": {
    "type": "Point",
    "coordinates": [
     18.074033,
     59.424012
    ]
   }
  },
  {
   "type": "Feature",
   "properties": {
    "name": "Larsberg",
    "system": "Tram",
    "lines": "21",
    "style": "Tvärbanan / Lidingöbanan",
    "kommun": "Lidingö"
   },
   "geometry": {
    "type": "Point",
    "coordinates": [
     18.146562,
     59.350338
    ]
   }
  },
  {
   "type": "Feature",
   "properties": {
    "name": "Liljeholmen",
    "system": "Tunnelbana + Tram",
    "lines": "13/14/30",
    "style": "Röda linjen",
    "kommun": "Stockholm"
   },
   "geometry": {
    "type": "Point",
    "coordinates": [
     18.023132,
     59.310744
    ]
   }
  },
  {
   "type": "Feature",
   "properties": {
    "name": "Liljevalchs/Gröna Lund",
    "system": "Tram",
    "lines": "7",
    "style": "Spårväg City",
    "kommun": "Stockholm"
   },
   "geometry": {
    "type": "Point",
    "coordinates": [
     18.097043,
     59.325273
    ]
   }
  },
  {
   "type": "Feature",
   "properties": {
    "name": "Lillängen",
    "system": "Saltsjöbanan",
    "lines": "25",
    "style": "Saltsjöbanan",
    "kommun": "Nacka"
   },
   "geometry": {
    "type": "Point",
    "coordinates": [
     18.161693,
     59.305096
    ]
   }
  },
  {
   "type": "Feature",
   "properties": {
    "name": "Linde",
    "system": "Tram",
    "lines": "30",
    "style": "Tvärbanan / Lidingöbanan",
    "kommun": "Stockholm"
   },
   "geometry": {
    "type": "Point",
    "coordinates": [
     18.064126,
     59.293377
    ]
   }
  },
  {
   "type": "Feature",
   "properties": {
    "name": "Lindholmen",
    "system": "Roslagsbanan",
    "lines": "27",
    "style": "Roslagsbanan",
    "kommun": "Vallentuna"
   },
   "geometry": {
    "type": "Point",
    "coordinates": [
     18.10925,
     59.584287
    ]
   }
  },
  {
   "type": "Feature",
   "properties": {
    "name": "Luma",
    "system": "Tram",
    "lines": "30",
    "style": "Tvärbanan / Lidingöbanan",
    "kommun": "Stockholm"
   },
   "geometry": {
    "type": "Point",
    "coordinates": [
     18.095853,
     59.304196
    ]
   }
  },
  {
   "type": "Feature",
   "properties": {
    "name": "Mariatorget",
    "system": "Tunnelbana",
    "lines": "13/14",
    "style": "Röda linjen",
    "kommun": "Stockholm"
   },
   "geometry": {
    "type": "Point",
    "coordinates": [
     18.060475,
     59.317115
    ]
   }
  },
  {
   "type": "Feature",
   "properties": {
    "name": "Masmo",
    "system": "Tunnelbana",
    "lines": "13",
    "style": "Röda linjen",
    "kommun": "Huddinge"
   },
   "geometry": {
    "type": "Point",
    "coordinates": [
     17.881867,
     59.249864
    ]
   }
  },
  {
   "type": "Feature",
   "properties": {
    "name": "Medborgarplatsen",
    "system": "Tunnelbana",
    "lines": "17/18/19",
    "style": "Gröna linjen",
    "kommun": "Stockholm"
   },
   "geometry": {
    "type": "Point",
    "coordinates": [
     18.073207,
     59.315175
    ]
   }
  },
  {
   "type": "Feature",
   "properties": {
    "name": "Midsommarkransen",
    "system": "Tunnelbana",
    "lines": "14",
    "style": "Röda linjen",
    "kommun": "Stockholm"
   },
   "geometry": {
    "type": "Point",
    "coordinates": [
     18.010997,
     59.301611
    ]
   }
  },
  {
   "type": "Feature",
   "properties": {
    "name": "Molnby",
    "system": "Roslagsbanan",
    "lines": "27",
    "style": "Roslagsbanan",
    "kommun": "Vallentuna"
   },
   "geometry": {
    "type": "Point",
    "coordinates": [
     18.085273,
     59.557788
    ]
   }
  },
  {
   "type": "Feature",
   "properties": {
    "name": "Mälarhöjden",
    "system": "Tunnelbana",
    "lines": "13",
    "style": "Röda linjen",
    "kommun": "Stockholm"
   },
   "geometry": {
    "type": "Point",
    "coordinates": [
     17.95574,
     59.300496
    ]
   }
  },
  {
   "type": "Feature",
   "properties": {
    "name": "Mårtensdal",
    "system": "Tram",
    "lines": "30",
    "style": "Tvärbanan / Lidingöbanan",
    "kommun": "Stockholm"
   },
   "geometry": {
    "type": "Point",
    "coordinates": [
     18.088025,
     59.302698
    ]
   }
  },
  {
   "type": "Feature",
   "properties": {
    "name": "Mörby",
    "system": "Roslagsbanan",
    "lines": "27/28/29",
    "style": "Roslagsbanan",
    "kommun": "Danderyd"
   },
   "geometry": {
    "type": "Point",
    "coordinates": [
     18.047194,
     59.392119
    ]
   }
  },
  {
   "type": "Feature",
   "properties": {
    "name": "Mörby centrum",
    "system": "Tunnelbana",
    "lines": "14",
    "style": "Röda linjen",
    "kommun": "Danderyd"
   },
   "geometry": {
    "type": "Point",
    "coordinates": [
     18.036396,
     59.398585
    ]
   }
  },
  {
   "type": "Feature",
   "properties": {
    "name": "Nacka",
    "system": "Saltsjöbanan",
    "lines": "25",
    "style": "Saltsjöbanan",
    "kommun": "Nacka"
   },
   "geometry": {
    "type": "Point",
    "coordinates": [
     18.130426,
     59.306585
    ]
   }
  },
  {
   "type": "Feature",
   "properties": {
    "name": "Neglinge",
    "system": "Saltsjöbanan",
    "lines": "25",
    "style": "Saltsjöbanan",
    "kommun": "Nacka"
   },
   "geometry": {
    "type": "Point",
    "coordinates": [
     18.292719,
     59.28839
    ]
   }
  },
  {
   "type": "Feature",
   "properties": {
    "name": "Nockeby",
    "system": "Tram",
    "lines": "12",
    "style": "Nockebybanan",
    "kommun": "Stockholm"
   },
   "geometry": {
    "type": "Point",
    "coordinates": [
     17.918426,
     59.328713
    ]
   }
  },
  {
   "type": "Feature",
   "properties": {
    "name": "Nockeby torg",
    "system": "Tram",
    "lines": "12",
    "style": "Nockebybanan",
    "kommun": "Stockholm"
   },
   "geometry": {
    "type": "Point",
    "coordinates": [
     17.928744,
     59.328982
    ]
   }
  },
  {
   "type": "Feature",
   "properties": {
    "name": "Nordiska museet/Vasamuseet",
    "system": "Tram",
    "lines": "7",
    "style": "Spårväg City",
    "kommun": "Stockholm"
   },
   "geometry": {
    "type": "Point",
    "coordinates": [
     18.095389,
     59.329312
    ]
   }
  },
  {
   "type": "Feature",
   "properties": {
    "name": "Norra Ulvsunda",
    "system": "Tram",
    "lines": "30/31",
    "style": "Tvärbanan / Lidingöbanan",
    "kommun": "Stockholm"
   },
   "geometry": {
    "type": "Point",
    "coordinates": [
     17.96216,
     59.350296
    ]
   }
  },
  {
   "type": "Feature",
   "properties": {
    "name": "Norrviken",
    "system": "Pendeltåg",
    "lines": "40/41",
    "style": "Pendeltåg",
    "kommun": "Sollentuna"
   },
   "geometry": {
    "type": "Point",
    "coordinates": [
     17.924391,
     59.459113
    ]
   }
  },
  {
   "type": "Feature",
   "properties": {
    "name": "Norsborg",
    "system": "Tunnelbana",
    "lines": "13",
    "style": "Röda linjen",
    "kommun": "Botkyrka"
   },
   "geometry": {
    "type": "Point",
    "coordinates": [
     17.812731,
     59.243904
    ]
   }
  },
  {
   "type": "Feature",
   "properties": {
    "name": "Nybroplan",
    "system": "Tram",
    "lines": "7",
    "style": "Spårväg City",
    "kommun": "Stockholm"
   },
   "geometry": {
    "type": "Point",
    "coordinates": [
     18.076602,
     59.332694
    ]
   }
  },
  {
   "type": "Feature",
   "properties": {
    "name": "Näckrosen",
    "system": "Tunnelbana",
    "lines": "11",
    "style": "Blå linjen",
    "kommun": "Solna"
   },
   "geometry": {
    "type": "Point",
    "coordinates": [
     17.981792,
     59.367575
    ]
   }
  },
  {
   "type": "Feature",
   "properties": {
    "name": "Näsby allé",
    "system": "Roslagsbanan",
    "lines": "29",
    "style": "Roslagsbanan",
    "kommun": "Täby"
   },
   "geometry": {
    "type": "Point",
    "coordinates": [
     18.085215,
     59.427354
    ]
   }
  },
  {
   "type": "Feature",
   "properties": {
    "name": "Näsbypark",
    "system": "Roslagsbanan",
    "lines": "29",
    "style": "Roslagsbanan",
    "kommun": "Täby"
   },
   "geometry": {
    "type": "Point",
    "coordinates": [
     18.095472,
     59.430194
    ]
   }
  },
  {
   "type": "Feature",
   "properties": {
    "name": "Odenplan",
    "system": "Tunnelbana + Pendeltåg",
    "lines": "17/18/19/40/41/43",
    "style": "Gröna linjen",
    "kommun": "Stockholm"
   },
   "geometry": {
    "type": "Point",
    "coordinates": [
     18.04793,
     59.342989
    ]
   }
  },
  {
   "type": "Feature",
   "properties": {
    "name": "Olovslund",
    "system": "Tram",
    "lines": "12",
    "style": "Nockebybanan",
    "kommun": "Stockholm"
   },
   "geometry": {
    "type": "Point",
    "coordinates": [
     17.935411,
     59.327896
    ]
   }
  },
  {
   "type": "Feature",
   "properties": {
    "name": "Ormsta",
    "system": "Roslagsbanan",
    "lines": "27",
    "style": "Roslagsbanan",
    "kommun": "Vallentuna"
   },
   "geometry": {
    "type": "Point",
    "coordinates": [
     18.079466,
     59.546056
    ]
   }
  },
  {
   "type": "Feature",
   "properties": {
    "name": "Ringvägen",
    "system": "Saltsjöbanan",
    "lines": "25",
    "style": "Saltsjöbanan",
    "kommun": "Nacka"
   },
   "geometry": {
    "type": "Point",
    "coordinates": [
     18.302257,
     59.283086
    ]
   }
  },
  {
   "type": "Feature",
   "properties": {
    "name": "Rinkeby",
    "system": "Tunnelbana",
    "lines": "10",
    "style": "Blå linjen",
    "kommun": "Stockholm"
   },
   "geometry": {
    "type": "Point",
    "coordinates": [
     17.92838,
     59.388254
    ]
   }
  },
  {
   "type": "Feature",
   "properties": {
    "name": "Rissne",
    "system": "Tunnelbana",
    "lines": "10",
    "style": "Blå linjen",
    "kommun": "Sundbyberg"
   },
   "geometry": {
    "type": "Point",
    "coordinates": [
     17.940725,
     59.375576
    ]
   }
  },
  {
   "type": "Feature",
   "properties": {
    "name": "Ropsten",
    "system": "Tunnelbana + Tram",
    "lines": "13/21",
    "style": "Röda linjen",
    "kommun": "Stockholm"
   },
   "geometry": {
    "type": "Point",
    "coordinates": [
     18.102396,
     59.357356
    ]
   }
  },
  {
   "type": "Feature",
   "properties": {
    "name": "Rosersberg",
    "system": "Pendeltåg",
    "lines": "41",
    "style": "Pendeltåg",
    "kommun": "Sigtuna"
   },
   "geometry": {
    "type": "Point",
    "coordinates": [
     17.880103,
     59.58378
    ]
   }
  },
  {
   "type": "Feature",
   "properties": {
    "name": "Roslags Näsby",
    "system": "Roslagsbanan",
    "lines": "27/28",
    "style": "Roslagsbanan",
    "kommun": "Täby"
   },
   "geometry": {
    "type": "Point",
    "coordinates": [
     18.05802,
     59.435764
    ]
   }
  },
  {
   "type": "Feature",
   "properties": {
    "name": "Rotebro",
    "system": "Pendeltåg",
    "lines": "40/41",
    "style": "Pendeltåg",
    "kommun": "Sollentuna"
   },
   "geometry": {
    "type": "Point",
    "coordinates": [
     17.914775,
     59.475848
    ]
   }
  },
  {
   "type": "Feature",
   "properties": {
    "name": "Rydbo",
    "system": "Roslagsbanan",
    "lines": "28",
    "style": "Roslagsbanan",
    "kommun": "Österåker"
   },
   "geometry": {
    "type": "Point",
    "coordinates": [
     18.185626,
     59.465402
    ]
   }
  },
  {
   "type": "Feature",
   "properties": {
    "name": "Råcksta",
    "system": "Tunnelbana",
    "lines": "17/18/19",
    "style": "Gröna linjen",
    "kommun": "Stockholm"
   },
   "geometry": {
    "type": "Point",
    "coordinates": [
     17.881848,
     59.354913
    ]
   }
  },
  {
   "type": "Feature",
   "properties": {
    "name": "Rådhuset",
    "system": "Tunnelbana",
    "lines": "10/11",
    "style": "Blå linjen",
    "kommun": "Stockholm"
   },
   "geometry": {
    "type": "Point",
    "coordinates": [
     18.044255,
     59.33015
    ]
   }
  },
  {
   "type": "Feature",
   "properties": {
    "name": "Rådmansgatan",
    "system": "Tunnelbana",
    "lines": "17/18/19",
    "style": "Gröna linjen",
    "kommun": "Stockholm"
   },
   "geometry": {
    "type": "Point",
    "coordinates": [
     18.059068,
     59.340274
    ]
   }
  },
  {
   "type": "Feature",
   "properties": {
    "name": "Rågsved",
    "system": "Tunnelbana",
    "lines": "19",
    "style": "Gröna linjen",
    "kommun": "Stockholm"
   },
   "geometry": {
    "type": "Point",
    "coordinates": [
     18.028445,
     59.256689
    ]
   }
  },
  {
   "type": "Feature",
   "properties": {
    "name": "Rönninge",
    "system": "Pendeltåg",
    "lines": "40/41",
    "style": "Pendeltåg",
    "kommun": "Salem"
   },
   "geometry": {
    "type": "Point",
    "coordinates": [
     17.750693,
     59.193497
    ]
   }
  },
  {
   "type": "Feature",
   "properties": {
    "name": "Saltsjö-Duvnäs",
    "system": "Saltsjöbanan",
    "lines": "25",
    "style": "Saltsjöbanan",
    "kommun": "Nacka"
   },
   "geometry": {
    "type": "Point",
    "coordinates": [
     18.19901,
     59.300522
    ]
   }
  },
  {
   "type": "Feature",
   "properties": {
    "name": "Saltsjö-Järla",
    "system": "Saltsjöbanan",
    "lines": "25",
    "style": "Saltsjöbanan",
    "kommun": "Nacka"
   },
   "geometry": {
    "type": "Point",
    "coordinates": [
     18.150281,
     59.306919
    ]
   }
  },
  {
   "type": "Feature",
   "properties": {
    "name": "Saltsjöbaden",
    "system": "Saltsjöbanan",
    "lines": "25",
    "style": "Saltsjöbanan",
    "kommun": "Nacka"
   },
   "geometry": {
    "type": "Point",
    "coordinates": [
     18.312288,
     59.27904
    ]
   }
  },
  {
   "type": "Feature",
   "properties": {
    "name": "Sandsborg",
    "system": "Tunnelbana",
    "lines": "18",
    "style": "Gröna linjen",
    "kommun": "Stockholm"
   },
   "geometry": {
    "type": "Point",
    "coordinates": [
     18.091981,
     59.285689
    ]
   }
  },
  {
   "type": "Feature",
   "properties": {
    "name": "Sankt Eriksplan",
    "system": "Tunnelbana",
    "lines": "17/18/19",
    "style": "Gröna linjen",
    "kommun": "Stockholm"
   },
   "geometry": {
    "type": "Point",
    "coordinates": [
     18.037223,
     59.340539
    ]
   }
  },
  {
   "type": "Feature",
   "properties": {
    "name": "Sickla",
    "system": "Tram + Saltsjöbanan",
    "lines": "30/25",
    "style": "Tvärbanan / Lidingöbanan",
    "kommun": "Nacka"
   },
   "geometry": {
    "type": "Point",
    "coordinates": [
     18.120768,
     59.306855
    ]
   }
  },
  {
   "type": "Feature",
   "properties": {
    "name": "Sickla kaj",
    "system": "Tram",
    "lines": "30",
    "style": "Tvärbanan / Lidingöbanan",
    "kommun": "Stockholm"
   },
   "geometry": {
    "type": "Point",
    "coordinates": [
     18.103391,
     59.302626
    ]
   }
  },
  {
   "type": "Feature",
   "properties": {
    "name": "Sickla udde",
    "system": "Tram",
    "lines": "30",
    "style": "Tvärbanan / Lidingöbanan",
    "kommun": "Stockholm"
   },
   "geometry": {
    "type": "Point",
    "coordinates": [
     18.108543,
     59.30629
    ]
   }
  },
  {
   "type": "Feature",
   "properties": {
    "name": "Skansen",
    "system": "Tram",
    "lines": "7",
    "style": "Spårväg City",
    "kommun": "Stockholm"
   },
   "geometry": {
    "type": "Point",
    "coordinates": [
     18.10137,
     59.323785
    ]
   }
  },
  {
   "type": "Feature",
   "properties": {
    "name": "Skanstull",
    "system": "Tunnelbana",
    "lines": "17/18/19",
    "style": "Gröna linjen",
    "kommun": "Stockholm"
   },
   "geometry": {
    "type": "Point",
    "coordinates": [
     18.075958,
     59.308699
    ]
   }
  },
  {
   "type": "Feature",
   "properties": {
    "name": "Skarpnäck",
    "system": "Tunnelbana",
    "lines": "17",
    "style": "Gröna linjen",
    "kommun": "Stockholm"
   },
   "geometry": {
    "type": "Point",
    "coordinates": [
     18.132987,
     59.266406
    ]
   }
  },
  {
   "type": "Feature",
   "properties": {
    "name": "Skogskyrkogården",
    "system": "Tunnelbana",
    "lines": "18",
    "style": "Gröna linjen",
    "kommun": "Stockholm"
   },
   "geometry": {
    "type": "Point",
    "coordinates": [
     18.095398,
     59.278693
    ]
   }
  },
  {
   "type": "Feature",
   "properties": {
    "name": "Skogås",
    "system": "Pendeltåg",
    "lines": "43",
    "style": "Pendeltåg",
    "kommun": "Huddinge"
   },
   "geometry": {
    "type": "Point",
    "coordinates": [
     18.153356,
     59.219606
    ]
   }
  },
  {
   "type": "Feature",
   "properties": {
    "name": "Skärholmen",
    "system": "Tunnelbana",
    "lines": "13",
    "style": "Röda linjen",
    "kommun": "Stockholm"
   },
   "geometry": {
    "type": "Point",
    "coordinates": [
     17.906752,
     59.27692
    ]
   }
  },
  {
   "type": "Feature",
   "properties": {
    "name": "Skärmarbrink",
    "system": "Tunnelbana",
    "lines": "17/18",
    "style": "Gröna linjen",
    "kommun": "Stockholm"
   },
   "geometry": {
    "type": "Point",
    "coordinates": [
     18.089902,
     59.295576
    ]
   }
  },
  {
   "type": "Feature",
   "properties": {
    "name": "Skärsätra",
    "system": "Tram",
    "lines": "21",
    "style": "Tvärbanan / Lidingöbanan",
    "kommun": "Lidingö"
   },
   "geometry": {
    "type": "Point",
    "coordinates": [
     18.170259,
     59.343388
    ]
   }
  },
  {
   "type": "Feature",
   "properties": {
    "name": "Slussen",
    "system": "Tunnelbana",
    "lines": "13/14/17/18/19",
    "style": "Röda linjen",
    "kommun": "Stockholm"
   },
   "geometry": {
    "type": "Point",
    "coordinates": [
     18.0722,
     59.319317
    ]
   }
  },
  {
   "type": "Feature",
   "properties": {
    "name": "Smedslätten",
    "system": "Tram",
    "lines": "12",
    "style": "Nockebybanan",
    "kommun": "Stockholm"
   },
   "geometry": {
    "type": "Point",
    "coordinates": [
     17.964635,
     59.320836
    ]
   }
  },
  {
   "type": "Feature",
   "properties": {
    "name": "Sockenplan",
    "system": "Tunnelbana",
    "lines": "19",
    "style": "Gröna linjen",
    "kommun": "Stockholm"
   },
   "geometry": {
    "type": "Point",
    "coordinates": [
     18.070283,
     59.282995
    ]
   }
  },
  {
   "type": "Feature",
   "properties": {
    "name": "Sollentuna",
    "system": "Pendeltåg",
    "lines": "40/41",
    "style": "Pendeltåg",
    "kommun": "Sollentuna"
   },
   "geometry": {
    "type": "Point",
    "coordinates": [
     17.948584,
     59.428425
    ]
   }
  },
  {
   "type": "Feature",
   "properties": {
    "name": "Solna Business Park",
    "system": "Tram",
    "lines": "30",
    "style": "Tvärbanan / Lidingöbanan",
    "kommun": "Solna"
   },
   "geometry": {
    "type": "Point",
    "coordinates": [
     17.979085,
     59.359663
    ]
   }
  },
  {
   "type": "Feature",
   "properties": {
    "name": "Solna centrum",
    "system": "Tunnelbana + Tram",
    "lines": "11/30",
    "style": "Blå linjen",
    "kommun": "Solna"
   },
   "geometry": {
    "type": "Point",
    "coordinates": [
     17.997825,
     59.359506
    ]
   }
  },
  {
   "type": "Feature",
   "properties": {
    "name": "Solna station",
    "system": "Pendeltåg + Tram",
    "lines": "40/41/30",
    "style": "Pendeltåg",
    "kommun": "Solna"
   },
   "geometry": {
    "type": "Point",
    "coordinates": [
     18.008508,
     59.363863
    ]
   }
  },
  {
   "type": "Feature",
   "properties": {
    "name": "Solna strand",
    "system": "Tunnelbana",
    "lines": "10",
    "style": "Blå linjen",
    "kommun": "Solna"
   },
   "geometry": {
    "type": "Point",
    "coordinates": [
     17.973189,
     59.354464
    ]
   }
  },
  {
   "type": "Feature",
   "properties": {
    "name": "Solsidan",
    "system": "Saltsjöbanan",
    "lines": "26",
    "style": "Saltsjöbanan",
    "kommun": "Nacka"
   },
   "geometry": {
    "type": "Point",
    "coordinates": [
     18.296122,
     59.27091
    ]
   }
  },
  {
   "type": "Feature",
   "properties": {
    "name": "Spånga",
    "system": "Pendeltåg",
    "lines": "43",
    "style": "Pendeltåg",
    "kommun": "Stockholm"
   },
   "geometry": {
    "type": "Point",
    "coordinates": [
     17.89721,
     59.384106
    ]
   }
  },
  {
   "type": "Feature",
   "properties": {
    "name": "Stadion",
    "system": "Tunnelbana",
    "lines": "14",
    "style": "Röda linjen",
    "kommun": "Stockholm"
   },
   "geometry": {
    "type": "Point",
    "coordinates": [
     18.080447,
     59.342285
    ]
   }
  },
  {
   "type": "Feature",
   "properties": {
    "name": "Stadshagen",
    "system": "Tunnelbana",
    "lines": "10/11",
    "style": "Blå linjen",
    "kommun": "Stockholm"
   },
   "geometry": {
    "type": "Point",
    "coordinates": [
     18.015877,
     59.33762
    ]
   }
  },
  {
   "type": "Feature",
   "properties": {
    "name": "Stockholms södra",
    "system": "Pendeltåg",
    "lines": "40/41/43",
    "style": "Pendeltåg",
    "kommun": "Stockholm"
   },
   "geometry": {
    "type": "Point",
    "coordinates": [
     18.061811,
     59.313628
    ]
   }
  },
  {
   "type": "Feature",
   "properties": {
    "name": "Stocksund",
    "system": "Roslagsbanan",
    "lines": "29",
    "style": "Roslagsbanan",
    "kommun": "Danderyd"
   },
   "geometry": {
    "type": "Point",
    "coordinates": [
     18.043834,
     59.384997
    ]
   }
  },
  {
   "type": "Feature",
   "properties": {
    "name": "Stora Essingen",
    "system": "Tram",
    "lines": "30",
    "style": "Tvärbanan / Lidingöbanan",
    "kommun": "Stockholm"
   },
   "geometry": {
    "type": "Point",
    "coordinates": [
     17.993094,
     59.324809
    ]
   }
  },
  {
   "type": "Feature",
   "properties": {
    "name": "Stora mossen",
    "system": "Tunnelbana",
    "lines": "17/18/19",
    "style": "Gröna linjen",
    "kommun": "Stockholm"
   },
   "geometry": {
    "type": "Point",
    "coordinates": [
     17.966065,
     59.334555
    ]
   }
  },
  {
   "type": "Feature",
   "properties": {
    "name": "Storängen",
    "system": "Saltsjöbanan",
    "lines": "25",
    "style": "Saltsjöbanan",
    "kommun": "Nacka"
   },
   "geometry": {
    "type": "Point",
    "coordinates": [
     18.178278,
     59.305577
    ]
   }
  },
  {
   "type": "Feature",
   "properties": {
    "name": "Stureby",
    "system": "Tunnelbana",
    "lines": "19",
    "style": "Gröna linjen",
    "kommun": "Stockholm"
   },
   "geometry": {
    "type": "Point",
    "coordinates": [
     18.055816,
     59.274645
    ]
   }
  },
  {
   "type": "Feature",
   "properties": {
    "name": "Stuvsta",
    "system": "Pendeltåg",
    "lines": "40/41",
    "style": "Pendeltåg",
    "kommun": "Huddinge"
   },
   "geometry": {
    "type": "Point",
    "coordinates": [
     17.996865,
     59.254208
    ]
   }
  },
  {
   "type": "Feature",
   "properties": {
    "name": "Styrmansgatan",
    "system": "Tram",
    "lines": "7",
    "style": "Spårväg City",
    "kommun": "Stockholm"
   },
   "geometry": {
    "type": "Point",
    "coordinates": [
     18.084029,
     59.331444
    ]
   }
  },
  {
   "type": "Feature",
   "properties": {
    "name": "Sundbybergs centrum",
    "system": "Tunnelbana + Pendeltåg + Tram",
    "lines": "10/43/30",
    "style": "Blå linjen",
    "kommun": "Sundbyberg"
   },
   "geometry": {
    "type": "Point",
    "coordinates": [
     17.97245,
     59.360672
    ]
   }
  },
  {
   "type": "Feature",
   "properties": {
    "name": "Svedmyra",
    "system": "Tunnelbana",
    "lines": "19",
    "style": "Gröna linjen",
    "kommun": "Stockholm"
   },
   "geometry": {
    "type": "Point",
    "coordinates": [
     18.067128,
     59.277491
    ]
   }
  },
  {
   "type": "Feature",
   "properties": {
    "name": "Sätra",
    "system": "Tunnelbana",
    "lines": "13",
    "style": "Röda linjen",
    "kommun": "Stockholm"
   },
   "geometry": {
    "type": "Point",
    "coordinates": [
     17.921669,
     59.28576
    ]
   }
  },
  {
   "type": "Feature",
   "properties": {
    "name": "Södertälje centrum",
    "system": "Pendeltåg",
    "lines": "40/41/48",
    "style": "Pendeltåg",
    "kommun": "Södertälje"
   },
   "geometry": {
    "type": "Point",
    "coordinates": [
     17.627475,
     59.191945
    ]
   }
  },
  {
   "type": "Feature",
   "properties": {
    "name": "Södertälje hamn",
    "system": "Pendeltåg",
    "lines": "40/41/48",
    "style": "Pendeltåg",
    "kommun": "Södertälje"
   },
   "geometry": {
    "type": "Point",
    "coordinates": [
     17.646873,
     59.178684
    ]
   }
  },
  {
   "type": "Feature",
   "properties": {
    "name": "Södertälje syd",
    "system": "Pendeltåg",
    "lines": "48",
    "style": "Pendeltåg",
    "kommun": "Södertälje"
   },
   "geometry": {
    "type": "Point",
    "coordinates": [
     17.645541,
     59.163516
    ]
   }
  },
  {
   "type": "Feature",
   "properties": {
    "name": "T-Centralen",
    "system": "Tunnelbana + Pendeltåg + Tram",
    "lines": "10/11/13/14/17/18/19/40/41/43/7",
    "style": "Blå linjen",
    "kommun": "Stockholm"
   },
   "geometry": {
    "type": "Point",
    "coordinates": [
     18.060944,
     59.331894
    ]
   }
  },
  {
   "type": "Feature",
   "properties": {
    "name": "Tallkrogen",
    "system": "Tunnelbana",
    "lines": "18",
    "style": "Gröna linjen",
    "kommun": "Stockholm"
   },
   "geometry": {
    "type": "Point",
    "coordinates": [
     18.086059,
     59.271529
    ]
   }
  },
  {
   "type": "Feature",
   "properties": {
    "name": "Tattby",
    "system": "Saltsjöbanan",
    "lines": "26",
    "style": "Saltsjöbanan",
    "kommun": "Nacka"
   },
   "geometry": {
    "type": "Point",
    "coordinates": [
     18.280366,
     59.279638
    ]
   }
  },
  {
   "type": "Feature",
   "properties": {
    "name": "Tekniska högskolan",
    "system": "Tunnelbana + Roslagsbanan",
    "lines": "14/27/28/29",
    "style": "Röda linjen",
    "kommun": "Stockholm"
   },
   "geometry": {
    "type": "Point",
    "coordinates": [
     18.070863,
     59.345793
    ]
   }
  },
  {
   "type": "Feature",
   "properties": {
    "name": "Telefonplan",
    "system": "Tunnelbana",
    "lines": "14",
    "style": "Röda linjen",
    "kommun": "Stockholm"
   },
   "geometry": {
    "type": "Point",
    "coordinates": [
     17.9982,
     59.298361
    ]
   }
  },
  {
   "type": "Feature",
   "properties": {
    "name": "Tensta",
    "system": "Tunnelbana",
    "lines": "10",
    "style": "Blå linjen",
    "kommun": "Stockholm"
   },
   "geometry": {
    "type": "Point",
    "coordinates": [
     17.899695,
     59.394767
    ]
   }
  },
  {
   "type": "Feature",
   "properties": {
    "name": "Thorildsplan",
    "system": "Tunnelbana",
    "lines": "17/18/19",
    "style": "Gröna linjen",
    "kommun": "Stockholm"
   },
   "geometry": {
    "type": "Point",
    "coordinates": [
     18.014319,
     59.331447
    ]
   }
  },
  {
   "type": "Feature",
   "properties": {
    "name": "Tibble",
    "system": "Roslagsbanan",
    "lines": "27",
    "style": "Roslagsbanan",
    "kommun": "Täby"
   },
   "geometry": {
    "type": "Point",
    "coordinates": [
     18.062693,
     59.442409
    ]
   }
  },
  {
   "type": "Feature",
   "properties": {
    "name": "Tippen",
    "system": "Saltsjöbanan",
    "lines": "26",
    "style": "Saltsjöbanan",
    "kommun": "Nacka"
   },
   "geometry": {
    "type": "Point",
    "coordinates": [
     18.277324,
     59.284187
    ]
   }
  },
  {
   "type": "Feature",
   "properties": {
    "name": "Torsvik/Millesgården",
    "system": "Tram",
    "lines": "21",
    "style": "Tvärbanan / Lidingöbanan",
    "kommun": "Lidingö"
   },
   "geometry": {
    "type": "Point",
    "coordinates": [
     18.117748,
     59.361947
    ]
   }
  },
  {
   "type": "Feature",
   "properties": {
    "name": "Trekanten",
    "system": "Tram",
    "lines": "30",
    "style": "Tvärbanan / Lidingöbanan",
    "kommun": "Stockholm"
   },
   "geometry": {
    "type": "Point",
    "coordinates": [
     18.017902,
     59.314271
    ]
   }
  },
  {
   "type": "Feature",
   "properties": {
    "name": "Trångsund",
    "system": "Pendeltåg",
    "lines": "43",
    "style": "Pendeltåg",
    "kommun": "Huddinge"
   },
   "geometry": {
    "type": "Point",
    "coordinates": [
     18.130831,
     59.227749
    ]
   }
  },
  {
   "type": "Feature",
   "properties": {
    "name": "Tullinge",
    "system": "Pendeltåg",
    "lines": "40/41",
    "style": "Pendeltåg",
    "kommun": "Botkyrka"
   },
   "geometry": {
    "type": "Point",
    "coordinates": [
     17.904575,
     59.205513
    ]
   }
  },
  {
   "type": "Feature",
   "properties": {
    "name": "Tumba",
    "system": "Pendeltåg",
    "lines": "40/41",
    "style": "Pendeltåg",
    "kommun": "Botkyrka"
   },
   "geometry": {
    "type": "Point",
    "coordinates": [
     17.836519,
     59.199478
    ]
   }
  },
  {
   "type": "Feature",
   "properties": {
    "name": "Tunagård",
    "system": "Roslagsbanan",
    "lines": "28",
    "style": "Roslagsbanan",
    "kommun": "Österåker"
   },
   "geometry": {
    "type": "Point",
    "coordinates": [
     18.307309,
     59.468975
    ]
   }
  },
  {
   "type": "Feature",
   "properties": {
    "name": "Tungelsta",
    "system": "Pendeltåg",
    "lines": "43",
    "style": "Pendeltåg",
    "kommun": "Haninge"
   },
   "geometry": {
    "type": "Point",
    "coordinates": [
     18.045592,
     59.102658
    ]
   }
  },
  {
   "type": "Feature",
   "properties": {
    "name": "Täby Centrum",
    "system": "Roslagsbanan",
    "lines": "28",
    "style": "Roslagsbanan",
    "kommun": "Täby"
   },
   "geometry": {
    "type": "Point",
    "coordinates": [
     18.074674,
     59.444277
    ]
   }
  },
  {
   "type": "Feature",
   "properties": {
    "name": "Täby Kyrkby",
    "system": "Roslagsbanan",
    "lines": "27",
    "style": "Roslagsbanan",
    "kommun": "Täby"
   },
   "geometry": {
    "type": "Point",
    "coordinates": [
     18.066215,
     59.492962
    ]
   }
  },
  {
   "type": "Feature",
   "properties": {
    "name": "Täljö",
    "system": "Roslagsbanan",
    "lines": "28",
    "style": "Roslagsbanan",
    "kommun": "Österåker"
   },
   "geometry": {
    "type": "Point",
    "coordinates": [
     18.235597,
     59.473363
    ]
   }
  },
  {
   "type": "Feature",
   "properties": {
    "name": "Ulriksdal",
    "system": "Pendeltåg",
    "lines": "40/41",
    "style": "Pendeltåg",
    "kommun": "Solna"
   },
   "geometry": {
    "type": "Point",
    "coordinates": [
     18.000928,
     59.380285
    ]
   }
  },
  {
   "type": "Feature",
   "properties": {
    "name": "Universitetet",
    "system": "Tunnelbana + Roslagsbanan",
    "lines": "14/27/28/29",
    "style": "Röda linjen",
    "kommun": "Stockholm"
   },
   "geometry": {
    "type": "Point",
    "coordinates": [
     18.054597,
     59.365202
    ]
   }
  },
  {
   "type": "Feature",
   "properties": {
    "name": "Upplands Väsby",
    "system": "Pendeltåg",
    "lines": "40/41",
    "style": "Pendeltåg",
    "kommun": "Upplands Väsby"
   },
   "geometry": {
    "type": "Point",
    "coordinates": [
     17.899374,
     59.520854
    ]
   }
  },
  {
   "type": "Feature",
   "properties": {
    "name": "Valla torg",
    "system": "Tram",
    "lines": "30",
    "style": "Tvärbanan / Lidingöbanan",
    "kommun": "Stockholm"
   },
   "geometry": {
    "type": "Point",
    "coordinates": [
     18.048493,
     59.295066
    ]
   }
  },
  {
   "type": "Feature",
   "properties": {
    "name": "Vallentuna",
    "system": "Roslagsbanan",
    "lines": "27",
    "style": "Roslagsbanan",
    "kommun": "Vallentuna"
   },
   "geometry": {
    "type": "Point",
    "coordinates": [
     18.08016,
     59.534432
    ]
   }
  },
  {
   "type": "Feature",
   "properties": {
    "name": "Vega",
    "system": "Pendeltåg",
    "lines": "43",
    "style": "Pendeltåg",
    "kommun": "Haninge"
   },
   "geometry": {
    "type": "Point",
    "coordinates": [
     18.135897,
     59.186662
    ]
   }
  },
  {
   "type": "Feature",
   "properties": {
    "name": "Vendevägen",
    "system": "Roslagsbanan",
    "lines": "29",
    "style": "Roslagsbanan",
    "kommun": "Danderyd"
   },
   "geometry": {
    "type": "Point",
    "coordinates": [
     18.06759,
     59.399766
    ]
   }
  },
  {
   "type": "Feature",
   "properties": {
    "name": "Viggbyholm",
    "system": "Roslagsbanan",
    "lines": "28",
    "style": "Roslagsbanan",
    "kommun": "Täby"
   },
   "geometry": {
    "type": "Point",
    "coordinates": [
     18.104362,
     59.449406
    ]
   }
  },
  {
   "type": "Feature",
   "properties": {
    "name": "Visinge",
    "system": "Roslagsbanan",
    "lines": "27",
    "style": "Roslagsbanan",
    "kommun": "Täby"
   },
   "geometry": {
    "type": "Point",
    "coordinates": [
     18.063112,
     59.46269
    ]
   }
  },
  {
   "type": "Feature",
   "properties": {
    "name": "Vällingby",
    "system": "Tunnelbana",
    "lines": "17/18/19",
    "style": "Gröna linjen",
    "kommun": "Stockholm"
   },
   "geometry": {
    "type": "Point",
    "coordinates": [
     17.870843,
     59.363934
    ]
   }
  },
  {
   "type": "Feature",
   "properties": {
    "name": "Västerhaninge",
    "system": "Pendeltåg",
    "lines": "43",
    "style": "Pendeltåg",
    "kommun": "Haninge"
   },
   "geometry": {
    "type": "Point",
    "coordinates": [
     18.103278,
     59.123111
    ]
   }
  },
  {
   "type": "Feature",
   "properties": {
    "name": "Västertorp",
    "system": "Tunnelbana",
    "lines": "14",
    "style": "Röda linjen",
    "kommun": "Stockholm"
   },
   "geometry": {
    "type": "Point",
    "coordinates": [
     17.966692,
     59.291315
    ]
   }
  },
  {
   "type": "Feature",
   "properties": {
    "name": "Västra skogen",
    "system": "Tunnelbana",
    "lines": "10/11",
    "style": "Blå linjen",
    "kommun": "Solna"
   },
   "geometry": {
    "type": "Point",
    "coordinates": [
     18.003871,
     59.347353
    ]
   }
  },
  {
   "type": "Feature",
   "properties": {
    "name": "Vårberg",
    "system": "Tunnelbana",
    "lines": "13",
    "style": "Röda linjen",
    "kommun": "Stockholm"
   },
   "geometry": {
    "type": "Point",
    "coordinates": [
     17.89065,
     59.27601
    ]
   }
  },
  {
   "type": "Feature",
   "properties": {
    "name": "Vårby gård",
    "system": "Tunnelbana",
    "lines": "13",
    "style": "Röda linjen",
    "kommun": "Huddinge"
   },
   "geometry": {
    "type": "Point",
    "coordinates": [
     17.883664,
     59.26508
    ]
   }
  },
  {
   "type": "Feature",
   "properties": {
    "name": "Waldemarsudde",
    "system": "Tram",
    "lines": "7",
    "style": "Spårväg City",
    "kommun": "Stockholm"
   },
   "geometry": {
    "type": "Point",
    "coordinates": [
     18.11126,
     59.322646
    ]
   }
  },
  {
   "type": "Feature",
   "properties": {
    "name": "Zinkensdamm",
    "system": "Tunnelbana",
    "lines": "13/14",
    "style": "Röda linjen",
    "kommun": "Stockholm"
   },
   "geometry": {
    "type": "Point",
    "coordinates": [
     18.049188,
     59.317831
    ]
   }
  },
  {
   "type": "Feature",
   "properties": {
    "name": "Älvsjö",
    "system": "Pendeltåg",
    "lines": "40/41/43",
    "style": "Pendeltåg",
    "kommun": "Stockholm"
   },
   "geometry": {
    "type": "Point",
    "coordinates": [
     18.010607,
     59.278303
    ]
   }
  },
  {
   "type": "Feature",
   "properties": {
    "name": "Ängbyplan",
    "system": "Tunnelbana",
    "lines": "17/18/19",
    "style": "Gröna linjen",
    "kommun": "Stockholm"
   },
   "geometry": {
    "type": "Point",
    "coordinates": [
     17.907413,
     59.341889
    ]
   }
  },
  {
   "type": "Feature",
   "properties": {
    "name": "Åkers Runö",
    "system": "Roslagsbanan",
    "lines": "28",
    "style": "Roslagsbanan",
    "kommun": "Österåker"
   },
   "geometry": {
    "type": "Point",
    "coordinates": [
     18.270644,
     59.480636
    ]
   }
  },
  {
   "type": "Feature",
   "properties": {
    "name": "Åkersberga",
    "system": "Roslagsbanan",
    "lines": "28",
    "style": "Roslagsbanan",
    "kommun": "Österåker"
   },
   "geometry": {
    "type": "Point",
    "coordinates": [
     18.29864,
     59.479172
    ]
   }
  },
  {
   "type": "Feature",
   "properties": {
    "name": "Åkeshov",
    "system": "Tunnelbana",
    "lines": "17/18/19",
    "style": "Gröna linjen",
    "kommun": "Stockholm"
   },
   "geometry": {
    "type": "Point",
    "coordinates": [
     17.924219,
     59.342139
    ]
   }
  },
  {
   "type": "Feature",
   "properties": {
    "name": "Ålstens gård",
    "system": "Tram",
    "lines": "12",
    "style": "Nockebybanan",
    "kommun": "Stockholm"
   },
   "geometry": {
    "type": "Point",
    "coordinates": [
     17.952145,
     59.320685
    ]
   }
  },
  {
   "type": "Feature",
   "properties": {
    "name": "Ålstensgatan",
    "system": "Tram",
    "lines": "12",
    "style": "Nockebybanan",
    "kommun": "Stockholm"
   },
   "geometry": {
    "type": "Point",
    "coordinates": [
     17.956804,
     59.323449
    ]
   }
  },
  {
   "type": "Feature",
   "properties": {
    "name": "Årstaberg",
    "system": "Pendeltåg + Tram",
    "lines": "40/41/43/30",
    "style": "Pendeltåg",
    "kommun": "Stockholm"
   },
   "geometry": {
    "type": "Point",
    "coordinates": [
     18.029713,
     59.299254
    ]
   }
  },
  {
   "type": "Feature",
   "properties": {
    "name": "Årstadal",
    "system": "Tram",
    "lines": "30",
    "style": "Tvärbanan / Lidingöbanan",
    "kommun": "Stockholm"
   },
   "geometry": {
    "type": "Point",
    "coordinates": [
     18.025612,
     59.305878
    ]
   }
  },
  {
   "type": "Feature",
   "properties": {
    "name": "Årstafältet",
    "system": "Tram",
    "lines": "30",
    "style": "Tvärbanan / Lidingöbanan",
    "kommun": "Stockholm"
   },
   "geometry": {
    "type": "Point",
    "coordinates": [
     18.039524,
     59.296363
    ]
   }
  },
  {
   "type": "Feature",
   "properties": {
    "name": "Örnsberg",
    "system": "Tunnelbana",
    "lines": "13",
    "style": "Röda linjen",
    "kommun": "Stockholm"
   },
   "geometry": {
    "type": "Point",
    "coordinates": [
     17.987701,
     59.305336
    ]
   }
  },
  {
   "type": "Feature",
   "properties": {
    "name": "Östberga",
    "system": "Roslagsbanan",
    "lines": "29",
    "style": "Roslagsbanan",
    "kommun": "Danderyd"
   },
   "geometry": {
    "type": "Point",
    "coordinates": [
     18.073893,
     59.403989
    ]
   }
  },
  {
   "type": "Feature",
   "properties": {
    "name": "Östermalmstorg",
    "system": "Tunnelbana",
    "lines": "13/14",
    "style": "Röda linjen",
    "kommun": "Stockholm"
   },
   "geometry": {
    "type": "Point",
    "coordinates": [
     18.077689,
     59.335478
    ]
   }
  },
  {
   "type": "Feature",
   "properties": {
    "name": "Österskär",
    "system": "Roslagsbanan",
    "lines": "28",
    "style": "Roslagsbanan",
    "kommun": "Österåker"
   },
   "geometry": {
    "type": "Point",
    "coordinates": [
     18.311069,
     59.461213
    ]
   }
  },
  {
   "type": "Feature",
   "properties": {
    "name": "Östertälje",
    "system": "Pendeltåg",
    "lines": "40/41",
    "style": "Pendeltåg",
    "kommun": "Södertälje"
   },
   "geometry": {
    "type": "Point",
    "coordinates": [
     17.658091,
     59.18515
    ]
   }
  },
  {
   "type": "Feature",
   "properties": {
    "name": "Östervik",
    "system": "Saltsjöbanan",
    "lines": "25",
    "style": "Saltsjöbanan",
    "kommun": "Nacka"
   },
   "geometry": {
    "type": "Point",
    "coordinates": [
     18.235492,
     59.294993
    ]
   }
  },
  {
   "type": "Feature",
   "properties": {
    "name": "Blå linjen 10 · Kungsträdgården–Hjulsta",
    "line": "10"
   },
   "geometry": {
    "type": "MultiLineString",
    "coordinates": [
     [
      [
       17.888683,
       59.39657
      ],
      [
       17.8899902,
       59.3960206
      ],
      [
       17.8910566,
       59.3958302
      ],
      [
       17.8940043,
       59.3955143
      ],
      [
       17.8983868,
       59.3950675
      ],
      [
       17.9015401,
       59.3944992
      ],
      [
       17.9024691,
       59.3942954
      ],
      [
       17.9034729,
       59.3940924
      ],
      [
       17.9039667,
       59.3939909
      ],
      [
       17.9043854,
       59.393904
      ],
      [
       17.9055649,
       59.3937297
      ],
      [
       17.9076126,
       59.3933194
      ],
      [
       17.909442,
       59.393042
      ],
      [
       17.9110201,
       59.3929001
      ],
      [
       17.9128961,
       59.3928775
      ],
      [
       17.9146244,
       59.3928549
      ],
      [
       17.916785,
       59.3926362
      ],
      [
       17.9190544,
       59.3922204
      ],
      [
       17.921377,
       59.3914948
      ],
      [
       17.9236776,
       59.3905728
      ],
      [
       17.9278114,
       59.3886335
      ],
      [
       17.9279415,
       59.3885873
      ],
      [
       17.9281113,
       59.388527
      ],
      [
       17.929005,
       59.3878295
      ],
      [
       17.9298518,
       59.3869446
      ],
      [
       17.930624,
       59.3856514
      ],
      [
       17.9312688,
       59.3842461
      ],
      [
       17.9319788,
       59.382712
      ],
      [
       17.9326648,
       59.3814522
      ],
      [
       17.9334669,
       59.380474
      ],
      [
       17.9337256,
       59.3802374
      ],
      [
       17.936471,
       59.3777275
      ],
      [
       17.9372878,
       59.3770907
      ],
      [
       17.938361,
       59.376507
      ],
      [
       17.9404692,
       59.3757465
      ],
      [
       17.9419726,
       59.3752599
      ],
      [
       17.9429293,
       59.3749264
      ],
      [
       17.9437784,
       59.3746556
      ],
      [
       17.9450736,
       59.3742561
      ],
      [
       17.9534849,
       59.3710031
      ],
      [
       17.9596446,
       59.368918
      ],
      [
       17.963524,
       59.3678297
      ],
      [
       17.9638566,
       59.3677356
      ],
      [
       17.9643597,
       59.3675943
      ],
      [
       17.9645866,
       59.367526
      ],
      [
       17.9646992,
       59.3674905
      ],
      [
       17.9685078,
       59.3662052
      ],
      [
       17.9696382,
       59.3656147
      ],
      [
       17.9705239,
       59.3646653
      ],
      [
       17.9706366,
       59.3644704
      ],
      [
       17.9712959,
       59.3633297
      ],
      [
       17.9727791,
       59.360837
      ],
      [
       17.9730235,
       59.3593722
      ],
      [
       17.9727694,
       59.3579483
      ],
      [
       17.9725792,
       59.3564095
      ],
      [
       17.9728884,
       59.3552043
      ],
      [
       17.9735606,
       59.3544285
      ],
      [
       17.9736584,
       59.354342
      ],
      [
       17.9760923,
       59.3522055
      ],
      [
       17.9768391,
       59.3515205
      ],
      [
       17.9776892,
       59.3509289
      ],
      [
       17.9794487,
       59.35026
      ],
      [
       17.9810644,
       59.3499487
      ],
      [
       17.9828452,
       59.3497496
      ],
      [
       17.9856908,
       59.3496641
      ],
      [
       17.9934795,
       59.3501173
      ],
      [
       17.9939023,
       59.3501517
      ],
      [
       17.9942617,
       59.350175
      ],
      [
       17.9947096,
       59.3501914
      ],
      [
       17.9951414,
       59.3501927
      ],
      [
       17.9955867,
       59.3501845
      ],
      [
       17.9961231,
       59.3501585
      ],
      [
       17.9965684,
       59.3501244
      ],
      [
       17.9969734,
       59.3500833
      ],
      [
       17.9973784,
       59.3500341
      ],
      [
       17.9978532,
       59.3499562
      ],
      [
       17.9983145,
       59.34987
      ],
      [
       17.9987785,
       59.3497647
      ],
      [
       17.9992667,
       59.3496294
      ],
      [
       17.9997173,
       59.3494954
      ],
      [
       18.000133,
       59.3493532
      ],
      [
       18.000479,
       59.3492205
      ],
      [
       18.0009269,
       59.3490195
      ],
      [
       18.0013483,
       59.3488138
      ],
      [
       18.001745,
       59.3485942
      ],
      [
       18.0021088,
       59.3484009
      ],
      [
       18.0024478,
       59.3482155
      ],
      [
       18.0027444,
       59.3480526
      ],
      [
       18.003945,
       59.3473978
      ],
      [
       18.0054688,
       59.3465667
      ],
      [
       18.0075728,
       59.3454122
      ],
      [
       18.0084925,
       59.3449066
      ],
      [
       18.0086195,
       59.3448384
      ],
      [
       18.0087188,
       59.3447905
      ],
      [
       18.0088489,
       59.3447358
      ],
      [
       18.0089442,
       59.3446914
      ],
      [
       18.0092901,
       59.3444739
      ],
      [
       18.0097863,
       59.3441567
      ],
      [
       18.0100706,
       59.3439679
      ],
      [
       18.0102557,
       59.3438312
      ],
      [
       18.0104166,
       59.3437012
      ],
      [
       18.0106232,
       59.3435152
      ],
      [
       18.0108297,
       59.3433046
      ],
      [
       18.0110523,
       59.3430434
      ],
      [
       18.0112267,
       59.3428287
      ],
      [
       18.0113661,
       59.3426099
      ],
      [
       18.0115056,
       59.3423377
      ],
      [
       18.0115646,
       59.3421626
      ],
      [
       18.0117014,
       59.3417537
      ],
      [
       18.0118154,
       59.3414651
      ],
      [
       18.0123116,
       59.3403224
      ],
      [
       18.012376,
       59.3402095
      ],
      [
       18.0124404,
       59.3401035
      ],
      [
       18.0125289,
       59.3399606
      ],
      [
       18.012608,
       59.3398607
      ],
      [
       18.0130365,
       59.3394029
      ],
      [
       18.0131391,
       59.3393123
      ],
      [
       18.0133,
       59.3391905
      ],
      [
       18.0133972,
       59.3391266
      ],
      [
       18.0135199,
       59.3390565
      ],
      [
       18.0146975,
       59.3384205
      ],
      [
       18.0158097,
       59.3378333
      ],
      [
       18.0169309,
       59.3372413
      ],
      [
       18.0183747,
       59.3364835
      ],
      [
       18.0186318,
       59.336362
      ],
      [
       18.0189726,
       59.3362257
      ],
      [
       18.019202,
       59.3361451
      ],
      [
       18.0194952,
       59.3360553
      ],
      [
       18.0198046,
       59.3359778
      ],
      [
       18.0246764,
       59.3351788
      ],
      [
       18.025111,
       59.3350996
      ],
      [
       18.0256171,
       59.3349907
      ],
      [
       18.0262095,
       59.3348389
      ],
      [
       18.0267987,
       59.3346539
      ],
      [
       18.0285442,
       59.3340318
      ],
      [
       18.0315022,
       59.332963
      ],
      [
       18.0368938,
       59.3310174
      ],
      [
       18.0373039,
       59.3308816
      ],
      [
       18.0376167,
       59.3307823
      ],
      [
       18.0380643,
       59.330666
      ],
      [
       18.0384298,
       59.3305781
      ],
      [
       18.0389003,
       59.3304854
      ],
      [
       18.0392422,
       59.3304278
      ],
      [
       18.0397234,
       59.3303608
      ],
      [
       18.040167,
       59.330315
      ],
      [
       18.0404634,
       59.330287
      ],
      [
       18.0408033,
       59.3302671
      ],
      [
       18.0413005,
       59.3302616
      ],
      [
       18.0419911,
       59.3302616
      ],
      [
       18.0442473,
       59.330291
      ],
      [
       18.0475324,
       59.3303445
      ],
      [
       18.0479128,
       59.3303622
      ],
      [
       18.0483857,
       59.3304043
      ],
      [
       18.048934,
       59.3304805
      ],
      [
       18.0493184,
       59.3305471
      ],
      [
       18.049779,
       59.3306367
      ],
      [
       18.0500543,
       59.3307104
      ],
      [
       18.0536803,
       59.3318001
      ],
      [
       18.0541205,
       59.3319454
      ],
      [
       18.0544676,
       59.3320471
      ],
      [
       18.0547926,
       59.3321328
      ],
      [
       18.0551693,
       59.3322139
      ],
      [
       18.0554999,
       59.3322836
      ],
      [
       18.0559357,
       59.3323561
      ],
      [
       18.0563309,
       59.3324088
      ],
      [
       18.0567039,
       59.3324512
      ],
      [
       18.0570658,
       59.3324757
      ],
      [
       18.0577841,
       59.3325143
      ],
      [
       18.0582199,
       59.33252
      ],
      [
       18.0597636,
       59.3325542
      ],
      [
       18.0621005,
       59.3325897
      ],
      [
       18.0627287,
       59.3325727
      ],
      [
       18.0631855,
       59.3325423
      ],
      [
       18.0635709,
       59.3325023
      ],
      [
       18.063866,
       59.3324659
      ],
      [
       18.0641316,
       59.332429
      ],
      [
       18.0645591,
       59.3323544
      ],
      [
       18.0674805,
       59.3317405
      ],
      [
       18.0676683,
       59.3316863
      ],
      [
       18.0677998,
       59.3316411
      ],
      [
       18.067961,
       59.331577
      ],
      [
       18.0682341,
       59.3314325
      ],
      [
       18.0683285,
       59.3313882
      ],
      [
       18.0684299,
       59.3313405
      ],
      [
       18.0686273,
       59.3312566
      ],
      [
       18.0688416,
       59.3311786
      ],
      [
       18.069185,
       59.3310672
      ],
      [
       18.0709405,
       59.3307108
      ]
     ]
    ]
   }
  },
  {
   "type": "Feature",
   "properties": {
    "name": "Blå linjen 11 · Kungsträdgården–Akalla",
    "line": "11"
   },
   "geometry": {
    "type": "MultiLineString",
    "coordinates": [
     [
      [
       17.9134676,
       59.4158707
      ],
      [
       17.9138786,
       59.4156835
      ],
      [
       17.9142264,
       59.4155206
      ],
      [
       17.9149005,
       59.4151813
      ],
      [
       17.915604,
       59.4148629
      ],
      [
       17.9163661,
       59.414509
      ],
      [
       17.9173998,
       59.4139154
      ],
      [
       17.9177829,
       59.4137514
      ],
      [
       17.9192006,
       59.4131488
      ],
      [
       17.9218816,
       59.4123172
      ],
      [
       17.9263593,
       59.4096286
      ],
      [
       17.9263922,
       59.4096088
      ],
      [
       17.9286693,
       59.4082414
      ],
      [
       17.9287053,
       59.4082198
      ],
      [
       17.9287736,
       59.4082006
      ],
      [
       17.9365759,
       59.4060033
      ],
      [
       17.9370193,
       59.4059127
      ],
      [
       17.9373614,
       59.4058335
      ],
      [
       17.9375578,
       59.4057838
      ],
      [
       17.9378293,
       59.4057141
      ],
      [
       17.9380748,
       59.4056459
      ],
      [
       17.9382965,
       59.4055813
      ],
      [
       17.9385696,
       59.4054964
      ],
      [
       17.9388432,
       59.4054018
      ],
      [
       17.9390048,
       59.4053438
      ],
      [
       17.9391879,
       59.4052769
      ],
      [
       17.9393616,
       59.40521
      ],
      [
       17.9395587,
       59.4051295
      ],
      [
       17.9397639,
       59.4050418
      ],
      [
       17.9399262,
       59.4049691
      ],
      [
       17.9401059,
       59.4048858
      ],
      [
       17.9403117,
       59.4047841
      ],
      [
       17.9404727,
       59.4047008
      ],
      [
       17.9406108,
       59.4046271
      ],
      [
       17.9407972,
       59.4045223
      ],
      [
       17.9409474,
       59.4044333
      ],
      [
       17.9411117,
       59.4043316
      ],
      [
       17.9412532,
       59.4042408
      ],
      [
       17.9413538,
       59.4041724
      ],
      [
       17.9414761,
       59.4040879
      ],
      [
       17.9415841,
       59.404008
      ],
      [
       17.9417397,
       59.4038918
      ],
      [
       17.9419672,
       59.4037171
      ],
      [
       17.942556,
       59.4032647
      ],
      [
       17.9441091,
       59.4020716
      ],
      [
       17.9442945,
       59.4019293
      ],
      [
       17.9444474,
       59.4018175
      ],
      [
       17.9445563,
       59.4017383
      ],
      [
       17.9446717,
       59.4016607
      ],
      [
       17.9447655,
       59.401598
      ],
      [
       17.9448685,
       59.4015327
      ],
      [
       17.9449707,
       59.4014695
      ],
      [
       17.9450807,
       59.4014047
      ],
      [
       17.9451987,
       59.4013367
      ],
      [
       17.945307,
       59.4012768
      ],
      [
       17.9454559,
       59.401197
      ],
      [
       17.945585,
       59.4011318
      ],
      [
       17.9457422,
       59.4010543
      ],
      [
       17.945878,
       59.400991
      ],
      [
       17.9460342,
       59.4009198
      ],
      [
       17.9462102,
       59.4008449
      ],
      [
       17.946392,
       59.4007698
      ],
      [
       17.9465536,
       59.4007065
      ],
      [
       17.9467259,
       59.400642
      ],
      [
       17.9469036,
       59.4005786
      ],
      [
       17.9470595,
       59.4005252
      ],
      [
       17.9472084,
       59.4004761
      ],
      [
       17.9473683,
       59.4004252
      ],
      [
       17.9475607,
       59.4003682
      ],
      [
       17.9477632,
       59.4003105
      ],
      [
       17.9479081,
       59.4002716
      ],
      [
       17.9481331,
       59.4002138
      ],
      [
       17.9483097,
       59.4001702
      ],
      [
       17.9485713,
       59.4001115
      ],
      [
       17.948756,
       59.4000723
      ],
      [
       17.9489702,
       59.4000301
      ],
      [
       17.949164,
       59.3999941
      ],
      [
       17.9493364,
       59.3999642
      ],
      [
       17.9494949,
       59.3999385
      ],
      [
       17.9496763,
       59.3999105
      ],
      [
       17.9498664,
       59.3998837
      ],
      [
       17.9500726,
       59.3998562
      ],
      [
       17.9502289,
       59.3998367
      ],
      [
       17.9504216,
       59.3998141
      ],
      [
       17.9537145,
       59.3994282
      ],
      [
       17.956866,
       59.3990587
      ],
      [
       17.9572752,
       59.3990009
      ],
      [
       17.957629,
       59.3989518
      ],
      [
       17.9579989,
       59.3988882
      ],
      [
       17.9582222,
       59.3988439
      ],
      [
       17.9584684,
       59.398791
      ],
      [
       17.9586798,
       59.3987412
      ],
      [
       17.9588854,
       59.3986897
      ],
      [
       17.9590413,
       59.3986482
      ],
      [
       17.9602726,
       59.3982429
      ],
      [
       17.9615761,
       59.3976027
      ],
      [
       17.9649693,
       59.3951552
      ],
      [
       17.9663247,
       59.3942131
      ],
      [
       17.9675045,
       59.3933799
      ],
      [
       17.9681514,
       59.3928343
      ],
      [
       17.9686804,
       59.3922918
      ],
      [
       17.9690475,
       59.3918688
      ],
      [
       17.9693882,
       59.3912883
      ],
      [
       17.9694177,
       59.3912255
      ],
      [
       17.9696214,
       59.3907842
      ],
      [
       17.9696613,
       59.390252
      ],
      [
       17.9697477,
       59.3896209
      ],
      [
       17.9696659,
       59.3888799
      ],
      [
       17.9692407,
       59.3882858
      ],
      [
       17.9683013,
       59.3871717
      ],
      [
       17.9624758,
       59.3819529
      ],
      [
       17.9619005,
       59.3810062
      ],
      [
       17.9616697,
       59.3801355
      ],
      [
       17.9616477,
       59.3792715
      ],
      [
       17.9618226,
       59.3787426
      ],
      [
       17.9623827,
       59.3779287
      ],
      [
       17.9630847,
       59.3774657
      ],
      [
       17.9640315,
       59.3768767
      ],
      [
       17.9644363,
       59.3766964
      ],
      [
       17.9654168,
       59.3762631
      ],
      [
       17.9664948,
       59.3757988
      ],
      [
       17.9675987,
       59.3753234
      ],
      [
       17.9687213,
       59.3748435
      ],
      [
       17.9718995,
       59.3733857
      ],
      [
       17.9723093,
       59.3731561
      ],
      [
       17.9728571,
       59.3727891
      ],
      [
       17.9736003,
       59.3723241
      ],
      [
       17.974671,
       59.3717385
      ],
      [
       17.9767489,
       59.3704861
      ],
      [
       17.9801184,
       59.3686539
      ],
      [
       17.9819278,
       59.3676495
      ],
      [
       17.9826368,
       59.3672559
      ],
      [
       17.986384,
       59.3651757
      ],
      [
       17.9868266,
       59.3649297
      ],
      [
       17.9872906,
       59.3646919
      ],
      [
       17.9877251,
       59.3645005
      ],
      [
       17.9881623,
       59.3643215
      ],
      [
       17.9884782,
       59.3641993
      ],
      [
       17.9918792,
       59.3631267
      ],
      [
       17.993052,
       59.3627592
      ],
      [
       17.9936957,
       59.3625268
      ],
      [
       17.9942214,
       59.3623054
      ],
      [
       17.9948705,
       59.3619855
      ],
      [
       17.9952943,
       59.3617586
      ],
      [
       17.9956484,
       59.361529
      ],
      [
       17.996209,
       59.3611157
      ],
      [
       17.9970163,
       59.3604628
      ],
      [
       17.9980981,
       59.3595712
      ],
      [
       17.9992935,
       59.3585859
      ],
      [
       17.9995161,
       59.3583863
      ],
      [
       17.9997054,
       59.3581885
      ],
      [
       17.9998541,
       59.3580391
      ],
      [
       18.0000016,
       59.3578327
      ],
      [
       18.0001357,
       59.3576317
      ],
      [
       18.0002806,
       59.3573884
      ],
      [
       18.0003718,
       59.3571628
      ],
      [
       18.0004361,
       59.3569414
      ],
      [
       18.0004737,
       59.356791
      ],
      [
       18.0005085,
       59.3566064
      ],
      [
       18.00053,
       59.3564082
      ],
      [
       18.00053,
       59.356199
      ],
      [
       18.0005072,
       59.3560151
      ],
      [
       18.0003825,
       59.3552755
      ],
      [
       18.0000707,
       59.3534524
      ],
      [
       17.9999533,
       59.3527742
      ],
      [
       17.9999077,
       59.3523777
      ],
      [
       17.9998997,
       59.3521248
      ],
      [
       17.9999131,
       59.3518417
      ],
      [
       17.9999667,
       59.3515491
      ],
      [
       18.0000418,
       59.3512702
      ],
      [
       18.0001438,
       59.3509584
      ],
      [
       18.0002725,
       59.3506904
      ],
      [
       18.0004442,
       59.3504088
      ],
      [
       18.0006373,
       59.3501544
      ],
      [
       18.0008921,
       59.3498482
      ],
      [
       18.0011415,
       59.3495815
      ],
      [
       18.0014714,
       59.3492875
      ],
      [
       18.0017343,
       59.3490797
      ],
      [
       18.0020803,
       59.3488473
      ],
      [
       18.0024049,
       59.3486435
      ],
      [
       18.00296,
       59.348329
      ],
      [
       18.0043188,
       59.3475943
      ],
      [
       18.0058944,
       59.346744
      ],
      [
       18.006168,
       59.3465855
      ],
      [
       18.0063826,
       59.346435
      ],
      [
       18.0082119,
       59.3451742
      ],
      [
       18.008413,
       59.3450401
      ],
      [
       18.0086571,
       59.3448774
      ],
      [
       18.0089442,
       59.3446914
      ],
      [
       18.0092901,
       59.3444739
      ],
      [
       18.0097863,
       59.3441567
      ],
      [
       18.0100706,
       59.3439679
      ],
      [
       18.0102557,
       59.3438312
      ],
      [
       18.0104166,
       59.3437012
      ],
      [
       18.0106232,
       59.3435152
      ],
      [
       18.0108297,
       59.3433046
      ],
      [
       18.0110523,
       59.3430434
      ],
      [
       18.0112267,
       59.3428287
      ],
      [
       18.0113661,
       59.3426099
      ],
      [
       18.0115056,
       59.3423377
      ],
      [
       18.0115646,
       59.3421626
      ],
      [
       18.0117014,
       59.3417537
      ],
      [
       18.0118154,
       59.3414651
      ],
      [
       18.0123116,
       59.3403224
      ],
      [
       18.012376,
       59.3402095
      ],
      [
       18.0124404,
       59.3401035
      ],
      [
       18.0125289,
       59.3399606
      ],
      [
       18.012608,
       59.3398607
      ],
      [
       18.0130365,
       59.3394029
      ],
      [
       18.0131391,
       59.3393123
      ],
      [
       18.0133,
       59.3391905
      ],
      [
       18.0133972,
       59.3391266
      ],
      [
       18.0135199,
       59.3390565
      ],
      [
       18.0146975,
       59.3384205
      ],
      [
       18.0158097,
       59.3378333
      ],
      [
       18.0169309,
       59.3372413
      ],
      [
       18.0183747,
       59.3364835
      ],
      [
       18.0186318,
       59.336362
      ],
      [
       18.0189726,
       59.3362257
      ],
      [
       18.019202,
       59.3361451
      ],
      [
       18.0194952,
       59.3360553
      ],
      [
       18.0198046,
       59.3359778
      ],
      [
       18.0246764,
       59.3351788
      ],
      [
       18.025111,
       59.3350996
      ],
      [
       18.0256171,
       59.3349907
      ],
      [
       18.0262095,
       59.3348389
      ],
      [
       18.0267987,
       59.3346539
      ],
      [
       18.0285442,
       59.3340318
      ],
      [
       18.0315022,
       59.332963
      ],
      [
       18.0368938,
       59.3310174
      ],
      [
       18.0373039,
       59.3308816
      ],
      [
       18.0376167,
       59.3307823
      ],
      [
       18.0380643,
       59.330666
      ],
      [
       18.0384298,
       59.3305781
      ],
      [
       18.0389003,
       59.3304854
      ],
      [
       18.0392422,
       59.3304278
      ],
      [
       18.0397234,
       59.3303608
      ],
      [
       18.040167,
       59.330315
      ],
      [
       18.0404634,
       59.330287
      ],
      [
       18.0408033,
       59.3302671
      ],
      [
       18.0413005,
       59.3302616
      ],
      [
       18.0419911,
       59.3302616
      ],
      [
       18.0442473,
       59.330291
      ],
      [
       18.0475324,
       59.3303445
      ],
      [
       18.0479128,
       59.3303622
      ],
      [
       18.0483857,
       59.3304043
      ],
      [
       18.048934,
       59.3304805
      ],
      [
       18.0493184,
       59.3305471
      ],
      [
       18.049779,
       59.3306367
      ],
      [
       18.0500543,
       59.3307104
      ],
      [
       18.0536803,
       59.3318001
      ],
      [
       18.0541205,
       59.3319454
      ],
      [
       18.0544676,
       59.3320471
      ],
      [
       18.0547926,
       59.3321328
      ],
      [
       18.0551693,
       59.3322139
      ],
      [
       18.0554999,
       59.3322836
      ],
      [
       18.0559357,
       59.3323561
      ],
      [
       18.0563309,
       59.3324088
      ],
      [
       18.0567039,
       59.3324512
      ],
      [
       18.0570658,
       59.3324757
      ],
      [
       18.0577841,
       59.3325143
      ],
      [
       18.0582199,
       59.33252
      ],
      [
       18.0597636,
       59.3325542
      ],
      [
       18.0621005,
       59.3325897
      ],
      [
       18.0627287,
       59.3325727
      ],
      [
       18.0631855,
       59.3325423
      ],
      [
       18.0635709,
       59.3325023
      ],
      [
       18.063866,
       59.3324659
      ],
      [
       18.0641316,
       59.332429
      ],
      [
       18.0645591,
       59.3323544
      ],
      [
       18.0674805,
       59.3317405
      ],
      [
       18.0693977,
       59.3313391
      ],
      [
       18.0712798,
       59.3309548
      ]
     ]
    ]
   }
  },
  {
   "type": "Feature",
   "properties": {
    "name": "Röda linjen 13 · Norsborg–Ropsten",
    "line": "13"
   },
   "geometry": {
    "type": "MultiLineString",
    "coordinates": [
     [
      [
       17.8127204,
       59.2439607
      ],
      [
       17.8146467,
       59.2438959
      ],
      [
       17.8150807,
       59.2438667
      ],
      [
       17.8161362,
       59.2437817
      ],
      [
       17.8175269,
       59.2436946
      ],
      [
       17.8181496,
       59.2436616
      ],
      [
       17.8182756,
       59.2436549
      ],
      [
       17.8213042,
       59.2434945
      ],
      [
       17.8224023,
       59.2434597
      ],
      [
       17.8245912,
       59.2433793
      ],
      [
       17.8251218,
       59.2433598
      ],
      [
       17.8260653,
       59.2433189
      ],
      [
       17.8265256,
       59.2432905
      ],
      [
       17.8269777,
       59.2432541
      ],
      [
       17.8282681,
       59.243156
      ],
      [
       17.8293053,
       59.2430562
      ],
      [
       17.8309383,
       59.2427742
      ],
      [
       17.8321855,
       59.2424357
      ],
      [
       17.8348242,
       59.2414258
      ],
      [
       17.8367941,
       59.2406922
      ],
      [
       17.8385966,
       59.2400503
      ],
      [
       17.8397851,
       59.2397366
      ],
      [
       17.840323,
       59.2395946
      ],
      [
       17.8412596,
       59.2394577
      ],
      [
       17.842214,
       59.239411
      ],
      [
       17.8433703,
       59.2393958
      ],
      [
       17.8441556,
       59.2393855
      ],
      [
       17.845524,
       59.2393876
      ],
      [
       17.8468075,
       59.2393896
      ],
      [
       17.8484792,
       59.2394969
      ],
      [
       17.8501509,
       59.2396853
      ],
      [
       17.8519571,
       59.2399687
      ],
      [
       17.853493,
       59.2403564
      ],
      [
       17.8548319,
       59.2409904
      ],
      [
       17.8557412,
       59.2416011
      ],
      [
       17.8566467,
       59.2424008
      ],
      [
       17.8571198,
       59.2431443
      ],
      [
       17.8573172,
       59.2436622
      ],
      [
       17.8575642,
       59.244409
      ],
      [
       17.8577297,
       59.2448627
      ],
      [
       17.8579993,
       59.2452911
      ],
      [
       17.8584859,
       59.2458598
      ],
      [
       17.8591957,
       59.246455
      ],
      [
       17.8599066,
       59.2469753
      ],
      [
       17.8607169,
       59.2475272
      ],
      [
       17.8610105,
       59.2477181
      ],
      [
       17.8613267,
       59.2478886
      ],
      [
       17.8619196,
       59.2481628
      ],
      [
       17.8625467,
       59.2484059
      ],
      [
       17.8632853,
       59.2486524
      ],
      [
       17.8640069,
       59.2488602
      ],
      [
       17.8645961,
       59.2490078
      ],
      [
       17.8655103,
       59.2491836
      ],
      [
       17.8663931,
       59.2492991
      ],
      [
       17.8672598,
       59.2493621
      ],
      [
       17.868205,
       59.2493806
      ],
      [
       17.8691366,
       59.249353
      ],
      [
       17.8708461,
       59.249252
      ],
      [
       17.871437,
       59.2492226
      ],
      [
       17.872375,
       59.2491903
      ],
      [
       17.8735675,
       59.2491713
      ],
      [
       17.8748764,
       59.2491843
      ],
      [
       17.8762985,
       59.2492337
      ],
      [
       17.8778987,
       59.2493382
      ],
      [
       17.8783791,
       59.2493802
      ],
      [
       17.8788706,
       59.2494424
      ],
      [
       17.8814639,
       59.2498111
      ],
      [
       17.8819651,
       59.2499312
      ],
      [
       17.8832746,
       59.2502451
      ],
      [
       17.8840538,
       59.2505626
      ],
      [
       17.8843934,
       59.250701
      ],
      [
       17.8847756,
       59.2508567
      ],
      [
       17.8866631,
       59.2518825
      ],
      [
       17.8876939,
       59.252612
      ],
      [
       17.8888303,
       59.253522
      ],
      [
       17.8894105,
       59.2541917
      ],
      [
       17.8901526,
       59.2551511
      ],
      [
       17.8907409,
       59.2564514
      ],
      [
       17.8907647,
       59.2577129
      ],
      [
       17.8903976,
       59.2588207
      ],
      [
       17.8896654,
       59.2597908
      ],
      [
       17.8889242,
       59.2607727
      ],
      [
       17.8864493,
       59.2630322
      ],
      [
       17.8848893,
       59.2641617
      ],
      [
       17.8845737,
       59.2643737
      ],
      [
       17.8833313,
       59.2652082
      ],
      [
       17.8830197,
       59.2654175
      ],
      [
       17.8811753,
       59.2666961
      ],
      [
       17.880617,
       59.2671668
      ],
      [
       17.8801223,
       59.2676254
      ],
      [
       17.8798893,
       59.2678699
      ],
      [
       17.8795202,
       59.2683051
      ],
      [
       17.8788622,
       59.2692598
      ],
      [
       17.8784671,
       59.2702697
      ],
      [
       17.8783858,
       59.2713708
      ],
      [
       17.8791537,
       59.272616
      ],
      [
       17.8808145,
       59.2738174
      ],
      [
       17.8815661,
       59.2741159
      ],
      [
       17.8827586,
       59.2745895
      ],
      [
       17.8857667,
       59.2753173
      ],
      [
       17.8896276,
       59.2759303
      ],
      [
       17.8899504,
       59.2759785
      ],
      [
       17.8902094,
       59.2760152
      ],
      [
       17.8904816,
       59.2760522
      ],
      [
       17.8907458,
       59.2760857
      ],
      [
       17.8909766,
       59.276114
      ],
      [
       17.8912354,
       59.2761426
      ],
      [
       17.8915867,
       59.2761769
      ],
      [
       17.8923015,
       59.2762474
      ],
      [
       17.8932993,
       59.2763433
      ],
      [
       17.8938921,
       59.2763989
      ],
      [
       17.8941052,
       59.276418
      ],
      [
       17.8946351,
       59.2764736
      ],
      [
       17.8948389,
       59.2764934
      ],
      [
       17.895036,
       59.2765106
      ],
      [
       17.8953082,
       59.2765318
      ],
      [
       17.895551,
       59.2765476
      ],
      [
       17.8958138,
       59.2765626
      ],
      [
       17.8962591,
       59.2765791
      ],
      [
       17.8967338,
       59.2765962
      ],
      [
       17.8976744,
       59.2766304
      ],
      [
       17.8977541,
       59.2766332
      ],
      [
       17.8992524,
       59.2766846
      ],
      [
       17.9008806,
       59.2767435
      ],
      [
       17.9016075,
       59.2767695
      ],
      [
       17.9019253,
       59.2767839
      ],
      [
       17.9022096,
       59.2768004
      ],
      [
       17.9024352,
       59.2768158
      ],
      [
       17.9067045,
       59.2769646
      ],
      [
       17.9074917,
       59.2770412
      ],
      [
       17.9081465,
       59.2771049
      ],
      [
       17.9088503,
       59.2772014
      ],
      [
       17.9094793,
       59.2773326
      ],
      [
       17.9111701,
       59.2778807
      ],
      [
       17.9125778,
       59.2785911
      ],
      [
       17.9137451,
       59.2793146
      ],
      [
       17.9145695,
       59.2799575
      ],
      [
       17.9153966,
       59.2805893
      ],
      [
       17.9157068,
       59.2808453
      ],
      [
       17.9160321,
       59.2811218
      ],
      [
       17.9161514,
       59.2812175
      ],
      [
       17.9163278,
       59.2813699
      ],
      [
       17.9166046,
       59.2816052
      ],
      [
       17.9169992,
       59.2819134
      ],
      [
       17.9176632,
       59.282417
      ],
      [
       17.9199163,
       59.2839971
      ],
      [
       17.9203935,
       59.2844193
      ],
      [
       17.9207527,
       59.2847947
      ],
      [
       17.9207905,
       59.2848362
      ],
      [
       17.9208001,
       59.2848487
      ],
      [
       17.9210832,
       59.2852141
      ],
      [
       17.9211365,
       59.2852829
      ],
      [
       17.9212815,
       59.2855133
      ],
      [
       17.9214102,
       59.2857138
      ],
      [
       17.9216007,
       59.2860133
      ],
      [
       17.9218026,
       59.286343
      ],
      [
       17.9219217,
       59.2865275
      ],
      [
       17.92203,
       59.2867036
      ],
      [
       17.9221742,
       59.2869539
      ],
      [
       17.922661,
       59.2880289
      ],
      [
       17.9228615,
       59.2885359
      ],
      [
       17.9229895,
       59.2889237
      ],
      [
       17.9230687,
       59.2891791
      ],
      [
       17.9232087,
       59.2896201
      ],
      [
       17.923344,
       59.2900479
      ],
      [
       17.9235413,
       59.2906251
      ],
      [
       17.9236483,
       59.2909774
      ],
      [
       17.9237439,
       59.2912174
      ],
      [
       17.9239518,
       59.2916873
      ],
      [
       17.9240896,
       59.2919233
      ],
      [
       17.9242197,
       59.2920945
      ],
      [
       17.9244153,
       59.2923272
      ],
      [
       17.9245187,
       59.2924306
      ],
      [
       17.9248257,
       59.2927186
      ],
      [
       17.9249405,
       59.2928157
      ],
      [
       17.9251182,
       59.2929535
      ],
      [
       17.9254577,
       59.2931792
      ],
      [
       17.9258026,
       59.293384
      ],
      [
       17.9260841,
       59.2935303
      ],
      [
       17.9264285,
       59.2936881
      ],
      [
       17.9267327,
       59.2938151
      ],
      [
       17.9271072,
       59.2939555
      ],
      [
       17.9274328,
       59.2940652
      ],
      [
       17.9278207,
       59.2941764
      ],
      [
       17.9280905,
       59.2942506
      ],
      [
       17.9285116,
       59.2943447
      ],
      [
       17.9288608,
       59.2944151
      ],
      [
       17.929215,
       59.2944769
      ],
      [
       17.9294921,
       59.2945178
      ],
      [
       17.929876,
       59.2945662
      ],
      [
       17.9303098,
       59.294611
      ],
      [
       17.9311226,
       59.2946936
      ],
      [
       17.9315306,
       59.294732
      ],
      [
       17.9317474,
       59.2947473
      ],
      [
       17.9325445,
       59.2947985
      ],
      [
       17.9334599,
       59.2948451
      ],
      [
       17.9346917,
       59.2948946
      ],
      [
       17.9365571,
       59.2949318
      ],
      [
       17.9389937,
       59.2950675
      ],
      [
       17.9408832,
       59.2952379
      ],
      [
       17.9437787,
       59.2957267
      ],
      [
       17.944996,
       59.2959416
      ],
      [
       17.9470256,
       59.2964198
      ],
      [
       17.9486395,
       59.2969518
      ],
      [
       17.9497874,
       59.2975397
      ],
      [
       17.9506179,
       59.2980452
      ],
      [
       17.9518532,
       59.2987883
      ],
      [
       17.9529612,
       59.2995169
      ],
      [
       17.9533144,
       59.2996624
      ],
      [
       17.9542624,
       59.3000643
      ],
      [
       17.955508,
       59.3005531
      ],
      [
       17.956409,
       59.3009037
      ],
      [
       17.959371,
       59.3019802
      ],
      [
       17.9622995,
       59.3027909
      ],
      [
       17.9667955,
       59.3036286
      ],
      [
       17.9680865,
       59.3038097
      ],
      [
       17.9689301,
       59.3039281
      ],
      [
       17.9712207,
       59.3041513
      ],
      [
       17.9717211,
       59.3042001
      ],
      [
       17.9721016,
       59.3042363
      ],
      [
       17.9726745,
       59.3042812
      ],
      [
       17.9732972,
       59.304323
      ],
      [
       17.9743968,
       59.304375
      ],
      [
       17.9745901,
       59.3043837
      ],
      [
       17.9749494,
       59.3044015
      ],
      [
       17.9758247,
       59.3044462
      ],
      [
       17.9779814,
       59.3045515
      ],
      [
       17.9807727,
       59.3046884
      ],
      [
       17.9808211,
       59.3046905
      ],
      [
       17.983769,
       59.3048339
      ],
      [
       17.9843159,
       59.3048671
      ],
      [
       17.9846444,
       59.3048953
      ],
      [
       17.9850798,
       59.3049361
      ],
      [
       17.9854614,
       59.3049826
      ],
      [
       17.985786,
       59.3050283
      ],
      [
       17.9861569,
       59.305086
      ],
      [
       17.987309,
       59.3052932
      ],
      [
       17.988265,
       59.3054709
      ],
      [
       17.9907507,
       59.3059352
      ],
      [
       17.9913971,
       59.3060571
      ],
      [
       17.9920113,
       59.306168
      ],
      [
       17.9925907,
       59.3062529
      ],
      [
       17.9933658,
       59.3063555
      ],
      [
       17.9939935,
       59.3064267
      ],
      [
       17.9947713,
       59.3064911
      ],
      [
       17.9954499,
       59.3065349
      ],
      [
       17.99604,
       59.3065609
      ],
      [
       17.9966462,
       59.306576
      ],
      [
       17.9983628,
       59.3066164
      ],
      [
       18.000447,
       59.3066649
      ],
      [
       18.0024916,
       59.3067134
      ],
      [
       18.004953,
       59.3067718
      ],
      [
       18.0058354,
       59.3067827
      ],
      [
       18.0064657,
       59.3067827
      ],
      [
       18.0074179,
       59.3067704
      ],
      [
       18.0083091,
       59.3067636
      ],
      [
       18.0087456,
       59.3067718
      ],
      [
       18.0091748,
       59.3067882
      ],
      [
       18.00962,
       59.3068142
      ],
      [
       18.0100331,
       59.3068471
      ],
      [
       18.0103576,
       59.3068799
      ],
      [
       18.0108216,
       59.3069388
      ],
      [
       18.0113929,
       59.3070264
      ],
      [
       18.0118221,
       59.307099
      ],
      [
       18.0121011,
       59.3071524
      ],
      [
       18.0123104,
       59.3072014
      ],
      [
       18.0149509,
       59.3078547
      ],
      [
       18.015195,
       59.307915
      ],
      [
       18.0157757,
       59.3080587
      ],
      [
       18.0161512,
       59.3081532
      ],
      [
       18.0167205,
       59.3083064
      ],
      [
       18.0171972,
       59.3084502
      ],
      [
       18.0176184,
       59.3085954
      ],
      [
       18.018018,
       59.3087473
      ],
      [
       18.0184284,
       59.308928
      ],
      [
       18.0198247,
       59.3095556
      ],
      [
       18.0202263,
       59.3097278
      ],
      [
       18.0204961,
       59.3098506
      ],
      [
       18.0214721,
       59.3102776
      ],
      [
       18.0229935,
       59.3108432
      ],
      [
       18.0236504,
       59.3110518
      ],
      [
       18.0242863,
       59.3112526
      ],
      [
       18.0248347,
       59.3114253
      ],
      [
       18.0257696,
       59.3117618
      ],
      [
       18.0260807,
       59.3118877
      ],
      [
       18.0264831,
       59.312063
      ],
      [
       18.0268426,
       59.3122316
      ],
      [
       18.0271858,
       59.3124024
      ],
      [
       18.0276793,
       59.3126653
      ],
      [
       18.0280977,
       59.3129035
      ],
      [
       18.0288354,
       59.3133401
      ],
      [
       18.0299646,
       59.3140259
      ],
      [
       18.0302569,
       59.3142093
      ],
      [
       18.0308524,
       59.3146104
      ],
      [
       18.0310911,
       59.3147637
      ],
      [
       18.0313969,
       59.3149444
      ],
      [
       18.0316195,
       59.3150539
      ],
      [
       18.0319735,
       59.3152195
      ],
      [
       18.0324,
       59.315392
      ],
      [
       18.0328506,
       59.3155521
      ],
      [
       18.0334085,
       59.3157437
      ],
      [
       18.0339637,
       59.315923
      ],
      [
       18.0344036,
       59.3160531
      ],
      [
       18.0347228,
       59.3161338
      ],
      [
       18.0351493,
       59.3162324
      ],
      [
       18.0355328,
       59.316309
      ],
      [
       18.0365651,
       59.3165126
      ],
      [
       18.0377537,
       59.316747
      ],
      [
       18.0383733,
       59.316851
      ],
      [
       18.0388829,
       59.3169236
      ],
      [
       18.0392718,
       59.3169715
      ],
      [
       18.0396795,
       59.3170112
      ],
      [
       18.0443841,
       59.3174587
      ],
      [
       18.0491403,
       59.3179664
      ],
      [
       18.0506628,
       59.3181289
      ],
      [
       18.0511084,
       59.318165
      ],
      [
       18.0515751,
       59.3181964
      ],
      [
       18.0521303,
       59.3182211
      ],
      [
       18.0526051,
       59.3182361
      ],
      [
       18.0532515,
       59.318232
      ],
      [
       18.0538282,
       59.3182211
      ],
      [
       18.0544129,
       59.3181923
      ],
      [
       18.0549815,
       59.3181513
      ],
      [
       18.0555797,
       59.318091
      ],
      [
       18.0561107,
       59.3180295
      ],
      [
       18.056792,
       59.3179432
      ],
      [
       18.057366,
       59.3178406
      ],
      [
       18.0592006,
       59.3174751
      ],
      [
       18.060632,
       59.3171925
      ],
      [
       18.0618694,
       59.3169482
      ],
      [
       18.0624622,
       59.3168278
      ],
      [
       18.0630362,
       59.3167087
      ],
      [
       18.0655027,
       59.3161966
      ],
      [
       18.0659954,
       59.3160992
      ],
      [
       18.0664829,
       59.3160222
      ],
      [
       18.0668657,
       59.3159815
      ],
      [
       18.0673126,
       59.3159564
      ],
      [
       18.0676609,
       59.3159496
      ],
      [
       18.0680952,
       59.3159645
      ],
      [
       18.0684847,
       59.315995
      ],
      [
       18.0688934,
       59.3160446
      ],
      [
       18.0692337,
       59.3160976
      ],
      [
       18.0697075,
       59.3161926
      ],
      [
       18.0701963,
       59.3163201
      ],
      [
       18.070616,
       59.3164719
      ],
      [
       18.0710189,
       59.316645
      ],
      [
       18.0713157,
       59.316837
      ],
      [
       18.0715924,
       59.3170407
      ],
      [
       18.0718835,
       59.3173201
      ],
      [
       18.0720351,
       59.3174978
      ],
      [
       18.0721645,
       59.3176711
      ],
      [
       18.072258,
       59.3178446
      ],
      [
       18.0723343,
       59.3180163
      ],
      [
       18.0723756,
       59.3181844
      ],
      [
       18.0723965,
       59.3183383
      ],
      [
       18.0724025,
       59.3185126
      ],
      [
       18.0723877,
       59.3186323
      ],
      [
       18.0723689,
       59.3187521
      ],
      [
       18.0723274,
       59.3189061
      ],
      [
       18.0722643,
       59.319086
      ],
      [
       18.0721794,
       59.3192816
      ],
      [
       18.0721047,
       59.3194159
      ],
      [
       18.072039,
       59.3195206
      ],
      [
       18.0719519,
       59.3196526
      ],
      [
       18.0718406,
       59.3197936
      ],
      [
       18.07177,
       59.3198775
      ],
      [
       18.071579,
       59.3200769
      ],
      [
       18.0711147,
       59.3204659
      ],
      [
       18.07097,
       59.3205841
      ],
      [
       18.0705945,
       59.3208263
      ],
      [
       18.0705243,
       59.3208675
      ],
      [
       18.0703291,
       59.3209795
      ],
      [
       18.0700891,
       59.3211355
      ],
      [
       18.0698973,
       59.3212559
      ],
      [
       18.0695018,
       59.3214921
      ],
      [
       18.0687016,
       59.32197
      ],
      [
       18.0685683,
       59.3220496
      ],
      [
       18.0680011,
       59.322432
      ],
      [
       18.067857,
       59.3225308
      ],
      [
       18.067701,
       59.3226462
      ],
      [
       18.0676496,
       59.3226887
      ],
      [
       18.0674774,
       59.3228289
      ],
      [
       18.0672339,
       59.3230418
      ],
      [
       18.0670367,
       59.3232306
      ],
      [
       18.066912,
       59.3233552
      ],
      [
       18.0666491,
       59.3236371
      ],
      [
       18.0665164,
       59.3237958
      ],
      [
       18.066403,
       59.3239401
      ],
      [
       18.0660109,
       59.3244602
      ],
      [
       18.0656825,
       59.3248792
      ],
      [
       18.0654712,
       59.3251358
      ],
      [
       18.0652776,
       59.3253603
      ],
      [
       18.0649208,
       59.3256836
      ],
      [
       18.0646489,
       59.325923
      ],
      [
       18.0643248,
       59.3261751
      ],
      [
       18.0639479,
       59.3264324
      ],
      [
       18.0635821,
       59.326646
      ],
      [
       18.0630856,
       59.326902
      ],
      [
       18.0619043,
       59.3274869
      ],
      [
       18.0615844,
       59.327669
      ],
      [
       18.0612203,
       59.3279001
      ],
      [
       18.0609709,
       59.3280835
      ],
      [
       18.0606303,
       59.3283435
      ],
      [
       18.0603486,
       59.3285884
      ],
      [
       18.0601475,
       59.328784
      ],
      [
       18.0599394,
       59.3290114
      ],
      [
       18.0597958,
       59.3291853
      ],
      [
       18.0596647,
       59.3293696
      ],
      [
       18.0595735,
       59.3295516
      ],
      [
       18.0595158,
       59.3296932
      ],
      [
       18.0594836,
       59.329817
      ],
      [
       18.0594608,
       59.3299525
      ],
      [
       18.059471,
       59.3300833
      ],
      [
       18.0594742,
       59.3301249
      ],
      [
       18.0594894,
       59.3301766
      ],
      [
       18.0595306,
       59.3303164
      ],
      [
       18.0595821,
       59.3304382
      ],
      [
       18.0595913,
       59.3304586
      ],
      [
       18.0597532,
       59.3306995
      ],
      [
       18.0598473,
       59.3308093
      ],
      [
       18.0598859,
       59.3308544
      ],
      [
       18.0598943,
       59.3308624
      ],
      [
       18.0600294,
       59.3309909
      ],
      [
       18.0600477,
       59.3310051
      ],
      [
       18.060134,
       59.3310725
      ],
      [
       18.0602065,
       59.3311291
      ],
      [
       18.0602675,
       59.3311674
      ],
      [
       18.0605203,
       59.3313261
      ],
      [
       18.0607041,
       59.3314296
      ],
      [
       18.0607789,
       59.3314718
      ],
      [
       18.0612526,
       59.3317111
      ],
      [
       18.0615166,
       59.3318288
      ],
      [
       18.0617355,
       59.3319264
      ],
      [
       18.0621307,
       59.3320794
      ],
      [
       18.0623227,
       59.3321538
      ],
      [
       18.0630818,
       59.3324479
      ],
      [
       18.0631511,
       59.3324733
      ],
      [
       18.0633098,
       59.3325314
      ],
      [
       18.0634421,
       59.3325952
      ],
      [
       18.0635631,
       59.3326535
      ],
      [
       18.0636272,
       59.3326844
      ],
      [
       18.06368,
       59.3327169
      ],
      [
       18.0637294,
       59.3327472
      ],
      [
       18.0638167,
       59.3328009
      ],
      [
       18.0639964,
       59.3329404
      ],
      [
       18.0641254,
       59.3330591
      ],
      [
       18.0645436,
       59.333474
      ],
      [
       18.0648256,
       59.3337536
      ],
      [
       18.0651183,
       59.334035
      ],
      [
       18.0654502,
       59.3342538
      ],
      [
       18.0657935,
       59.3344371
      ],
      [
       18.0660778,
       59.3345657
      ],
      [
       18.0665606,
       59.3347189
      ],
      [
       18.0669904,
       59.334812
      ],
      [
       18.0673009,
       59.3348666
      ],
      [
       18.0676871,
       59.3349104
      ],
      [
       18.0680841,
       59.3349295
      ],
      [
       18.0688224,
       59.3349218
      ],
      [
       18.0697375,
       59.3349075
      ],
      [
       18.0705095,
       59.3348612
      ],
      [
       18.0711633,
       59.3348092
      ],
      [
       18.0716286,
       59.3347564
      ],
      [
       18.0724883,
       59.3346477
      ],
      [
       18.073014,
       59.3346012
      ],
      [
       18.0733252,
       59.3345875
      ],
      [
       18.0737253,
       59.3345956
      ],
      [
       18.0740386,
       59.3346245
      ],
      [
       18.0743578,
       59.3346655
      ],
      [
       18.0746555,
       59.3347107
      ],
      [
       18.0749801,
       59.3347736
      ],
      [
       18.0753019,
       59.3348529
      ],
      [
       18.0755144,
       59.3349102
      ],
      [
       18.0765287,
       59.3352214
      ],
      [
       18.077663,
       59.3355682
      ],
      [
       18.0791837,
       59.3360358
      ],
      [
       18.0801567,
       59.3363331
      ],
      [
       18.0807227,
       59.336489
      ],
      [
       18.0814201,
       59.3366477
      ],
      [
       18.0820151,
       59.3367535
      ],
      [
       18.0844883,
       59.3370742
      ],
      [
       18.0864657,
       59.3374019
      ],
      [
       18.0880879,
       59.337775
      ],
      [
       18.0896344,
       59.3381052
      ],
      [
       18.090604,
       59.3388568
      ],
      [
       18.0917664,
       59.3396541
      ],
      [
       18.0930398,
       59.3404414
      ],
      [
       18.0931354,
       59.3404824
      ],
      [
       18.0932363,
       59.3405662
      ],
      [
       18.0932825,
       59.3406022
      ],
      [
       18.093358,
       59.3406617
      ],
      [
       18.0934607,
       59.3407427
      ],
      [
       18.0937689,
       59.3409857
      ],
      [
       18.0941209,
       59.3412468
      ],
      [
       18.094425,
       59.3415399
      ],
      [
       18.0946669,
       59.341722
      ],
      [
       18.0954657,
       59.3423912
      ],
      [
       18.0959166,
       59.342764
      ],
      [
       18.0968068,
       59.3435549
      ],
      [
       18.0969152,
       59.3436848
      ],
      [
       18.0970059,
       59.3437967
      ],
      [
       18.0970305,
       59.3438271
      ],
      [
       18.0978325,
       59.3448528
      ],
      [
       18.0986085,
       59.345841
      ],
      [
       18.0990073,
       59.3463489
      ],
      [
       18.0992004,
       59.3466087
      ],
      [
       18.0993238,
       59.346822
      ],
      [
       18.0994016,
       59.3470203
      ],
      [
       18.0994579,
       59.3472418
      ],
      [
       18.0994901,
       59.3474989
      ],
      [
       18.099474,
       59.3476972
      ],
      [
       18.099415,
       59.3479556
      ],
      [
       18.0993292,
       59.3481416
      ],
      [
       18.0992004,
       59.3483645
      ],
      [
       18.0990934,
       59.3485273
      ],
      [
       18.0985038,
       59.3492478
      ],
      [
       18.098466,
       59.3493033
      ],
      [
       18.0969635,
       59.3517399
      ],
      [
       18.0968675,
       59.3518963
      ],
      [
       18.0966998,
       59.3522155
      ],
      [
       18.0966093,
       59.3523988
      ],
      [
       18.0965374,
       59.3526071
      ],
      [
       18.0965176,
       59.3528164
      ],
      [
       18.0965028,
       59.3530359
      ],
      [
       18.0965351,
       59.3532544
      ],
      [
       18.0965978,
       59.3534861
      ],
      [
       18.0967609,
       59.3538019
      ],
      [
       18.0969066,
       59.3539826
      ],
      [
       18.0971156,
       59.3541638
      ],
      [
       18.0973389,
       59.3543121
      ],
      [
       18.0991125,
       59.3554318
      ],
      [
       18.0996848,
       59.355792
      ],
      [
       18.1007115,
       59.3564441
      ],
      [
       18.1012881,
       59.3568053
      ],
      [
       18.101776,
       59.3571396
      ],
      [
       18.1022239,
       59.3574248
      ]
     ]
    ]
   }
  },
  {
   "type": "Feature",
   "properties": {
    "name": "Röda linjen 14 · Fruängen–Mörby centrum",
    "line": "14"
   },
   "geometry": {
    "type": "MultiLineString",
    "coordinates": [
     [
      [
       17.9647374,
       59.2864602
      ],
      [
       17.9643361,
       59.2885697
      ],
      [
       17.964352,
       59.2887891
      ],
      [
       17.9643805,
       59.2889622
      ],
      [
       17.9644248,
       59.2891361
      ],
      [
       17.9644754,
       59.2892902
      ],
      [
       17.9645322,
       59.289418
      ],
      [
       17.9646154,
       59.2895903
      ],
      [
       17.9647286,
       59.289792
      ],
      [
       17.9648101,
       59.2899214
      ],
      [
       17.9649345,
       59.2900754
      ],
      [
       17.9650263,
       59.2901859
      ],
      [
       17.9651027,
       59.2902735
      ],
      [
       17.9651942,
       59.2903645
      ],
      [
       17.9653121,
       59.2904683
      ],
      [
       17.9656449,
       59.2907743
      ],
      [
       17.9659296,
       59.2909774
      ],
      [
       17.9660683,
       59.2910691
      ],
      [
       17.9662682,
       59.2911923
      ],
      [
       17.9665468,
       59.2913469
      ],
      [
       17.9667906,
       59.2914757
      ],
      [
       17.9671196,
       59.2916334
      ],
      [
       17.9674678,
       59.29178
      ],
      [
       17.9678806,
       59.2919362
      ],
      [
       17.9680011,
       59.2919821
      ],
      [
       17.9685828,
       59.2921635
      ],
      [
       17.9689238,
       59.2922598
      ],
      [
       17.9693216,
       59.2923633
      ],
      [
       17.9703856,
       59.2926193
      ],
      [
       17.9716782,
       59.2929317
      ],
      [
       17.9727594,
       59.293195
      ],
      [
       17.9732875,
       59.2933362
      ],
      [
       17.9737668,
       59.2934721
      ],
      [
       17.9740997,
       59.2935708
      ],
      [
       17.9745902,
       59.2937348
      ],
      [
       17.9749793,
       59.2938701
      ],
      [
       17.975342,
       59.2940017
      ],
      [
       17.9757333,
       59.2941513
      ],
      [
       17.9773638,
       59.2948338
      ],
      [
       17.9781416,
       59.2951636
      ],
      [
       17.9794814,
       59.295603
      ],
      [
       17.9805137,
       59.2958469
      ],
      [
       17.981806,
       59.2960869
      ],
      [
       17.9841446,
       59.2965211
      ],
      [
       17.9869185,
       59.2969644
      ],
      [
       17.9877319,
       59.2970894
      ],
      [
       17.9879907,
       59.297125
      ],
      [
       17.9882482,
       59.2971558
      ],
      [
       17.9885124,
       59.2971866
      ],
      [
       17.9887369,
       59.2972084
      ],
      [
       17.9891105,
       59.2972442
      ],
      [
       17.989468,
       59.2972805
      ],
      [
       17.9897717,
       59.2973161
      ],
      [
       17.9900794,
       59.2973537
      ],
      [
       17.9903323,
       59.2973873
      ],
      [
       17.9917838,
       59.2976029
      ],
      [
       17.992295,
       59.2976752
      ],
      [
       17.9926255,
       59.2977207
      ],
      [
       17.9932921,
       59.2978029
      ],
      [
       17.9939184,
       59.297881
      ],
      [
       17.9963434,
       59.2981818
      ],
      [
       17.9969937,
       59.2982694
      ],
      [
       17.9971654,
       59.2982925
      ],
      [
       17.9977472,
       59.298361
      ],
      [
       17.9982092,
       59.2984206
      ],
      [
       17.9986873,
       59.2984863
      ],
      [
       17.9990583,
       59.2985424
      ],
      [
       17.9996636,
       59.2986376
      ],
      [
       18.0007471,
       59.2988088
      ],
      [
       18.0015606,
       59.2989209
      ],
      [
       18.0034316,
       59.299222
      ],
      [
       18.0045077,
       59.2993969
      ],
      [
       18.0053017,
       59.299538
      ],
      [
       18.0055913,
       59.2995969
      ],
      [
       18.0058327,
       59.2996489
      ],
      [
       18.0060889,
       59.2997078
      ],
      [
       18.0063678,
       59.2997735
      ],
      [
       18.0068037,
       59.2998913
      ],
      [
       18.0073482,
       59.3000501
      ],
      [
       18.0079061,
       59.300246
      ],
      [
       18.0083808,
       59.3004377
      ],
      [
       18.0087724,
       59.3006034
      ],
      [
       18.0091077,
       59.3007677
      ],
      [
       18.0098668,
       59.3011908
      ],
      [
       18.0107515,
       59.3016868
      ],
      [
       18.011342,
       59.3020179
      ],
      [
       18.0119938,
       59.302378
      ],
      [
       18.0124296,
       59.3026238
      ],
      [
       18.0128092,
       59.3028422
      ],
      [
       18.0131243,
       59.3030332
      ],
      [
       18.013536,
       59.3033221
      ],
      [
       18.0140229,
       59.3037301
      ],
      [
       18.0142631,
       59.303969
      ],
      [
       18.0166926,
       59.3065941
      ],
      [
       18.0178705,
       59.3079174
      ],
      [
       18.018405,
       59.3085175
      ],
      [
       18.0186456,
       59.3087391
      ],
      [
       18.0188493,
       59.3089092
      ],
      [
       18.019048,
       59.3090608
      ],
      [
       18.0193296,
       59.3092484
      ],
      [
       18.0196139,
       59.3094086
      ],
      [
       18.0198822,
       59.3095295
      ],
      [
       18.0202615,
       59.3097011
      ],
      [
       18.0205174,
       59.3098071
      ],
      [
       18.0207407,
       59.3098939
      ],
      [
       18.0208582,
       59.3099382
      ],
      [
       18.0210586,
       59.3100087
      ],
      [
       18.021386,
       59.3101311
      ],
      [
       18.021571,
       59.3102013
      ],
      [
       18.0230445,
       59.3107248
      ],
      [
       18.0235471,
       59.3109011
      ],
      [
       18.0238599,
       59.3110185
      ],
      [
       18.0241549,
       59.3111444
      ],
      [
       18.0248347,
       59.3114253
      ],
      [
       18.0257696,
       59.3117618
      ],
      [
       18.0260807,
       59.3118877
      ],
      [
       18.0264831,
       59.312063
      ],
      [
       18.0268426,
       59.3122316
      ],
      [
       18.0271858,
       59.3124024
      ],
      [
       18.0276793,
       59.3126653
      ],
      [
       18.0280977,
       59.3129035
      ],
      [
       18.0288354,
       59.3133401
      ],
      [
       18.0299646,
       59.3140259
      ],
      [
       18.0302569,
       59.3142093
      ],
      [
       18.0308524,
       59.3146104
      ],
      [
       18.0310911,
       59.3147637
      ],
      [
       18.0313969,
       59.3149444
      ],
      [
       18.0316195,
       59.3150539
      ],
      [
       18.0319735,
       59.3152195
      ],
      [
       18.0324,
       59.315392
      ],
      [
       18.0328506,
       59.3155521
      ],
      [
       18.0334085,
       59.3157437
      ],
      [
       18.0339637,
       59.315923
      ],
      [
       18.0344036,
       59.3160531
      ],
      [
       18.0347228,
       59.3161338
      ],
      [
       18.0351493,
       59.3162324
      ],
      [
       18.0355328,
       59.316309
      ],
      [
       18.0365651,
       59.3165126
      ],
      [
       18.0377537,
       59.316747
      ],
      [
       18.0383733,
       59.316851
      ],
      [
       18.0388829,
       59.3169236
      ],
      [
       18.0392718,
       59.3169715
      ],
      [
       18.0396795,
       59.3170112
      ],
      [
       18.0443841,
       59.3174587
      ],
      [
       18.0491403,
       59.3179664
      ],
      [
       18.0506628,
       59.3181289
      ],
      [
       18.0511084,
       59.318165
      ],
      [
       18.0515751,
       59.3181964
      ],
      [
       18.0521303,
       59.3182211
      ],
      [
       18.0526051,
       59.3182361
      ],
      [
       18.0532515,
       59.318232
      ],
      [
       18.0538282,
       59.3182211
      ],
      [
       18.0544129,
       59.3181923
      ],
      [
       18.0549815,
       59.3181513
      ],
      [
       18.0555797,
       59.318091
      ],
      [
       18.0561107,
       59.3180295
      ],
      [
       18.056792,
       59.3179432
      ],
      [
       18.057366,
       59.3178406
      ],
      [
       18.0592006,
       59.3174751
      ],
      [
       18.060632,
       59.3171925
      ],
      [
       18.0618694,
       59.3169482
      ],
      [
       18.0624622,
       59.3168278
      ],
      [
       18.0630362,
       59.3167087
      ],
      [
       18.0655027,
       59.3161966
      ],
      [
       18.0659954,
       59.3160992
      ],
      [
       18.0664829,
       59.3160222
      ],
      [
       18.0668657,
       59.3159815
      ],
      [
       18.0673126,
       59.3159564
      ],
      [
       18.0676609,
       59.3159496
      ],
      [
       18.0680952,
       59.3159645
      ],
      [
       18.0684847,
       59.315995
      ],
      [
       18.0688934,
       59.3160446
      ],
      [
       18.0692337,
       59.3160976
      ],
      [
       18.0697075,
       59.3161926
      ],
      [
       18.0701963,
       59.3163201
      ],
      [
       18.070616,
       59.3164719
      ],
      [
       18.0710189,
       59.316645
      ],
      [
       18.0713157,
       59.316837
      ],
      [
       18.0715924,
       59.3170407
      ],
      [
       18.0718835,
       59.3173201
      ],
      [
       18.0720351,
       59.3174978
      ],
      [
       18.0721645,
       59.3176711
      ],
      [
       18.072258,
       59.3178446
      ],
      [
       18.0723343,
       59.3180163
      ],
      [
       18.0723756,
       59.3181844
      ],
      [
       18.0723965,
       59.3183383
      ],
      [
       18.0724025,
       59.3185126
      ],
      [
       18.0723877,
       59.3186323
      ],
      [
       18.0723689,
       59.3187521
      ],
      [
       18.0723274,
       59.3189061
      ],
      [
       18.0722643,
       59.319086
      ],
      [
       18.0721794,
       59.3192816
      ],
      [
       18.0721047,
       59.3194159
      ],
      [
       18.072039,
       59.3195206
      ],
      [
       18.0719519,
       59.3196526
      ],
      [
       18.0718406,
       59.3197936
      ],
      [
       18.07177,
       59.3198775
      ],
      [
       18.071579,
       59.3200769
      ],
      [
       18.0711147,
       59.3204659
      ],
      [
       18.07097,
       59.3205841
      ],
      [
       18.0705945,
       59.3208263
      ],
      [
       18.0705243,
       59.3208675
      ],
      [
       18.0703291,
       59.3209795
      ],
      [
       18.0700891,
       59.3211355
      ],
      [
       18.0698973,
       59.3212559
      ],
      [
       18.0695018,
       59.3214921
      ],
      [
       18.0687016,
       59.32197
      ],
      [
       18.0685683,
       59.3220496
      ],
      [
       18.0680011,
       59.322432
      ],
      [
       18.067857,
       59.3225308
      ],
      [
       18.067701,
       59.3226462
      ],
      [
       18.0676496,
       59.3226887
      ],
      [
       18.0674774,
       59.3228289
      ],
      [
       18.0672339,
       59.3230418
      ],
      [
       18.0670367,
       59.3232306
      ],
      [
       18.066912,
       59.3233552
      ],
      [
       18.0666491,
       59.3236371
      ],
      [
       18.0665164,
       59.3237958
      ],
      [
       18.066403,
       59.3239401
      ],
      [
       18.0660109,
       59.3244602
      ],
      [
       18.0656825,
       59.3248792
      ],
      [
       18.0654712,
       59.3251358
      ],
      [
       18.0652776,
       59.3253603
      ],
      [
       18.0649208,
       59.3256836
      ],
      [
       18.0646489,
       59.325923
      ],
      [
       18.0643248,
       59.3261751
      ],
      [
       18.0639479,
       59.3264324
      ],
      [
       18.0635821,
       59.326646
      ],
      [
       18.0630856,
       59.326902
      ],
      [
       18.0619043,
       59.3274869
      ],
      [
       18.0615844,
       59.327669
      ],
      [
       18.0612203,
       59.3279001
      ],
      [
       18.0609709,
       59.3280835
      ],
      [
       18.0606303,
       59.3283435
      ],
      [
       18.0603486,
       59.3285884
      ],
      [
       18.0601475,
       59.328784
      ],
      [
       18.0599394,
       59.3290114
      ],
      [
       18.0597958,
       59.3291853
      ],
      [
       18.0596647,
       59.3293696
      ],
      [
       18.0595735,
       59.3295516
      ],
      [
       18.0595158,
       59.3296932
      ],
      [
       18.0594836,
       59.329817
      ],
      [
       18.0594608,
       59.3299525
      ],
      [
       18.059471,
       59.3300833
      ],
      [
       18.0594742,
       59.3301249
      ],
      [
       18.0594894,
       59.3301766
      ],
      [
       18.0595306,
       59.3303164
      ],
      [
       18.0595821,
       59.3304382
      ],
      [
       18.0595913,
       59.3304586
      ],
      [
       18.0597532,
       59.3306995
      ],
      [
       18.0598473,
       59.3308093
      ],
      [
       18.0598859,
       59.3308544
      ],
      [
       18.0598943,
       59.3308624
      ],
      [
       18.0600294,
       59.3309909
      ],
      [
       18.0600477,
       59.3310051
      ],
      [
       18.060134,
       59.3310725
      ],
      [
       18.0602065,
       59.3311291
      ],
      [
       18.0602675,
       59.3311674
      ],
      [
       18.0605203,
       59.3313261
      ],
      [
       18.0607041,
       59.3314296
      ],
      [
       18.0607789,
       59.3314718
      ],
      [
       18.0612526,
       59.3317111
      ],
      [
       18.0615166,
       59.3318288
      ],
      [
       18.0617355,
       59.3319264
      ],
      [
       18.0621307,
       59.3320794
      ],
      [
       18.0623227,
       59.3321538
      ],
      [
       18.0630818,
       59.3324479
      ],
      [
       18.0631511,
       59.3324733
      ],
      [
       18.0633098,
       59.3325314
      ],
      [
       18.0634421,
       59.3325952
      ],
      [
       18.0635631,
       59.3326535
      ],
      [
       18.0636272,
       59.3326844
      ],
      [
       18.06368,
       59.3327169
      ],
      [
       18.0637294,
       59.3327472
      ],
      [
       18.0638167,
       59.3328009
      ],
      [
       18.0639964,
       59.3329404
      ],
      [
       18.0641254,
       59.3330591
      ],
      [
       18.0645436,
       59.333474
      ],
      [
       18.0648256,
       59.3337536
      ],
      [
       18.0651183,
       59.334035
      ],
      [
       18.0654502,
       59.3342538
      ],
      [
       18.0657935,
       59.3344371
      ],
      [
       18.0660778,
       59.3345657
      ],
      [
       18.0665606,
       59.3347189
      ],
      [
       18.0669904,
       59.334812
      ],
      [
       18.0673009,
       59.3348666
      ],
      [
       18.0676871,
       59.3349104
      ],
      [
       18.0680841,
       59.3349295
      ],
      [
       18.0688224,
       59.3349218
      ],
      [
       18.0697375,
       59.3349075
      ],
      [
       18.0705095,
       59.3348612
      ],
      [
       18.0711633,
       59.3348092
      ],
      [
       18.0716286,
       59.3347564
      ],
      [
       18.0724883,
       59.3346477
      ],
      [
       18.073014,
       59.3346012
      ],
      [
       18.0733252,
       59.3345875
      ],
      [
       18.0737253,
       59.3345956
      ],
      [
       18.0740386,
       59.3346245
      ],
      [
       18.0743578,
       59.3346655
      ],
      [
       18.0746555,
       59.3347107
      ],
      [
       18.0749801,
       59.3347736
      ],
      [
       18.0753019,
       59.3348529
      ],
      [
       18.0755144,
       59.3349102
      ],
      [
       18.0765287,
       59.3352214
      ],
      [
       18.077663,
       59.3355682
      ],
      [
       18.0791837,
       59.3360358
      ],
      [
       18.0796069,
       59.3361922
      ],
      [
       18.0800682,
       59.33637
      ],
      [
       18.0803266,
       59.3364741
      ],
      [
       18.0805755,
       59.3365831
      ],
      [
       18.0809123,
       59.3367559
      ],
      [
       18.0813927,
       59.3370607
      ],
      [
       18.0816943,
       59.3373357
      ],
      [
       18.0819415,
       59.3376265
      ],
      [
       18.0820383,
       59.3378202
      ],
      [
       18.0821194,
       59.3380138
      ],
      [
       18.0822144,
       59.3382528
      ],
      [
       18.0822648,
       59.3384525
      ],
      [
       18.0822835,
       59.3386783
      ],
      [
       18.0822627,
       59.3389042
      ],
      [
       18.0822311,
       59.3391308
      ],
      [
       18.0821665,
       59.3393518
      ],
      [
       18.0820232,
       59.3396628
      ],
      [
       18.0818603,
       59.3399697
      ],
      [
       18.0813281,
       59.3405504
      ],
      [
       18.0806036,
       59.3417101
      ],
      [
       18.0803428,
       59.3422603
      ],
      [
       18.0801073,
       59.3425901
      ],
      [
       18.0799588,
       59.3427574
      ],
      [
       18.0797327,
       59.3429828
      ],
      [
       18.0794614,
       59.343191
      ],
      [
       18.079068,
       59.3434208
      ],
      [
       18.0786431,
       59.3436386
      ],
      [
       18.0782142,
       59.3438528
      ],
      [
       18.0777144,
       59.3440309
      ],
      [
       18.0772721,
       59.3441484
      ],
      [
       18.0714394,
       59.3455916
      ],
      [
       18.0707484,
       59.3457265
      ],
      [
       18.0677575,
       59.346737
      ],
      [
       18.0630373,
       59.3487563
      ],
      [
       18.0601579,
       59.3509938
      ],
      [
       18.0599195,
       59.3516148
      ],
      [
       18.0595683,
       59.3525605
      ],
      [
       18.0589968,
       59.354058
      ],
      [
       18.0585971,
       59.355026
      ],
      [
       18.0574126,
       59.3577963
      ],
      [
       18.0557299,
       59.3618625
      ],
      [
       18.0550647,
       59.3634467
      ],
      [
       18.0541716,
       59.3649716
      ],
      [
       18.0535671,
       59.3664618
      ],
      [
       18.050994,
       59.3728046
      ],
      [
       18.0480655,
       59.3754665
      ],
      [
       18.0475827,
       59.3757856
      ],
      [
       18.0473627,
       59.3759147
      ],
      [
       18.0470771,
       59.3760821
      ],
      [
       18.0466801,
       59.3762733
      ],
      [
       18.046267,
       59.3764619
      ],
      [
       18.0457816,
       59.3766532
      ],
      [
       18.0453604,
       59.3767939
      ],
      [
       18.045001,
       59.3769046
      ],
      [
       18.0445155,
       59.3770398
      ],
      [
       18.042292,
       59.3776082
      ],
      [
       18.042282,
       59.3776108
      ],
      [
       18.0414659,
       59.3778227
      ],
      [
       18.041077,
       59.3779211
      ],
      [
       18.0407095,
       59.3780235
      ],
      [
       18.0403393,
       59.3781397
      ],
      [
       18.0399692,
       59.3782749
      ],
      [
       18.0396017,
       59.3784279
      ],
      [
       18.0394136,
       59.3785201
      ],
      [
       18.0393174,
       59.3785673
      ],
      [
       18.0390251,
       59.3787203
      ],
      [
       18.0387568,
       59.3788815
      ],
      [
       18.0384806,
       59.3790619
      ],
      [
       18.0383116,
       59.3791944
      ],
      [
       18.0381212,
       59.3793556
      ],
      [
       18.037971,
       59.3795004
      ],
      [
       18.0378234,
       59.3796521
      ],
      [
       18.0376813,
       59.3798338
      ],
      [
       18.0375445,
       59.3800237
      ],
      [
       18.0370496,
       59.3807408
      ],
      [
       18.036709,
       59.3812279
      ],
      [
       18.0364072,
       59.3817081
      ],
      [
       18.0363026,
       59.3819157
      ],
      [
       18.036198,
       59.3821398
      ],
      [
       18.0361336,
       59.3823379
      ],
      [
       18.0360969,
       59.3825759
      ],
      [
       18.0360983,
       59.3826174
      ],
      [
       18.0361068,
       59.3828597
      ],
      [
       18.0361283,
       59.3830783
      ],
      [
       18.0362034,
       59.3833788
      ],
      [
       18.0364119,
       59.3836982
      ],
      [
       18.036458,
       59.3838486
      ],
      [
       18.036554,
       59.3840428
      ],
      [
       18.0367888,
       59.3844182
      ],
      [
       18.0370119,
       59.3847011
      ],
      [
       18.0372577,
       59.3849779
      ],
      [
       18.0375679,
       59.3852769
      ],
      [
       18.0380754,
       59.3856964
      ],
      [
       18.0382855,
       59.3858519
      ],
      [
       18.038587,
       59.3860526
      ],
      [
       18.0388115,
       59.386184
      ],
      [
       18.0404583,
       59.3870339
      ],
      [
       18.041243,
       59.3876618
      ],
      [
       18.0417801,
       59.3880916
      ],
      [
       18.0418718,
       59.3883487
      ],
      [
       18.0422773,
       59.3894854
      ],
      [
       18.0419207,
       59.3909507
      ],
      [
       18.0415729,
       59.392351
      ],
      [
       18.0399385,
       59.3960221
      ],
      [
       18.0364022,
       59.3985794
      ]
     ]
    ]
   }
  },
  {
   "type": "Feature",
   "properties": {
    "name": "Gröna linjen 17 · Skarpnäck–Hässelby strand",
    "line": "17"
   },
   "geometry": {
    "type": "MultiLineString",
    "coordinates": [
     [
      [
       18.1336852,
       59.2660745
      ],
      [
       18.1337023,
       59.2668097
      ],
      [
       18.1338036,
       59.2696796
      ],
      [
       18.1340095,
       59.2705255
      ],
      [
       18.1340503,
       59.2714359
      ],
      [
       18.133994,
       59.271747
      ],
      [
       18.1339054,
       59.2722143
      ],
      [
       18.1338196,
       59.2725803
      ],
      [
       18.1337151,
       59.2729145
      ],
      [
       18.1336186,
       59.2732228
      ],
      [
       18.1335113,
       59.2734558
      ],
      [
       18.133369,
       59.2736657
      ],
      [
       18.1331598,
       59.2739658
      ],
      [
       18.1330017,
       59.2741958
      ],
      [
       18.1327333,
       59.2745797
      ],
      [
       18.1325511,
       59.2748372
      ],
      [
       18.1323688,
       59.2752128
      ],
      [
       18.1321807,
       59.27542
      ],
      [
       18.1318296,
       59.2757229
      ],
      [
       18.1316989,
       59.2758272
      ],
      [
       18.1313454,
       59.2761069
      ],
      [
       18.1311222,
       59.2763264
      ],
      [
       18.1306861,
       59.2767178
      ],
      [
       18.1303256,
       59.2769565
      ],
      [
       18.1300303,
       59.2771546
      ],
      [
       18.1295934,
       59.277353
      ],
      [
       18.1291422,
       59.2775034
      ],
      [
       18.1286672,
       59.2776207
      ],
      [
       18.1281018,
       59.2777339
      ],
      [
       18.1270685,
       59.2779028
      ],
      [
       18.1262343,
       59.2780412
      ],
      [
       18.1254754,
       59.2781589
      ],
      [
       18.1246921,
       59.2783139
      ],
      [
       18.1235463,
       59.2785706
      ],
      [
       18.1232009,
       59.2786495
      ],
      [
       18.1228788,
       59.2787333
      ],
      [
       18.122511,
       59.2788313
      ],
      [
       18.1221844,
       59.2789363
      ],
      [
       18.1219047,
       59.2790326
      ],
      [
       18.1216773,
       59.2791141
      ],
      [
       18.1213082,
       59.2792617
      ],
      [
       18.1210581,
       59.2793672
      ],
      [
       18.1208053,
       59.2794832
      ],
      [
       18.1204649,
       59.2796512
      ],
      [
       18.1202396,
       59.2797732
      ],
      [
       18.1200331,
       59.279891
      ],
      [
       18.1199092,
       59.2799674
      ],
      [
       18.1195745,
       59.2801868
      ],
      [
       18.1192436,
       59.2804171
      ],
      [
       18.1189538,
       59.2806322
      ],
      [
       18.1187384,
       59.2807913
      ],
      [
       18.1184225,
       59.28101
      ],
      [
       18.1181049,
       59.2812321
      ],
      [
       18.1178742,
       59.2813941
      ],
      [
       18.1176307,
       59.2815653
      ],
      [
       18.1170399,
       59.2819776
      ],
      [
       18.1165703,
       59.2823052
      ],
      [
       18.1162808,
       59.2825105
      ],
      [
       18.1160044,
       59.2827162
      ],
      [
       18.1157549,
       59.2828971
      ],
      [
       18.1155153,
       59.2830867
      ],
      [
       18.1153833,
       59.2831978
      ],
      [
       18.115256,
       59.2833109
      ],
      [
       18.1149933,
       59.2835436
      ],
      [
       18.1149102,
       59.2836299
      ],
      [
       18.1148217,
       59.2837463
      ],
      [
       18.114709,
       59.2838902
      ],
      [
       18.1145935,
       59.2840502
      ],
      [
       18.1145131,
       59.2841836
      ],
      [
       18.1144192,
       59.2843562
      ],
      [
       18.114347,
       59.284495
      ],
      [
       18.1142717,
       59.284674
      ],
      [
       18.1142355,
       59.2847678
      ],
      [
       18.1141986,
       59.2848621
      ],
      [
       18.1141403,
       59.2850789
      ],
      [
       18.1141007,
       59.2852597
      ],
      [
       18.1140812,
       59.2853796
      ],
      [
       18.1140598,
       59.2856111
      ],
      [
       18.1140625,
       59.2857371
      ],
      [
       18.1140651,
       59.2859563
      ],
      [
       18.1140947,
       59.2861495
      ],
      [
       18.1141268,
       59.2863166
      ],
      [
       18.1141671,
       59.2864522
      ],
      [
       18.1142288,
       59.2866331
      ],
      [
       18.11432,
       59.2868687
      ],
      [
       18.1144433,
       59.2871495
      ],
      [
       18.1145721,
       59.2874317
      ],
      [
       18.1146744,
       59.2876671
      ],
      [
       18.1148885,
       59.2881315
      ],
      [
       18.1150166,
       59.288408
      ],
      [
       18.1151802,
       59.2887858
      ],
      [
       18.1152488,
       59.2889545
      ],
      [
       18.1153182,
       59.2891667
      ],
      [
       18.1154143,
       59.2894509
      ],
      [
       18.1154411,
       59.2896043
      ],
      [
       18.1154706,
       59.2898153
      ],
      [
       18.1154803,
       59.2899592
      ],
      [
       18.115488,
       59.2900735
      ],
      [
       18.1154891,
       59.2900969
      ],
      [
       18.1154856,
       59.290345
      ],
      [
       18.115476,
       59.2905385
      ],
      [
       18.1154411,
       59.290796
      ],
      [
       18.1153848,
       59.2910439
      ],
      [
       18.1153054,
       59.2913287
      ],
      [
       18.1152292,
       59.2916535
      ],
      [
       18.1151702,
       59.2919151
      ],
      [
       18.1151222,
       59.2920993
      ],
      [
       18.1150656,
       59.2922876
      ],
      [
       18.1150066,
       59.2924383
      ],
      [
       18.1148698,
       59.2927068
      ],
      [
       18.1146713,
       59.292978
      ],
      [
       18.1145023,
       59.2931629
      ],
      [
       18.1143523,
       59.2933037
      ],
      [
       18.1141071,
       59.2934815
      ],
      [
       18.1139639,
       59.2935808
      ],
      [
       18.1138253,
       59.2936652
      ],
      [
       18.1136215,
       59.2937799
      ],
      [
       18.1133769,
       59.2939008
      ],
      [
       18.1130892,
       59.2940284
      ],
      [
       18.1127691,
       59.2941513
      ],
      [
       18.112472,
       59.2942515
      ],
      [
       18.1121849,
       59.2943325
      ],
      [
       18.111965,
       59.2943887
      ],
      [
       18.111654,
       59.2944597
      ],
      [
       18.1114018,
       59.2945076
      ],
      [
       18.1110853,
       59.2945679
      ],
      [
       18.1107097,
       59.2946188
      ],
      [
       18.1105166,
       59.2946393
      ],
      [
       18.110226,
       59.2946674
      ],
      [
       18.1099175,
       59.2946932
      ],
      [
       18.1096075,
       59.2947144
      ],
      [
       18.1091889,
       59.2947351
      ],
      [
       18.1087839,
       59.2947529
      ],
      [
       18.1076467,
       59.2947734
      ],
      [
       18.1069735,
       59.2947783
      ],
      [
       18.1063002,
       59.2947717
      ],
      [
       18.1060588,
       59.2947693
      ],
      [
       18.10534,
       59.2947638
      ],
      [
       18.1044414,
       59.2947625
      ],
      [
       18.1031888,
       59.294746
      ],
      [
       18.1024137,
       59.2947406
      ],
      [
       18.1018263,
       59.2947392
      ],
      [
       18.1011745,
       59.2947323
      ],
      [
       18.1007426,
       59.2947187
      ],
      [
       18.1002089,
       59.2946981
      ],
      [
       18.0998039,
       59.2946735
      ],
      [
       18.0986098,
       59.294598
      ],
      [
       18.0971941,
       59.2945064
      ],
      [
       18.0965273,
       59.2944617
      ],
      [
       18.0962483,
       59.2944431
      ],
      [
       18.0954844,
       59.2943931
      ],
      [
       18.0949278,
       59.2943584
      ],
      [
       18.0946235,
       59.2943429
      ],
      [
       18.0942816,
       59.2943302
      ],
      [
       18.0940633,
       59.2943269
      ],
      [
       18.093785,
       59.2943277
      ],
      [
       18.0935603,
       59.2943329
      ],
      [
       18.0933103,
       59.294345
      ],
      [
       18.0930959,
       59.2943609
      ],
      [
       18.0928834,
       59.2943816
      ],
      [
       18.0927081,
       59.2944024
      ],
      [
       18.0925267,
       59.2944294
      ],
      [
       18.0923478,
       59.294459
      ],
      [
       18.0921575,
       59.2944951
      ],
      [
       18.0919156,
       59.2945497
      ],
      [
       18.0917443,
       59.2945912
      ],
      [
       18.0915285,
       59.294654
      ],
      [
       18.0913487,
       59.2947113
      ],
      [
       18.0911782,
       59.2947712
      ],
      [
       18.0910252,
       59.2948295
      ],
      [
       18.0908441,
       59.2949042
      ],
      [
       18.0906503,
       59.2949902
      ],
      [
       18.090472,
       59.2950738
      ],
      [
       18.0903421,
       59.2951392
      ],
      [
       18.0902197,
       59.2952001
      ],
      [
       18.0901674,
       59.2952258
      ],
      [
       18.0900086,
       59.2953048
      ],
      [
       18.0895741,
       59.2955445
      ],
      [
       18.0890457,
       59.2958444
      ],
      [
       18.0886621,
       59.2960499
      ],
      [
       18.0884823,
       59.2961537
      ],
      [
       18.0883452,
       59.2962243
      ],
      [
       18.0882445,
       59.2962675
      ],
      [
       18.0881327,
       59.2963171
      ],
      [
       18.0878467,
       59.2964333
      ],
      [
       18.0874954,
       59.2965676
      ],
      [
       18.08727,
       59.2966442
      ],
      [
       18.0869857,
       59.296736
      ],
      [
       18.086806,
       59.2967935
      ],
      [
       18.0866583,
       59.2968359
      ],
      [
       18.0864314,
       59.2968866
      ],
      [
       18.0860614,
       59.2969659
      ],
      [
       18.0858095,
       59.297012
      ],
      [
       18.0850652,
       59.2971354
      ],
      [
       18.0846234,
       59.2972104
      ],
      [
       18.0842938,
       59.2972737
      ],
      [
       18.0837021,
       59.2973974
      ],
      [
       18.0832761,
       59.2974715
      ],
      [
       18.0827692,
       59.2975797
      ],
      [
       18.0823132,
       59.2976754
      ],
      [
       18.081709,
       59.2978812
      ],
      [
       18.0810391,
       59.2983
      ],
      [
       18.0809614,
       59.2983822
      ],
      [
       18.0808594,
       59.2985191
      ],
      [
       18.080787,
       59.2986643
      ],
      [
       18.0807039,
       59.2988313
      ],
      [
       18.0804973,
       59.2993901
      ],
      [
       18.0804517,
       59.2995119
      ],
      [
       18.0803975,
       59.2996455
      ],
      [
       18.0803116,
       59.2998592
      ],
      [
       18.0802629,
       59.3000015
      ],
      [
       18.0802238,
       59.3001391
      ],
      [
       18.0802074,
       59.3002158
      ],
      [
       18.0801944,
       59.3002967
      ],
      [
       18.0801734,
       59.3005074
      ],
      [
       18.080166,
       59.3005827
      ],
      [
       18.0801428,
       59.3006797
      ],
      [
       18.0801028,
       59.3007984
      ],
      [
       18.080051,
       59.3009596
      ],
      [
       18.0800214,
       59.3010475
      ],
      [
       18.0799869,
       59.3011429
      ],
      [
       18.0799439,
       59.3012451
      ],
      [
       18.0797636,
       59.3016433
      ],
      [
       18.079682,
       59.3017907
      ],
      [
       18.0795646,
       59.3020501
      ],
      [
       18.0794363,
       59.3023403
      ],
      [
       18.0793015,
       59.3026289
      ],
      [
       18.079146,
       59.3029163
      ],
      [
       18.0787702,
       59.3035297
      ],
      [
       18.0786043,
       59.3037843
      ],
      [
       18.0782793,
       59.3043065
      ],
      [
       18.0777597,
       59.3051289
      ],
      [
       18.0774634,
       59.3055981
      ],
      [
       18.0771506,
       59.3060984
      ],
      [
       18.0769013,
       59.3064972
      ],
      [
       18.0766272,
       59.3070753
      ],
      [
       18.0758952,
       59.3087542
      ],
      [
       18.0747776,
       59.3116089
      ],
      [
       18.0739399,
       59.3134296
      ],
      [
       18.0732769,
       59.3148705
      ],
      [
       18.0728162,
       59.3158132
      ],
      [
       18.0726726,
       59.3163325
      ],
      [
       18.0726363,
       59.3165815
      ],
      [
       18.0725904,
       59.3168838
      ],
      [
       18.072519,
       59.3171912
      ],
      [
       18.0723204,
       59.3176399
      ],
      [
       18.0722254,
       59.3179706
      ],
      [
       18.0721986,
       59.3181458
      ],
      [
       18.0721691,
       59.3184838
      ],
      [
       18.0721584,
       59.3185851
      ],
      [
       18.0721289,
       59.3188014
      ],
      [
       18.0720731,
       59.3190012
      ],
      [
       18.072027,
       59.3191381
      ],
      [
       18.07198,
       59.3192448
      ],
      [
       18.0719224,
       59.3193611
      ],
      [
       18.0718607,
       59.3194747
      ],
      [
       18.0717856,
       59.3195952
      ],
      [
       18.0716803,
       59.3197541
      ],
      [
       18.07152,
       59.319951
      ],
      [
       18.0713376,
       59.320144
      ],
      [
       18.0709986,
       59.3204328
      ],
      [
       18.070963,
       59.320459
      ],
      [
       18.0705097,
       59.3207917
      ],
      [
       18.0701766,
       59.3210179
      ],
      [
       18.0699818,
       59.3211488
      ],
      [
       18.0697691,
       59.3212856
      ],
      [
       18.0693107,
       59.3215579
      ],
      [
       18.0685045,
       59.3220406
      ],
      [
       18.0678954,
       59.3224053
      ],
      [
       18.0675725,
       59.3226116
      ],
      [
       18.0675044,
       59.3226557
      ],
      [
       18.0673227,
       59.3227854
      ],
      [
       18.0672245,
       59.3228639
      ],
      [
       18.0670944,
       59.3229713
      ],
      [
       18.066971,
       59.3230794
      ],
      [
       18.0668677,
       59.3231752
      ],
      [
       18.06679,
       59.3232594
      ],
      [
       18.0667202,
       59.323334
      ],
      [
       18.0666451,
       59.3234181
      ],
      [
       18.0665553,
       59.3235365
      ],
      [
       18.0664587,
       59.3236733
      ],
      [
       18.0663035,
       59.3239129
      ],
      [
       18.0661328,
       59.3241906
      ],
      [
       18.0659596,
       59.3244508
      ],
      [
       18.0656337,
       59.3248689
      ],
      [
       18.0654226,
       59.3251251
      ],
      [
       18.0652303,
       59.3253483
      ],
      [
       18.064875,
       59.3256702
      ],
      [
       18.0646039,
       59.3259088
      ],
      [
       18.0642815,
       59.3261596
      ],
      [
       18.0639068,
       59.3264154
      ],
      [
       18.0635434,
       59.3266276
      ],
      [
       18.0630482,
       59.326883
      ],
      [
       18.0618614,
       59.3274596
      ],
      [
       18.061521,
       59.3276514
      ],
      [
       18.061164,
       59.3278892
      ],
      [
       18.0609146,
       59.3280725
      ],
      [
       18.0605632,
       59.3283394
      ],
      [
       18.0602923,
       59.3285747
      ],
      [
       18.0600965,
       59.3287703
      ],
      [
       18.0598787,
       59.3289992
      ],
      [
       18.0597264,
       59.3292
      ],
      [
       18.0596164,
       59.3293587
      ],
      [
       18.0595547,
       59.3294818
      ],
      [
       18.0595033,
       59.3296261
      ],
      [
       18.0594635,
       59.3297664
      ],
      [
       18.0594528,
       59.3299292
      ],
      [
       18.0594662,
       59.3300592
      ],
      [
       18.059471,
       59.3300833
      ],
      [
       18.0594894,
       59.3301766
      ],
      [
       18.0594957,
       59.3302083
      ],
      [
       18.0595386,
       59.3303424
      ],
      [
       18.0595821,
       59.3304382
      ],
      [
       18.0595913,
       59.3304586
      ],
      [
       18.0595976,
       59.3304724
      ],
      [
       18.0597445,
       59.3306926
      ],
      [
       18.0598473,
       59.3308093
      ],
      [
       18.0598943,
       59.3308624
      ],
      [
       18.0600477,
       59.3310051
      ],
      [
       18.060075,
       59.3310306
      ],
      [
       18.060134,
       59.3310725
      ],
      [
       18.0602675,
       59.3311674
      ],
      [
       18.0603003,
       59.3311907
      ],
      [
       18.0605605,
       59.3313521
      ],
      [
       18.0607041,
       59.3314296
      ],
      [
       18.0607838,
       59.3314727
      ],
      [
       18.0612583,
       59.3317122
      ],
      [
       18.0615166,
       59.3318288
      ],
      [
       18.0617308,
       59.3319255
      ],
      [
       18.0621307,
       59.3320794
      ],
      [
       18.0627787,
       59.3323289
      ],
      [
       18.0631511,
       59.3324733
      ],
      [
       18.0633152,
       59.3325369
      ],
      [
       18.0634421,
       59.3325952
      ],
      [
       18.0635297,
       59.3326354
      ],
      [
       18.0635631,
       59.3326535
      ],
      [
       18.06368,
       59.3327169
      ],
      [
       18.0637107,
       59.3327335
      ],
      [
       18.0637294,
       59.3327472
      ],
      [
       18.0639657,
       59.3329208
      ],
      [
       18.0642647,
       59.3332127
      ],
      [
       18.0644028,
       59.3334473
      ],
      [
       18.0644739,
       59.3336163
      ],
      [
       18.0645007,
       59.3338023
      ],
      [
       18.0644961,
       59.3340125
      ],
      [
       18.0644417,
       59.3342538
      ],
      [
       18.0642923,
       59.3345379
      ],
      [
       18.0639096,
       59.3350861
      ],
      [
       18.0630906,
       59.335914
      ],
      [
       18.0594083,
       59.3397995
      ],
      [
       18.0588691,
       59.3403684
      ],
      [
       18.0581017,
       59.3411908
      ],
      [
       18.0570585,
       59.3422723
      ],
      [
       18.0568073,
       59.3424874
      ],
      [
       18.0564999,
       59.3427121
      ],
      [
       18.0562186,
       59.3428478
      ],
      [
       18.0559384,
       59.3429337
      ],
      [
       18.055615,
       59.3430026
      ],
      [
       18.0552966,
       59.3430483
      ],
      [
       18.0549983,
       59.3430761
      ],
      [
       18.054695,
       59.3430936
      ],
      [
       18.0531104,
       59.3431466
      ],
      [
       18.0520532,
       59.3431523
      ],
      [
       18.0510333,
       59.3431166
      ],
      [
       18.0507892,
       59.3431036
      ],
      [
       18.0505049,
       59.3430803
      ],
      [
       18.0500978,
       59.3430403
      ],
      [
       18.0496788,
       59.3430037
      ],
      [
       18.0493539,
       59.3429842
      ],
      [
       18.047948,
       59.3429345
      ],
      [
       18.0465057,
       59.3428834
      ],
      [
       18.0455589,
       59.3428369
      ],
      [
       18.0445424,
       59.3427733
      ],
      [
       18.0441508,
       59.3427568
      ],
      [
       18.0436425,
       59.3427378
      ],
      [
       18.042811,
       59.342709
      ],
      [
       18.0424732,
       59.3427015
      ],
      [
       18.0420251,
       59.3426974
      ],
      [
       18.0416577,
       59.3426953
      ],
      [
       18.0413291,
       59.3426906
      ],
      [
       18.0410555,
       59.342683
      ],
      [
       18.0408181,
       59.34267
      ],
      [
       18.040625,
       59.3426577
      ],
      [
       18.0404318,
       59.3426392
      ],
      [
       18.0402723,
       59.3426215
      ],
      [
       18.0400792,
       59.3425921
      ],
      [
       18.0399156,
       59.3425647
      ],
      [
       18.0397338,
       59.3425275
      ],
      [
       18.039536,
       59.3424799
      ],
      [
       18.0393214,
       59.3424177
      ],
      [
       18.0391402,
       59.3423565
      ],
      [
       18.0389794,
       59.342298
      ],
      [
       18.0387542,
       59.3421982
      ],
      [
       18.0385864,
       59.342115
      ],
      [
       18.0384846,
       59.3420566
      ],
      [
       18.0383733,
       59.3419868
      ],
      [
       18.0382834,
       59.341926
      ],
      [
       18.0381748,
       59.3418406
      ],
      [
       18.0380675,
       59.3417469
      ],
      [
       18.0379602,
       59.3416415
      ],
      [
       18.0377644,
       59.3414022
      ],
      [
       18.0375715,
       59.3410891
      ],
      [
       18.037248,
       59.3404538
      ],
      [
       18.0366616,
       59.3395395
      ],
      [
       18.0354666,
       59.3379748
      ],
      [
       18.0344194,
       59.3367224
      ],
      [
       18.0332381,
       59.3352581
      ],
      [
       18.0330395,
       59.334993
      ],
      [
       18.0329425,
       59.3348341
      ],
      [
       18.0328412,
       59.3346019
      ],
      [
       18.0327809,
       59.3344152
      ],
      [
       18.0327018,
       59.3341997
      ],
      [
       18.0326119,
       59.3340376
      ],
      [
       18.0325153,
       59.3338933
      ],
      [
       18.032404,
       59.333751
      ],
      [
       18.0322444,
       59.3335738
      ],
      [
       18.0320419,
       59.3334035
      ],
      [
       18.0317964,
       59.3332214
      ],
      [
       18.0315658,
       59.3330663
      ],
      [
       18.03118,
       59.3328606
      ],
      [
       18.0307337,
       59.3326621
      ],
      [
       18.030332,
       59.3325095
      ],
      [
       18.0298841,
       59.3323494
      ],
      [
       18.0293128,
       59.3321948
      ],
      [
       18.0289614,
       59.332121
      ],
      [
       18.0285328,
       59.332035
      ],
      [
       18.0281621,
       59.3319759
      ],
      [
       18.0277571,
       59.3319226
      ],
      [
       18.0271751,
       59.3318679
      ],
      [
       18.0263406,
       59.3318163
      ],
      [
       18.0257696,
       59.3318077
      ],
      [
       18.0251205,
       59.3318077
      ],
      [
       18.0244446,
       59.3318159
      ],
      [
       18.0238008,
       59.3318131
      ],
      [
       18.0202035,
       59.3316946
      ],
      [
       18.0190765,
       59.3316535
      ],
      [
       18.0179867,
       59.3316088
      ],
      [
       18.017359,
       59.3315802
      ],
      [
       18.0169302,
       59.3315525
      ],
      [
       18.0159777,
       59.3314751
      ],
      [
       18.0154004,
       59.3314353
      ],
      [
       18.0150537,
       59.3314207
      ],
      [
       18.0145724,
       59.3314015
      ],
      [
       18.0140736,
       59.3313903
      ],
      [
       18.013477,
       59.3313867
      ],
      [
       18.0128297,
       59.3313857
      ],
      [
       18.0123391,
       59.331387
      ],
      [
       18.012033,
       59.3313897
      ],
      [
       18.0117515,
       59.3313937
      ],
      [
       18.0112303,
       59.3314082
      ],
      [
       18.0108743,
       59.3314253
      ],
      [
       18.0105304,
       59.3314563
      ],
      [
       18.0102244,
       59.3314949
      ],
      [
       18.0095665,
       59.3315997
      ],
      [
       18.0086089,
       59.3317538
      ],
      [
       18.0059892,
       59.3321821
      ],
      [
       18.0039505,
       59.332516
      ],
      [
       18.002208,
       59.3328231
      ],
      [
       18.0004368,
       59.333134
      ],
      [
       17.9991487,
       59.3333637
      ],
      [
       17.9984581,
       59.3334843
      ],
      [
       17.9981138,
       59.3335377
      ],
      [
       17.9977631,
       59.3335816
      ],
      [
       17.997259,
       59.3336352
      ],
      [
       17.9966928,
       59.3336694
      ],
      [
       17.9955341,
       59.3337188
      ],
      [
       17.9946808,
       59.3337551
      ],
      [
       17.9938278,
       59.3337924
      ],
      [
       17.993308,
       59.3338146
      ],
      [
       17.9927888,
       59.3338285
      ],
      [
       17.9925449,
       59.3338305
      ],
      [
       17.9923027,
       59.3338228
      ],
      [
       17.992063,
       59.3338146
      ],
      [
       17.9918185,
       59.3337953
      ],
      [
       17.9914525,
       59.3337603
      ],
      [
       17.9910859,
       59.3337137
      ],
      [
       17.9907573,
       59.3336741
      ],
      [
       17.9904439,
       59.3336253
      ],
      [
       17.989661,
       59.3334956
      ],
      [
       17.9886957,
       59.3333299
      ],
      [
       17.9882651,
       59.3332567
      ],
      [
       17.9873337,
       59.3331326
      ],
      [
       17.9868265,
       59.3330844
      ],
      [
       17.9862946,
       59.3330473
      ],
      [
       17.985905,
       59.33304
      ],
      [
       17.985597,
       59.3330447
      ],
      [
       17.9852424,
       59.333061
      ],
      [
       17.9849632,
       59.3330778
      ],
      [
       17.9846871,
       59.3330989
      ],
      [
       17.9841691,
       59.333136
      ],
      [
       17.9835671,
       59.333193
      ],
      [
       17.9824555,
       59.3332894
      ],
      [
       17.9821377,
       59.3333171
      ],
      [
       17.9818276,
       59.3333496
      ],
      [
       17.9803098,
       59.3335081
      ],
      [
       17.9798431,
       59.3335588
      ],
      [
       17.9793646,
       59.3336115
      ],
      [
       17.978353,
       59.3337259
      ],
      [
       17.9772438,
       59.3338575
      ],
      [
       17.9770121,
       59.3338794
      ],
      [
       17.9767863,
       59.3338991
      ],
      [
       17.9766072,
       59.333908
      ],
      [
       17.9763737,
       59.3339136
      ],
      [
       17.9760915,
       59.3339134
      ],
      [
       17.9758558,
       59.3339075
      ],
      [
       17.9757055,
       59.3339005
      ],
      [
       17.9755498,
       59.3338902
      ],
      [
       17.9754272,
       59.3338778
      ],
      [
       17.9753069,
       59.3338621
      ],
      [
       17.9751892,
       59.3338417
      ],
      [
       17.9750871,
       59.3338211
      ],
      [
       17.9749746,
       59.3337938
      ],
      [
       17.9748801,
       59.3337689
      ],
      [
       17.9747888,
       59.3337414
      ],
      [
       17.9746932,
       59.3337084
      ],
      [
       17.974609,
       59.3336747
      ],
      [
       17.9745023,
       59.3336294
      ],
      [
       17.9744308,
       59.3335971
      ],
      [
       17.9742621,
       59.3335205
      ],
      [
       17.9741779,
       59.3334823
      ],
      [
       17.9741074,
       59.3334506
      ],
      [
       17.9740337,
       59.3334185
      ],
      [
       17.9739494,
       59.3333846
      ],
      [
       17.9736488,
       59.3332866
      ],
      [
       17.9733296,
       59.33321
      ],
      [
       17.9730239,
       59.3331662
      ],
      [
       17.972651,
       59.3331471
      ],
      [
       17.9723453,
       59.333158
      ],
      [
       17.9719698,
       59.3332004
      ],
      [
       17.9717123,
       59.3332538
      ],
      [
       17.9714414,
       59.3333304
      ],
      [
       17.9701271,
       59.3337906
      ],
      [
       17.969478,
       59.3339954
      ],
      [
       17.9688111,
       59.3341465
      ],
      [
       17.9679029,
       59.3342806
      ],
      [
       17.9674828,
       59.3343382
      ],
      [
       17.9667991,
       59.3344139
      ],
      [
       17.9659093,
       59.3345279
      ],
      [
       17.9648671,
       59.334689
      ],
      [
       17.9638072,
       59.3348765
      ],
      [
       17.9616078,
       59.3352371
      ],
      [
       17.9578793,
       59.3358038
      ],
      [
       17.9555245,
       59.3361518
      ],
      [
       17.9537527,
       59.3364222
      ],
      [
       17.9527162,
       59.3366029
      ],
      [
       17.9521492,
       59.3366929
      ],
      [
       17.950953,
       59.3369056
      ],
      [
       17.9496205,
       59.337213
      ],
      [
       17.9481525,
       59.3376268
      ],
      [
       17.9476277,
       59.3377647
      ],
      [
       17.9470672,
       59.3378844
      ],
      [
       17.9456728,
       59.3380576
      ],
      [
       17.9440801,
       59.3380984
      ],
      [
       17.9415678,
       59.3380999
      ],
      [
       17.9407207,
       59.3381401
      ],
      [
       17.9398609,
       59.3382093
      ],
      [
       17.9393551,
       59.3382764
      ],
      [
       17.9388885,
       59.3383762
      ],
      [
       17.9383894,
       59.3384878
      ],
      [
       17.9378785,
       59.3386275
      ],
      [
       17.9373057,
       59.3388043
      ],
      [
       17.9366695,
       59.339018
      ],
      [
       17.9352886,
       59.3395908
      ],
      [
       17.9348366,
       59.3397525
      ],
      [
       17.9343793,
       59.339897
      ],
      [
       17.9335961,
       59.3401105
      ],
      [
       17.9325849,
       59.3403707
      ],
      [
       17.9317978,
       59.3405743
      ],
      [
       17.9305843,
       59.3408831
      ],
      [
       17.929357,
       59.3411985
      ],
      [
       17.9290478,
       59.3412768
      ],
      [
       17.9276573,
       59.3416134
      ],
      [
       17.9271093,
       59.3417205
      ],
      [
       17.9264642,
       59.341832
      ],
      [
       17.9261538,
       59.3418738
      ],
      [
       17.9257422,
       59.3419167
      ],
      [
       17.9251182,
       59.3419639
      ],
      [
       17.9240002,
       59.3420241
      ],
      [
       17.9233745,
       59.3420536
      ],
      [
       17.9227446,
       59.3420801
      ],
      [
       17.922183,
       59.3420957
      ],
      [
       17.9216076,
       59.342103
      ],
      [
       17.920442,
       59.3421118
      ],
      [
       17.9195258,
       59.3421109
      ],
      [
       17.9181812,
       59.3421187
      ],
      [
       17.9180592,
       59.3421165
      ],
      [
       17.9177646,
       59.3421062
      ],
      [
       17.9172931,
       59.3420923
      ],
      [
       17.9162435,
       59.3420449
      ],
      [
       17.9153073,
       59.3420118
      ],
      [
       17.914358,
       59.3419549
      ],
      [
       17.9132044,
       59.341845
      ],
      [
       17.9119951,
       59.34172
      ],
      [
       17.9111573,
       59.3416414
      ],
      [
       17.9107524,
       59.3416063
      ],
      [
       17.910327,
       59.3415959
      ],
      [
       17.9098328,
       59.3415893
      ],
      [
       17.9094924,
       59.3415918
      ],
      [
       17.9090642,
       59.3416132
      ],
      [
       17.9086294,
       59.3416521
      ],
      [
       17.9081372,
       59.3417103
      ],
      [
       17.9077285,
       59.3417738
      ],
      [
       17.9072808,
       59.3418571
      ],
      [
       17.9069762,
       59.3419282
      ],
      [
       17.9066901,
       59.3420049
      ],
      [
       17.9062838,
       59.3421197
      ],
      [
       17.9057436,
       59.3422609
      ],
      [
       17.9050207,
       59.3424643
      ],
      [
       17.9043578,
       59.3426762
      ],
      [
       17.9037249,
       59.342924
      ],
      [
       17.9028605,
       59.3432738
      ],
      [
       17.902065,
       59.3435766
      ],
      [
       17.9011811,
       59.3439138
      ],
      [
       17.9001629,
       59.3442936
      ],
      [
       17.8993753,
       59.3445901
      ],
      [
       17.8986103,
       59.3448681
      ],
      [
       17.8978956,
       59.3451114
      ],
      [
       17.8973452,
       59.3452718
      ],
      [
       17.8969353,
       59.3453693
      ],
      [
       17.8965088,
       59.345451
      ],
      [
       17.8958351,
       59.3455626
      ],
      [
       17.8951314,
       59.3456725
      ],
      [
       17.8943379,
       59.3457919
      ],
      [
       17.8936582,
       59.3458985
      ],
      [
       17.8932013,
       59.3459597
      ],
      [
       17.8922828,
       59.3460593
      ],
      [
       17.8915263,
       59.3461404
      ],
      [
       17.890109,
       59.3462492
      ],
      [
       17.8888909,
       59.3463347
      ],
      [
       17.8876999,
       59.3465035
      ],
      [
       17.8861764,
       59.3468731
      ],
      [
       17.885223,
       59.3472061
      ],
      [
       17.8849323,
       59.3473304
      ],
      [
       17.884566,
       59.3474528
      ],
      [
       17.884301,
       59.3475649
      ],
      [
       17.8837722,
       59.3478104
      ],
      [
       17.8831494,
       59.3481263
      ],
      [
       17.8827171,
       59.3483829
      ],
      [
       17.8822526,
       59.3486749
      ],
      [
       17.8819897,
       59.3488818
      ],
      [
       17.8817795,
       59.3490632
      ],
      [
       17.8816616,
       59.3491768
      ],
      [
       17.8814098,
       59.3494482
      ],
      [
       17.8812575,
       59.3496294
      ],
      [
       17.8811422,
       59.3498728
      ],
      [
       17.8810832,
       59.3499931
      ],
      [
       17.8809866,
       59.3502666
      ],
      [
       17.8809295,
       59.3505402
      ],
      [
       17.8809148,
       59.3509004
      ],
      [
       17.8809107,
       59.3510926
      ],
      [
       17.880951,
       59.3513346
      ],
      [
       17.8810422,
       59.3517161
      ],
      [
       17.881161,
       59.352081
      ],
      [
       17.8813085,
       59.352416
      ],
      [
       17.8814901,
       59.352907
      ],
      [
       17.8816706,
       59.3533881
      ],
      [
       17.8817393,
       59.3537964
      ],
      [
       17.8817595,
       59.3539153
      ],
      [
       17.8817736,
       59.3540616
      ],
      [
       17.8817779,
       59.3542795
      ],
      [
       17.8817794,
       59.3544306
      ],
      [
       17.8817795,
       59.3545451
      ],
      [
       17.8817725,
       59.3547844
      ],
      [
       17.881761,
       59.3549072
      ],
      [
       17.8817442,
       59.355096
      ],
      [
       17.8817023,
       59.3554498
      ],
      [
       17.8816861,
       59.3556383
      ],
      [
       17.881667,
       59.3557832
      ],
      [
       17.8816648,
       59.3558072
      ],
      [
       17.8816473,
       59.3559606
      ],
      [
       17.8816201,
       59.3561835
      ],
      [
       17.8816001,
       59.3563109
      ],
      [
       17.881571,
       59.3564467
      ],
      [
       17.8815296,
       59.356631
      ],
      [
       17.8814902,
       59.3567571
      ],
      [
       17.8814516,
       59.356869
      ],
      [
       17.8814013,
       59.3570039
      ],
      [
       17.8813352,
       59.3571595
      ],
      [
       17.8812859,
       59.3572681
      ],
      [
       17.8812052,
       59.3574273
      ],
      [
       17.8810234,
       59.3577357
      ],
      [
       17.8808538,
       59.3579808
      ],
      [
       17.8806563,
       59.3582339
      ],
      [
       17.8805206,
       59.358389
      ],
      [
       17.8803737,
       59.3585476
      ],
      [
       17.8802587,
       59.3586644
      ],
      [
       17.8801112,
       59.3588029
      ],
      [
       17.8799125,
       59.3589814
      ],
      [
       17.8797318,
       59.3591321
      ],
      [
       17.8795884,
       59.3592432
      ],
      [
       17.8794104,
       59.3593761
      ],
      [
       17.8792095,
       59.3595174
      ],
      [
       17.879056,
       59.3596207
      ],
      [
       17.878899,
       59.3597211
      ],
      [
       17.8787577,
       59.3598079
      ],
      [
       17.8786134,
       59.359895
      ],
      [
       17.8784731,
       59.3599741
      ],
      [
       17.8782975,
       59.3600697
      ],
      [
       17.8781782,
       59.3601325
      ],
      [
       17.8779623,
       59.3602421
      ],
      [
       17.8777839,
       59.3603312
      ],
      [
       17.8775718,
       59.3604316
      ],
      [
       17.8773612,
       59.3605283
      ],
      [
       17.8771115,
       59.3606432
      ],
      [
       17.8766762,
       59.3608347
      ],
      [
       17.876223,
       59.3610328
      ],
      [
       17.8758602,
       59.3612066
      ],
      [
       17.8755435,
       59.3613501
      ],
      [
       17.872908,
       59.3627008
      ],
      [
       17.8721028,
       59.3631101
      ],
      [
       17.8704187,
       59.3639661
      ],
      [
       17.8698501,
       59.3642811
      ],
      [
       17.8693566,
       59.3645647
      ],
      [
       17.8689301,
       59.3648149
      ],
      [
       17.8688463,
       59.3648646
      ],
      [
       17.8684875,
       59.3650773
      ],
      [
       17.8681407,
       59.3652893
      ],
      [
       17.867825,
       59.3654654
      ],
      [
       17.8675211,
       59.3656296
      ],
      [
       17.8671325,
       59.365839
      ],
      [
       17.8665925,
       59.3661086
      ],
      [
       17.8658657,
       59.3664478
      ],
      [
       17.8651892,
       59.3667307
      ],
      [
       17.8648265,
       59.3668501
      ],
      [
       17.864301,
       59.3670234
      ],
      [
       17.8638581,
       59.367156
      ],
      [
       17.8635607,
       59.3672307
      ],
      [
       17.8632411,
       59.3673064
      ],
      [
       17.8628013,
       59.3674034
      ],
      [
       17.8622997,
       59.3674964
      ],
      [
       17.8617856,
       59.3675687
      ],
      [
       17.8612241,
       59.3676426
      ],
      [
       17.8606153,
       59.3677109
      ],
      [
       17.8599554,
       59.3677752
      ],
      [
       17.8594085,
       59.3678236
      ],
      [
       17.858956,
       59.3678622
      ],
      [
       17.8585223,
       59.3678969
      ],
      [
       17.8577123,
       59.3679393
      ],
      [
       17.8568352,
       59.3679721
      ],
      [
       17.8562909,
       59.3679806
      ],
      [
       17.8544899,
       59.3679981
      ],
      [
       17.8539419,
       59.3679897
      ],
      [
       17.8533787,
       59.3679774
      ],
      [
       17.8526893,
       59.3679474
      ],
      [
       17.8521153,
       59.3679187
      ],
      [
       17.8511632,
       59.3678476
      ],
      [
       17.8501144,
       59.3677697
      ],
      [
       17.8490979,
       59.3676877
      ],
      [
       17.8483951,
       59.3676248
      ],
      [
       17.847738,
       59.3675497
      ],
      [
       17.8468958,
       59.3674321
      ],
      [
       17.8458497,
       59.3672941
      ],
      [
       17.8448143,
       59.367085
      ],
      [
       17.8438882,
       59.3668938
      ],
      [
       17.8425482,
       59.3666431
      ],
      [
       17.8415493,
       59.3664387
      ],
      [
       17.8406489,
       59.3662226
      ],
      [
       17.8401554,
       59.3660941
      ],
      [
       17.8397772,
       59.3659739
      ],
      [
       17.8395036,
       59.3658878
      ],
      [
       17.8390414,
       59.3657348
      ],
      [
       17.8385782,
       59.3655611
      ],
      [
       17.8381544,
       59.365393
      ],
      [
       17.8378371,
       59.3652606
      ],
      [
       17.8373248,
       59.3650323
      ],
      [
       17.836706,
       59.3647479
      ],
      [
       17.8359408,
       59.3644022
      ],
      [
       17.8353247,
       59.3640823
      ],
      [
       17.8350619,
       59.3639251
      ],
      [
       17.8346595,
       59.3636654
      ],
      [
       17.8343028,
       59.3633989
      ],
      [
       17.834048,
       59.3631829
      ],
      [
       17.8336993,
       59.362889
      ],
      [
       17.8334847,
       59.3626662
      ],
      [
       17.833254,
       59.3623683
      ],
      [
       17.8329241,
       59.3618953
      ],
      [
       17.8327481,
       59.3616612
      ],
      [
       17.8324218,
       59.361227
      ]
     ]
    ]
   }
  },
  {
   "type": "Feature",
   "properties": {
    "name": "Gröna linjen 18 · Farsta strand–Hässelby strand",
    "line": "18"
   },
   "geometry": {
    "type": "MultiLineString",
    "coordinates": [
     [
      [
       17.8321953,
       59.3613036
      ],
      [
       17.8424699,
       59.3667477
      ],
      [
       17.8435706,
       59.3669664
      ],
      [
       17.8441507,
       59.3670829
      ],
      [
       17.8446208,
       59.3671832
      ],
      [
       17.8452005,
       59.3672749
      ],
      [
       17.8457929,
       59.3673598
      ],
      [
       17.8464856,
       59.3674271
      ],
      [
       17.8473037,
       59.3675232
      ],
      [
       17.8486545,
       59.3676819
      ],
      [
       17.8508977,
       59.3678661
      ],
      [
       17.8527485,
       59.367991
      ],
      [
       17.8544494,
       59.3680385
      ],
      [
       17.8562267,
       59.3680194
      ],
      [
       17.85707,
       59.3680026
      ],
      [
       17.8578156,
       59.3679644
      ],
      [
       17.8589677,
       59.3679012
      ],
      [
       17.859428,
       59.3678639
      ],
      [
       17.8599598,
       59.3678134
      ],
      [
       17.8606153,
       59.367751
      ],
      [
       17.8611187,
       59.3676947
      ],
      [
       17.8617878,
       59.3676036
      ],
      [
       17.86235,
       59.3675188
      ],
      [
       17.862819,
       59.3674321
      ],
      [
       17.8632503,
       59.3673444
      ],
      [
       17.8635848,
       59.3672626
      ],
      [
       17.863888,
       59.3671877
      ],
      [
       17.8643313,
       59.3670508
      ],
      [
       17.8648603,
       59.3668796
      ],
      [
       17.865225,
       59.3667533
      ],
      [
       17.8659082,
       59.3664752
      ],
      [
       17.866623,
       59.3661432
      ],
      [
       17.8695501,
       59.3646515
      ],
      [
       17.8700591,
       59.3644042
      ],
      [
       17.8706557,
       59.3641074
      ],
      [
       17.8724559,
       59.3631638
      ],
      [
       17.8730196,
       59.3628899
      ],
      [
       17.8738978,
       59.3624608
      ],
      [
       17.8758046,
       59.3615008
      ],
      [
       17.8760467,
       59.3613778
      ],
      [
       17.8762694,
       59.3612598
      ],
      [
       17.8764901,
       59.3611397
      ],
      [
       17.8769086,
       59.360908
      ],
      [
       17.877299,
       59.3606924
      ],
      [
       17.8777184,
       59.3604562
      ],
      [
       17.8779813,
       59.3603092
      ],
      [
       17.8782835,
       59.3601396
      ],
      [
       17.878503,
       59.3600128
      ],
      [
       17.878662,
       59.3599203
      ],
      [
       17.8788048,
       59.359834
      ],
      [
       17.8789559,
       59.3597435
      ],
      [
       17.8791072,
       59.3596447
      ],
      [
       17.8792635,
       59.3595401
      ],
      [
       17.8794678,
       59.3593968
      ],
      [
       17.879645,
       59.3592635
      ],
      [
       17.8797961,
       59.3591456
      ],
      [
       17.8799664,
       59.3590028
      ],
      [
       17.8801622,
       59.3588295
      ],
      [
       17.8803135,
       59.358685
      ],
      [
       17.8804315,
       59.3585673
      ],
      [
       17.8805845,
       59.3584035
      ],
      [
       17.8807148,
       59.358252
      ],
      [
       17.8808211,
       59.3581213
      ],
      [
       17.8809187,
       59.3579937
      ],
      [
       17.8810356,
       59.3578273
      ],
      [
       17.8811485,
       59.3576536
      ],
      [
       17.8812638,
       59.3574453
      ],
      [
       17.8813518,
       59.3572726
      ],
      [
       17.8814004,
       59.3571679
      ],
      [
       17.8814653,
       59.357008
      ],
      [
       17.881513,
       59.3568769
      ],
      [
       17.8815632,
       59.3567239
      ],
      [
       17.8815908,
       59.3566309
      ],
      [
       17.8816317,
       59.3564788
      ],
      [
       17.8816652,
       59.3563496
      ],
      [
       17.8816959,
       59.356215
      ],
      [
       17.8818714,
       59.3554675
      ],
      [
       17.8819342,
       59.3551026
      ],
      [
       17.881956,
       59.354821
      ],
      [
       17.8819583,
       59.3545417
      ],
      [
       17.8819505,
       59.3543431
      ],
      [
       17.8819369,
       59.3542036
      ],
      [
       17.8819171,
       59.3540284
      ],
      [
       17.8818922,
       59.35388
      ],
      [
       17.8818691,
       59.3537778
      ],
      [
       17.8817377,
       59.3533334
      ],
      [
       17.8816143,
       59.3530053
      ],
      [
       17.8814694,
       59.3526334
      ],
      [
       17.8813595,
       59.3523736
      ],
      [
       17.8812575,
       59.352122
      ],
      [
       17.8811503,
       59.3518486
      ],
      [
       17.8810939,
       59.3516503
      ],
      [
       17.8810349,
       59.351411
      ],
      [
       17.880992,
       59.3511198
      ],
      [
       17.8809821,
       59.3509132
      ],
      [
       17.8809974,
       59.3506275
      ],
      [
       17.8810108,
       59.3504306
      ],
      [
       17.8810832,
       59.3501804
      ],
      [
       17.8811878,
       59.3499603
      ],
      [
       17.8813157,
       59.349732
      ],
      [
       17.8815049,
       59.3494859
      ],
      [
       17.8817797,
       59.349223
      ],
      [
       17.8820744,
       59.3490028
      ],
      [
       17.8828762,
       59.3484529
      ],
      [
       17.8833423,
       59.3481828
      ],
      [
       17.8839034,
       59.3479002
      ],
      [
       17.884458,
       59.3476417
      ],
      [
       17.8852945,
       59.3472396
      ],
      [
       17.8862338,
       59.3469239
      ],
      [
       17.8877337,
       59.3465571
      ],
      [
       17.8889361,
       59.3463972
      ],
      [
       17.8915403,
       59.3462011
      ],
      [
       17.8932155,
       59.3460452
      ],
      [
       17.8943865,
       59.3458865
      ],
      [
       17.8952667,
       59.3457485
      ],
      [
       17.8961647,
       59.3455844
      ],
      [
       17.8972281,
       59.3453446
      ],
      [
       17.8983067,
       59.3450359
      ],
      [
       17.8990827,
       59.3447442
      ],
      [
       17.8992729,
       59.3446727
      ],
      [
       17.9012386,
       59.3439428
      ],
      [
       17.9025652,
       59.3434626
      ],
      [
       17.9045565,
       59.3426573
      ],
      [
       17.9057405,
       59.3423055
      ],
      [
       17.9063356,
       59.3421652
      ],
      [
       17.9067445,
       59.3420742
      ],
      [
       17.9072266,
       59.3419803
      ],
      [
       17.9087467,
       59.3417358
      ],
      [
       17.9095591,
       59.3416739
      ],
      [
       17.910393,
       59.3416551
      ],
      [
       17.9110923,
       59.3416689
      ],
      [
       17.9119107,
       59.341735
      ],
      [
       17.9133713,
       59.3419133
      ],
      [
       17.9142781,
       59.3419859
      ],
      [
       17.9156029,
       59.342049
      ],
      [
       17.91763,
       59.3421411
      ],
      [
       17.9180673,
       59.3421516
      ],
      [
       17.9181739,
       59.3421541
      ],
      [
       17.9190929,
       59.3421822
      ],
      [
       17.9213484,
       59.3422471
      ],
      [
       17.9218165,
       59.3422579
      ],
      [
       17.922197,
       59.3422641
      ],
      [
       17.9225759,
       59.3422616
      ],
      [
       17.923224,
       59.3422406
      ],
      [
       17.9240678,
       59.3422026
      ],
      [
       17.9247698,
       59.342152
      ],
      [
       17.9253654,
       59.3420967
      ],
      [
       17.9257896,
       59.3420439
      ],
      [
       17.9262062,
       59.3419822
      ],
      [
       17.926705,
       59.341889
      ],
      [
       17.9272842,
       59.3417606
      ],
      [
       17.9279304,
       59.3415957
      ],
      [
       17.9290665,
       59.3413051
      ],
      [
       17.9293886,
       59.3412254
      ],
      [
       17.9306141,
       59.3409109
      ],
      [
       17.9318182,
       59.3406026
      ],
      [
       17.9326082,
       59.3403985
      ],
      [
       17.9336169,
       59.3401395
      ],
      [
       17.9344076,
       59.3399274
      ],
      [
       17.9348655,
       59.3397845
      ],
      [
       17.9353252,
       59.3396199
      ],
      [
       17.935997,
       59.3393272
      ],
      [
       17.9366985,
       59.3390501
      ],
      [
       17.9371421,
       59.338895
      ],
      [
       17.9374789,
       59.3387864
      ],
      [
       17.9378868,
       59.3386685
      ],
      [
       17.9381904,
       59.3385931
      ],
      [
       17.9386587,
       59.3384929
      ],
      [
       17.9389327,
       59.3384379
      ],
      [
       17.9393035,
       59.338379
      ],
      [
       17.9400317,
       59.338289
      ],
      [
       17.9407636,
       59.3382295
      ],
      [
       17.941549,
       59.3381794
      ],
      [
       17.9421455,
       59.3381579
      ],
      [
       17.9426189,
       59.3381452
      ],
      [
       17.9434938,
       59.3381319
      ],
      [
       17.9440875,
       59.338141
      ],
      [
       17.9447051,
       59.3381296
      ],
      [
       17.9453665,
       59.3381072
      ],
      [
       17.9458376,
       59.3380825
      ],
      [
       17.9464625,
       59.3380026
      ],
      [
       17.9470095,
       59.3379383
      ],
      [
       17.9474959,
       59.3378377
      ],
      [
       17.9480173,
       59.3377041
      ],
      [
       17.9488748,
       59.3374684
      ],
      [
       17.9493669,
       59.3373289
      ],
      [
       17.9498851,
       59.3371914
      ],
      [
       17.9508803,
       59.3369706
      ],
      [
       17.9517398,
       59.3368064
      ],
      [
       17.9521953,
       59.3367454
      ],
      [
       17.9527694,
       59.3366677
      ],
      [
       17.9538337,
       59.3365156
      ],
      [
       17.9555666,
       59.3362153
      ],
      [
       17.9578966,
       59.335831
      ],
      [
       17.9616318,
       59.3352628
      ],
      [
       17.9638478,
       59.3349347
      ],
      [
       17.9649317,
       59.3347762
      ],
      [
       17.9659453,
       59.3346183
      ],
      [
       17.9668276,
       59.3344874
      ],
      [
       17.9675496,
       59.334381
      ],
      [
       17.9679916,
       59.334312
      ],
      [
       17.9688371,
       59.3341799
      ],
      [
       17.969234,
       59.3340965
      ],
      [
       17.9696283,
       59.3339966
      ],
      [
       17.9700682,
       59.3338612
      ],
      [
       17.9706448,
       59.3336491
      ],
      [
       17.9714119,
       59.3333755
      ],
      [
       17.9717632,
       59.333277
      ],
      [
       17.9720341,
       59.3332209
      ],
      [
       17.9723641,
       59.3331895
      ],
      [
       17.9726886,
       59.3331785
      ],
      [
       17.9729649,
       59.3331977
      ],
      [
       17.9732814,
       59.3332415
      ],
      [
       17.9734799,
       59.3332825
      ],
      [
       17.9736971,
       59.3333413
      ],
      [
       17.973876,
       59.3333985
      ],
      [
       17.9739685,
       59.333434
      ],
      [
       17.9740855,
       59.3334821
      ],
      [
       17.9741923,
       59.3335287
      ],
      [
       17.9745437,
       59.3336892
      ],
      [
       17.9746664,
       59.333744
      ],
      [
       17.9747994,
       59.3337988
      ],
      [
       17.9749177,
       59.3338449
      ],
      [
       17.9750457,
       59.333888
      ],
      [
       17.9751529,
       59.3339206
      ],
      [
       17.9752767,
       59.3339557
      ],
      [
       17.9753955,
       59.3339865
      ],
      [
       17.9754823,
       59.3340062
      ],
      [
       17.9755835,
       59.3340267
      ],
      [
       17.9756947,
       59.3340475
      ],
      [
       17.9758158,
       59.3340674
      ],
      [
       17.9759251,
       59.3340835
      ],
      [
       17.9760191,
       59.334096
      ],
      [
       17.9761581,
       59.3341111
      ],
      [
       17.9763108,
       59.3341231
      ],
      [
       17.9764363,
       59.3341297
      ],
      [
       17.9765772,
       59.3341347
      ],
      [
       17.9767299,
       59.3341369
      ],
      [
       17.9768854,
       59.334135
      ],
      [
       17.9770608,
       59.3341287
      ],
      [
       17.9771974,
       59.3341197
      ],
      [
       17.9773259,
       59.334109
      ],
      [
       17.9777124,
       59.3340677
      ],
      [
       17.97845,
       59.3339788
      ],
      [
       17.9788235,
       59.3339314
      ],
      [
       17.9799356,
       59.3337941
      ],
      [
       17.980408,
       59.3337363
      ],
      [
       17.9821033,
       59.3335273
      ],
      [
       17.9823903,
       59.3334931
      ],
      [
       17.9827748,
       59.3334466
      ],
      [
       17.9829718,
       59.3334197
      ],
      [
       17.9831427,
       59.333393
      ],
      [
       17.983649,
       59.3333118
      ],
      [
       17.9841632,
       59.3332195
      ],
      [
       17.9847828,
       59.3331374
      ],
      [
       17.9849824,
       59.3331167
      ],
      [
       17.9852561,
       59.3330947
      ],
      [
       17.9856041,
       59.3330786
      ],
      [
       17.9859174,
       59.333075
      ],
      [
       17.9862866,
       59.3330818
      ],
      [
       17.9868128,
       59.3331137
      ],
      [
       17.9873177,
       59.3331658
      ],
      [
       17.9882319,
       59.3333
      ],
      [
       17.9886571,
       59.33338
      ],
      [
       17.9896148,
       59.3335483
      ],
      [
       17.9904094,
       59.3336717
      ],
      [
       17.9907225,
       59.333716
      ],
      [
       17.991065,
       59.3337551
      ],
      [
       17.9914367,
       59.3337986
      ],
      [
       17.9918115,
       59.3338325
      ],
      [
       17.992058,
       59.333849
      ],
      [
       17.9922995,
       59.3338562
      ],
      [
       17.9925449,
       59.3338624
      ],
      [
       17.9927873,
       59.3338612
      ],
      [
       17.9933146,
       59.3338456
      ],
      [
       17.9938338,
       59.3338214
      ],
      [
       17.9946863,
       59.3337845
      ],
      [
       17.9955499,
       59.3337482
      ],
      [
       17.9966911,
       59.3337013
      ],
      [
       17.9972636,
       59.3336673
      ],
      [
       17.9977801,
       59.3336147
      ],
      [
       17.9981319,
       59.3335679
      ],
      [
       17.9984836,
       59.3335146
      ],
      [
       17.9991751,
       59.3334012
      ],
      [
       18.0004734,
       59.3331882
      ],
      [
       18.0022558,
       59.332897
      ],
      [
       18.0027903,
       59.3328121
      ],
      [
       18.0030815,
       59.332766
      ],
      [
       18.0056214,
       59.3323102
      ],
      [
       18.0063629,
       59.3321742
      ],
      [
       18.0066159,
       59.3321292
      ],
      [
       18.0071235,
       59.3320389
      ],
      [
       18.0081874,
       59.3318569
      ],
      [
       18.0086386,
       59.3317802
      ],
      [
       18.0095886,
       59.3316262
      ],
      [
       18.0102426,
       59.3315231
      ],
      [
       18.0105817,
       59.3314822
      ],
      [
       18.0109148,
       59.3314521
      ],
      [
       18.0112416,
       59.3314384
      ],
      [
       18.0117542,
       59.3314272
      ],
      [
       18.0120206,
       59.3314283
      ],
      [
       18.0123174,
       59.3314311
      ],
      [
       18.0127417,
       59.3314435
      ],
      [
       18.0141923,
       59.3314972
      ],
      [
       18.0156514,
       59.3315534
      ],
      [
       18.0169821,
       59.3316043
      ],
      [
       18.017981,
       59.3316438
      ],
      [
       18.0190737,
       59.3316874
      ],
      [
       18.0202052,
       59.3317294
      ],
      [
       18.0250025,
       59.3319034
      ],
      [
       18.0260324,
       59.3319691
      ],
      [
       18.0267405,
       59.3320402
      ],
      [
       18.0278912,
       59.3321853
      ],
      [
       18.0284789,
       59.3322728
      ],
      [
       18.0290714,
       59.332385
      ],
      [
       18.0295461,
       59.3325109
      ],
      [
       18.0299994,
       59.3326709
      ],
      [
       18.0304205,
       59.3328392
      ],
      [
       18.0308098,
       59.3330107
      ],
      [
       18.0312451,
       59.3332266
      ],
      [
       18.031494,
       59.3333721
      ],
      [
       18.0317339,
       59.3335162
      ],
      [
       18.031995,
       59.3336997
      ],
      [
       18.0322015,
       59.3338591
      ],
      [
       18.0323276,
       59.3339747
      ],
      [
       18.0324349,
       59.3341081
      ],
      [
       18.0325341,
       59.3342414
      ],
      [
       18.0326401,
       59.3344343
      ],
      [
       18.0327635,
       59.3346464
      ],
      [
       18.0328734,
       59.334842
      ],
      [
       18.0329729,
       59.3350049
      ],
      [
       18.0331726,
       59.3352713
      ],
      [
       18.0343177,
       59.336741
      ],
      [
       18.0353,
       59.3380094
      ],
      [
       18.0365732,
       59.339549
      ],
      [
       18.0371369,
       59.3404612
      ],
      [
       18.0373465,
       59.3410789
      ],
      [
       18.037566,
       59.3414145
      ],
      [
       18.0377296,
       59.3416197
      ],
      [
       18.0378744,
       59.341766
      ],
      [
       18.0380595,
       59.3419233
      ],
      [
       18.0381963,
       59.3420163
      ],
      [
       18.0383452,
       59.3421093
      ],
      [
       18.0384956,
       59.3421902
      ],
      [
       18.0386322,
       59.3422556
      ],
      [
       18.0387515,
       59.342309
      ],
      [
       18.0390384,
       59.3424211
      ],
      [
       18.0392504,
       59.3424882
      ],
      [
       18.0394257,
       59.342538
      ],
      [
       18.0396017,
       59.3425797
      ],
      [
       18.0397517,
       59.3426147
      ],
      [
       18.0399558,
       59.3426536
      ],
      [
       18.0402683,
       59.3427022
      ],
      [
       18.0404989,
       59.3427309
      ],
      [
       18.0408114,
       59.3427658
      ],
      [
       18.0410233,
       59.3427812
      ],
      [
       18.0412768,
       59.3427986
      ],
      [
       18.0415598,
       59.3428136
      ],
      [
       18.0425594,
       59.3428487
      ],
      [
       18.0434239,
       59.3428766
      ],
      [
       18.0444851,
       59.3429139
      ],
      [
       18.0449702,
       59.3429312
      ],
      [
       18.0455267,
       59.3429504
      ],
      [
       18.0456016,
       59.342953
      ],
      [
       18.0464857,
       59.3429841
      ],
      [
       18.0479116,
       59.3430357
      ],
      [
       18.0493243,
       59.3430867
      ],
      [
       18.0498907,
       59.3431107
      ],
      [
       18.0504996,
       59.3431282
      ],
      [
       18.0520472,
       59.3431901
      ],
      [
       18.0531171,
       59.3432017
      ],
      [
       18.0547227,
       59.3431635
      ],
      [
       18.0550255,
       59.3431493
      ],
      [
       18.0553283,
       59.3431223
      ],
      [
       18.0556588,
       59.3430769
      ],
      [
       18.0559943,
       59.3430085
      ],
      [
       18.0562961,
       59.3429223
      ],
      [
       18.056616,
       59.3427717
      ],
      [
       18.0569752,
       59.3425373
      ],
      [
       18.0572491,
       59.342319
      ],
      [
       18.0582444,
       59.3412372
      ],
      [
       18.0590177,
       59.340417
      ],
      [
       18.063226,
       59.3359466
      ],
      [
       18.064604,
       59.3345089
      ],
      [
       18.0647253,
       59.3342876
      ],
      [
       18.064777,
       59.3340985
      ],
      [
       18.0648172,
       59.3338899
      ],
      [
       18.0648256,
       59.3337536
      ],
      [
       18.0648333,
       59.3336299
      ],
      [
       18.0648246,
       59.3334148
      ],
      [
       18.0647526,
       59.3332571
      ],
      [
       18.0645972,
       59.3330882
      ],
      [
       18.0643639,
       59.3329062
      ],
      [
       18.0639964,
       59.3326723
      ],
      [
       18.0636129,
       59.3324835
      ],
      [
       18.0634194,
       59.3323981
      ],
      [
       18.0627385,
       59.3321497
      ],
      [
       18.0623093,
       59.3319883
      ],
      [
       18.0619029,
       59.3318273
      ],
      [
       18.0614624,
       59.3316345
      ],
      [
       18.061105,
       59.3314615
      ],
      [
       18.060737,
       59.3312601
      ],
      [
       18.0604853,
       59.3311034
      ],
      [
       18.0603003,
       59.3309649
      ],
      [
       18.060118,
       59.3307966
      ],
      [
       18.0599624,
       59.3306092
      ],
      [
       18.0598336,
       59.3304081
      ],
      [
       18.0597451,
       59.3302371
      ],
      [
       18.0597103,
       59.3301208
      ],
      [
       18.0596915,
       59.3299716
      ],
      [
       18.0597022,
       59.3298225
      ],
      [
       18.0597156,
       59.3296884
      ],
      [
       18.0597532,
       59.3295762
      ],
      [
       18.0598229,
       59.3294216
      ],
      [
       18.0599061,
       59.3292793
      ],
      [
       18.0600883,
       59.3290475
      ],
      [
       18.0602816,
       59.3288258
      ],
      [
       18.0604801,
       59.3286335
      ],
      [
       18.0607617,
       59.3283859
      ],
      [
       18.0610567,
       59.3281601
      ],
      [
       18.0612901,
       59.3279836
      ],
      [
       18.061692,
       59.3277192
      ],
      [
       18.0620438,
       59.3275116
      ],
      [
       18.0631916,
       59.3269559
      ],
      [
       18.0636918,
       59.326698
      ],
      [
       18.0640644,
       59.3264804
      ],
      [
       18.0644474,
       59.3262189
      ],
      [
       18.0647763,
       59.3259631
      ],
      [
       18.0650508,
       59.3257215
      ],
      [
       18.0654117,
       59.3253945
      ],
      [
       18.0656087,
       59.325166
      ],
      [
       18.0658209,
       59.3249083
      ],
      [
       18.0661531,
       59.3245004
      ],
      [
       18.0663528,
       59.3242515
      ],
      [
       18.0665778,
       59.3239856
      ],
      [
       18.0671671,
       59.3234028
      ],
      [
       18.0676934,
       59.3228893
      ],
      [
       18.0678563,
       59.3227358
      ],
      [
       18.0679439,
       59.3226593
      ],
      [
       18.0680747,
       59.3225505
      ],
      [
       18.0681921,
       59.3224656
      ],
      [
       18.0683993,
       59.3223186
      ],
      [
       18.0685026,
       59.322249
      ],
      [
       18.0685833,
       59.3221946
      ],
      [
       18.0687359,
       59.3220996
      ],
      [
       18.0699657,
       59.321368
      ],
      [
       18.0701897,
       59.3212272
      ],
      [
       18.0704038,
       59.3210899
      ],
      [
       18.0707288,
       59.3208811
      ],
      [
       18.070935,
       59.3207431
      ],
      [
       18.0710033,
       59.3206971
      ],
      [
       18.0712724,
       59.3205115
      ],
      [
       18.0719917,
       59.319945
      ],
      [
       18.0721611,
       59.3197676
      ],
      [
       18.0723327,
       59.3195432
      ],
      [
       18.0724563,
       59.3193358
      ],
      [
       18.0725688,
       59.3191148
      ],
      [
       18.072668,
       59.3188739
      ],
      [
       18.072727,
       59.3186577
      ],
      [
       18.0727458,
       59.3184017
      ],
      [
       18.0727243,
       59.3181266
      ],
      [
       18.0727089,
       59.3178368
      ],
      [
       18.0727053,
       59.3175692
      ],
      [
       18.0727079,
       59.317237
      ],
      [
       18.0727259,
       59.3167857
      ],
      [
       18.0727565,
       59.3165833
      ],
      [
       18.0727942,
       59.3163344
      ],
      [
       18.0729697,
       59.3158169
      ],
      [
       18.0733922,
       59.3148869
      ],
      [
       18.0748346,
       59.3116125
      ],
      [
       18.0759597,
       59.3087583
      ],
      [
       18.0766963,
       59.3070794
      ],
      [
       18.0769616,
       59.3065038
      ],
      [
       18.0772058,
       59.3061128
      ],
      [
       18.0775221,
       59.3056071
      ],
      [
       18.0778096,
       59.3051402
      ],
      [
       18.0783335,
       59.3043131
      ],
      [
       18.0786538,
       59.3037958
      ],
      [
       18.0788196,
       59.3035444
      ],
      [
       18.0792138,
       59.3029234
      ],
      [
       18.0795676,
       59.3023584
      ],
      [
       18.07973,
       59.3020907
      ],
      [
       18.0798452,
       59.3019016
      ],
      [
       18.0800548,
       59.3014181
      ],
      [
       18.0802157,
       59.3010347
      ],
      [
       18.0802693,
       59.3008978
      ],
      [
       18.0803284,
       59.3007458
      ],
      [
       18.0803877,
       59.3006088
      ],
      [
       18.0804383,
       59.3005041
      ],
      [
       18.0804889,
       59.3004126
      ],
      [
       18.0805859,
       59.3002592
      ],
      [
       18.0806695,
       59.3001157
      ],
      [
       18.0808353,
       59.2998694
      ],
      [
       18.0808646,
       59.2998229
      ],
      [
       18.0809801,
       59.2996393
      ],
      [
       18.0810955,
       59.2994736
      ],
      [
       18.0814493,
       59.298868
      ],
      [
       18.0819452,
       59.2980435
      ],
      [
       18.0822278,
       59.297861
      ],
      [
       18.0824665,
       59.2977513
      ],
      [
       18.0829108,
       59.2976043
      ],
      [
       18.0832467,
       59.2975207
      ],
      [
       18.0837227,
       59.2974355
      ],
      [
       18.0846557,
       59.2972777
      ],
      [
       18.0851109,
       59.2971989
      ],
      [
       18.0858646,
       59.2970702
      ],
      [
       18.0861207,
       59.2970228
      ],
      [
       18.0864682,
       59.2969516
      ],
      [
       18.0867121,
       59.2968976
      ],
      [
       18.0868738,
       59.2968562
      ],
      [
       18.087046,
       59.296811
      ],
      [
       18.0871963,
       59.2967687
      ],
      [
       18.087484,
       59.2966789
      ],
      [
       18.0875502,
       59.296658
      ],
      [
       18.0876906,
       59.2966112
      ],
      [
       18.0878328,
       59.2965599
      ],
      [
       18.0882598,
       59.2963991
      ],
      [
       18.0885253,
       59.2962937
      ],
      [
       18.0886809,
       59.296232
      ],
      [
       18.0889089,
       59.2961334
      ],
      [
       18.0891041,
       59.2960478
      ],
      [
       18.0891556,
       59.2960252
      ],
      [
       18.0894319,
       59.2959006
      ],
      [
       18.0898017,
       59.29571
      ],
      [
       18.0901776,
       59.295524
      ],
      [
       18.0903659,
       59.2954388
      ],
      [
       18.0904685,
       59.2953931
      ],
      [
       18.0905267,
       59.2953669
      ],
      [
       18.0908935,
       59.2951881
      ],
      [
       18.0909847,
       59.2951363
      ],
      [
       18.0910865,
       59.2950764
      ],
      [
       18.0911735,
       59.2950213
      ],
      [
       18.0912615,
       59.2949589
      ],
      [
       18.0913797,
       59.2948659
      ],
      [
       18.0914124,
       59.2948375
      ],
      [
       18.0914847,
       59.2947708
      ],
      [
       18.0915576,
       59.2946982
      ],
      [
       18.0916473,
       59.2945909
      ],
      [
       18.0916978,
       59.2945241
      ],
      [
       18.0917467,
       59.2944534
      ],
      [
       18.0918001,
       59.2943597
      ],
      [
       18.0918386,
       59.2942827
      ],
      [
       18.0918783,
       59.2941745
      ],
      [
       18.091897,
       59.2941145
      ],
      [
       18.091919,
       59.2940316
      ],
      [
       18.0919298,
       59.2939635
      ],
      [
       18.091936,
       59.2938851
      ],
      [
       18.0919383,
       59.2937987
      ],
      [
       18.0919209,
       59.2935833
      ],
      [
       18.0918906,
       59.2934483
      ],
      [
       18.0918331,
       59.2931726
      ],
      [
       18.0918266,
       59.2931449
      ],
      [
       18.0916873,
       59.2924628
      ],
      [
       18.0914355,
       59.2912685
      ],
      [
       18.0912486,
       59.2903882
      ],
      [
       18.0912259,
       59.2902726
      ],
      [
       18.0911909,
       59.2901242
      ],
      [
       18.0911135,
       59.2897701
      ],
      [
       18.0910839,
       59.2894565
      ],
      [
       18.0910776,
       59.2893251
      ],
      [
       18.0910806,
       59.2892181
      ],
      [
       18.091089,
       59.2891055
      ],
      [
       18.0911075,
       59.2888057
      ],
      [
       18.0911626,
       59.2883233
      ],
      [
       18.0912132,
       59.2877019
      ],
      [
       18.0912309,
       59.2875314
      ],
      [
       18.0912599,
       59.2873625
      ],
      [
       18.0912993,
       59.2872057
      ],
      [
       18.0913366,
       59.2870906
      ],
      [
       18.0914015,
       59.2869193
      ],
      [
       18.091453,
       59.2868012
      ],
      [
       18.0915357,
       59.2866257
      ],
      [
       18.0918001,
       59.2861563
      ],
      [
       18.0920034,
       59.2857903
      ],
      [
       18.0923849,
       59.2849689
      ],
      [
       18.0924975,
       59.2847114
      ],
      [
       18.0925819,
       59.2845319
      ],
      [
       18.0927185,
       59.2842805
      ],
      [
       18.0928408,
       59.2840721
      ],
      [
       18.0929921,
       59.2838345
      ],
      [
       18.0933149,
       59.2833708
      ],
      [
       18.0935494,
       59.2830325
      ],
      [
       18.0936923,
       59.2828297
      ],
      [
       18.0937218,
       59.2827879
      ],
      [
       18.0939367,
       59.2824821
      ],
      [
       18.0942815,
       59.2819716
      ],
      [
       18.0947544,
       59.2812471
      ],
      [
       18.0949162,
       59.2809986
      ],
      [
       18.0951202,
       59.2806782
      ],
      [
       18.0951998,
       59.2805415
      ],
      [
       18.095279,
       59.2803741
      ],
      [
       18.0953321,
       59.2802567
      ],
      [
       18.095389,
       59.2800879
      ],
      [
       18.0954236,
       59.279967
      ],
      [
       18.0954708,
       59.2797197
      ],
      [
       18.0954977,
       59.2794752
      ],
      [
       18.0955205,
       59.2792251
      ],
      [
       18.0955177,
       59.2789662
      ],
      [
       18.0955043,
       59.2787825
      ],
      [
       18.0954506,
       59.2783769
      ],
      [
       18.0953621,
       59.2779302
      ],
      [
       18.0953076,
       59.2776424
      ],
      [
       18.095228,
       59.2771725
      ],
      [
       18.0951556,
       59.2768107
      ],
      [
       18.0950939,
       59.2765832
      ],
      [
       18.0950161,
       59.2764037
      ],
      [
       18.0948981,
       59.2761803
      ],
      [
       18.0948149,
       59.2760675
      ],
      [
       18.0947313,
       59.2759593
      ],
      [
       18.0946352,
       59.2758569
      ],
      [
       18.0944823,
       59.2757089
      ],
      [
       18.0943053,
       59.2755554
      ],
      [
       18.0941256,
       59.2754198
      ],
      [
       18.0939023,
       59.2752812
      ],
      [
       18.0937295,
       59.2751824
      ],
      [
       18.0935245,
       59.2750774
      ],
      [
       18.0932547,
       59.274951
      ],
      [
       18.0929442,
       59.2748163
      ],
      [
       18.0926061,
       59.2746682
      ],
      [
       18.0921457,
       59.2744686
      ],
      [
       18.0916319,
       59.2742416
      ],
      [
       18.090797,
       59.2738794
      ],
      [
       18.0904043,
       59.2737061
      ],
      [
       18.0900781,
       59.2735451
      ],
      [
       18.0895149,
       59.2732614
      ],
      [
       18.0891096,
       59.2730506
      ],
      [
       18.0887761,
       59.2728785
      ],
      [
       18.0885472,
       59.2727625
      ],
      [
       18.08764,
       59.2722829
      ],
      [
       18.0869455,
       59.2719224
      ],
      [
       18.0860764,
       59.2714647
      ],
      [
       18.0854183,
       59.2711302
      ],
      [
       18.0851376,
       59.2709822
      ],
      [
       18.0850008,
       59.2709096
      ],
      [
       18.0848933,
       59.2708465
      ],
      [
       18.0847715,
       59.2707803
      ],
      [
       18.0845818,
       59.2706722
      ],
      [
       18.0842653,
       59.2704658
      ],
      [
       18.0840435,
       59.270309
      ],
      [
       18.0838795,
       59.2701807
      ],
      [
       18.0837193,
       59.2700476
      ],
      [
       18.0835502,
       59.269895
      ],
      [
       18.0833836,
       59.2697246
      ],
      [
       18.0832485,
       59.2695799
      ],
      [
       18.0831237,
       59.2694277
      ],
      [
       18.0830203,
       59.2692939
      ],
      [
       18.0829344,
       59.2691575
      ],
      [
       18.0828261,
       59.2689797
      ],
      [
       18.08265,
       59.2686608
      ],
      [
       18.0825102,
       59.2684025
      ],
      [
       18.0823414,
       59.2680527
      ],
      [
       18.0822154,
       59.2677769
      ],
      [
       18.0821326,
       59.2675879
      ],
      [
       18.0820556,
       59.2673876
      ],
      [
       18.0819892,
       59.2672007
      ],
      [
       18.0819344,
       59.2670142
      ],
      [
       18.0818836,
       59.2668174
      ],
      [
       18.0818383,
       59.2666054
      ],
      [
       18.0818032,
       59.2664251
      ],
      [
       18.0817835,
       59.266226
      ],
      [
       18.0817691,
       59.2660457
      ],
      [
       18.0817647,
       59.2659033
      ],
      [
       18.0817678,
       59.2657518
      ],
      [
       18.0817784,
       59.265613
      ],
      [
       18.0817936,
       59.2654584
      ],
      [
       18.0818175,
       59.2652736
      ],
      [
       18.081876,
       59.264902
      ],
      [
       18.0819712,
       59.2644249
      ],
      [
       18.0820285,
       59.2642165
      ],
      [
       18.0820764,
       59.2640397
      ],
      [
       18.0820924,
       59.2639716
      ],
      [
       18.0821067,
       59.2639191
      ],
      [
       18.0821837,
       59.2635619
      ],
      [
       18.0822971,
       59.26305
      ],
      [
       18.0824017,
       59.2625866
      ],
      [
       18.0824326,
       59.2623766
      ],
      [
       18.0824446,
       59.2622644
      ],
      [
       18.0824605,
       59.2619656
      ],
      [
       18.0824596,
       59.2616836
      ],
      [
       18.0824471,
       59.2612953
      ],
      [
       18.0824419,
       59.2608346
      ],
      [
       18.0824299,
       59.2600747
      ],
      [
       18.0824285,
       59.2597145
      ],
      [
       18.0824205,
       59.2592045
      ],
      [
       18.0824073,
       59.2589385
      ],
      [
       18.0824111,
       59.2587263
      ],
      [
       18.0824183,
       59.2585443
      ],
      [
       18.0824394,
       59.2583933
      ],
      [
       18.0824848,
       59.2581948
      ],
      [
       18.0825301,
       59.2580526
      ],
      [
       18.0825899,
       59.2579037
      ],
      [
       18.0827343,
       59.2576373
      ],
      [
       18.0829194,
       59.2573549
      ],
      [
       18.0831795,
       59.2570313
      ],
      [
       18.0834504,
       59.2567516
      ],
      [
       18.0837609,
       59.2564921
      ],
      [
       18.084073,
       59.2562594
      ],
      [
       18.0843275,
       59.2560715
      ],
      [
       18.0846252,
       59.2558672
      ],
      [
       18.0848267,
       59.2557441
      ],
      [
       18.0849417,
       59.2556739
      ],
      [
       18.0851671,
       59.2555614
      ],
      [
       18.0857384,
       59.2552954
      ],
      [
       18.0864331,
       59.2549979
      ],
      [
       18.0867641,
       59.2548378
      ],
      [
       18.0870795,
       59.2546853
      ],
      [
       18.0875703,
       59.2544384
      ],
      [
       18.0880933,
       59.2541313
      ],
      [
       18.0885332,
       59.2538173
      ],
      [
       18.0888685,
       59.2535321
      ],
      [
       18.0891448,
       59.2532537
      ],
      [
       18.089354,
       59.2530014
      ],
      [
       18.089523,
       59.2527463
      ],
      [
       18.0897188,
       59.2524337
      ],
      [
       18.0899414,
       59.2520278
      ],
      [
       18.0901613,
       59.2515752
      ],
      [
       18.0903813,
       59.2510486
      ],
      [
       18.09051,
       59.2506934
      ],
      [
       18.0906628,
       59.2502011
      ],
      [
       18.0907514,
       59.2498569
      ],
      [
       18.0908345,
       59.2494948
      ],
      [
       18.0909579,
       59.2488914
      ],
      [
       18.0910073,
       59.2486296
      ],
      [
       18.0910544,
       59.2483977
      ],
      [
       18.0911185,
       59.24807
      ],
      [
       18.091231,
       59.2474691
      ],
      [
       18.0912854,
       59.2472093
      ],
      [
       18.0913495,
       59.2469302
      ],
      [
       18.0914541,
       59.2465708
      ],
      [
       18.0915802,
       59.2462581
      ],
      [
       18.0917196,
       59.2459756
      ],
      [
       18.0918967,
       59.2456711
      ],
      [
       18.0920308,
       59.2454407
      ],
      [
       18.0922266,
       59.2451938
      ],
      [
       18.0924693,
       59.2448967
      ],
      [
       18.0924997,
       59.2448647
      ],
      [
       18.0927799,
       59.2445676
      ],
      [
       18.0930065,
       59.2443516
      ],
      [
       18.093278,
       59.2440898
      ],
      [
       18.0935677,
       59.2438304
      ],
      [
       18.093852,
       59.2435616
      ],
      [
       18.0940912,
       59.2433303
      ],
      [
       18.0943321,
       59.2431034
      ],
      [
       18.0945628,
       59.2428853
      ],
      [
       18.0947988,
       59.2426645
      ],
      [
       18.0949919,
       59.2424848
      ],
      [
       18.0952602,
       59.2422365
      ],
      [
       18.0954855,
       59.2420129
      ],
      [
       18.0957188,
       59.2417962
      ],
      [
       18.0958958,
       59.2416343
      ],
      [
       18.0960615,
       59.241481
      ],
      [
       18.0961713,
       59.24138
      ],
      [
       18.0963853,
       59.2411638
      ],
      [
       18.0967201,
       59.2407468
      ],
      [
       18.0971149,
       59.2402551
      ],
      [
       18.0974496,
       59.2396581
      ],
      [
       18.0975698,
       59.2393157
      ],
      [
       18.0976299,
       59.2389338
      ],
      [
       18.0976299,
       59.2386309
      ],
      [
       18.0975612,
       59.2382885
      ],
      [
       18.0975698,
       59.2381392
      ],
      [
       18.0976385,
       59.2380075
      ],
      [
       18.0977844,
       59.2377573
      ],
      [
       18.0979131,
       59.2376037
      ],
      [
       18.0981105,
       59.2374588
      ],
      [
       18.0991288,
       59.2367355
      ],
      [
       18.0992241,
       59.2366638
      ],
      [
       18.0993833,
       59.2365564
      ],
      [
       18.0995453,
       59.2364505
      ],
      [
       18.099838,
       59.2362811
      ],
      [
       18.1001778,
       59.2361
      ],
      [
       18.1006849,
       59.2358311
      ],
      [
       18.1010874,
       59.235611
      ],
      [
       18.1021013,
       59.2350447
      ]
     ]
    ]
   }
  },
  {
   "type": "Feature",
   "properties": {
    "name": "Gröna linjen 19 · Hagsätra–Hässelby strand",
    "line": "19"
   },
   "geometry": {
    "type": "MultiLineString",
    "coordinates": [
     [
      [
       18.0127475,
       59.2627154
      ],
      [
       18.0130937,
       59.2623935
      ],
      [
       18.0133564,
       59.2621382
      ],
      [
       18.0135549,
       59.2619148
      ],
      [
       18.0136863,
       59.2617439
      ],
      [
       18.0138261,
       59.2615655
      ],
      [
       18.0139301,
       59.2614205
      ],
      [
       18.0140264,
       59.2612712
      ],
      [
       18.0141048,
       59.2611434
      ],
      [
       18.0142409,
       59.2608844
      ],
      [
       18.0143737,
       59.2606452
      ],
      [
       18.014411,
       59.2605867
      ],
      [
       18.0144938,
       59.2604317
      ],
      [
       18.0147888,
       59.2598816
      ],
      [
       18.0148209,
       59.2598213
      ],
      [
       18.0149336,
       59.2596127
      ],
      [
       18.0150676,
       59.2594004
      ],
      [
       18.0151493,
       59.2592769
      ],
      [
       18.0152664,
       59.2591214
      ],
      [
       18.0154044,
       59.2589479
      ],
      [
       18.0156359,
       59.2586974
      ],
      [
       18.0158823,
       59.2584539
      ],
      [
       18.0160801,
       59.2582776
      ],
      [
       18.0162817,
       59.2581108
      ],
      [
       18.0165173,
       59.2579349
      ],
      [
       18.0167963,
       59.2577381
      ],
      [
       18.0170385,
       59.2575831
      ],
      [
       18.0173113,
       59.2574193
      ],
      [
       18.0175838,
       59.2572681
      ],
      [
       18.0178544,
       59.2571314
      ],
      [
       18.0183694,
       59.256886
      ],
      [
       18.0189085,
       59.2566625
      ],
      [
       18.0195256,
       59.2564433
      ],
      [
       18.0201531,
       59.256258
      ],
      [
       18.020486,
       59.2561746
      ],
      [
       18.02062,
       59.2561438
      ],
      [
       18.0207689,
       59.2561131
      ],
      [
       18.0209357,
       59.2560813
      ],
      [
       18.0211811,
       59.2560393
      ],
      [
       18.0214367,
       59.2560003
      ],
      [
       18.0217919,
       59.2559536
      ],
      [
       18.0219879,
       59.2559319
      ],
      [
       18.0224464,
       59.2558905
      ],
      [
       18.0229184,
       59.2558666
      ],
      [
       18.0233077,
       59.2558536
      ],
      [
       18.0236131,
       59.2558521
      ],
      [
       18.0240343,
       59.2558631
      ],
      [
       18.0247395,
       59.2559097
      ],
      [
       18.025343,
       59.2559742
      ],
      [
       18.0259438,
       59.2560688
      ],
      [
       18.0265956,
       59.2562031
      ],
      [
       18.0271455,
       59.2563485
      ],
      [
       18.0273912,
       59.2564275
      ],
      [
       18.0280425,
       59.256644
      ],
      [
       18.0285758,
       59.2568315
      ],
      [
       18.0301254,
       59.2574056
      ],
      [
       18.0308581,
       59.2577197
      ],
      [
       18.0311728,
       59.257865
      ],
      [
       18.0323161,
       59.2583808
      ],
      [
       18.0326217,
       59.258509
      ],
      [
       18.03299,
       59.2586569
      ],
      [
       18.0332985,
       59.2587708
      ],
      [
       18.0336302,
       59.2588848
      ],
      [
       18.0339227,
       59.2589806
      ],
      [
       18.0342027,
       59.2590675
      ],
      [
       18.0345698,
       59.259175
      ],
      [
       18.0349751,
       59.2592853
      ],
      [
       18.0354657,
       59.259419
      ],
      [
       18.0358116,
       59.2595093
      ],
      [
       18.037109,
       59.259866
      ],
      [
       18.0377859,
       59.2600632
      ],
      [
       18.0381754,
       59.2602001
      ],
      [
       18.038398,
       59.2602804
      ],
      [
       18.0386491,
       59.2603798
      ],
      [
       18.0389614,
       59.260513
      ],
      [
       18.0392508,
       59.2606508
      ],
      [
       18.0394796,
       59.2607656
      ],
      [
       18.0397004,
       59.2608896
      ],
      [
       18.0399252,
       59.2610228
      ],
      [
       18.0401399,
       59.2611617
      ],
      [
       18.0403654,
       59.261315
      ],
      [
       18.0405397,
       59.26145
      ],
      [
       18.0407099,
       59.2615834
      ],
      [
       18.0408991,
       59.2617478
      ],
      [
       18.0410588,
       59.2619001
      ],
      [
       18.0417237,
       59.2626121
      ],
      [
       18.0421784,
       59.2631037
      ],
      [
       18.0426411,
       59.2635929
      ],
      [
       18.0434942,
       59.2644993
      ],
      [
       18.043994,
       59.2649398
      ],
      [
       18.0442723,
       59.2651639
      ],
      [
       18.0444805,
       59.2653226
      ],
      [
       18.0447538,
       59.2655157
      ],
      [
       18.0450469,
       59.2657126
      ],
      [
       18.0455322,
       59.2660424
      ],
      [
       18.046121,
       59.2664383
      ],
      [
       18.0462852,
       59.266548
      ],
      [
       18.0467925,
       59.2668944
      ],
      [
       18.047093,
       59.2671166
      ],
      [
       18.0473245,
       59.2673035
      ],
      [
       18.0475079,
       59.2674606
      ],
      [
       18.0476855,
       59.267626
      ],
      [
       18.0478168,
       59.2677592
      ],
      [
       18.0480006,
       59.2679582
      ],
      [
       18.0481375,
       59.2681251
      ],
      [
       18.04826,
       59.2682857
      ],
      [
       18.0484289,
       59.2685352
      ],
      [
       18.048537,
       59.2686966
      ],
      [
       18.0489292,
       59.2693923
      ],
      [
       18.0491491,
       59.2697831
      ],
      [
       18.0494548,
       59.2703188
      ],
      [
       18.050222,
       59.2716901
      ],
      [
       18.0505935,
       59.2723322
      ],
      [
       18.0506995,
       59.2725111
      ],
      [
       18.0508282,
       59.2727057
      ],
      [
       18.0509623,
       59.2728879
      ],
      [
       18.0511039,
       59.2730512
      ],
      [
       18.0512359,
       59.2731908
      ],
      [
       18.0514062,
       59.273345
      ],
      [
       18.0515349,
       59.2734471
      ],
      [
       18.0516878,
       59.2735574
      ],
      [
       18.0519587,
       59.2737314
      ],
      [
       18.0522538,
       59.2738897
      ],
      [
       18.0524395,
       59.2739736
      ],
      [
       18.052648,
       59.2740636
      ],
      [
       18.0528853,
       59.2741531
      ],
      [
       18.0531284,
       59.2742381
      ],
      [
       18.0533014,
       59.274293
      ],
      [
       18.053585,
       59.274377
      ],
      [
       18.053961,
       59.2744585
      ],
      [
       18.0539945,
       59.2744646
      ],
      [
       18.0542842,
       59.2745139
      ],
      [
       18.0546383,
       59.2745674
      ],
      [
       18.0554376,
       59.2746606
      ],
      [
       18.0564112,
       59.2747359
      ],
      [
       18.057299,
       59.2748223
      ],
      [
       18.058042,
       59.2749209
      ],
      [
       18.0583266,
       59.2749573
      ],
      [
       18.0584779,
       59.2749778
      ],
      [
       18.0589704,
       59.2750601
      ],
      [
       18.0591631,
       59.275095
      ],
      [
       18.0593654,
       59.2751355
      ],
      [
       18.0599571,
       59.275254
      ],
      [
       18.0607913,
       59.2754513
      ],
      [
       18.0617676,
       59.2756856
      ],
      [
       18.0626634,
       59.275898
      ],
      [
       18.0632428,
       59.2760584
      ],
      [
       18.0637578,
       59.2762214
      ],
      [
       18.0647502,
       59.2765572
      ],
      [
       18.0656005,
       59.2768724
      ],
      [
       18.0660109,
       59.2770519
      ],
      [
       18.0665768,
       59.2772999
      ],
      [
       18.0670183,
       59.277499
      ],
      [
       18.0673936,
       59.2777222
      ],
      [
       18.0675473,
       59.2778103
      ],
      [
       18.0676533,
       59.2778729
      ],
      [
       18.0676845,
       59.2778919
      ],
      [
       18.0678317,
       59.2779805
      ],
      [
       18.0678735,
       59.278008
      ],
      [
       18.0680949,
       59.2781659
      ],
      [
       18.0683202,
       59.2783591
      ],
      [
       18.0685107,
       59.2785592
      ],
      [
       18.0686019,
       59.2786743
      ],
      [
       18.0686828,
       59.2787909
      ],
      [
       18.0687508,
       59.2789004
      ],
      [
       18.0688181,
       59.2790275
      ],
      [
       18.0688728,
       59.2791535
      ],
      [
       18.068905,
       59.279258
      ],
      [
       18.0689586,
       59.2794676
      ],
      [
       18.0689774,
       59.2796759
      ],
      [
       18.0689774,
       59.2799212
      ],
      [
       18.0689452,
       59.2802966
      ],
      [
       18.0689107,
       59.2806002
      ],
      [
       18.0689,
       59.2809001
      ],
      [
       18.0689173,
       59.2810736
      ],
      [
       18.068951,
       59.2812385
      ],
      [
       18.0689845,
       59.2813905
      ],
      [
       18.0690249,
       59.2815278
      ],
      [
       18.0690848,
       59.2816783
      ],
      [
       18.069135,
       59.2817792
      ],
      [
       18.0692035,
       59.2819043
      ],
      [
       18.0692919,
       59.2820478
      ],
      [
       18.0694146,
       59.2822134
      ],
      [
       18.0695728,
       59.2824066
      ],
      [
       18.069656,
       59.2825012
      ],
      [
       18.0699296,
       59.2827574
      ],
      [
       18.0703024,
       59.2831054
      ],
      [
       18.0703899,
       59.2831942
      ],
      [
       18.0711774,
       59.2838837
      ],
      [
       18.0716581,
       59.2843145
      ],
      [
       18.0717346,
       59.2843891
      ],
      [
       18.0720993,
       59.2847138
      ],
      [
       18.0722859,
       59.2848889
      ],
      [
       18.0724293,
       59.285033
      ],
      [
       18.0725514,
       59.2851667
      ],
      [
       18.0726652,
       59.2853091
      ],
      [
       18.0727459,
       59.285431
      ],
      [
       18.0728343,
       59.2855919
      ],
      [
       18.0728933,
       59.2857385
      ],
      [
       18.0729308,
       59.285918
      ],
      [
       18.0729308,
       59.2861427
      ],
      [
       18.0729121,
       59.2863002
      ],
      [
       18.0728477,
       59.2864947
      ],
      [
       18.0727431,
       59.2866906
      ],
      [
       18.0726519,
       59.2868358
      ],
      [
       18.072609,
       59.2868961
      ],
      [
       18.0724802,
       59.2870358
      ],
      [
       18.0723004,
       59.2872201
      ],
      [
       18.0721128,
       59.2873948
      ],
      [
       18.0718955,
       59.2875811
      ],
      [
       18.0717158,
       59.2877496
      ],
      [
       18.0714895,
       59.2879488
      ],
      [
       18.0713274,
       59.2880907
      ],
      [
       18.0711472,
       59.2882537
      ],
      [
       18.0707341,
       59.2886194
      ],
      [
       18.0704578,
       59.2888646
      ],
      [
       18.0702139,
       59.2891249
      ],
      [
       18.0700771,
       59.2893043
      ],
      [
       18.0699644,
       59.2894605
      ],
      [
       18.0699081,
       59.2895934
      ],
      [
       18.0698491,
       59.2897317
      ],
      [
       18.0698252,
       59.2898093
      ],
      [
       18.0697981,
       59.2898975
      ],
      [
       18.0697499,
       59.2901276
      ],
      [
       18.0697472,
       59.2902673
      ],
      [
       18.0697552,
       59.2903947
      ],
      [
       18.0697767,
       59.2905837
      ],
      [
       18.0698008,
       59.290681
      ],
      [
       18.0698545,
       59.2908303
      ],
      [
       18.0698947,
       59.2909344
      ],
      [
       18.0699647,
       59.2910759
      ],
      [
       18.0700366,
       59.2912025
      ],
      [
       18.0701264,
       59.2913349
      ],
      [
       18.0702332,
       59.2914776
      ],
      [
       18.0703507,
       59.2916138
      ],
      [
       18.0704927,
       59.2917822
      ],
      [
       18.0706375,
       59.2919329
      ],
      [
       18.0707877,
       59.2920822
      ],
      [
       18.070954,
       59.292226
      ],
      [
       18.0710989,
       59.2923356
      ],
      [
       18.0712893,
       59.2924726
      ],
      [
       18.0714985,
       59.292604
      ],
      [
       18.071697,
       59.2927246
      ],
      [
       18.0719223,
       59.2928437
      ],
      [
       18.0720913,
       59.29293
      ],
      [
       18.0723166,
       59.2930355
      ],
      [
       18.0725072,
       59.2931143
      ],
      [
       18.0728691,
       59.2932464
      ],
      [
       18.073199,
       59.2933615
      ],
      [
       18.0733412,
       59.2934012
      ],
      [
       18.0735655,
       59.2934649
      ],
      [
       18.073806,
       59.2935282
      ],
      [
       18.0740682,
       59.2935876
      ],
      [
       18.0743417,
       59.2936423
      ],
      [
       18.0747604,
       59.2937233
      ],
      [
       18.0754762,
       59.2938532
      ],
      [
       18.0758652,
       59.2939244
      ],
      [
       18.0763533,
       59.294023
      ],
      [
       18.0768093,
       59.2941312
      ],
      [
       18.0772706,
       59.2942558
      ],
      [
       18.077622,
       59.2943572
      ],
      [
       18.0778339,
       59.294438
      ],
      [
       18.0782915,
       59.2946385
      ],
      [
       18.0784008,
       59.2946968
      ],
      [
       18.0785158,
       59.2947692
      ],
      [
       18.0786254,
       59.2948421
      ],
      [
       18.0787869,
       59.29497
      ],
      [
       18.0788621,
       59.2950367
      ],
      [
       18.0789195,
       59.2950945
      ],
      [
       18.0789781,
       59.29516
      ],
      [
       18.079026,
       59.2952166
      ],
      [
       18.0790809,
       59.2952911
      ],
      [
       18.0791182,
       59.2953459
      ],
      [
       18.0791727,
       59.295436
      ],
      [
       18.0792133,
       59.2955182
      ],
      [
       18.0793691,
       59.2958857
      ],
      [
       18.0794593,
       59.2961102
      ],
      [
       18.0795156,
       59.2962362
      ],
      [
       18.0795961,
       59.2963896
      ],
      [
       18.0796793,
       59.2965183
      ],
      [
       18.079741,
       59.2966005
      ],
      [
       18.0798697,
       59.2967689
      ],
      [
       18.079949,
       59.2968602
      ],
      [
       18.0800628,
       59.2969826
      ],
      [
       18.0801488,
       59.2970629
      ],
      [
       18.0802657,
       59.2971695
      ],
      [
       18.0804794,
       59.2973485
      ],
      [
       18.0806653,
       59.2975014
      ],
      [
       18.0808377,
       59.2976603
      ],
      [
       18.0809164,
       59.2977402
      ],
      [
       18.0809839,
       59.2978174
      ],
      [
       18.0810477,
       59.2978981
      ],
      [
       18.0811107,
       59.2979934
      ],
      [
       18.0811412,
       59.2980585
      ],
      [
       18.0811893,
       59.2982452
      ],
      [
       18.0811785,
       59.2984663
      ],
      [
       18.0811078,
       59.2986907
      ],
      [
       18.0809324,
       59.2990365
      ],
      [
       18.0807305,
       59.2994048
      ],
      [
       18.0806367,
       59.2995566
      ],
      [
       18.0805315,
       59.2997253
      ],
      [
       18.0804576,
       59.2998498
      ],
      [
       18.0804025,
       59.2999615
      ],
      [
       18.0803626,
       59.3000627
      ],
      [
       18.0803266,
       59.3001546
      ],
      [
       18.0802549,
       59.3003497
      ],
      [
       18.0801947,
       59.3005184
      ],
      [
       18.0801428,
       59.3006797
      ],
      [
       18.0801028,
       59.3007984
      ],
      [
       18.080051,
       59.3009596
      ],
      [
       18.0800214,
       59.3010475
      ],
      [
       18.0799869,
       59.3011429
      ],
      [
       18.0799439,
       59.3012451
      ],
      [
       18.0797636,
       59.3016433
      ],
      [
       18.079682,
       59.3017907
      ],
      [
       18.0795646,
       59.3020501
      ],
      [
       18.0794363,
       59.3023403
      ],
      [
       18.0793015,
       59.3026289
      ],
      [
       18.079146,
       59.3029163
      ],
      [
       18.0787702,
       59.3035297
      ],
      [
       18.0786043,
       59.3037843
      ],
      [
       18.0782793,
       59.3043065
      ],
      [
       18.0777597,
       59.3051289
      ],
      [
       18.0774634,
       59.3055981
      ],
      [
       18.0771506,
       59.3060984
      ],
      [
       18.0769013,
       59.3064972
      ],
      [
       18.0766272,
       59.3070753
      ],
      [
       18.0758952,
       59.3087542
      ],
      [
       18.0747776,
       59.3116089
      ],
      [
       18.0739399,
       59.3134296
      ],
      [
       18.0732769,
       59.3148705
      ],
      [
       18.0728162,
       59.3158132
      ],
      [
       18.0726726,
       59.3163325
      ],
      [
       18.0726363,
       59.3165815
      ],
      [
       18.0725904,
       59.3168838
      ],
      [
       18.072519,
       59.3171912
      ],
      [
       18.0723204,
       59.3176399
      ],
      [
       18.0722254,
       59.3179706
      ],
      [
       18.0721986,
       59.3181458
      ],
      [
       18.0721691,
       59.3184838
      ],
      [
       18.0721584,
       59.3185851
      ],
      [
       18.0721289,
       59.3188014
      ],
      [
       18.0720731,
       59.3190012
      ],
      [
       18.072027,
       59.3191381
      ],
      [
       18.07198,
       59.3192448
      ],
      [
       18.0719224,
       59.3193611
      ],
      [
       18.0718607,
       59.3194747
      ],
      [
       18.0717856,
       59.3195952
      ],
      [
       18.0716803,
       59.3197541
      ],
      [
       18.07152,
       59.319951
      ],
      [
       18.0713376,
       59.320144
      ],
      [
       18.0709986,
       59.3204328
      ],
      [
       18.070963,
       59.320459
      ],
      [
       18.0705097,
       59.3207917
      ],
      [
       18.0701766,
       59.3210179
      ],
      [
       18.0699818,
       59.3211488
      ],
      [
       18.0697691,
       59.3212856
      ],
      [
       18.0693107,
       59.3215579
      ],
      [
       18.0685045,
       59.3220406
      ],
      [
       18.0678954,
       59.3224053
      ],
      [
       18.0675725,
       59.3226116
      ],
      [
       18.0675044,
       59.3226557
      ],
      [
       18.0673227,
       59.3227854
      ],
      [
       18.0672245,
       59.3228639
      ],
      [
       18.0670944,
       59.3229713
      ],
      [
       18.066971,
       59.3230794
      ],
      [
       18.0668677,
       59.3231752
      ],
      [
       18.06679,
       59.3232594
      ],
      [
       18.0667202,
       59.323334
      ],
      [
       18.0666451,
       59.3234181
      ],
      [
       18.0665553,
       59.3235365
      ],
      [
       18.0664587,
       59.3236733
      ],
      [
       18.0663035,
       59.3239129
      ],
      [
       18.0661328,
       59.3241906
      ],
      [
       18.0659596,
       59.3244508
      ],
      [
       18.0656337,
       59.3248689
      ],
      [
       18.0654226,
       59.3251251
      ],
      [
       18.0652303,
       59.3253483
      ],
      [
       18.064875,
       59.3256702
      ],
      [
       18.0646039,
       59.3259088
      ],
      [
       18.0642815,
       59.3261596
      ],
      [
       18.0639068,
       59.3264154
      ],
      [
       18.0635434,
       59.3266276
      ],
      [
       18.0630482,
       59.326883
      ],
      [
       18.0618614,
       59.3274596
      ],
      [
       18.061521,
       59.3276514
      ],
      [
       18.061164,
       59.3278892
      ],
      [
       18.0609146,
       59.3280725
      ],
      [
       18.0605632,
       59.3283394
      ],
      [
       18.0602923,
       59.3285747
      ],
      [
       18.0600965,
       59.3287703
      ],
      [
       18.0598787,
       59.3289992
      ],
      [
       18.0597264,
       59.3292
      ],
      [
       18.0596164,
       59.3293587
      ],
      [
       18.0595547,
       59.3294818
      ],
      [
       18.0595033,
       59.3296261
      ],
      [
       18.0594635,
       59.3297664
      ],
      [
       18.0594528,
       59.3299292
      ],
      [
       18.0594662,
       59.3300592
      ],
      [
       18.059471,
       59.3300833
      ],
      [
       18.0594894,
       59.3301766
      ],
      [
       18.0594957,
       59.3302083
      ],
      [
       18.0595386,
       59.3303424
      ],
      [
       18.0595821,
       59.3304382
      ],
      [
       18.0595913,
       59.3304586
      ],
      [
       18.0595976,
       59.3304724
      ],
      [
       18.0597445,
       59.3306926
      ],
      [
       18.0598473,
       59.3308093
      ],
      [
       18.0598943,
       59.3308624
      ],
      [
       18.0600477,
       59.3310051
      ],
      [
       18.060075,
       59.3310306
      ],
      [
       18.060134,
       59.3310725
      ],
      [
       18.0602675,
       59.3311674
      ],
      [
       18.0603003,
       59.3311907
      ],
      [
       18.0605605,
       59.3313521
      ],
      [
       18.0607041,
       59.3314296
      ],
      [
       18.0607838,
       59.3314727
      ],
      [
       18.0612583,
       59.3317122
      ],
      [
       18.0615166,
       59.3318288
      ],
      [
       18.0617308,
       59.3319255
      ],
      [
       18.0621307,
       59.3320794
      ],
      [
       18.0627787,
       59.3323289
      ],
      [
       18.0631511,
       59.3324733
      ],
      [
       18.0633152,
       59.3325369
      ],
      [
       18.0634421,
       59.3325952
      ],
      [
       18.0635297,
       59.3326354
      ],
      [
       18.0635631,
       59.3326535
      ],
      [
       18.06368,
       59.3327169
      ],
      [
       18.0637107,
       59.3327335
      ],
      [
       18.0637294,
       59.3327472
      ],
      [
       18.0639657,
       59.3329208
      ],
      [
       18.0642647,
       59.3332127
      ],
      [
       18.0644028,
       59.3334473
      ],
      [
       18.0644739,
       59.3336163
      ],
      [
       18.0645007,
       59.3338023
      ],
      [
       18.0644961,
       59.3340125
      ],
      [
       18.0644417,
       59.3342538
      ],
      [
       18.0642923,
       59.3345379
      ],
      [
       18.0639096,
       59.3350861
      ],
      [
       18.0630906,
       59.335914
      ],
      [
       18.0594083,
       59.3397995
      ],
      [
       18.0588691,
       59.3403684
      ],
      [
       18.0581017,
       59.3411908
      ],
      [
       18.0570585,
       59.3422723
      ],
      [
       18.0568073,
       59.3424874
      ],
      [
       18.0564999,
       59.3427121
      ],
      [
       18.0562186,
       59.3428478
      ],
      [
       18.0559384,
       59.3429337
      ],
      [
       18.055615,
       59.3430026
      ],
      [
       18.0552966,
       59.3430483
      ],
      [
       18.0549983,
       59.3430761
      ],
      [
       18.054695,
       59.3430936
      ],
      [
       18.0531104,
       59.3431466
      ],
      [
       18.0520532,
       59.3431523
      ],
      [
       18.0510333,
       59.3431166
      ],
      [
       18.0507892,
       59.3431036
      ],
      [
       18.0505049,
       59.3430803
      ],
      [
       18.0500978,
       59.3430403
      ],
      [
       18.0496788,
       59.3430037
      ],
      [
       18.0493539,
       59.3429842
      ],
      [
       18.047948,
       59.3429345
      ],
      [
       18.0465057,
       59.3428834
      ],
      [
       18.0455589,
       59.3428369
      ],
      [
       18.0445424,
       59.3427733
      ],
      [
       18.0441508,
       59.3427568
      ],
      [
       18.0436425,
       59.3427378
      ],
      [
       18.042811,
       59.342709
      ],
      [
       18.0424732,
       59.3427015
      ],
      [
       18.0420251,
       59.3426974
      ],
      [
       18.0416577,
       59.3426953
      ],
      [
       18.0413291,
       59.3426906
      ],
      [
       18.0410555,
       59.342683
      ],
      [
       18.0408181,
       59.34267
      ],
      [
       18.040625,
       59.3426577
      ],
      [
       18.0404318,
       59.3426392
      ],
      [
       18.0402723,
       59.3426215
      ],
      [
       18.0400792,
       59.3425921
      ],
      [
       18.0399156,
       59.3425647
      ],
      [
       18.0397338,
       59.3425275
      ],
      [
       18.039536,
       59.3424799
      ],
      [
       18.0393214,
       59.3424177
      ],
      [
       18.0391402,
       59.3423565
      ],
      [
       18.0389794,
       59.342298
      ],
      [
       18.0387542,
       59.3421982
      ],
      [
       18.0385864,
       59.342115
      ],
      [
       18.0384846,
       59.3420566
      ],
      [
       18.0383733,
       59.3419868
      ],
      [
       18.0382834,
       59.341926
      ],
      [
       18.0381748,
       59.3418406
      ],
      [
       18.0380675,
       59.3417469
      ],
      [
       18.0379602,
       59.3416415
      ],
      [
       18.0377644,
       59.3414022
      ],
      [
       18.0375715,
       59.3410891
      ],
      [
       18.037248,
       59.3404538
      ],
      [
       18.0366616,
       59.3395395
      ],
      [
       18.0354666,
       59.3379748
      ],
      [
       18.0344194,
       59.3367224
      ],
      [
       18.0332381,
       59.3352581
      ],
      [
       18.0330395,
       59.334993
      ],
      [
       18.0329425,
       59.3348341
      ],
      [
       18.0328412,
       59.3346019
      ],
      [
       18.0327809,
       59.3344152
      ],
      [
       18.0327018,
       59.3341997
      ],
      [
       18.0326119,
       59.3340376
      ],
      [
       18.0325153,
       59.3338933
      ],
      [
       18.032404,
       59.333751
      ],
      [
       18.0322444,
       59.3335738
      ],
      [
       18.0320419,
       59.3334035
      ],
      [
       18.0317964,
       59.3332214
      ],
      [
       18.0315658,
       59.3330663
      ],
      [
       18.03118,
       59.3328606
      ],
      [
       18.0307337,
       59.3326621
      ],
      [
       18.030332,
       59.3325095
      ],
      [
       18.0298841,
       59.3323494
      ],
      [
       18.0293128,
       59.3321948
      ],
      [
       18.0289614,
       59.332121
      ],
      [
       18.0285328,
       59.332035
      ],
      [
       18.0281621,
       59.3319759
      ],
      [
       18.0277571,
       59.3319226
      ],
      [
       18.0271751,
       59.3318679
      ],
      [
       18.0263406,
       59.3318163
      ],
      [
       18.0257696,
       59.3318077
      ],
      [
       18.0251205,
       59.3318077
      ],
      [
       18.0244446,
       59.3318159
      ],
      [
       18.0238008,
       59.3318131
      ],
      [
       18.0202035,
       59.3316946
      ],
      [
       18.0190765,
       59.3316535
      ],
      [
       18.0179867,
       59.3316088
      ],
      [
       18.017359,
       59.3315802
      ],
      [
       18.0169302,
       59.3315525
      ],
      [
       18.0159777,
       59.3314751
      ],
      [
       18.0154004,
       59.3314353
      ],
      [
       18.0150537,
       59.3314207
      ],
      [
       18.0145724,
       59.3314015
      ],
      [
       18.0140736,
       59.3313903
      ],
      [
       18.013477,
       59.3313867
      ],
      [
       18.0128297,
       59.3313857
      ],
      [
       18.0123391,
       59.331387
      ],
      [
       18.012033,
       59.3313897
      ],
      [
       18.0117515,
       59.3313937
      ],
      [
       18.0112303,
       59.3314082
      ],
      [
       18.0108743,
       59.3314253
      ],
      [
       18.0105304,
       59.3314563
      ],
      [
       18.0102244,
       59.3314949
      ],
      [
       18.0095665,
       59.3315997
      ],
      [
       18.0086089,
       59.3317538
      ],
      [
       18.0059892,
       59.3321821
      ],
      [
       18.0039505,
       59.332516
      ],
      [
       18.002208,
       59.3328231
      ],
      [
       18.0004368,
       59.333134
      ],
      [
       17.9991487,
       59.3333637
      ],
      [
       17.9984581,
       59.3334843
      ],
      [
       17.9981138,
       59.3335377
      ],
      [
       17.9977631,
       59.3335816
      ],
      [
       17.997259,
       59.3336352
      ],
      [
       17.9966928,
       59.3336694
      ],
      [
       17.9955341,
       59.3337188
      ],
      [
       17.9946808,
       59.3337551
      ],
      [
       17.9938278,
       59.3337924
      ],
      [
       17.993308,
       59.3338146
      ],
      [
       17.9927888,
       59.3338285
      ],
      [
       17.9925449,
       59.3338305
      ],
      [
       17.9923027,
       59.3338228
      ],
      [
       17.992063,
       59.3338146
      ],
      [
       17.9918185,
       59.3337953
      ],
      [
       17.9914525,
       59.3337603
      ],
      [
       17.9910859,
       59.3337137
      ],
      [
       17.9907573,
       59.3336741
      ],
      [
       17.9904439,
       59.3336253
      ],
      [
       17.989661,
       59.3334956
      ],
      [
       17.9886957,
       59.3333299
      ],
      [
       17.9882651,
       59.3332567
      ],
      [
       17.9873337,
       59.3331326
      ],
      [
       17.9868265,
       59.3330844
      ],
      [
       17.9862946,
       59.3330473
      ],
      [
       17.985905,
       59.33304
      ],
      [
       17.985597,
       59.3330447
      ],
      [
       17.9852424,
       59.333061
      ],
      [
       17.9849632,
       59.3330778
      ],
      [
       17.9846871,
       59.3330989
      ],
      [
       17.9841691,
       59.333136
      ],
      [
       17.9835671,
       59.333193
      ],
      [
       17.9824555,
       59.3332894
      ],
      [
       17.9821377,
       59.3333171
      ],
      [
       17.9818276,
       59.3333496
      ],
      [
       17.9803098,
       59.3335081
      ],
      [
       17.9798431,
       59.3335588
      ],
      [
       17.9793646,
       59.3336115
      ],
      [
       17.978353,
       59.3337259
      ],
      [
       17.9772438,
       59.3338575
      ],
      [
       17.9770121,
       59.3338794
      ],
      [
       17.9767863,
       59.3338991
      ],
      [
       17.9766072,
       59.333908
      ],
      [
       17.9763737,
       59.3339136
      ],
      [
       17.9760915,
       59.3339134
      ],
      [
       17.9758558,
       59.3339075
      ],
      [
       17.9757055,
       59.3339005
      ],
      [
       17.9755498,
       59.3338902
      ],
      [
       17.9754272,
       59.3338778
      ],
      [
       17.9753069,
       59.3338621
      ],
      [
       17.9751892,
       59.3338417
      ],
      [
       17.9750871,
       59.3338211
      ],
      [
       17.9749746,
       59.3337938
      ],
      [
       17.9748801,
       59.3337689
      ],
      [
       17.9747888,
       59.3337414
      ],
      [
       17.9746932,
       59.3337084
      ],
      [
       17.974609,
       59.3336747
      ],
      [
       17.9745023,
       59.3336294
      ],
      [
       17.9744308,
       59.3335971
      ],
      [
       17.9742621,
       59.3335205
      ],
      [
       17.9741779,
       59.3334823
      ],
      [
       17.9741074,
       59.3334506
      ],
      [
       17.9740337,
       59.3334185
      ],
      [
       17.9739494,
       59.3333846
      ],
      [
       17.9736488,
       59.3332866
      ],
      [
       17.9733296,
       59.33321
      ],
      [
       17.9730239,
       59.3331662
      ],
      [
       17.972651,
       59.3331471
      ],
      [
       17.9723453,
       59.333158
      ],
      [
       17.9719698,
       59.3332004
      ],
      [
       17.9717123,
       59.3332538
      ],
      [
       17.9714414,
       59.3333304
      ],
      [
       17.9701271,
       59.3337906
      ],
      [
       17.969478,
       59.3339954
      ],
      [
       17.9688111,
       59.3341465
      ],
      [
       17.9679029,
       59.3342806
      ],
      [
       17.9674828,
       59.3343382
      ],
      [
       17.9667991,
       59.3344139
      ],
      [
       17.9659093,
       59.3345279
      ],
      [
       17.9648671,
       59.334689
      ],
      [
       17.9638072,
       59.3348765
      ],
      [
       17.9616078,
       59.3352371
      ],
      [
       17.9578793,
       59.3358038
      ],
      [
       17.9555245,
       59.3361518
      ],
      [
       17.9537527,
       59.3364222
      ],
      [
       17.9527162,
       59.3366029
      ],
      [
       17.9521492,
       59.3366929
      ],
      [
       17.950953,
       59.3369056
      ],
      [
       17.9496205,
       59.337213
      ],
      [
       17.9481525,
       59.3376268
      ],
      [
       17.9476277,
       59.3377647
      ],
      [
       17.9470672,
       59.3378844
      ],
      [
       17.9456728,
       59.3380576
      ],
      [
       17.9440801,
       59.3380984
      ],
      [
       17.9415678,
       59.3380999
      ],
      [
       17.9407207,
       59.3381401
      ],
      [
       17.9398609,
       59.3382093
      ],
      [
       17.9393551,
       59.3382764
      ],
      [
       17.9388885,
       59.3383762
      ],
      [
       17.9383894,
       59.3384878
      ],
      [
       17.9378785,
       59.3386275
      ],
      [
       17.9373057,
       59.3388043
      ],
      [
       17.9366695,
       59.339018
      ],
      [
       17.9352886,
       59.3395908
      ],
      [
       17.9348366,
       59.3397525
      ],
      [
       17.9343793,
       59.339897
      ],
      [
       17.9335961,
       59.3401105
      ],
      [
       17.9325849,
       59.3403707
      ],
      [
       17.9317978,
       59.3405743
      ],
      [
       17.9305843,
       59.3408831
      ],
      [
       17.929357,
       59.3411985
      ],
      [
       17.9290478,
       59.3412768
      ],
      [
       17.9276573,
       59.3416134
      ],
      [
       17.9271093,
       59.3417205
      ],
      [
       17.9264642,
       59.341832
      ],
      [
       17.9261538,
       59.3418738
      ],
      [
       17.9257422,
       59.3419167
      ],
      [
       17.9251182,
       59.3419639
      ],
      [
       17.9240002,
       59.3420241
      ],
      [
       17.9233745,
       59.3420536
      ],
      [
       17.9227446,
       59.3420801
      ],
      [
       17.922183,
       59.3420957
      ],
      [
       17.9216076,
       59.342103
      ],
      [
       17.920442,
       59.3421118
      ],
      [
       17.9195258,
       59.3421109
      ],
      [
       17.9181812,
       59.3421187
      ],
      [
       17.9180592,
       59.3421165
      ],
      [
       17.9177646,
       59.3421062
      ],
      [
       17.9172931,
       59.3420923
      ],
      [
       17.9162435,
       59.3420449
      ],
      [
       17.9153073,
       59.3420118
      ],
      [
       17.914358,
       59.3419549
      ],
      [
       17.9132044,
       59.341845
      ],
      [
       17.9119951,
       59.34172
      ],
      [
       17.9111573,
       59.3416414
      ],
      [
       17.9107524,
       59.3416063
      ],
      [
       17.910327,
       59.3415959
      ],
      [
       17.9098328,
       59.3415893
      ],
      [
       17.9094924,
       59.3415918
      ],
      [
       17.9090642,
       59.3416132
      ],
      [
       17.9086294,
       59.3416521
      ],
      [
       17.9081372,
       59.3417103
      ],
      [
       17.9077285,
       59.3417738
      ],
      [
       17.9072808,
       59.3418571
      ],
      [
       17.9069762,
       59.3419282
      ],
      [
       17.9066901,
       59.3420049
      ],
      [
       17.9062838,
       59.3421197
      ],
      [
       17.9057436,
       59.3422609
      ],
      [
       17.9050207,
       59.3424643
      ],
      [
       17.9043578,
       59.3426762
      ],
      [
       17.9037249,
       59.342924
      ],
      [
       17.9028605,
       59.3432738
      ],
      [
       17.902065,
       59.3435766
      ],
      [
       17.9011811,
       59.3439138
      ],
      [
       17.9001629,
       59.3442936
      ],
      [
       17.8993753,
       59.3445901
      ],
      [
       17.8986103,
       59.3448681
      ],
      [
       17.8978956,
       59.3451114
      ],
      [
       17.8973452,
       59.3452718
      ],
      [
       17.8969353,
       59.3453693
      ],
      [
       17.8965088,
       59.345451
      ],
      [
       17.8958351,
       59.3455626
      ],
      [
       17.8951314,
       59.3456725
      ],
      [
       17.8943379,
       59.3457919
      ],
      [
       17.8936582,
       59.3458985
      ],
      [
       17.8932013,
       59.3459597
      ],
      [
       17.8922828,
       59.3460593
      ],
      [
       17.8915263,
       59.3461404
      ],
      [
       17.890109,
       59.3462492
      ],
      [
       17.8888909,
       59.3463347
      ],
      [
       17.8876999,
       59.3465035
      ],
      [
       17.8861764,
       59.3468731
      ],
      [
       17.885223,
       59.3472061
      ],
      [
       17.8849323,
       59.3473304
      ],
      [
       17.884566,
       59.3474528
      ],
      [
       17.884301,
       59.3475649
      ],
      [
       17.8837722,
       59.3478104
      ],
      [
       17.8831494,
       59.3481263
      ],
      [
       17.8827171,
       59.3483829
      ],
      [
       17.8822526,
       59.3486749
      ],
      [
       17.8819897,
       59.3488818
      ],
      [
       17.8817795,
       59.3490632
      ],
      [
       17.8816616,
       59.3491768
      ],
      [
       17.8814098,
       59.3494482
      ],
      [
       17.8812575,
       59.3496294
      ],
      [
       17.8811422,
       59.3498728
      ],
      [
       17.8810832,
       59.3499931
      ],
      [
       17.8809866,
       59.3502666
      ],
      [
       17.8809295,
       59.3505402
      ],
      [
       17.8809148,
       59.3509004
      ],
      [
       17.8809107,
       59.3510926
      ],
      [
       17.880951,
       59.3513346
      ],
      [
       17.8810422,
       59.3517161
      ],
      [
       17.881161,
       59.352081
      ],
      [
       17.8813085,
       59.352416
      ],
      [
       17.8814901,
       59.352907
      ],
      [
       17.8816706,
       59.3533881
      ],
      [
       17.8817393,
       59.3537964
      ],
      [
       17.8817595,
       59.3539153
      ],
      [
       17.8817736,
       59.3540616
      ],
      [
       17.8817779,
       59.3542795
      ],
      [
       17.8817794,
       59.3544306
      ],
      [
       17.8817795,
       59.3545451
      ],
      [
       17.8817725,
       59.3547844
      ],
      [
       17.881761,
       59.3549072
      ],
      [
       17.8817442,
       59.355096
      ],
      [
       17.8817023,
       59.3554498
      ],
      [
       17.8816861,
       59.3556383
      ],
      [
       17.881667,
       59.3557832
      ],
      [
       17.8816648,
       59.3558072
      ],
      [
       17.8816473,
       59.3559606
      ],
      [
       17.8816201,
       59.3561835
      ],
      [
       17.8816001,
       59.3563109
      ],
      [
       17.881571,
       59.3564467
      ],
      [
       17.8815296,
       59.356631
      ],
      [
       17.8814902,
       59.3567571
      ],
      [
       17.8814516,
       59.356869
      ],
      [
       17.8814013,
       59.3570039
      ],
      [
       17.8813352,
       59.3571595
      ],
      [
       17.8812859,
       59.3572681
      ],
      [
       17.8812052,
       59.3574273
      ],
      [
       17.8810234,
       59.3577357
      ],
      [
       17.8808538,
       59.3579808
      ],
      [
       17.8806563,
       59.3582339
      ],
      [
       17.8805206,
       59.358389
      ],
      [
       17.8803737,
       59.3585476
      ],
      [
       17.8802587,
       59.3586644
      ],
      [
       17.8801112,
       59.3588029
      ],
      [
       17.8799125,
       59.3589814
      ],
      [
       17.8797318,
       59.3591321
      ],
      [
       17.8795884,
       59.3592432
      ],
      [
       17.8794104,
       59.3593761
      ],
      [
       17.8792095,
       59.3595174
      ],
      [
       17.879056,
       59.3596207
      ],
      [
       17.878899,
       59.3597211
      ],
      [
       17.8787577,
       59.3598079
      ],
      [
       17.8786134,
       59.359895
      ],
      [
       17.8784731,
       59.3599741
      ],
      [
       17.8782975,
       59.3600697
      ],
      [
       17.8781782,
       59.3601325
      ],
      [
       17.8779623,
       59.3602421
      ],
      [
       17.8777839,
       59.3603312
      ],
      [
       17.8775718,
       59.3604316
      ],
      [
       17.8773612,
       59.3605283
      ],
      [
       17.8771115,
       59.3606432
      ],
      [
       17.8766762,
       59.3608347
      ],
      [
       17.876223,
       59.3610328
      ],
      [
       17.8758602,
       59.3612066
      ],
      [
       17.8755435,
       59.3613501
      ],
      [
       17.872908,
       59.3627008
      ],
      [
       17.8721028,
       59.3631101
      ],
      [
       17.8704187,
       59.3639661
      ],
      [
       17.8698501,
       59.3642811
      ],
      [
       17.8693566,
       59.3645647
      ],
      [
       17.8689301,
       59.3648149
      ],
      [
       17.8688463,
       59.3648646
      ],
      [
       17.8684875,
       59.3650773
      ],
      [
       17.8681407,
       59.3652893
      ],
      [
       17.867825,
       59.3654654
      ],
      [
       17.8675211,
       59.3656296
      ],
      [
       17.8671325,
       59.365839
      ],
      [
       17.8665925,
       59.3661086
      ],
      [
       17.8658657,
       59.3664478
      ],
      [
       17.8651892,
       59.3667307
      ],
      [
       17.8648265,
       59.3668501
      ],
      [
       17.864301,
       59.3670234
      ],
      [
       17.8638581,
       59.367156
      ],
      [
       17.8635607,
       59.3672307
      ],
      [
       17.8632411,
       59.3673064
      ],
      [
       17.8628013,
       59.3674034
      ],
      [
       17.8622997,
       59.3674964
      ],
      [
       17.8617856,
       59.3675687
      ],
      [
       17.8612241,
       59.3676426
      ],
      [
       17.8606153,
       59.3677109
      ],
      [
       17.8599554,
       59.3677752
      ],
      [
       17.8594085,
       59.3678236
      ],
      [
       17.858956,
       59.3678622
      ],
      [
       17.8585223,
       59.3678969
      ],
      [
       17.8577123,
       59.3679393
      ],
      [
       17.8568352,
       59.3679721
      ],
      [
       17.8562909,
       59.3679806
      ],
      [
       17.8544899,
       59.3679981
      ],
      [
       17.8539419,
       59.3679897
      ],
      [
       17.8533787,
       59.3679774
      ],
      [
       17.8526893,
       59.3679474
      ],
      [
       17.8521153,
       59.3679187
      ],
      [
       17.8511632,
       59.3678476
      ],
      [
       17.8501144,
       59.3677697
      ],
      [
       17.8490979,
       59.3676877
      ],
      [
       17.8483951,
       59.3676248
      ],
      [
       17.847738,
       59.3675497
      ],
      [
       17.8468958,
       59.3674321
      ],
      [
       17.8458497,
       59.3672941
      ],
      [
       17.8448143,
       59.367085
      ],
      [
       17.8438882,
       59.3668938
      ],
      [
       17.8425482,
       59.3666431
      ],
      [
       17.8415493,
       59.3664387
      ],
      [
       17.8406489,
       59.3662226
      ],
      [
       17.8401554,
       59.3660941
      ],
      [
       17.8397772,
       59.3659739
      ],
      [
       17.8395036,
       59.3658878
      ],
      [
       17.8390414,
       59.3657348
      ],
      [
       17.8385782,
       59.3655611
      ],
      [
       17.8381544,
       59.365393
      ],
      [
       17.8378371,
       59.3652606
      ],
      [
       17.8373248,
       59.3650323
      ],
      [
       17.836706,
       59.3647479
      ],
      [
       17.8359408,
       59.3644022
      ],
      [
       17.8353247,
       59.3640823
      ],
      [
       17.8350619,
       59.3639251
      ],
      [
       17.8346595,
       59.3636654
      ],
      [
       17.8343028,
       59.3633989
      ],
      [
       17.834048,
       59.3631829
      ],
      [
       17.8336993,
       59.362889
      ],
      [
       17.8334847,
       59.3626662
      ],
      [
       17.833254,
       59.3623683
      ],
      [
       17.8329241,
       59.3618953
      ],
      [
       17.8327481,
       59.3616612
      ],
      [
       17.8324218,
       59.361227
      ]
     ]
    ]
   }
  },
  {
   "type": "Feature",
   "properties": {
    "name": "Pendeltåg 40 · Upplands Väsby–Södertälje centrum",
    "line": "40"
   },
   "geometry": {
    "type": "MultiLineString",
    "coordinates": [
     [
      [
       17.8993744,
       59.5208535
      ],
      [
       17.8983506,
       59.5191292
      ],
      [
       17.8977314,
       59.518096
      ],
      [
       17.8976631,
       59.5179801
      ],
      [
       17.8971182,
       59.5171222
      ],
      [
       17.896381,
       59.5158575
      ],
      [
       17.8959519,
       59.5151635
      ],
      [
       17.8954862,
       59.5143943
      ],
      [
       17.8952759,
       59.5140395
      ],
      [
       17.8942249,
       59.5121901
      ],
      [
       17.893801,
       59.5114524
      ],
      [
       17.8935997,
       59.5111022
      ],
      [
       17.8933044,
       59.5105823
      ],
      [
       17.8927485,
       59.5095572
      ],
      [
       17.8927185,
       59.5094952
      ],
      [
       17.8923174,
       59.5085354
      ],
      [
       17.8919848,
       59.5075365
      ],
      [
       17.8918238,
       59.506973
      ],
      [
       17.8917444,
       59.5064399
      ],
      [
       17.8916629,
       59.5053778
      ],
      [
       17.8916361,
       59.5047925
      ],
      [
       17.8916844,
       59.5042535
      ],
      [
       17.891915,
       59.5029904
      ],
      [
       17.8921242,
       59.50216
      ],
      [
       17.8925105,
       59.5011881
      ],
      [
       17.8926749,
       59.500786
      ],
      [
       17.8927013,
       59.5007234
      ],
      [
       17.8928967,
       59.5003196
      ],
      [
       17.8932189,
       59.4998126
      ],
      [
       17.8935512,
       59.4992877
      ],
      [
       17.8942754,
       59.4982612
      ],
      [
       17.894707,
       59.4977529
      ],
      [
       17.8951224,
       59.4972621
      ],
      [
       17.8955831,
       59.4967552
      ],
      [
       17.8960188,
       59.4962762
      ],
      [
       17.897022,
       59.4952143
      ],
      [
       17.8979613,
       59.4941902
      ],
      [
       17.8988811,
       59.4931665
      ],
      [
       17.8994938,
       59.4924996
      ],
      [
       17.8997739,
       59.4921943
      ],
      [
       17.9006912,
       59.4912057
      ],
      [
       17.9015817,
       59.4902062
      ],
      [
       17.9024829,
       59.4892176
      ],
      [
       17.9034432,
       59.4881799
      ],
      [
       17.9047253,
       59.4867827
      ],
      [
       17.9051741,
       59.4862725
      ],
      [
       17.9059752,
       59.4853909
      ],
      [
       17.9064268,
       59.4848921
      ],
      [
       17.9067386,
       59.4845504
      ],
      [
       17.9069278,
       59.4843413
      ],
      [
       17.9071553,
       59.4840916
      ],
      [
       17.90818,
       59.4829911
      ],
      [
       17.9088326,
       59.4822579
      ],
      [
       17.9092075,
       59.4818368
      ],
      [
       17.9096874,
       59.4813267
      ],
      [
       17.9104384,
       59.4805121
      ],
      [
       17.9114415,
       59.4794115
      ],
      [
       17.9123857,
       59.4783872
      ],
      [
       17.9130923,
       59.4776388
      ],
      [
       17.9138639,
       59.476805
      ],
      [
       17.914775,
       59.4758481
      ],
      [
       17.9159463,
       59.4746301
      ],
      [
       17.9163714,
       59.4741546
      ],
      [
       17.9169355,
       59.4735475
      ],
      [
       17.9174926,
       59.4729666
      ],
      [
       17.9182651,
       59.4721191
      ],
      [
       17.9186352,
       59.47169
      ],
      [
       17.9189973,
       59.471239
      ],
      [
       17.9193782,
       59.4707349
      ],
      [
       17.9197269,
       59.4702335
      ],
      [
       17.9200058,
       59.4697934
      ],
      [
       17.9202392,
       59.4694064
      ],
      [
       17.9205288,
       59.4689213
      ],
      [
       17.9207944,
       59.4684839
      ],
      [
       17.9211162,
       59.4679375
      ],
      [
       17.9215345,
       59.4672072
      ],
      [
       17.9218699,
       59.4666348
      ],
      [
       17.9221435,
       59.4661838
      ],
      [
       17.9223237,
       59.4658618
      ],
      [
       17.9226397,
       59.4653198
      ],
      [
       17.9229038,
       59.4648127
      ],
      [
       17.9231601,
       59.4642855
      ],
      [
       17.9233908,
       59.4637527
      ],
      [
       17.9235785,
       59.4632266
      ],
      [
       17.9237475,
       59.4627006
      ],
      [
       17.9238762,
       59.4621636
      ],
      [
       17.9239889,
       59.4616307
      ],
      [
       17.924072,
       59.4611197
      ],
      [
       17.924183,
       59.4604937
      ],
      [
       17.9243912,
       59.4591134
      ],
      [
       17.9245047,
       59.4584477
      ],
      [
       17.9246246,
       59.4577899
      ],
      [
       17.924705,
       59.4572038
      ],
      [
       17.9247989,
       59.456615
      ],
      [
       17.9248928,
       59.4560289
      ],
      [
       17.9249759,
       59.4554877
      ],
      [
       17.9250671,
       59.4549384
      ],
      [
       17.9251583,
       59.4544054
      ],
      [
       17.9252683,
       59.4538969
      ],
      [
       17.9254051,
       59.4533707
      ],
      [
       17.9255633,
       59.45285
      ],
      [
       17.9257457,
       59.4523728
      ],
      [
       17.9259174,
       59.4519857
      ],
      [
       17.9260917,
       59.4516012
      ],
      [
       17.9262956,
       59.4512154
      ],
      [
       17.9265558,
       59.4507546
      ],
      [
       17.9269596,
       59.4501375
      ],
      [
       17.9272129,
       59.449769
      ],
      [
       17.9275938,
       59.4492591
      ],
      [
       17.92798,
       59.4487901
      ],
      [
       17.928398,
       59.4483181
      ],
      [
       17.9288839,
       59.4478179
      ],
      [
       17.9293562,
       59.4473467
      ],
      [
       17.9298951,
       59.446824
      ],
      [
       17.9303994,
       59.446329
      ],
      [
       17.9308902,
       59.445845
      ],
      [
       17.9312979,
       59.4454578
      ],
      [
       17.9316627,
       59.4450937
      ],
      [
       17.932065,
       59.4447133
      ],
      [
       17.9324694,
       59.4443083
      ],
      [
       17.9329984,
       59.4438147
      ],
      [
       17.9334625,
       59.4433674
      ],
      [
       17.9339613,
       59.4428724
      ],
      [
       17.9345023,
       59.4423504
      ],
      [
       17.9349806,
       59.4418851
      ],
      [
       17.9354553,
       59.4414229
      ],
      [
       17.9356626,
       59.4412161
      ],
      [
       17.936063,
       59.4408245
      ],
      [
       17.9368367,
       59.4400755
      ],
      [
       17.9373061,
       59.4396159
      ],
      [
       17.9376842,
       59.4392409
      ],
      [
       17.9381878,
       59.4387705
      ],
      [
       17.9385882,
       59.4383694
      ],
      [
       17.9389905,
       59.4379807
      ],
      [
       17.9394706,
       59.4375184
      ],
      [
       17.940007,
       59.4369974
      ],
      [
       17.9405254,
       59.4364863
      ],
      [
       17.9410531,
       59.4359677
      ],
      [
       17.9415655,
       59.4354806
      ],
      [
       17.9420884,
       59.4349638
      ],
      [
       17.9426115,
       59.4344346
      ],
      [
       17.9427519,
       59.4342915
      ],
      [
       17.9431211,
       59.4339177
      ],
      [
       17.9436227,
       59.4334034
      ],
      [
       17.9441591,
       59.4328783
      ],
      [
       17.944666,
       59.4323572
      ],
      [
       17.9450898,
       59.4319385
      ],
      [
       17.9456102,
       59.4314133
      ],
      [
       17.9465516,
       59.4304665
      ],
      [
       17.9475655,
       59.4294434
      ],
      [
       17.9476944,
       59.4293135
      ],
      [
       17.9480813,
       59.4289236
      ],
      [
       17.9485835,
       59.4284249
      ],
      [
       17.9490851,
       59.427897
      ],
      [
       17.9496081,
       59.4273813
      ],
      [
       17.9501249,
       59.4268607
      ],
      [
       17.9505711,
       59.4264113
      ],
      [
       17.9507357,
       59.4262381
      ],
      [
       17.9510431,
       59.4259188
      ],
      [
       17.9515471,
       59.4253607
      ],
      [
       17.952006,
       59.4248246
      ],
      [
       17.9523023,
       59.4244529
      ],
      [
       17.9527061,
       59.4239432
      ],
      [
       17.9530762,
       59.4234329
      ],
      [
       17.9534303,
       59.4229267
      ],
      [
       17.9537092,
       59.4225037
      ],
      [
       17.9540231,
       59.4219934
      ],
      [
       17.954353,
       59.4214449
      ],
      [
       17.9546453,
       59.4209237
      ],
      [
       17.954962,
       59.4203754
      ],
      [
       17.9552944,
       59.4198375
      ],
      [
       17.9555334,
       59.4194169
      ],
      [
       17.955847,
       59.4188809
      ],
      [
       17.9560428,
       59.418548
      ],
      [
       17.9564446,
       59.4178547
      ],
      [
       17.956482,
       59.4177969
      ],
      [
       17.9565616,
       59.4176602
      ],
      [
       17.9568662,
       59.417141
      ],
      [
       17.9573028,
       59.4164081
      ],
      [
       17.9575126,
       59.4160493
      ],
      [
       17.9577893,
       59.4155511
      ],
      [
       17.9580705,
       59.4150899
      ],
      [
       17.9583226,
       59.414634
      ],
      [
       17.958674,
       59.4140445
      ],
      [
       17.9590012,
       59.4134863
      ],
      [
       17.9593285,
       59.4129253
      ],
      [
       17.9596584,
       59.4123848
      ],
      [
       17.9600097,
       59.4118403
      ],
      [
       17.9603638,
       59.4113325
      ],
      [
       17.9607152,
       59.410878
      ],
      [
       17.9611068,
       59.410418
      ],
      [
       17.961485,
       59.4100044
      ],
      [
       17.9619215,
       59.4095859
      ],
      [
       17.9621769,
       59.4093475
      ],
      [
       17.9623903,
       59.4091476
      ],
      [
       17.962877,
       59.4087309
      ],
      [
       17.9634001,
       59.4083146
      ],
      [
       17.9639499,
       59.4079133
      ],
      [
       17.964325,
       59.407655
      ],
      [
       17.9645266,
       59.4075188
      ],
      [
       17.9650469,
       59.4071816
      ],
      [
       17.9655136,
       59.4068963
      ],
      [
       17.9660984,
       59.4065564
      ],
      [
       17.9667674,
       59.4061899
      ],
      [
       17.9674368,
       59.4058479
      ],
      [
       17.9681449,
       59.4055012
      ],
      [
       17.96892,
       59.4051298
      ],
      [
       17.969773,
       59.404734
      ],
      [
       17.9705964,
       59.4043462
      ],
      [
       17.9714494,
       59.4039462
      ],
      [
       17.9722728,
       59.4035613
      ],
      [
       17.973115,
       59.4031667
      ],
      [
       17.9740166,
       59.4027473
      ],
      [
       17.9740426,
       59.4027355
      ],
      [
       17.9746948,
       59.4024308
      ],
      [
       17.9755078,
       59.4020343
      ],
      [
       17.9762908,
       59.4016704
      ],
      [
       17.9769533,
       59.4013727
      ],
      [
       17.977648,
       59.4010423
      ],
      [
       17.9781388,
       59.4008089
      ],
      [
       17.9787852,
       59.4004948
      ],
      [
       17.9795335,
       59.4001453
      ],
      [
       17.9801853,
       59.3998176
      ],
      [
       17.9808264,
       59.3994886
      ],
      [
       17.9814391,
       59.3991412
      ],
      [
       17.9819207,
       59.3988591
      ],
      [
       17.9824893,
       59.3984918
      ],
      [
       17.9830404,
       59.398113
      ],
      [
       17.9835676,
       59.3977135
      ],
      [
       17.9840638,
       59.397308
      ],
      [
       17.984533,
       59.3968848
      ],
      [
       17.9849462,
       59.3964901
      ],
      [
       17.9853547,
       59.3960504
      ],
      [
       17.9853965,
       59.396004
      ],
      [
       17.9857241,
       59.395608
      ],
      [
       17.9860728,
       59.3951573
      ],
      [
       17.9863812,
       59.3947012
      ],
      [
       17.986715,
       59.3941476
      ],
      [
       17.9870503,
       59.3935426
      ],
      [
       17.9874365,
       59.3927492
      ],
      [
       17.9878389,
       59.3919653
      ],
      [
       17.988091,
       59.3914927
      ],
      [
       17.9883458,
       59.391053
      ],
      [
       17.9886328,
       59.3906173
      ],
      [
       17.9889547,
       59.390183
      ],
      [
       17.9892833,
       59.3897642
      ],
      [
       17.9896628,
       59.3893458
      ],
      [
       17.9899793,
       59.3890044
      ],
      [
       17.9904004,
       59.3885932
      ],
      [
       17.990851,
       59.3881862
      ],
      [
       17.9914277,
       59.3877082
      ],
      [
       17.9915108,
       59.3876451
      ],
      [
       17.9920553,
       59.387237
      ],
      [
       17.9927151,
       59.3867821
      ],
      [
       17.9933937,
       59.3863314
      ],
      [
       17.994075,
       59.385882
      ],
      [
       17.9947161,
       59.3854818
      ],
      [
       17.9953571,
       59.3850829
      ],
      [
       17.9959526,
       59.3846977
      ],
      [
       17.9965534,
       59.3842934
      ],
      [
       17.9971542,
       59.383885
      ],
      [
       17.997612,
       59.383541
      ],
      [
       17.9981251,
       59.3831569
      ],
      [
       17.9983832,
       59.3829343
      ],
      [
       17.9987045,
       59.3826692
      ],
      [
       17.9992007,
       59.3822157
      ],
      [
       17.9996781,
       59.3817553
      ],
      [
       17.999979,
       59.3814302
      ],
      [
       18.0005347,
       59.3807767
      ],
      [
       18.0009281,
       59.3802853
      ],
      [
       18.0010605,
       59.3801101
      ],
      [
       18.0013143,
       59.3797758
      ],
      [
       18.0016898,
       59.3792675
      ],
      [
       18.0020201,
       59.3788256
      ],
      [
       18.0024381,
       59.378277
      ],
      [
       18.0027922,
       59.3778098
      ],
      [
       18.0031355,
       59.3773507
      ],
      [
       18.003572,
       59.3767544
      ],
      [
       18.0040467,
       59.3761395
      ],
      [
       18.0044303,
       59.3756135
      ],
      [
       18.0048476,
       59.3750427
      ],
      [
       18.0052162,
       59.3745887
      ],
      [
       18.0055792,
       59.3741152
      ],
      [
       18.0059752,
       59.3736063
      ],
      [
       18.0063373,
       59.3730993
      ],
      [
       18.0065627,
       59.372769
      ],
      [
       18.0066914,
       59.3725787
      ],
      [
       18.007024,
       59.3720376
      ],
      [
       18.0073136,
       59.3715211
      ],
      [
       18.0075926,
       59.3709786
      ],
      [
       18.0078662,
       59.370432
      ],
      [
       18.0079606,
       59.3702249
      ],
      [
       18.0080942,
       59.3699427
      ],
      [
       18.0083785,
       59.3693565
      ],
      [
       18.0086038,
       59.3689178
      ],
      [
       18.0088586,
       59.3684108
      ],
      [
       18.0090008,
       59.3680718
      ],
      [
       18.0091847,
       59.3677082
      ],
      [
       18.0093629,
       59.3673571
      ],
      [
       18.009615,
       59.3668377
      ],
      [
       18.0098617,
       59.3663239
      ],
      [
       18.0101219,
       59.3657813
      ],
      [
       18.0103606,
       59.3652428
      ],
      [
       18.0104602,
       59.3650022
      ],
      [
       18.0104687,
       59.3649817
      ],
      [
       18.0105668,
       59.3646851
      ],
      [
       18.0106307,
       59.3644815
      ],
      [
       18.0107179,
       59.3641977
      ],
      [
       18.0107572,
       59.3640423
      ],
      [
       18.0112263,
       59.3621347
      ],
      [
       18.0113655,
       59.3615469
      ],
      [
       18.0116638,
       59.3602879
      ],
      [
       18.0117742,
       59.3598819
      ],
      [
       18.0119312,
       59.3593478
      ],
      [
       18.0119352,
       59.3593335
      ],
      [
       18.0119917,
       59.3591263
      ],
      [
       18.0121121,
       59.3588116
      ],
      [
       18.012206,
       59.358556
      ],
      [
       18.0123186,
       59.3582784
      ],
      [
       18.0125499,
       59.3577147
      ],
      [
       18.0127773,
       59.3571848
      ],
      [
       18.0129032,
       59.3568796
      ],
      [
       18.0130133,
       59.3566489
      ],
      [
       18.0131488,
       59.3563214
      ],
      [
       18.0132226,
       59.3561431
      ],
      [
       18.0134479,
       59.3556372
      ],
      [
       18.0135608,
       59.355367
      ],
      [
       18.0136103,
       59.3552487
      ],
      [
       18.0136651,
       59.3551191
      ],
      [
       18.0137912,
       59.3548675
      ],
      [
       18.0139146,
       59.354646
      ],
      [
       18.0140594,
       59.3544177
      ],
      [
       18.014082,
       59.3543834
      ],
      [
       18.0142123,
       59.3541921
      ],
      [
       18.0144188,
       59.3539324
      ],
      [
       18.0146551,
       59.3536508
      ],
      [
       18.0151055,
       59.3531872
      ],
      [
       18.0153549,
       59.3529493
      ],
      [
       18.0155668,
       59.35271
      ],
      [
       18.0159262,
       59.3523341
      ],
      [
       18.0159334,
       59.3523267
      ],
      [
       18.0163285,
       59.3518391
      ],
      [
       18.0165189,
       59.3515889
      ],
      [
       18.0166772,
       59.3513264
      ],
      [
       18.0169857,
       59.3508109
      ],
      [
       18.0177021,
       59.3494845
      ],
      [
       18.0179198,
       59.3490637
      ],
      [
       18.0179627,
       59.3489941
      ],
      [
       18.018171,
       59.3486488
      ],
      [
       18.0183542,
       59.3484002
      ],
      [
       18.0185589,
       59.3481514
      ],
      [
       18.0193884,
       59.3472858
      ],
      [
       18.0196567,
       59.347058
      ],
      [
       18.0199889,
       59.3467786
      ],
      [
       18.0202439,
       59.3465623
      ],
      [
       18.0202553,
       59.346553
      ],
      [
       18.0204323,
       59.3464031
      ],
      [
       18.0206224,
       59.3462738
      ],
      [
       18.0208719,
       59.3461205
      ],
      [
       18.0212697,
       59.3459108
      ],
      [
       18.0218106,
       59.3456774
      ],
      [
       18.0223458,
       59.3454896
      ],
      [
       18.0228326,
       59.345341
      ],
      [
       18.0232095,
       59.345245
      ],
      [
       18.0236157,
       59.3451553
      ],
      [
       18.0239969,
       59.3450783
      ],
      [
       18.0245125,
       59.3449896
      ],
      [
       18.0249678,
       59.3449404
      ],
      [
       18.0250767,
       59.3449282
      ],
      [
       18.0254685,
       59.3448979
      ],
      [
       18.0258714,
       59.3448745
      ],
      [
       18.0259531,
       59.3448688
      ],
      [
       18.0264805,
       59.3448546
      ],
      [
       18.0270162,
       59.3448485
      ],
      [
       18.034738,
       59.3448694
      ],
      [
       18.035731,
       59.3448705
      ],
      [
       18.0376224,
       59.3448738
      ],
      [
       18.0385539,
       59.3448731
      ],
      [
       18.0390981,
       59.3448559
      ],
      [
       18.0396334,
       59.3448303
      ],
      [
       18.0401549,
       59.3447871
      ],
      [
       18.0406686,
       59.3447211
      ],
      [
       18.0411112,
       59.3446606
      ],
      [
       18.0415302,
       59.3445902
      ],
      [
       18.0419554,
       59.3445068
      ],
      [
       18.0423464,
       59.3444221
      ],
      [
       18.0424461,
       59.3443987
      ],
      [
       18.0428044,
       59.3443071
      ],
      [
       18.0432971,
       59.344168
      ],
      [
       18.0434254,
       59.3441335
      ],
      [
       18.0459833,
       59.3434056
      ],
      [
       18.047831,
       59.3428735
      ],
      [
       18.0486114,
       59.3426511
      ],
      [
       18.0494722,
       59.3424062
      ],
      [
       18.0498305,
       59.3423029
      ],
      [
       18.0503976,
       59.3421448
      ],
      [
       18.0509368,
       59.3419835
      ],
      [
       18.0513275,
       59.3418677
      ],
      [
       18.0516972,
       59.3417475
      ],
      [
       18.0520252,
       59.3416299
      ],
      [
       18.0523288,
       59.3415143
      ],
      [
       18.0527733,
       59.3413376
      ],
      [
       18.0530403,
       59.3412154
      ],
      [
       18.0533064,
       59.3410926
      ],
      [
       18.0537287,
       59.3408905
      ],
      [
       18.0541693,
       59.3406674
      ],
      [
       18.0544075,
       59.3405337
      ],
      [
       18.0547469,
       59.3403275
      ],
      [
       18.0550899,
       59.340089
      ],
      [
       18.0553248,
       59.3399284
      ],
      [
       18.055703,
       59.3396378
      ],
      [
       18.0559927,
       59.3393806
      ],
      [
       18.0562313,
       59.3391499
      ],
      [
       18.056624,
       59.338718
      ],
      [
       18.0568081,
       59.3384765
      ],
      [
       18.0569152,
       59.3383229
      ],
      [
       18.0569744,
       59.3382388
      ],
      [
       18.0572185,
       59.3379048
      ],
      [
       18.0574462,
       59.3374913
      ],
      [
       18.0574909,
       59.3374102
      ],
      [
       18.0576821,
       59.3370565
      ],
      [
       18.0579299,
       59.3364237
      ],
      [
       18.0581331,
       59.3356381
      ],
      [
       18.0583423,
       59.3348912
      ],
      [
       18.0585966,
       59.3338275
      ],
      [
       18.0587088,
       59.3333831
      ],
      [
       18.0588674,
       59.3327936
      ],
      [
       18.0591111,
       59.3318164
      ],
      [
       18.059342,
       59.3309054
      ],
      [
       18.0593924,
       59.3307296
      ],
      [
       18.0595406,
       59.3302939
      ],
      [
       18.0596405,
       59.3300045
      ],
      [
       18.0598122,
       59.3296788
      ],
      [
       18.0600965,
       59.3292246
      ],
      [
       18.0605096,
       59.3286965
      ],
      [
       18.0611426,
       59.3278919
      ],
      [
       18.0615852,
       59.3273622
      ],
      [
       18.0619171,
       59.3268352
      ],
      [
       18.0635185,
       59.324271
      ],
      [
       18.0644604,
       59.3227931
      ],
      [
       18.0648048,
       59.3222505
      ],
      [
       18.065477,
       59.321221
      ],
      [
       18.0656441,
       59.3209797
      ],
      [
       18.0656863,
       59.3209306
      ],
      [
       18.0658874,
       59.3206955
      ],
      [
       18.0660154,
       59.3205597
      ],
      [
       18.0662002,
       59.3203723
      ],
      [
       18.0664024,
       59.3201946
      ],
      [
       18.0666773,
       59.3199653
      ],
      [
       18.0676335,
       59.3192489
      ],
      [
       18.0680171,
       59.3189451
      ],
      [
       18.0682102,
       59.3187494
      ],
      [
       18.0683818,
       59.3185632
      ],
      [
       18.0685562,
       59.3183018
      ],
      [
       18.0686447,
       59.3181376
      ],
      [
       18.0687305,
       59.3179173
      ],
      [
       18.0687462,
       59.3178266
      ],
      [
       18.0687842,
       59.3176463
      ],
      [
       18.0688033,
       59.3173928
      ],
      [
       18.0688056,
       59.3173205
      ],
      [
       18.0687762,
       59.3171275
      ],
      [
       18.0687064,
       59.3168756
      ],
      [
       18.0686045,
       59.3166006
      ],
      [
       18.0684971,
       59.3163775
      ],
      [
       18.0683148,
       59.3160804
      ],
      [
       18.0680814,
       59.3157738
      ],
      [
       18.0679451,
       59.3156502
      ],
      [
       18.0677783,
       59.3155001
      ],
      [
       18.0675638,
       59.3153249
      ],
      [
       18.0672849,
       59.3151496
      ],
      [
       18.0671202,
       59.3150533
      ],
      [
       18.0668552,
       59.3149254
      ],
      [
       18.0658579,
       59.3145146
      ],
      [
       18.0654594,
       59.3143768
      ],
      [
       18.0650532,
       59.3142586
      ],
      [
       18.0645709,
       59.3141354
      ],
      [
       18.0645629,
       59.3141335
      ],
      [
       18.0643582,
       59.3140859
      ],
      [
       18.0635565,
       59.3139219
      ],
      [
       18.0618097,
       59.3135946
      ],
      [
       18.0581438,
       59.312912
      ],
      [
       18.0573832,
       59.3127707
      ],
      [
       18.05728,
       59.3127529
      ],
      [
       18.056851,
       59.3126776
      ],
      [
       18.0564567,
       59.3126091
      ],
      [
       18.0561349,
       59.3125558
      ],
      [
       18.0555258,
       59.3124696
      ],
      [
       18.0540507,
       59.3122536
      ],
      [
       18.0524705,
       59.31202
      ],
      [
       18.0522402,
       59.3119866
      ],
      [
       18.0517975,
       59.3119164
      ],
      [
       18.0507331,
       59.3117613
      ],
      [
       18.0503402,
       59.3116985
      ],
      [
       18.05007,
       59.3116598
      ],
      [
       18.0488068,
       59.3114716
      ],
      [
       18.0482854,
       59.3113908
      ],
      [
       18.0478607,
       59.3113212
      ],
      [
       18.0475178,
       59.3112624
      ],
      [
       18.047247,
       59.3112134
      ],
      [
       18.0470369,
       59.311173
      ],
      [
       18.0468417,
       59.3111347
      ],
      [
       18.046544,
       59.3110672
      ],
      [
       18.046394,
       59.3110311
      ],
      [
       18.0461919,
       59.3109787
      ],
      [
       18.0460508,
       59.3109392
      ],
      [
       18.0459045,
       59.3108986
      ],
      [
       18.0457145,
       59.3108415
      ],
      [
       18.0455884,
       59.3108025
      ],
      [
       18.0454587,
       59.3107607
      ],
      [
       18.0453319,
       59.3107196
      ],
      [
       18.0451953,
       59.3106727
      ],
      [
       18.0451036,
       59.310641
      ],
      [
       18.0449263,
       59.3105749
      ],
      [
       18.0448398,
       59.3105437
      ],
      [
       18.0446542,
       59.3104691
      ],
      [
       18.0444793,
       59.3103939
      ],
      [
       18.0443054,
       59.3103118
      ],
      [
       18.0442181,
       59.3102702
      ],
      [
       18.0440493,
       59.3101869
      ],
      [
       18.0439194,
       59.3101211
      ],
      [
       18.0438026,
       59.3100618
      ],
      [
       18.0436617,
       59.3099832
      ],
      [
       18.0435494,
       59.3099168
      ],
      [
       18.0434393,
       59.3098497
      ],
      [
       18.0433121,
       59.3097697
      ],
      [
       18.0432183,
       59.3097086
      ],
      [
       18.043087,
       59.3096176
      ],
      [
       18.042958,
       59.3095297
      ],
      [
       18.0427794,
       59.3093969
      ],
      [
       18.0426079,
       59.3092635
      ],
      [
       18.0424574,
       59.3091433
      ],
      [
       18.0422785,
       59.3089969
      ],
      [
       18.0392038,
       59.3064682
      ],
      [
       18.038957,
       59.3062662
      ],
      [
       18.0388551,
       59.3061812
      ],
      [
       18.0378882,
       59.3053855
      ],
      [
       18.0372421,
       59.304854
      ],
      [
       18.0367654,
       59.3044599
      ],
      [
       18.0365186,
       59.304262
      ],
      [
       18.0363028,
       59.3040846
      ],
      [
       18.0362168,
       59.3040115
      ],
      [
       18.0361316,
       59.30394
      ],
      [
       18.0359486,
       59.3037897
      ],
      [
       18.0356937,
       59.3035761
      ],
      [
       18.035447,
       59.3033803
      ],
      [
       18.0349964,
       59.3030325
      ],
      [
       18.0346437,
       59.3027917
      ],
      [
       18.0341542,
       59.3024684
      ],
      [
       18.0337567,
       59.3022287
      ],
      [
       18.0334843,
       59.3020664
      ],
      [
       18.032853,
       59.3016976
      ],
      [
       18.0323598,
       59.3014099
      ],
      [
       18.0320498,
       59.3012446
      ],
      [
       18.0319963,
       59.3012158
      ],
      [
       18.0316731,
       59.3010443
      ],
      [
       18.0312359,
       59.3008183
      ],
      [
       18.0309167,
       59.3006691
      ],
      [
       18.030568,
       59.3005212
      ],
      [
       18.0303524,
       59.3004314
      ],
      [
       18.0302278,
       59.3003815
      ],
      [
       18.0294444,
       59.300091
      ],
      [
       18.028888,
       59.2998835
      ],
      [
       18.0283691,
       59.2996793
      ],
      [
       18.027731,
       59.2994187
      ],
      [
       18.026464,
       59.298858
      ],
      [
       18.0258876,
       59.2985862
      ],
      [
       18.025254,
       59.298265
      ],
      [
       18.0248155,
       59.2980178
      ],
      [
       18.0242836,
       59.2976919
      ],
      [
       18.0239852,
       59.2974999
      ],
      [
       18.0237071,
       59.2973135
      ],
      [
       18.0230548,
       59.2968052
      ],
      [
       18.0226905,
       59.296491
      ],
      [
       18.0223016,
       59.2961253
      ],
      [
       18.0220334,
       59.2958569
      ],
      [
       18.0217813,
       59.2955871
      ],
      [
       18.0215694,
       59.2953323
      ],
      [
       18.021464,
       59.2951986
      ],
      [
       18.0212368,
       59.2949064
      ],
      [
       18.0210571,
       59.2946297
      ],
      [
       18.0209095,
       59.2944038
      ],
      [
       18.0207754,
       59.2941764
      ],
      [
       18.0206896,
       59.2940079
      ],
      [
       18.0206145,
       59.2938628
      ],
      [
       18.0203815,
       59.2933281
      ],
      [
       18.0203186,
       59.2931584
      ],
      [
       18.0202616,
       59.2929877
      ],
      [
       18.0201666,
       59.2926575
      ],
      [
       18.0200566,
       59.2922164
      ],
      [
       18.020026,
       59.2920739
      ],
      [
       18.0199674,
       59.2917231
      ],
      [
       18.0199294,
       59.2914873
      ],
      [
       18.0199223,
       59.2914421
      ],
      [
       18.0197872,
       59.2902453
      ],
      [
       18.0196907,
       59.2893788
      ],
      [
       18.019653,
       59.2890491
      ],
      [
       18.0196359,
       59.2888844
      ],
      [
       18.0196246,
       59.2887611
      ],
      [
       18.019602,
       59.2885322
      ],
      [
       18.019593,
       59.2884119
      ],
      [
       18.019594,
       59.2882432
      ],
      [
       18.0195717,
       59.2879752
      ],
      [
       18.0195507,
       59.2877397
      ],
      [
       18.0194879,
       59.2871125
      ],
      [
       18.0194571,
       59.2869629
      ],
      [
       18.0193485,
       59.2862097
      ],
      [
       18.0191807,
       59.2852211
      ],
      [
       18.0190655,
       59.2847034
      ],
      [
       18.0190178,
       59.2845352
      ],
      [
       18.0189295,
       59.2842677
      ],
      [
       18.0188456,
       59.2840558
      ],
      [
       18.0187465,
       59.2838445
      ],
      [
       18.018525,
       59.2834232
      ],
      [
       18.0183462,
       59.2831613
      ],
      [
       18.0182474,
       59.2830237
      ],
      [
       18.0181333,
       59.282867
      ],
      [
       18.0180641,
       59.2827809
      ],
      [
       18.017959,
       59.2826477
      ],
      [
       18.0178345,
       59.2825138
      ],
      [
       18.0175667,
       59.2822339
      ],
      [
       18.0172862,
       59.2819658
      ],
      [
       18.0170348,
       59.2817437
      ],
      [
       18.0167736,
       59.2815278
      ],
      [
       18.0165003,
       59.2813239
      ],
      [
       18.0162139,
       59.2811234
      ],
      [
       18.0159581,
       59.2809486
      ],
      [
       18.0156467,
       59.2807495
      ],
      [
       18.0150967,
       59.2804272
      ],
      [
       18.0147619,
       59.2802433
      ],
      [
       18.0143675,
       59.2800401
      ],
      [
       18.0139463,
       59.2798408
      ],
      [
       18.01379,
       59.2797708
      ],
      [
       18.0132502,
       59.2795325
      ],
      [
       18.0126073,
       59.2792607
      ],
      [
       18.0117524,
       59.2789127
      ],
      [
       18.0112509,
       59.2787085
      ],
      [
       18.0104843,
       59.2783733
      ],
      [
       18.0098603,
       59.2780931
      ],
      [
       18.0095196,
       59.2779278
      ],
      [
       18.0087844,
       59.2775416
      ],
      [
       18.0082395,
       59.2772361
      ],
      [
       18.0080823,
       59.2771453
      ],
      [
       18.0074022,
       59.2767568
      ],
      [
       18.0069176,
       59.2764662
      ],
      [
       18.0063571,
       59.2761068
      ],
      [
       18.0057978,
       59.2757244
      ],
      [
       18.0052692,
       59.2753478
      ],
      [
       18.0046294,
       59.2748972
      ],
      [
       18.0040557,
       59.2745073
      ],
      [
       18.0029737,
       59.2737732
      ],
      [
       18.0024262,
       59.2734011
      ],
      [
       18.0022355,
       59.2732724
      ],
      [
       18.0012982,
       59.2726434
      ],
      [
       18.0003836,
       59.2720406
      ],
      [
       17.9997317,
       59.2716134
      ],
      [
       17.9994081,
       59.271395
      ],
      [
       17.999099,
       59.2711677
      ],
      [
       17.9987972,
       59.2709384
      ],
      [
       17.9983199,
       59.270519
      ],
      [
       17.9980296,
       59.2702261
      ],
      [
       17.9978159,
       59.2699833
      ],
      [
       17.9976063,
       59.2697326
      ],
      [
       17.9974506,
       59.269514
      ],
      [
       17.9972982,
       59.2692907
      ],
      [
       17.9971526,
       59.2690304
      ],
      [
       17.9970218,
       59.2687695
      ],
      [
       17.996909,
       59.2685061
      ],
      [
       17.996817,
       59.2682401
      ],
      [
       17.9967489,
       59.2679773
      ],
      [
       17.9966979,
       59.2677142
      ],
      [
       17.9966654,
       59.2674458
      ],
      [
       17.9966569,
       59.2671774
      ],
      [
       17.9966569,
       59.2669574
      ],
      [
       17.9966811,
       59.2667372
      ],
      [
       17.9967288,
       59.2664172
      ],
      [
       17.9968078,
       59.2660993
      ],
      [
       17.9968772,
       59.2658738
      ],
      [
       17.9970139,
       59.2655336
      ],
      [
       17.9972765,
       59.2649918
      ],
      [
       17.997569,
       59.26442
      ],
      [
       17.997667,
       59.2642281
      ],
      [
       17.9978719,
       59.2638053
      ],
      [
       17.997924,
       59.2636928
      ],
      [
       17.9981053,
       59.2632693
      ],
      [
       17.9982099,
       59.2629979
      ],
      [
       17.9983454,
       59.2625633
      ],
      [
       17.9984099,
       59.2623285
      ],
      [
       17.9984636,
       59.2620917
      ],
      [
       17.9985191,
       59.2618059
      ],
      [
       17.9985356,
       59.2616964
      ],
      [
       17.9985937,
       59.261218
      ],
      [
       17.9986068,
       59.2610183
      ],
      [
       17.9986171,
       59.2607571
      ],
      [
       17.9986149,
       59.2605837
      ],
      [
       17.9986139,
       59.2602995
      ],
      [
       17.9985725,
       59.2598221
      ],
      [
       17.9985205,
       59.2594401
      ],
      [
       17.9984396,
       59.2589778
      ],
      [
       17.9983591,
       59.2585414
      ],
      [
       17.9982176,
       59.25779
      ],
      [
       17.9981621,
       59.2575101
      ],
      [
       17.9980425,
       59.2569875
      ],
      [
       17.9978859,
       59.2564686
      ],
      [
       17.9977059,
       59.2559485
      ],
      [
       17.9974919,
       59.255438
      ],
      [
       17.9972622,
       59.2549266
      ],
      [
       17.9968651,
       59.2542082
      ],
      [
       17.996154,
       59.2530722
      ],
      [
       17.9959169,
       59.2527407
      ],
      [
       17.9954721,
       59.2521411
      ],
      [
       17.9951216,
       59.2516857
      ],
      [
       17.9951071,
       59.2516673
      ],
      [
       17.9947597,
       59.2512151
      ],
      [
       17.993172,
       59.2491513
      ],
      [
       17.9925148,
       59.2482958
      ],
      [
       17.9905824,
       59.2457818
      ],
      [
       17.9902069,
       59.2452895
      ],
      [
       17.9898207,
       59.2447882
      ],
      [
       17.98943,
       59.2442833
      ],
      [
       17.9890186,
       59.2437834
      ],
      [
       17.9888017,
       59.2435345
      ],
      [
       17.9885765,
       59.2432901
      ],
      [
       17.9882938,
       59.2429978
      ],
      [
       17.9880844,
       59.2428062
      ],
      [
       17.9879183,
       59.2426521
      ],
      [
       17.987457,
       59.2422516
      ],
      [
       17.9869993,
       59.2418926
      ],
      [
       17.9866687,
       59.2416557
      ],
      [
       17.9858513,
       59.2410875
      ],
      [
       17.9849398,
       59.2404848
      ],
      [
       17.984226,
       59.2400068
      ],
      [
       17.9838186,
       59.2397457
      ],
      [
       17.9831883,
       59.239309
      ],
      [
       17.9824734,
       59.2388029
      ],
      [
       17.9820442,
       59.2385018
      ],
      [
       17.9813116,
       59.2379769
      ],
      [
       17.9805959,
       59.2374613
      ],
      [
       17.9798695,
       59.2369549
      ],
      [
       17.9793021,
       59.2365475
      ],
      [
       17.979226,
       59.2364953
      ],
      [
       17.9788444,
       59.236232
      ],
      [
       17.9783562,
       59.2359055
      ],
      [
       17.9781256,
       59.2357547
      ],
      [
       17.9775108,
       59.2353711
      ],
      [
       17.976874,
       59.2349935
      ],
      [
       17.9761749,
       59.2346122
      ],
      [
       17.9758345,
       59.2344296
      ],
      [
       17.975486,
       59.2342515
      ],
      [
       17.975067,
       59.2340385
      ],
      [
       17.9747931,
       59.2339031
      ],
      [
       17.974079,
       59.2335668
      ],
      [
       17.9733441,
       59.2332394
      ],
      [
       17.9729039,
       59.2330508
      ],
      [
       17.9724106,
       59.2328303
      ],
      [
       17.9715649,
       59.2324685
      ],
      [
       17.9713272,
       59.2323706
      ],
      [
       17.9707264,
       59.2321117
      ],
      [
       17.9700107,
       59.2318061
      ],
      [
       17.9696946,
       59.2316687
      ],
      [
       17.9692931,
       59.2314901
      ],
      [
       17.9685155,
       59.2311316
      ],
      [
       17.9677659,
       59.2307563
      ],
      [
       17.9674562,
       59.2305965
      ],
      [
       17.9670316,
       59.2303719
      ],
      [
       17.9663025,
       59.2299851
      ],
      [
       17.9655696,
       59.2295932
      ],
      [
       17.9648265,
       59.2292062
      ],
      [
       17.9640722,
       59.2288357
      ],
      [
       17.9640481,
       59.2288244
      ],
      [
       17.9632773,
       59.228467
      ],
      [
       17.9621437,
       59.2279547
      ],
      [
       17.961702,
       59.2277541
      ],
      [
       17.9609214,
       59.227404
      ],
      [
       17.960129,
       59.2270468
      ],
      [
       17.9593411,
       59.226687
      ],
      [
       17.9585709,
       59.2263237
      ],
      [
       17.957812,
       59.2259507
      ],
      [
       17.9570769,
       59.2255691
      ],
      [
       17.9563652,
       59.225175
      ],
      [
       17.9557953,
       59.2248375
      ],
      [
       17.9554366,
       59.2246122
      ],
      [
       17.9546463,
       59.2241046
      ],
      [
       17.9542936,
       59.2238667
      ],
      [
       17.9537468,
       59.2234865
      ],
      [
       17.9533398,
       59.2231999
      ],
      [
       17.9527405,
       59.2227752
      ],
      [
       17.9521626,
       59.2223589
      ],
      [
       17.9517138,
       59.2220335
      ],
      [
       17.9512991,
       59.2217468
      ],
      [
       17.950944,
       59.2214872
      ],
      [
       17.9506578,
       59.221286
      ],
      [
       17.9498717,
       59.220729
      ],
      [
       17.9493398,
       59.2203516
      ],
      [
       17.9485783,
       59.2198182
      ],
      [
       17.9479239,
       59.2193805
      ],
      [
       17.9469344,
       59.218719
      ],
      [
       17.9458615,
       59.2179968
      ],
      [
       17.9457271,
       59.2179083
      ],
      [
       17.9456028,
       59.2178265
      ],
      [
       17.9455728,
       59.2178088
      ],
      [
       17.9446852,
       59.2172126
      ],
      [
       17.9441768,
       59.2168752
      ],
      [
       17.9435548,
       59.2164674
      ],
      [
       17.9429269,
       59.2160722
      ],
      [
       17.9426953,
       59.2159338
      ],
      [
       17.9424746,
       59.2158052
      ],
      [
       17.9419505,
       59.215508
      ],
      [
       17.9414176,
       59.2152116
      ],
      [
       17.9408669,
       59.2149215
      ],
      [
       17.9403761,
       59.2146786
      ],
      [
       17.9400204,
       59.2145082
      ],
      [
       17.9396072,
       59.2143221
      ],
      [
       17.9391911,
       59.2141458
      ],
      [
       17.9387881,
       59.2139889
      ],
      [
       17.938342,
       59.2138279
      ],
      [
       17.9380617,
       59.2137308
      ],
      [
       17.937774,
       59.2136376
      ],
      [
       17.9372204,
       59.2134725
      ],
      [
       17.9368162,
       59.2133626
      ],
      [
       17.9362972,
       59.213233
      ],
      [
       17.9356294,
       59.2130782
      ],
      [
       17.9350903,
       59.2129592
      ],
      [
       17.9338541,
       59.2126998
      ],
      [
       17.9295416,
       59.2117944
      ],
      [
       17.9286683,
       59.2116095
      ],
      [
       17.9274815,
       59.2113532
      ],
      [
       17.9265634,
       59.2111401
      ],
      [
       17.9256049,
       59.2109069
      ],
      [
       17.9237022,
       59.2104421
      ],
      [
       17.9214247,
       59.2098859
      ],
      [
       17.9173094,
       59.208878
      ],
      [
       17.9121816,
       59.2076238
      ],
      [
       17.9112639,
       59.2073979
      ],
      [
       17.9107317,
       59.207258
      ],
      [
       17.9106932,
       59.207248
      ],
      [
       17.9102897,
       59.2071406
      ],
      [
       17.9097371,
       59.2069887
      ],
      [
       17.9089813,
       59.2067693
      ],
      [
       17.9081598,
       59.2065222
      ],
      [
       17.908016,
       59.2064802
      ],
      [
       17.9071989,
       59.206238
      ],
      [
       17.9060149,
       59.2059078
      ],
      [
       17.9045746,
       59.2055127
      ],
      [
       17.9024114,
       59.2049189
      ],
      [
       17.9017968,
       59.2047499
      ],
      [
       17.9010885,
       59.204555
      ],
      [
       17.9010351,
       59.2045399
      ],
      [
       17.9003335,
       59.2043431
      ],
      [
       17.8997193,
       59.2041652
      ],
      [
       17.899058,
       59.2039605
      ],
      [
       17.8976749,
       59.2035265
      ],
      [
       17.8949613,
       59.2026555
      ],
      [
       17.8944204,
       59.2024822
      ],
      [
       17.8940987,
       59.2023797
      ],
      [
       17.893473,
       59.2021675
      ],
      [
       17.8932191,
       59.2020722
      ],
      [
       17.892952,
       59.2019634
      ],
      [
       17.8928364,
       59.2019201
      ],
      [
       17.8925849,
       59.2018166
      ],
      [
       17.892082,
       59.2015705
      ],
      [
       17.8915742,
       59.2013055
      ],
      [
       17.8910693,
       59.2010405
      ],
      [
       17.8905636,
       59.2007891
      ],
      [
       17.8898801,
       59.2005046
      ],
      [
       17.8890822,
       59.2002132
      ],
      [
       17.8881701,
       59.1999071
      ],
      [
       17.8874026,
       59.1997119
      ],
      [
       17.8870495,
       59.1996383
      ],
      [
       17.8867286,
       59.1995767
      ],
      [
       17.8863757,
       59.1995158
      ],
      [
       17.886071,
       59.1994682
      ],
      [
       17.8858258,
       59.199433
      ],
      [
       17.8854052,
       59.1993754
      ],
      [
       17.8850094,
       59.1993284
      ],
      [
       17.8846364,
       59.1992931
      ],
      [
       17.8842111,
       59.1992623
      ],
      [
       17.8838155,
       59.199244
      ],
      [
       17.883359,
       59.1992363
      ],
      [
       17.8830423,
       59.1992357
      ],
      [
       17.882723,
       59.1992436
      ],
      [
       17.8823018,
       59.1992602
      ],
      [
       17.8819159,
       59.1992868
      ],
      [
       17.8815472,
       59.1993206
      ],
      [
       17.8811532,
       59.1993655
      ],
      [
       17.8808903,
       59.1994006
      ],
      [
       17.8804785,
       59.1994654
      ],
      [
       17.8799705,
       59.1995592
      ],
      [
       17.8794641,
       59.1996671
      ],
      [
       17.8789265,
       59.1997865
      ],
      [
       17.8778509,
       59.2000318
      ],
      [
       17.8774172,
       59.2001293
      ],
      [
       17.8770773,
       59.2002007
      ],
      [
       17.8767421,
       59.2002687
      ],
      [
       17.876438,
       59.2003235
      ],
      [
       17.8763009,
       59.200348
      ],
      [
       17.8758599,
       59.2004167
      ],
      [
       17.8751397,
       59.2004977
      ],
      [
       17.8746472,
       59.2005447
      ],
      [
       17.8741033,
       59.200573
      ],
      [
       17.8734915,
       59.2005855
      ],
      [
       17.8732318,
       59.2005918
      ],
      [
       17.8730707,
       59.2005924
      ],
      [
       17.8728276,
       59.2005873
      ],
      [
       17.8725809,
       59.2005795
      ],
      [
       17.8722248,
       59.2005615
      ],
      [
       17.8718568,
       59.2005294
      ],
      [
       17.8715539,
       59.2005039
      ],
      [
       17.8709153,
       59.200429
      ],
      [
       17.8700208,
       59.2002969
      ],
      [
       17.8695687,
       59.2002179
      ],
      [
       17.8676705,
       59.199891
      ],
      [
       17.8670467,
       59.199789
      ],
      [
       17.8662147,
       59.1996684
      ],
      [
       17.8655832,
       59.1995864
      ],
      [
       17.8648805,
       59.1995033
      ],
      [
       17.8642358,
       59.199438
      ],
      [
       17.8635673,
       59.1993758
      ],
      [
       17.8629544,
       59.1993286
      ],
      [
       17.8622771,
       59.1992833
      ],
      [
       17.8615268,
       59.1992443
      ],
      [
       17.8607377,
       59.1992132
      ],
      [
       17.8601718,
       59.1992003
      ],
      [
       17.8596489,
       59.1991903
      ],
      [
       17.8591329,
       59.1991888
      ],
      [
       17.8582621,
       59.1991928
      ],
      [
       17.8563975,
       59.1992121
      ],
      [
       17.8563708,
       59.1992124
      ],
      [
       17.8546407,
       59.1992317
      ],
      [
       17.8522037,
       59.1992637
      ],
      [
       17.8497571,
       59.1993012
      ],
      [
       17.8452581,
       59.1993715
      ],
      [
       17.8440367,
       59.1993873
      ],
      [
       17.8428391,
       59.1994044
      ],
      [
       17.8400381,
       59.1994388
      ],
      [
       17.8378411,
       59.1994632
      ],
      [
       17.8365186,
       59.1994778
      ],
      [
       17.8356963,
       59.1994869
      ],
      [
       17.8344282,
       59.1995025
      ],
      [
       17.8334992,
       59.1995137
      ],
      [
       17.8313469,
       59.1995586
      ],
      [
       17.8306116,
       59.1995916
      ],
      [
       17.8300885,
       59.1996262
      ],
      [
       17.8295451,
       59.19967
      ],
      [
       17.8287817,
       59.1997463
      ],
      [
       17.8282093,
       59.1998082
      ],
      [
       17.8276394,
       59.1998759
      ],
      [
       17.8271404,
       59.1999335
      ],
      [
       17.8270989,
       59.1999383
      ],
      [
       17.8253878,
       59.2001385
      ],
      [
       17.8248653,
       59.2001926
      ],
      [
       17.8240739,
       59.2002657
      ],
      [
       17.8235727,
       59.2003034
      ],
      [
       17.8230347,
       59.2003335
      ],
      [
       17.8224862,
       59.2003556
      ],
      [
       17.8219467,
       59.2003713
      ],
      [
       17.8207702,
       59.2003959
      ],
      [
       17.8195845,
       59.2004189
      ],
      [
       17.8186928,
       59.2004304
      ],
      [
       17.8182286,
       59.200429
      ],
      [
       17.8177673,
       59.2004218
      ],
      [
       17.8173405,
       59.2004098
      ],
      [
       17.8169121,
       59.2003916
      ],
      [
       17.8164621,
       59.2003641
      ],
      [
       17.8160823,
       59.2003354
      ],
      [
       17.8157287,
       59.2003061
      ],
      [
       17.815171,
       59.2002528
      ],
      [
       17.8148235,
       59.2002159
      ],
      [
       17.8144513,
       59.200169
      ],
      [
       17.8139214,
       59.2000969
      ],
      [
       17.8130367,
       59.1999773
      ],
      [
       17.8123185,
       59.1998831
      ],
      [
       17.8117531,
       59.1998061
      ],
      [
       17.811655,
       59.1997917
      ],
      [
       17.8115767,
       59.1997802
      ],
      [
       17.8111609,
       59.1997189
      ],
      [
       17.8107462,
       59.1996519
      ],
      [
       17.8104295,
       59.1995929
      ],
      [
       17.8100877,
       59.1995237
      ],
      [
       17.8097294,
       59.1994433
      ],
      [
       17.8093732,
       59.1993552
      ],
      [
       17.8089684,
       59.1992428
      ],
      [
       17.8086112,
       59.1991319
      ],
      [
       17.8083543,
       59.199048
      ],
      [
       17.807967,
       59.1989122
      ],
      [
       17.8074547,
       59.1987193
      ],
      [
       17.8069473,
       59.198528
      ],
      [
       17.8066305,
       59.198411
      ],
      [
       17.8062947,
       59.1982951
      ],
      [
       17.8059146,
       59.1981726
      ],
      [
       17.8054828,
       59.1980458
      ],
      [
       17.8051649,
       59.1979619
      ],
      [
       17.8046635,
       59.1978435
      ],
      [
       17.8042767,
       59.1977639
      ],
      [
       17.8037457,
       59.1976695
      ],
      [
       17.8033217,
       59.1976061
      ],
      [
       17.8029567,
       59.1975586
      ],
      [
       17.802571,
       59.1975145
      ],
      [
       17.8017239,
       59.19743
      ],
      [
       17.7993848,
       59.1972181
      ],
      [
       17.7988349,
       59.1971654
      ],
      [
       17.7983162,
       59.1971134
      ],
      [
       17.7980729,
       59.1970837
      ],
      [
       17.7980003,
       59.1970765
      ],
      [
       17.7976628,
       59.1970355
      ],
      [
       17.7973661,
       59.1969975
      ],
      [
       17.7970712,
       59.1969562
      ],
      [
       17.7964065,
       59.1968567
      ],
      [
       17.7957584,
       59.1967496
      ],
      [
       17.7920458,
       59.1961312
      ],
      [
       17.7867916,
       59.195256
      ],
      [
       17.7867561,
       59.1952501
      ],
      [
       17.7854514,
       59.1950305
      ],
      [
       17.7840995,
       59.1948089
      ],
      [
       17.7834639,
       59.1947114
      ],
      [
       17.7829975,
       59.1946483
      ],
      [
       17.7826817,
       59.1946084
      ],
      [
       17.7825027,
       59.1945863
      ],
      [
       17.7820713,
       59.1945395
      ],
      [
       17.7816283,
       59.1944956
      ],
      [
       17.7807436,
       59.1944149
      ],
      [
       17.7786957,
       59.1942277
      ],
      [
       17.7776114,
       59.1941287
      ],
      [
       17.775534,
       59.1939382
      ],
      [
       17.7751047,
       59.1938969
      ],
      [
       17.7742822,
       59.1938041
      ],
      [
       17.7713375,
       59.1934211
      ],
      [
       17.7700585,
       59.193254
      ],
      [
       17.7681187,
       59.1929916
      ],
      [
       17.7668711,
       59.1928266
      ],
      [
       17.765673,
       59.1926677
      ],
      [
       17.7652095,
       59.1926071
      ],
      [
       17.7650047,
       59.1925799
      ],
      [
       17.7642837,
       59.1924936
      ],
      [
       17.7638921,
       59.1924517
      ],
      [
       17.7634606,
       59.1924133
      ],
      [
       17.7630707,
       59.192385
      ],
      [
       17.7626915,
       59.1923641
      ],
      [
       17.7623337,
       59.1923504
      ],
      [
       17.7619737,
       59.1923432
      ],
      [
       17.7615896,
       59.19234
      ],
      [
       17.76125,
       59.1923428
      ],
      [
       17.760859,
       59.1923533
      ],
      [
       17.7604719,
       59.1923686
      ],
      [
       17.7601543,
       59.1923872
      ],
      [
       17.7598117,
       59.1924124
      ],
      [
       17.7594968,
       59.1924394
      ],
      [
       17.759218,
       59.1924654
      ],
      [
       17.7587949,
       59.1925151
      ],
      [
       17.7583739,
       59.1925717
      ],
      [
       17.7580497,
       59.1926207
      ],
      [
       17.7577998,
       59.1926602
      ],
      [
       17.7572363,
       59.1927548
      ],
      [
       17.7556125,
       59.1930508
      ],
      [
       17.7553065,
       59.1931052
      ],
      [
       17.7548138,
       59.1931889
      ],
      [
       17.754407,
       59.1932523
      ],
      [
       17.7542491,
       59.1932738
      ],
      [
       17.7539537,
       59.1933164
      ],
      [
       17.7535298,
       59.1933659
      ],
      [
       17.7531787,
       59.1934014
      ],
      [
       17.7528248,
       59.1934323
      ],
      [
       17.7524652,
       59.1934577
      ],
      [
       17.7520225,
       59.1934785
      ],
      [
       17.7515764,
       59.1934933
      ],
      [
       17.7510823,
       59.1935008
      ],
      [
       17.7506926,
       59.1934974
      ],
      [
       17.750391,
       59.1934897
      ],
      [
       17.7500807,
       59.193479
      ],
      [
       17.7494907,
       59.1934444
      ],
      [
       17.7492153,
       59.1934227
      ],
      [
       17.749097,
       59.1934122
      ],
      [
       17.7486916,
       59.1933705
      ],
      [
       17.7483234,
       59.193328
      ],
      [
       17.7479478,
       59.1932756
      ],
      [
       17.7475428,
       59.1932141
      ],
      [
       17.7471474,
       59.1931433
      ],
      [
       17.7467762,
       59.1930715
      ],
      [
       17.7463047,
       59.19297
      ],
      [
       17.7460462,
       59.1929102
      ],
      [
       17.7440838,
       59.1924272
      ],
      [
       17.7436235,
       59.1923245
      ],
      [
       17.7431509,
       59.1922261
      ],
      [
       17.742807,
       59.1921621
      ],
      [
       17.7424638,
       59.1921052
      ],
      [
       17.7421587,
       59.1920609
      ],
      [
       17.7417782,
       59.1920119
      ],
      [
       17.7413793,
       59.1919693
      ],
      [
       17.7410402,
       59.1919391
      ],
      [
       17.7407416,
       59.1919179
      ],
      [
       17.7403146,
       59.1918945
      ],
      [
       17.7399518,
       59.1918801
      ],
      [
       17.7395931,
       59.1918752
      ],
      [
       17.7391438,
       59.1918768
      ],
      [
       17.7387166,
       59.1918884
      ],
      [
       17.7383273,
       59.1919074
      ],
      [
       17.7379457,
       59.1919305
      ],
      [
       17.7375228,
       59.191964
      ],
      [
       17.7370967,
       59.192
      ],
      [
       17.7337239,
       59.1923271
      ],
      [
       17.7315297,
       59.1925434
      ],
      [
       17.7306835,
       59.1926267
      ],
      [
       17.7301689,
       59.1926775
      ],
      [
       17.7293045,
       59.1927626
      ],
      [
       17.7273172,
       59.1929819
      ],
      [
       17.7264005,
       59.1930607
      ],
      [
       17.7255018,
       59.1931024
      ],
      [
       17.7247871,
       59.193104
      ],
      [
       17.7242966,
       59.1930953
      ],
      [
       17.7240333,
       59.1930833
      ],
      [
       17.7238331,
       59.1930733
      ],
      [
       17.7236278,
       59.1930596
      ],
      [
       17.7233313,
       59.1930384
      ],
      [
       17.7231151,
       59.1930197
      ],
      [
       17.722812,
       59.1929894
      ],
      [
       17.7224632,
       59.1929487
      ],
      [
       17.7221887,
       59.1929119
      ],
      [
       17.7219062,
       59.1928687
      ],
      [
       17.721572,
       59.1928132
      ],
      [
       17.7212712,
       59.1927571
      ],
      [
       17.7208865,
       59.1926789
      ],
      [
       17.7205302,
       59.1925955
      ],
      [
       17.7203035,
       59.1925392
      ],
      [
       17.7199153,
       59.1924334
      ],
      [
       17.7195454,
       59.1923216
      ],
      [
       17.7191926,
       59.1922076
      ],
      [
       17.7190391,
       59.1921543
      ],
      [
       17.7188649,
       59.1920906
      ],
      [
       17.7188382,
       59.1920799
      ],
      [
       17.7186832,
       59.1920213
      ],
      [
       17.7182769,
       59.1918553
      ],
      [
       17.7180088,
       59.1917349
      ],
      [
       17.7177478,
       59.191611
      ],
      [
       17.7172155,
       59.1913455
      ],
      [
       17.7158999,
       59.1906645
      ],
      [
       17.7131696,
       59.1892441
      ],
      [
       17.7107318,
       59.1879768
      ],
      [
       17.710705,
       59.1879638
      ],
      [
       17.710487,
       59.1878507
      ],
      [
       17.7088523,
       59.1870014
      ],
      [
       17.7083524,
       59.1867471
      ],
      [
       17.7077933,
       59.186487
      ],
      [
       17.7074592,
       59.1863443
      ],
      [
       17.7071333,
       59.1862175
      ],
      [
       17.7068234,
       59.1861062
      ],
      [
       17.7064874,
       59.1859917
      ],
      [
       17.7061096,
       59.1858774
      ],
      [
       17.7057254,
       59.1857708
      ],
      [
       17.7053649,
       59.1856825
      ],
      [
       17.7049533,
       59.1855898
      ],
      [
       17.7045273,
       59.185506
      ],
      [
       17.7041101,
       59.1854347
      ],
      [
       17.7037249,
       59.1853778
      ],
      [
       17.7033732,
       59.185332
      ],
      [
       17.7030181,
       59.1852938
      ],
      [
       17.702694,
       59.1852658
      ],
      [
       17.7023655,
       59.1852412
      ],
      [
       17.7019829,
       59.1852207
      ],
      [
       17.7013196,
       59.1851955
      ],
      [
       17.7006116,
       59.1851886
      ],
      [
       17.6998999,
       59.1851844
      ],
      [
       17.6953526,
       59.1851653
      ],
      [
       17.6953097,
       59.1851651
      ],
      [
       17.6946399,
       59.1851627
      ],
      [
       17.6921331,
       59.1851533
      ],
      [
       17.6895821,
       59.1851405
      ],
      [
       17.6890106,
       59.1851346
      ],
      [
       17.688441,
       59.1851231
      ],
      [
       17.6879623,
       59.1851058
      ],
      [
       17.6873608,
       59.1850749
      ],
      [
       17.687026,
       59.185046
      ],
      [
       17.6866878,
       59.1850138
      ],
      [
       17.6855751,
       59.1848628
      ],
      [
       17.6849542,
       59.1847614
      ],
      [
       17.6843351,
       59.1846455
      ],
      [
       17.6807601,
       59.18394
      ],
      [
       17.6788388,
       59.1835602
      ],
      [
       17.6778194,
       59.1833586
      ],
      [
       17.6754239,
       59.1828867
      ],
      [
       17.6741512,
       59.1826323
      ],
      [
       17.6734735,
       59.1824992
      ],
      [
       17.6729062,
       59.1823909
      ],
      [
       17.6724173,
       59.1823047
      ],
      [
       17.6719615,
       59.1822326
      ],
      [
       17.6715386,
       59.1821762
      ],
      [
       17.6711176,
       59.1821321
      ],
      [
       17.6707678,
       59.182099
      ],
      [
       17.6704013,
       59.1820733
      ],
      [
       17.669963,
       59.1820502
      ],
      [
       17.6695219,
       59.1820377
      ],
      [
       17.6691225,
       59.1820327
      ],
      [
       17.6685967,
       59.1820422
      ],
      [
       17.6682202,
       59.1820564
      ],
      [
       17.6680065,
       59.1820672
      ],
      [
       17.6677352,
       59.1820852
      ],
      [
       17.6674296,
       59.1821085
      ],
      [
       17.6670029,
       59.1821505
      ],
      [
       17.6665834,
       59.1822017
      ],
      [
       17.6661604,
       59.1822604
      ],
      [
       17.6657755,
       59.1823233
      ],
      [
       17.6654459,
       59.1823843
      ],
      [
       17.6651186,
       59.1824514
      ],
      [
       17.664692,
       59.1825475
      ],
      [
       17.6642608,
       59.1826574
      ],
      [
       17.6638157,
       59.1827838
      ],
      [
       17.6633343,
       59.1829371
      ],
      [
       17.6628234,
       59.1831177
      ],
      [
       17.6620985,
       59.1833971
      ],
      [
       17.6613376,
       59.1837048
      ],
      [
       17.6606099,
       59.1840145
      ],
      [
       17.6604251,
       59.1840929
      ],
      [
       17.6592125,
       59.1846187
      ],
      [
       17.6580914,
       59.1851497
      ],
      [
       17.6574137,
       59.1854707
      ],
      [
       17.6566831,
       59.1858317
      ],
      [
       17.6562485,
       59.1860451
      ],
      [
       17.6559395,
       59.1861968
      ],
      [
       17.6556649,
       59.1863239
      ],
      [
       17.6553812,
       59.1864457
      ],
      [
       17.6552894,
       59.1864841
      ],
      [
       17.6550177,
       59.1865887
      ],
      [
       17.6547514,
       59.1866826
      ],
      [
       17.654479,
       59.1867701
      ],
      [
       17.6542662,
       59.1868299
      ],
      [
       17.6540341,
       59.1868915
      ],
      [
       17.6537406,
       59.1869599
      ],
      [
       17.6533772,
       59.187037
      ],
      [
       17.6530315,
       59.1870973
      ],
      [
       17.6528153,
       59.1871282
      ],
      [
       17.6525833,
       59.1871595
      ],
      [
       17.6522373,
       59.1871991
      ],
      [
       17.6518399,
       59.1872297
      ],
      [
       17.6515178,
       59.1872471
      ],
      [
       17.6511042,
       59.1872577
      ],
      [
       17.6507419,
       59.187256
      ],
      [
       17.6504426,
       59.1872481
      ],
      [
       17.6501272,
       59.1872326
      ],
      [
       17.6497527,
       59.1872056
      ],
      [
       17.6495623,
       59.1871871
      ],
      [
       17.6493053,
       59.1871584
      ],
      [
       17.6489305,
       59.1871048
      ],
      [
       17.6484551,
       59.1870239
      ],
      [
       17.6480226,
       59.1869326
      ],
      [
       17.6475962,
       59.1868303
      ],
      [
       17.6472659,
       59.1867445
      ],
      [
       17.6469464,
       59.1866571
      ],
      [
       17.6466388,
       59.1865661
      ],
      [
       17.6464067,
       59.1864917
      ],
      [
       17.6461836,
       59.1864149
      ],
      [
       17.6459586,
       59.1863293
      ],
      [
       17.6457863,
       59.1862575
      ],
      [
       17.6456229,
       59.1861821
      ],
      [
       17.6454536,
       59.1861037
      ],
      [
       17.6452984,
       59.186017
      ],
      [
       17.6450303,
       59.1858536
      ],
      [
       17.6447882,
       59.1856807
      ],
      [
       17.644644,
       59.1855619
      ],
      [
       17.6444245,
       59.1853491
      ],
      [
       17.644078,
       59.1849487
      ],
      [
       17.6436773,
       59.1844321
      ],
      [
       17.6434567,
       59.1841271
      ],
      [
       17.6432548,
       59.1837529
      ],
      [
       17.6431955,
       59.1835853
      ],
      [
       17.6431612,
       59.1833934
      ],
      [
       17.6431499,
       59.1832502
      ],
      [
       17.6431485,
       59.183013
      ],
      [
       17.6431806,
       59.1827991
      ],
      [
       17.6432748,
       59.1824798
      ],
      [
       17.6433541,
       59.1823045
      ],
      [
       17.643417,
       59.1821809
      ],
      [
       17.6434289,
       59.18216
      ],
      [
       17.6435619,
       59.1819476
      ],
      [
       17.6436955,
       59.1817704
      ],
      [
       17.643858,
       59.1815927
      ],
      [
       17.6439658,
       59.1814719
      ],
      [
       17.6442801,
       59.1811679
      ],
      [
       17.6448731,
       59.1806196
      ],
      [
       17.6450298,
       59.1804681
      ],
      [
       17.6456521,
       59.1798832
      ],
      [
       17.6458934,
       59.1796705
      ],
      [
       17.6462246,
       59.1793931
      ],
      [
       17.6465338,
       59.1791244
      ],
      [
       17.6467173,
       59.178951
      ],
      [
       17.6469259,
       59.1787389
      ],
      [
       17.648345,
       59.1771743
      ],
      [
       17.648608,
       59.1768829
      ],
      [
       17.6497666,
       59.1756002
      ],
      [
       17.649853,
       59.1755065
      ],
      [
       17.6506491,
       59.1746207
      ],
      [
       17.649853,
       59.1755065
      ],
      [
       17.6497666,
       59.1756002
      ],
      [
       17.648608,
       59.1768829
      ],
      [
       17.648345,
       59.1771743
      ],
      [
       17.6469259,
       59.1787389
      ],
      [
       17.6467173,
       59.178951
      ],
      [
       17.6465338,
       59.1791244
      ],
      [
       17.6462246,
       59.1793931
      ],
      [
       17.6458934,
       59.1796705
      ],
      [
       17.6456521,
       59.1798832
      ],
      [
       17.6452723,
       59.1801687
      ],
      [
       17.645065,
       59.1803183
      ],
      [
       17.6449125,
       59.1804401
      ],
      [
       17.6448016,
       59.1805426
      ],
      [
       17.6446405,
       59.1806922
      ],
      [
       17.6442325,
       59.1810798
      ],
      [
       17.6438374,
       59.1814616
      ],
      [
       17.6437115,
       59.1815962
      ],
      [
       17.6434887,
       59.1818612
      ],
      [
       17.6433153,
       59.1821322
      ],
      [
       17.6430664,
       59.1824716
      ],
      [
       17.6429405,
       59.1826404
      ],
      [
       17.6427252,
       59.1828601
      ],
      [
       17.6425712,
       59.1829958
      ],
      [
       17.6424356,
       59.1831109
      ],
      [
       17.6422906,
       59.1832193
      ],
      [
       17.6420108,
       59.1833978
      ],
      [
       17.6417091,
       59.1835674
      ],
      [
       17.6414228,
       59.1837102
      ],
      [
       17.6411869,
       59.1838235
      ],
      [
       17.6404459,
       59.1841231
      ],
      [
       17.6397588,
       59.1843328
      ],
      [
       17.6391177,
       59.1844923
      ],
      [
       17.6384455,
       59.1846521
      ],
      [
       17.6379689,
       59.184762
      ],
      [
       17.6378539,
       59.1847886
      ],
      [
       17.6343197,
       59.1856134
      ],
      [
       17.633923,
       59.1857146
      ],
      [
       17.6335468,
       59.185819
      ],
      [
       17.6333056,
       59.1858947
      ],
      [
       17.6331468,
       59.1859493
      ],
      [
       17.633101,
       59.1859656
      ],
      [
       17.6329156,
       59.1860352
      ],
      [
       17.6326853,
       59.1861303
      ],
      [
       17.6324471,
       59.1862394
      ],
      [
       17.6322718,
       59.1863285
      ],
      [
       17.6320988,
       59.1864268
      ],
      [
       17.6319181,
       59.1865387
      ],
      [
       17.6317831,
       59.1866283
      ],
      [
       17.6316579,
       59.1867204
      ],
      [
       17.6315652,
       59.1867906
      ],
      [
       17.6314946,
       59.1868507
      ],
      [
       17.6314345,
       59.1869064
      ],
      [
       17.6313636,
       59.186972
      ],
      [
       17.6312174,
       59.1871184
      ],
      [
       17.6311352,
       59.1872109
      ],
      [
       17.6310483,
       59.1873111
      ],
      [
       17.6309301,
       59.1874947
      ],
      [
       17.6308198,
       59.1876972
      ],
      [
       17.6307349,
       59.1878368
      ],
      [
       17.630512,
       59.1882464
      ],
      [
       17.6303912,
       59.1884595
      ],
      [
       17.6303063,
       59.1886302
      ],
      [
       17.630126,
       59.1889518
      ],
      [
       17.6298516,
       59.1894814
      ],
      [
       17.6297912,
       59.1895943
      ],
      [
       17.6294469,
       59.1902281
      ],
      [
       17.6293383,
       59.1903838
      ],
      [
       17.629261,
       59.190475
      ],
      [
       17.6291761,
       59.1905754
      ],
      [
       17.6291032,
       59.1906587
      ],
      [
       17.6289146,
       59.1908303
      ],
      [
       17.6287171,
       59.1909848
      ],
      [
       17.6286946,
       59.1910028
      ],
      [
       17.6281604,
       59.1914563
      ],
      [
       17.6278492,
       59.1917216
      ],
      [
       17.6275557,
       59.1919695
      ]
     ]
    ]
   }
  },
  {
   "type": "Feature",
   "properties": {
    "name": "Pendeltåg 41 · Rosersberg–Södertälje centrum",
    "line": "41"
   },
   "geometry": {
    "type": "MultiLineString",
    "coordinates": [
     [
      [
       17.8801028,
       59.5837798
      ],
      [
       17.8805403,
       59.5828106
      ],
      [
       17.8809897,
       59.5818757
      ],
      [
       17.8816059,
       59.5808799
      ],
      [
       17.8819652,
       59.5803835
      ],
      [
       17.8822388,
       59.5800227
      ],
      [
       17.8828395,
       59.5793438
      ],
      [
       17.8830832,
       59.5790735
      ],
      [
       17.8844946,
       59.5777277
      ],
      [
       17.8853108,
       59.5769534
      ],
      [
       17.8858019,
       59.5764791
      ],
      [
       17.8866752,
       59.5756292
      ],
      [
       17.8872455,
       59.5749857
      ],
      [
       17.8872871,
       59.5749292
      ],
      [
       17.8877749,
       59.5742901
      ],
      [
       17.8882763,
       59.5735202
      ],
      [
       17.8886098,
       59.5728836
      ],
      [
       17.8895265,
       59.5710756
      ],
      [
       17.8896007,
       59.5709401
      ],
      [
       17.8906957,
       59.5687486
      ],
      [
       17.890984,
       59.5681664
      ],
      [
       17.8914985,
       59.5671398
      ],
      [
       17.8918423,
       59.5664462
      ],
      [
       17.8927754,
       59.5645782
      ],
      [
       17.8938869,
       59.5623808
      ],
      [
       17.894072,
       59.5620155
      ],
      [
       17.8943982,
       59.5611283
      ],
      [
       17.8946391,
       59.5603864
      ],
      [
       17.8948037,
       59.5597522
      ],
      [
       17.8949731,
       59.5585819
      ],
      [
       17.8951794,
       59.5564783
      ],
      [
       17.8953119,
       59.5553066
      ],
      [
       17.8954617,
       59.5540107
      ],
      [
       17.8955103,
       59.5534579
      ],
      [
       17.895581,
       59.5526629
      ],
      [
       17.8956547,
       59.5516969
      ],
      [
       17.8957238,
       59.5510706
      ],
      [
       17.8959015,
       59.5495944
      ],
      [
       17.8960155,
       59.5481303
      ],
      [
       17.8961437,
       59.5471056
      ],
      [
       17.8962162,
       59.5464876
      ],
      [
       17.8962769,
       59.5459467
      ],
      [
       17.8963526,
       59.5454049
      ],
      [
       17.8964187,
       59.544915
      ],
      [
       17.8965234,
       59.5445032
      ],
      [
       17.8966075,
       59.5441651
      ],
      [
       17.8968966,
       59.5432918
      ],
      [
       17.8975104,
       59.5416343
      ],
      [
       17.8980158,
       59.5402488
      ],
      [
       17.8985643,
       59.5386412
      ],
      [
       17.8987176,
       59.5382259
      ],
      [
       17.8991234,
       59.5370894
      ],
      [
       17.8996586,
       59.5357135
      ],
      [
       17.8998625,
       59.53519
      ],
      [
       17.9005384,
       59.5334574
      ],
      [
       17.9010481,
       59.5320919
      ],
      [
       17.9014718,
       59.5307645
      ],
      [
       17.9018089,
       59.5292647
      ],
      [
       17.9019004,
       59.5282135
      ],
      [
       17.9018684,
       59.5273226
      ],
      [
       17.9018554,
       59.5268651
      ],
      [
       17.901783,
       59.5262596
      ],
      [
       17.9016542,
       59.5257019
      ],
      [
       17.9013377,
       59.5248531
      ],
      [
       17.9008388,
       59.5237403
      ],
      [
       17.9006272,
       59.5233106
      ],
      [
       17.9002506,
       59.522476
      ],
      [
       17.8997938,
       59.5216254
      ],
      [
       17.8993744,
       59.5208535
      ],
      [
       17.8983506,
       59.5191292
      ],
      [
       17.8977314,
       59.518096
      ],
      [
       17.8976631,
       59.5179801
      ],
      [
       17.8971182,
       59.5171222
      ],
      [
       17.896381,
       59.5158575
      ],
      [
       17.8959519,
       59.5151635
      ],
      [
       17.8954862,
       59.5143943
      ],
      [
       17.8952759,
       59.5140395
      ],
      [
       17.8942249,
       59.5121901
      ],
      [
       17.893801,
       59.5114524
      ],
      [
       17.8935997,
       59.5111022
      ],
      [
       17.8933044,
       59.5105823
      ],
      [
       17.8927485,
       59.5095572
      ],
      [
       17.8927185,
       59.5094952
      ],
      [
       17.8923174,
       59.5085354
      ],
      [
       17.8919848,
       59.5075365
      ],
      [
       17.8918238,
       59.506973
      ],
      [
       17.8917444,
       59.5064399
      ],
      [
       17.8916629,
       59.5053778
      ],
      [
       17.8916361,
       59.5047925
      ],
      [
       17.8916844,
       59.5042535
      ],
      [
       17.891915,
       59.5029904
      ],
      [
       17.8921242,
       59.50216
      ],
      [
       17.8925105,
       59.5011881
      ],
      [
       17.8926749,
       59.500786
      ],
      [
       17.8927013,
       59.5007234
      ],
      [
       17.8928967,
       59.5003196
      ],
      [
       17.8932189,
       59.4998126
      ],
      [
       17.8935512,
       59.4992877
      ],
      [
       17.8942754,
       59.4982612
      ],
      [
       17.894707,
       59.4977529
      ],
      [
       17.8951224,
       59.4972621
      ],
      [
       17.8955831,
       59.4967552
      ],
      [
       17.8960188,
       59.4962762
      ],
      [
       17.897022,
       59.4952143
      ],
      [
       17.8979613,
       59.4941902
      ],
      [
       17.8988811,
       59.4931665
      ],
      [
       17.8994938,
       59.4924996
      ],
      [
       17.8997739,
       59.4921943
      ],
      [
       17.9006912,
       59.4912057
      ],
      [
       17.9015817,
       59.4902062
      ],
      [
       17.9024829,
       59.4892176
      ],
      [
       17.9034432,
       59.4881799
      ],
      [
       17.9047253,
       59.4867827
      ],
      [
       17.9051741,
       59.4862725
      ],
      [
       17.9059752,
       59.4853909
      ],
      [
       17.9064268,
       59.4848921
      ],
      [
       17.9067386,
       59.4845504
      ],
      [
       17.9069278,
       59.4843413
      ],
      [
       17.9071553,
       59.4840916
      ],
      [
       17.90818,
       59.4829911
      ],
      [
       17.9088326,
       59.4822579
      ],
      [
       17.9092075,
       59.4818368
      ],
      [
       17.9096874,
       59.4813267
      ],
      [
       17.9104384,
       59.4805121
      ],
      [
       17.9114415,
       59.4794115
      ],
      [
       17.9123857,
       59.4783872
      ],
      [
       17.9130923,
       59.4776388
      ],
      [
       17.9138639,
       59.476805
      ],
      [
       17.914775,
       59.4758481
      ],
      [
       17.9159463,
       59.4746301
      ],
      [
       17.9163714,
       59.4741546
      ],
      [
       17.9169355,
       59.4735475
      ],
      [
       17.9174926,
       59.4729666
      ],
      [
       17.9182651,
       59.4721191
      ],
      [
       17.9186352,
       59.47169
      ],
      [
       17.9189973,
       59.471239
      ],
      [
       17.9193782,
       59.4707349
      ],
      [
       17.9197269,
       59.4702335
      ],
      [
       17.9200058,
       59.4697934
      ],
      [
       17.9202392,
       59.4694064
      ],
      [
       17.9205288,
       59.4689213
      ],
      [
       17.9207944,
       59.4684839
      ],
      [
       17.9211162,
       59.4679375
      ],
      [
       17.9215345,
       59.4672072
      ],
      [
       17.9218699,
       59.4666348
      ],
      [
       17.9221435,
       59.4661838
      ],
      [
       17.9223237,
       59.4658618
      ],
      [
       17.9226397,
       59.4653198
      ],
      [
       17.9229038,
       59.4648127
      ],
      [
       17.9231601,
       59.4642855
      ],
      [
       17.9233908,
       59.4637527
      ],
      [
       17.9235785,
       59.4632266
      ],
      [
       17.9237475,
       59.4627006
      ],
      [
       17.9238762,
       59.4621636
      ],
      [
       17.9239889,
       59.4616307
      ],
      [
       17.924072,
       59.4611197
      ],
      [
       17.924183,
       59.4604937
      ],
      [
       17.9243912,
       59.4591134
      ],
      [
       17.9245047,
       59.4584477
      ],
      [
       17.9246246,
       59.4577899
      ],
      [
       17.924705,
       59.4572038
      ],
      [
       17.9247989,
       59.456615
      ],
      [
       17.9248928,
       59.4560289
      ],
      [
       17.9249759,
       59.4554877
      ],
      [
       17.9250671,
       59.4549384
      ],
      [
       17.9251583,
       59.4544054
      ],
      [
       17.9252683,
       59.4538969
      ],
      [
       17.9254051,
       59.4533707
      ],
      [
       17.9255633,
       59.45285
      ],
      [
       17.9257457,
       59.4523728
      ],
      [
       17.9259174,
       59.4519857
      ],
      [
       17.9260917,
       59.4516012
      ],
      [
       17.9262956,
       59.4512154
      ],
      [
       17.9265558,
       59.4507546
      ],
      [
       17.9269596,
       59.4501375
      ],
      [
       17.9272129,
       59.449769
      ],
      [
       17.9275938,
       59.4492591
      ],
      [
       17.92798,
       59.4487901
      ],
      [
       17.928398,
       59.4483181
      ],
      [
       17.9288839,
       59.4478179
      ],
      [
       17.9293562,
       59.4473467
      ],
      [
       17.9298951,
       59.446824
      ],
      [
       17.9303994,
       59.446329
      ],
      [
       17.9308902,
       59.445845
      ],
      [
       17.9312979,
       59.4454578
      ],
      [
       17.9316627,
       59.4450937
      ],
      [
       17.932065,
       59.4447133
      ],
      [
       17.9324694,
       59.4443083
      ],
      [
       17.9329984,
       59.4438147
      ],
      [
       17.9334625,
       59.4433674
      ],
      [
       17.9339613,
       59.4428724
      ],
      [
       17.9345023,
       59.4423504
      ],
      [
       17.9349806,
       59.4418851
      ],
      [
       17.9354553,
       59.4414229
      ],
      [
       17.9356626,
       59.4412161
      ],
      [
       17.936063,
       59.4408245
      ],
      [
       17.9368367,
       59.4400755
      ],
      [
       17.9373061,
       59.4396159
      ],
      [
       17.9376842,
       59.4392409
      ],
      [
       17.9381878,
       59.4387705
      ],
      [
       17.9385882,
       59.4383694
      ],
      [
       17.9389905,
       59.4379807
      ],
      [
       17.9394706,
       59.4375184
      ],
      [
       17.940007,
       59.4369974
      ],
      [
       17.9405254,
       59.4364863
      ],
      [
       17.9410531,
       59.4359677
      ],
      [
       17.9415655,
       59.4354806
      ],
      [
       17.9420884,
       59.4349638
      ],
      [
       17.9426115,
       59.4344346
      ],
      [
       17.9427519,
       59.4342915
      ],
      [
       17.9431211,
       59.4339177
      ],
      [
       17.9436227,
       59.4334034
      ],
      [
       17.9441591,
       59.4328783
      ],
      [
       17.944666,
       59.4323572
      ],
      [
       17.9450898,
       59.4319385
      ],
      [
       17.9456102,
       59.4314133
      ],
      [
       17.9465516,
       59.4304665
      ],
      [
       17.9475655,
       59.4294434
      ],
      [
       17.9476944,
       59.4293135
      ],
      [
       17.9480813,
       59.4289236
      ],
      [
       17.9485835,
       59.4284249
      ],
      [
       17.9490851,
       59.427897
      ],
      [
       17.9496081,
       59.4273813
      ],
      [
       17.9501249,
       59.4268607
      ],
      [
       17.9505711,
       59.4264113
      ],
      [
       17.9507357,
       59.4262381
      ],
      [
       17.9510431,
       59.4259188
      ],
      [
       17.9515471,
       59.4253607
      ],
      [
       17.952006,
       59.4248246
      ],
      [
       17.9523023,
       59.4244529
      ],
      [
       17.9527061,
       59.4239432
      ],
      [
       17.9530762,
       59.4234329
      ],
      [
       17.9534303,
       59.4229267
      ],
      [
       17.9537092,
       59.4225037
      ],
      [
       17.9540231,
       59.4219934
      ],
      [
       17.954353,
       59.4214449
      ],
      [
       17.9546453,
       59.4209237
      ],
      [
       17.954962,
       59.4203754
      ],
      [
       17.9552944,
       59.4198375
      ],
      [
       17.9555334,
       59.4194169
      ],
      [
       17.955847,
       59.4188809
      ],
      [
       17.9560428,
       59.418548
      ],
      [
       17.9564446,
       59.4178547
      ],
      [
       17.956482,
       59.4177969
      ],
      [
       17.9565616,
       59.4176602
      ],
      [
       17.9568662,
       59.417141
      ],
      [
       17.9573028,
       59.4164081
      ],
      [
       17.9575126,
       59.4160493
      ],
      [
       17.9577893,
       59.4155511
      ],
      [
       17.9580705,
       59.4150899
      ],
      [
       17.9583226,
       59.414634
      ],
      [
       17.958674,
       59.4140445
      ],
      [
       17.9590012,
       59.4134863
      ],
      [
       17.9593285,
       59.4129253
      ],
      [
       17.9596584,
       59.4123848
      ],
      [
       17.9600097,
       59.4118403
      ],
      [
       17.9603638,
       59.4113325
      ],
      [
       17.9607152,
       59.410878
      ],
      [
       17.9611068,
       59.410418
      ],
      [
       17.961485,
       59.4100044
      ],
      [
       17.9619215,
       59.4095859
      ],
      [
       17.9621769,
       59.4093475
      ],
      [
       17.9623903,
       59.4091476
      ],
      [
       17.962877,
       59.4087309
      ],
      [
       17.9634001,
       59.4083146
      ],
      [
       17.9639499,
       59.4079133
      ],
      [
       17.964325,
       59.407655
      ],
      [
       17.9645266,
       59.4075188
      ],
      [
       17.9650469,
       59.4071816
      ],
      [
       17.9655136,
       59.4068963
      ],
      [
       17.9660984,
       59.4065564
      ],
      [
       17.9667674,
       59.4061899
      ],
      [
       17.9674368,
       59.4058479
      ],
      [
       17.9681449,
       59.4055012
      ],
      [
       17.96892,
       59.4051298
      ],
      [
       17.969773,
       59.404734
      ],
      [
       17.9705964,
       59.4043462
      ],
      [
       17.9714494,
       59.4039462
      ],
      [
       17.9722728,
       59.4035613
      ],
      [
       17.973115,
       59.4031667
      ],
      [
       17.9740166,
       59.4027473
      ],
      [
       17.9740426,
       59.4027355
      ],
      [
       17.9746948,
       59.4024308
      ],
      [
       17.9755078,
       59.4020343
      ],
      [
       17.9762908,
       59.4016704
      ],
      [
       17.9769533,
       59.4013727
      ],
      [
       17.977648,
       59.4010423
      ],
      [
       17.9781388,
       59.4008089
      ],
      [
       17.9787852,
       59.4004948
      ],
      [
       17.9795335,
       59.4001453
      ],
      [
       17.9801853,
       59.3998176
      ],
      [
       17.9808264,
       59.3994886
      ],
      [
       17.9814391,
       59.3991412
      ],
      [
       17.9819207,
       59.3988591
      ],
      [
       17.9824893,
       59.3984918
      ],
      [
       17.9830404,
       59.398113
      ],
      [
       17.9835676,
       59.3977135
      ],
      [
       17.9840638,
       59.397308
      ],
      [
       17.984533,
       59.3968848
      ],
      [
       17.9849462,
       59.3964901
      ],
      [
       17.9853547,
       59.3960504
      ],
      [
       17.9853965,
       59.396004
      ],
      [
       17.9857241,
       59.395608
      ],
      [
       17.9860728,
       59.3951573
      ],
      [
       17.9863812,
       59.3947012
      ],
      [
       17.986715,
       59.3941476
      ],
      [
       17.9870503,
       59.3935426
      ],
      [
       17.9874365,
       59.3927492
      ],
      [
       17.9878389,
       59.3919653
      ],
      [
       17.988091,
       59.3914927
      ],
      [
       17.9883458,
       59.391053
      ],
      [
       17.9886328,
       59.3906173
      ],
      [
       17.9889547,
       59.390183
      ],
      [
       17.9892833,
       59.3897642
      ],
      [
       17.9896628,
       59.3893458
      ],
      [
       17.9899793,
       59.3890044
      ],
      [
       17.9904004,
       59.3885932
      ],
      [
       17.990851,
       59.3881862
      ],
      [
       17.9914277,
       59.3877082
      ],
      [
       17.9915108,
       59.3876451
      ],
      [
       17.9920553,
       59.387237
      ],
      [
       17.9927151,
       59.3867821
      ],
      [
       17.9933937,
       59.3863314
      ],
      [
       17.994075,
       59.385882
      ],
      [
       17.9947161,
       59.3854818
      ],
      [
       17.9953571,
       59.3850829
      ],
      [
       17.9959526,
       59.3846977
      ],
      [
       17.9965534,
       59.3842934
      ],
      [
       17.9971542,
       59.383885
      ],
      [
       17.997612,
       59.383541
      ],
      [
       17.9981251,
       59.3831569
      ],
      [
       17.9983832,
       59.3829343
      ],
      [
       17.9987045,
       59.3826692
      ],
      [
       17.9992007,
       59.3822157
      ],
      [
       17.9996781,
       59.3817553
      ],
      [
       17.999979,
       59.3814302
      ],
      [
       18.0005347,
       59.3807767
      ],
      [
       18.0009281,
       59.3802853
      ],
      [
       18.0010605,
       59.3801101
      ],
      [
       18.0013143,
       59.3797758
      ],
      [
       18.0016898,
       59.3792675
      ],
      [
       18.0020201,
       59.3788256
      ],
      [
       18.0024381,
       59.378277
      ],
      [
       18.0027922,
       59.3778098
      ],
      [
       18.0031355,
       59.3773507
      ],
      [
       18.003572,
       59.3767544
      ],
      [
       18.0040467,
       59.3761395
      ],
      [
       18.0044303,
       59.3756135
      ],
      [
       18.0048476,
       59.3750427
      ],
      [
       18.0052162,
       59.3745887
      ],
      [
       18.0055792,
       59.3741152
      ],
      [
       18.0059752,
       59.3736063
      ],
      [
       18.0063373,
       59.3730993
      ],
      [
       18.0065627,
       59.372769
      ],
      [
       18.0066914,
       59.3725787
      ],
      [
       18.007024,
       59.3720376
      ],
      [
       18.0073136,
       59.3715211
      ],
      [
       18.0075926,
       59.3709786
      ],
      [
       18.0078662,
       59.370432
      ],
      [
       18.0079606,
       59.3702249
      ],
      [
       18.0080942,
       59.3699427
      ],
      [
       18.0083785,
       59.3693565
      ],
      [
       18.0086038,
       59.3689178
      ],
      [
       18.0088586,
       59.3684108
      ],
      [
       18.0090008,
       59.3680718
      ],
      [
       18.0091847,
       59.3677082
      ],
      [
       18.0093629,
       59.3673571
      ],
      [
       18.009615,
       59.3668377
      ],
      [
       18.0098617,
       59.3663239
      ],
      [
       18.0101219,
       59.3657813
      ],
      [
       18.0103606,
       59.3652428
      ],
      [
       18.0104602,
       59.3650022
      ],
      [
       18.0104687,
       59.3649817
      ],
      [
       18.0105668,
       59.3646851
      ],
      [
       18.0106307,
       59.3644815
      ],
      [
       18.0107179,
       59.3641977
      ],
      [
       18.0107572,
       59.3640423
      ],
      [
       18.0112263,
       59.3621347
      ],
      [
       18.0113655,
       59.3615469
      ],
      [
       18.0116638,
       59.3602879
      ],
      [
       18.0117742,
       59.3598819
      ],
      [
       18.0119312,
       59.3593478
      ],
      [
       18.0119352,
       59.3593335
      ],
      [
       18.0119917,
       59.3591263
      ],
      [
       18.0121121,
       59.3588116
      ],
      [
       18.012206,
       59.358556
      ],
      [
       18.0123186,
       59.3582784
      ],
      [
       18.0125499,
       59.3577147
      ],
      [
       18.0127773,
       59.3571848
      ],
      [
       18.0129032,
       59.3568796
      ],
      [
       18.0130133,
       59.3566489
      ],
      [
       18.0131488,
       59.3563214
      ],
      [
       18.0132226,
       59.3561431
      ],
      [
       18.0134479,
       59.3556372
      ],
      [
       18.0135608,
       59.355367
      ],
      [
       18.0136103,
       59.3552487
      ],
      [
       18.0136651,
       59.3551191
      ],
      [
       18.0137912,
       59.3548675
      ],
      [
       18.0139146,
       59.354646
      ],
      [
       18.0140594,
       59.3544177
      ],
      [
       18.014082,
       59.3543834
      ],
      [
       18.0142123,
       59.3541921
      ],
      [
       18.0144188,
       59.3539324
      ],
      [
       18.0146551,
       59.3536508
      ],
      [
       18.0151055,
       59.3531872
      ],
      [
       18.0153549,
       59.3529493
      ],
      [
       18.0155668,
       59.35271
      ],
      [
       18.0159262,
       59.3523341
      ],
      [
       18.0159334,
       59.3523267
      ],
      [
       18.0163285,
       59.3518391
      ],
      [
       18.0165189,
       59.3515889
      ],
      [
       18.0166772,
       59.3513264
      ],
      [
       18.0169857,
       59.3508109
      ],
      [
       18.0177021,
       59.3494845
      ],
      [
       18.0179198,
       59.3490637
      ],
      [
       18.0179627,
       59.3489941
      ],
      [
       18.018171,
       59.3486488
      ],
      [
       18.0183542,
       59.3484002
      ],
      [
       18.0185589,
       59.3481514
      ],
      [
       18.0193884,
       59.3472858
      ],
      [
       18.0196567,
       59.347058
      ],
      [
       18.0199889,
       59.3467786
      ],
      [
       18.0202439,
       59.3465623
      ],
      [
       18.0202553,
       59.346553
      ],
      [
       18.0204323,
       59.3464031
      ],
      [
       18.0206224,
       59.3462738
      ],
      [
       18.0208719,
       59.3461205
      ],
      [
       18.0212697,
       59.3459108
      ],
      [
       18.0218106,
       59.3456774
      ],
      [
       18.0223458,
       59.3454896
      ],
      [
       18.0228326,
       59.345341
      ],
      [
       18.0232095,
       59.345245
      ],
      [
       18.0236157,
       59.3451553
      ],
      [
       18.0239969,
       59.3450783
      ],
      [
       18.0245125,
       59.3449896
      ],
      [
       18.0249678,
       59.3449404
      ],
      [
       18.0250767,
       59.3449282
      ],
      [
       18.0254685,
       59.3448979
      ],
      [
       18.0258714,
       59.3448745
      ],
      [
       18.0259531,
       59.3448688
      ],
      [
       18.0264805,
       59.3448546
      ],
      [
       18.0270162,
       59.3448485
      ],
      [
       18.034738,
       59.3448694
      ],
      [
       18.035731,
       59.3448705
      ],
      [
       18.0376224,
       59.3448738
      ],
      [
       18.0385539,
       59.3448731
      ],
      [
       18.0390981,
       59.3448559
      ],
      [
       18.0396334,
       59.3448303
      ],
      [
       18.0401549,
       59.3447871
      ],
      [
       18.0406686,
       59.3447211
      ],
      [
       18.0411112,
       59.3446606
      ],
      [
       18.0415302,
       59.3445902
      ],
      [
       18.0419554,
       59.3445068
      ],
      [
       18.0423464,
       59.3444221
      ],
      [
       18.0424461,
       59.3443987
      ],
      [
       18.0428044,
       59.3443071
      ],
      [
       18.0432971,
       59.344168
      ],
      [
       18.0434254,
       59.3441335
      ],
      [
       18.0459833,
       59.3434056
      ],
      [
       18.047831,
       59.3428735
      ],
      [
       18.0486114,
       59.3426511
      ],
      [
       18.0494722,
       59.3424062
      ],
      [
       18.0498305,
       59.3423029
      ],
      [
       18.0503976,
       59.3421448
      ],
      [
       18.0509368,
       59.3419835
      ],
      [
       18.0513275,
       59.3418677
      ],
      [
       18.0516972,
       59.3417475
      ],
      [
       18.0520252,
       59.3416299
      ],
      [
       18.0523288,
       59.3415143
      ],
      [
       18.0527733,
       59.3413376
      ],
      [
       18.0530403,
       59.3412154
      ],
      [
       18.0533064,
       59.3410926
      ],
      [
       18.0537287,
       59.3408905
      ],
      [
       18.0541693,
       59.3406674
      ],
      [
       18.0544075,
       59.3405337
      ],
      [
       18.0547469,
       59.3403275
      ],
      [
       18.0550899,
       59.340089
      ],
      [
       18.0553248,
       59.3399284
      ],
      [
       18.055703,
       59.3396378
      ],
      [
       18.0559927,
       59.3393806
      ],
      [
       18.0562313,
       59.3391499
      ],
      [
       18.056624,
       59.338718
      ],
      [
       18.0568081,
       59.3384765
      ],
      [
       18.0569152,
       59.3383229
      ],
      [
       18.0569744,
       59.3382388
      ],
      [
       18.0572185,
       59.3379048
      ],
      [
       18.0574462,
       59.3374913
      ],
      [
       18.0574909,
       59.3374102
      ],
      [
       18.0576821,
       59.3370565
      ],
      [
       18.0579299,
       59.3364237
      ],
      [
       18.0581331,
       59.3356381
      ],
      [
       18.0583423,
       59.3348912
      ],
      [
       18.0585966,
       59.3338275
      ],
      [
       18.0587088,
       59.3333831
      ],
      [
       18.0588674,
       59.3327936
      ],
      [
       18.0591111,
       59.3318164
      ],
      [
       18.059342,
       59.3309054
      ],
      [
       18.0593924,
       59.3307296
      ],
      [
       18.0595406,
       59.3302939
      ],
      [
       18.0596405,
       59.3300045
      ],
      [
       18.0598122,
       59.3296788
      ],
      [
       18.0600965,
       59.3292246
      ],
      [
       18.0605096,
       59.3286965
      ],
      [
       18.0611426,
       59.3278919
      ],
      [
       18.0615852,
       59.3273622
      ],
      [
       18.0619171,
       59.3268352
      ],
      [
       18.0635185,
       59.324271
      ],
      [
       18.0644604,
       59.3227931
      ],
      [
       18.0648048,
       59.3222505
      ],
      [
       18.065477,
       59.321221
      ],
      [
       18.0656441,
       59.3209797
      ],
      [
       18.0656863,
       59.3209306
      ],
      [
       18.0658874,
       59.3206955
      ],
      [
       18.0660154,
       59.3205597
      ],
      [
       18.0662002,
       59.3203723
      ],
      [
       18.0664024,
       59.3201946
      ],
      [
       18.0666773,
       59.3199653
      ],
      [
       18.0676335,
       59.3192489
      ],
      [
       18.0680171,
       59.3189451
      ],
      [
       18.0682102,
       59.3187494
      ],
      [
       18.0683818,
       59.3185632
      ],
      [
       18.0685562,
       59.3183018
      ],
      [
       18.0686447,
       59.3181376
      ],
      [
       18.0687305,
       59.3179173
      ],
      [
       18.0687462,
       59.3178266
      ],
      [
       18.0687842,
       59.3176463
      ],
      [
       18.0688033,
       59.3173928
      ],
      [
       18.0688056,
       59.3173205
      ],
      [
       18.0687762,
       59.3171275
      ],
      [
       18.0687064,
       59.3168756
      ],
      [
       18.0686045,
       59.3166006
      ],
      [
       18.0684971,
       59.3163775
      ],
      [
       18.0683148,
       59.3160804
      ],
      [
       18.0680814,
       59.3157738
      ],
      [
       18.0679451,
       59.3156502
      ],
      [
       18.0677783,
       59.3155001
      ],
      [
       18.0675638,
       59.3153249
      ],
      [
       18.0672849,
       59.3151496
      ],
      [
       18.0671202,
       59.3150533
      ],
      [
       18.0668552,
       59.3149254
      ],
      [
       18.0658579,
       59.3145146
      ],
      [
       18.0654594,
       59.3143768
      ],
      [
       18.0650532,
       59.3142586
      ],
      [
       18.0645709,
       59.3141354
      ],
      [
       18.0645629,
       59.3141335
      ],
      [
       18.0643582,
       59.3140859
      ],
      [
       18.0635565,
       59.3139219
      ],
      [
       18.0618097,
       59.3135946
      ],
      [
       18.0581438,
       59.312912
      ],
      [
       18.0573832,
       59.3127707
      ],
      [
       18.05728,
       59.3127529
      ],
      [
       18.056851,
       59.3126776
      ],
      [
       18.0564567,
       59.3126091
      ],
      [
       18.0561349,
       59.3125558
      ],
      [
       18.0555258,
       59.3124696
      ],
      [
       18.0540507,
       59.3122536
      ],
      [
       18.0524705,
       59.31202
      ],
      [
       18.0522402,
       59.3119866
      ],
      [
       18.0517975,
       59.3119164
      ],
      [
       18.0507331,
       59.3117613
      ],
      [
       18.0503402,
       59.3116985
      ],
      [
       18.05007,
       59.3116598
      ],
      [
       18.0488068,
       59.3114716
      ],
      [
       18.0482854,
       59.3113908
      ],
      [
       18.0478607,
       59.3113212
      ],
      [
       18.0475178,
       59.3112624
      ],
      [
       18.047247,
       59.3112134
      ],
      [
       18.0470369,
       59.311173
      ],
      [
       18.0468417,
       59.3111347
      ],
      [
       18.046544,
       59.3110672
      ],
      [
       18.046394,
       59.3110311
      ],
      [
       18.0461919,
       59.3109787
      ],
      [
       18.0460508,
       59.3109392
      ],
      [
       18.0459045,
       59.3108986
      ],
      [
       18.0457145,
       59.3108415
      ],
      [
       18.0455884,
       59.3108025
      ],
      [
       18.0454587,
       59.3107607
      ],
      [
       18.0453319,
       59.3107196
      ],
      [
       18.0451953,
       59.3106727
      ],
      [
       18.0451036,
       59.310641
      ],
      [
       18.0449263,
       59.3105749
      ],
      [
       18.0448398,
       59.3105437
      ],
      [
       18.0446542,
       59.3104691
      ],
      [
       18.0444793,
       59.3103939
      ],
      [
       18.0443054,
       59.3103118
      ],
      [
       18.0442181,
       59.3102702
      ],
      [
       18.0440493,
       59.3101869
      ],
      [
       18.0439194,
       59.3101211
      ],
      [
       18.0438026,
       59.3100618
      ],
      [
       18.0436617,
       59.3099832
      ],
      [
       18.0435494,
       59.3099168
      ],
      [
       18.0434393,
       59.3098497
      ],
      [
       18.0433121,
       59.3097697
      ],
      [
       18.0432183,
       59.3097086
      ],
      [
       18.043087,
       59.3096176
      ],
      [
       18.042958,
       59.3095297
      ],
      [
       18.0427794,
       59.3093969
      ],
      [
       18.0426079,
       59.3092635
      ],
      [
       18.0424574,
       59.3091433
      ],
      [
       18.0422785,
       59.3089969
      ],
      [
       18.0392038,
       59.3064682
      ],
      [
       18.038957,
       59.3062662
      ],
      [
       18.0388551,
       59.3061812
      ],
      [
       18.0378882,
       59.3053855
      ],
      [
       18.0372421,
       59.304854
      ],
      [
       18.0367654,
       59.3044599
      ],
      [
       18.0365186,
       59.304262
      ],
      [
       18.0363028,
       59.3040846
      ],
      [
       18.0362168,
       59.3040115
      ],
      [
       18.0361316,
       59.30394
      ],
      [
       18.0359486,
       59.3037897
      ],
      [
       18.0356937,
       59.3035761
      ],
      [
       18.035447,
       59.3033803
      ],
      [
       18.0349964,
       59.3030325
      ],
      [
       18.0346437,
       59.3027917
      ],
      [
       18.0341542,
       59.3024684
      ],
      [
       18.0337567,
       59.3022287
      ],
      [
       18.0334843,
       59.3020664
      ],
      [
       18.032853,
       59.3016976
      ],
      [
       18.0323598,
       59.3014099
      ],
      [
       18.0320498,
       59.3012446
      ],
      [
       18.0319963,
       59.3012158
      ],
      [
       18.0316731,
       59.3010443
      ],
      [
       18.0312359,
       59.3008183
      ],
      [
       18.0309167,
       59.3006691
      ],
      [
       18.030568,
       59.3005212
      ],
      [
       18.0303524,
       59.3004314
      ],
      [
       18.0302278,
       59.3003815
      ],
      [
       18.0294444,
       59.300091
      ],
      [
       18.028888,
       59.2998835
      ],
      [
       18.0283691,
       59.2996793
      ],
      [
       18.027731,
       59.2994187
      ],
      [
       18.026464,
       59.298858
      ],
      [
       18.0258876,
       59.2985862
      ],
      [
       18.025254,
       59.298265
      ],
      [
       18.0248155,
       59.2980178
      ],
      [
       18.0242836,
       59.2976919
      ],
      [
       18.0239852,
       59.2974999
      ],
      [
       18.0237071,
       59.2973135
      ],
      [
       18.0230548,
       59.2968052
      ],
      [
       18.0226905,
       59.296491
      ],
      [
       18.0223016,
       59.2961253
      ],
      [
       18.0220334,
       59.2958569
      ],
      [
       18.0217813,
       59.2955871
      ],
      [
       18.0215694,
       59.2953323
      ],
      [
       18.021464,
       59.2951986
      ],
      [
       18.0212368,
       59.2949064
      ],
      [
       18.0210571,
       59.2946297
      ],
      [
       18.0209095,
       59.2944038
      ],
      [
       18.0207754,
       59.2941764
      ],
      [
       18.0206896,
       59.2940079
      ],
      [
       18.0206145,
       59.2938628
      ],
      [
       18.0203815,
       59.2933281
      ],
      [
       18.0203186,
       59.2931584
      ],
      [
       18.0202616,
       59.2929877
      ],
      [
       18.0201666,
       59.2926575
      ],
      [
       18.0200566,
       59.2922164
      ],
      [
       18.020026,
       59.2920739
      ],
      [
       18.0199674,
       59.2917231
      ],
      [
       18.0199294,
       59.2914873
      ],
      [
       18.0199223,
       59.2914421
      ],
      [
       18.0197872,
       59.2902453
      ],
      [
       18.0196907,
       59.2893788
      ],
      [
       18.019653,
       59.2890491
      ],
      [
       18.0196359,
       59.2888844
      ],
      [
       18.0196246,
       59.2887611
      ],
      [
       18.019602,
       59.2885322
      ],
      [
       18.019593,
       59.2884119
      ],
      [
       18.019594,
       59.2882432
      ],
      [
       18.0195717,
       59.2879752
      ],
      [
       18.0195507,
       59.2877397
      ],
      [
       18.0194879,
       59.2871125
      ],
      [
       18.0194571,
       59.2869629
      ],
      [
       18.0193485,
       59.2862097
      ],
      [
       18.0191807,
       59.2852211
      ],
      [
       18.0190655,
       59.2847034
      ],
      [
       18.0190178,
       59.2845352
      ],
      [
       18.0189295,
       59.2842677
      ],
      [
       18.0188456,
       59.2840558
      ],
      [
       18.0187465,
       59.2838445
      ],
      [
       18.018525,
       59.2834232
      ],
      [
       18.0183462,
       59.2831613
      ],
      [
       18.0182474,
       59.2830237
      ],
      [
       18.0181333,
       59.282867
      ],
      [
       18.0180641,
       59.2827809
      ],
      [
       18.017959,
       59.2826477
      ],
      [
       18.0178345,
       59.2825138
      ],
      [
       18.0175667,
       59.2822339
      ],
      [
       18.0172862,
       59.2819658
      ],
      [
       18.0170348,
       59.2817437
      ],
      [
       18.0167736,
       59.2815278
      ],
      [
       18.0165003,
       59.2813239
      ],
      [
       18.0162139,
       59.2811234
      ],
      [
       18.0159581,
       59.2809486
      ],
      [
       18.0156467,
       59.2807495
      ],
      [
       18.0150967,
       59.2804272
      ],
      [
       18.0147619,
       59.2802433
      ],
      [
       18.0143675,
       59.2800401
      ],
      [
       18.0139463,
       59.2798408
      ],
      [
       18.01379,
       59.2797708
      ],
      [
       18.0132502,
       59.2795325
      ],
      [
       18.0126073,
       59.2792607
      ],
      [
       18.0117524,
       59.2789127
      ],
      [
       18.0112509,
       59.2787085
      ],
      [
       18.0104843,
       59.2783733
      ],
      [
       18.0098603,
       59.2780931
      ],
      [
       18.0095196,
       59.2779278
      ],
      [
       18.0087844,
       59.2775416
      ],
      [
       18.0082395,
       59.2772361
      ],
      [
       18.0080823,
       59.2771453
      ],
      [
       18.0074022,
       59.2767568
      ],
      [
       18.0069176,
       59.2764662
      ],
      [
       18.0063571,
       59.2761068
      ],
      [
       18.0057978,
       59.2757244
      ],
      [
       18.0052692,
       59.2753478
      ],
      [
       18.0046294,
       59.2748972
      ],
      [
       18.0040557,
       59.2745073
      ],
      [
       18.0029737,
       59.2737732
      ],
      [
       18.0024262,
       59.2734011
      ],
      [
       18.0022355,
       59.2732724
      ],
      [
       18.0012982,
       59.2726434
      ],
      [
       18.0003836,
       59.2720406
      ],
      [
       17.9997317,
       59.2716134
      ],
      [
       17.9994081,
       59.271395
      ],
      [
       17.999099,
       59.2711677
      ],
      [
       17.9987972,
       59.2709384
      ],
      [
       17.9983199,
       59.270519
      ],
      [
       17.9980296,
       59.2702261
      ],
      [
       17.9978159,
       59.2699833
      ],
      [
       17.9976063,
       59.2697326
      ],
      [
       17.9974506,
       59.269514
      ],
      [
       17.9972982,
       59.2692907
      ],
      [
       17.9971526,
       59.2690304
      ],
      [
       17.9970218,
       59.2687695
      ],
      [
       17.996909,
       59.2685061
      ],
      [
       17.996817,
       59.2682401
      ],
      [
       17.9967489,
       59.2679773
      ],
      [
       17.9966979,
       59.2677142
      ],
      [
       17.9966654,
       59.2674458
      ],
      [
       17.9966569,
       59.2671774
      ],
      [
       17.9966569,
       59.2669574
      ],
      [
       17.9966811,
       59.2667372
      ],
      [
       17.9967288,
       59.2664172
      ],
      [
       17.9968078,
       59.2660993
      ],
      [
       17.9968772,
       59.2658738
      ],
      [
       17.9970139,
       59.2655336
      ],
      [
       17.9972765,
       59.2649918
      ],
      [
       17.997569,
       59.26442
      ],
      [
       17.997667,
       59.2642281
      ],
      [
       17.9978719,
       59.2638053
      ],
      [
       17.997924,
       59.2636928
      ],
      [
       17.9981053,
       59.2632693
      ],
      [
       17.9982099,
       59.2629979
      ],
      [
       17.9983454,
       59.2625633
      ],
      [
       17.9984099,
       59.2623285
      ],
      [
       17.9984636,
       59.2620917
      ],
      [
       17.9985191,
       59.2618059
      ],
      [
       17.9985356,
       59.2616964
      ],
      [
       17.9985937,
       59.261218
      ],
      [
       17.9986068,
       59.2610183
      ],
      [
       17.9986171,
       59.2607571
      ],
      [
       17.9986149,
       59.2605837
      ],
      [
       17.9986139,
       59.2602995
      ],
      [
       17.9985725,
       59.2598221
      ],
      [
       17.9985205,
       59.2594401
      ],
      [
       17.9984396,
       59.2589778
      ],
      [
       17.9983591,
       59.2585414
      ],
      [
       17.9982176,
       59.25779
      ],
      [
       17.9981621,
       59.2575101
      ],
      [
       17.9980425,
       59.2569875
      ],
      [
       17.9978859,
       59.2564686
      ],
      [
       17.9977059,
       59.2559485
      ],
      [
       17.9974919,
       59.255438
      ],
      [
       17.9972622,
       59.2549266
      ],
      [
       17.9968651,
       59.2542082
      ],
      [
       17.996154,
       59.2530722
      ],
      [
       17.9959169,
       59.2527407
      ],
      [
       17.9954721,
       59.2521411
      ],
      [
       17.9951216,
       59.2516857
      ],
      [
       17.9951071,
       59.2516673
      ],
      [
       17.9947597,
       59.2512151
      ],
      [
       17.993172,
       59.2491513
      ],
      [
       17.9925148,
       59.2482958
      ],
      [
       17.9905824,
       59.2457818
      ],
      [
       17.9902069,
       59.2452895
      ],
      [
       17.9898207,
       59.2447882
      ],
      [
       17.98943,
       59.2442833
      ],
      [
       17.9890186,
       59.2437834
      ],
      [
       17.9888017,
       59.2435345
      ],
      [
       17.9885765,
       59.2432901
      ],
      [
       17.9882938,
       59.2429978
      ],
      [
       17.9880844,
       59.2428062
      ],
      [
       17.9879183,
       59.2426521
      ],
      [
       17.987457,
       59.2422516
      ],
      [
       17.9869993,
       59.2418926
      ],
      [
       17.9866687,
       59.2416557
      ],
      [
       17.9858513,
       59.2410875
      ],
      [
       17.9849398,
       59.2404848
      ],
      [
       17.984226,
       59.2400068
      ],
      [
       17.9838186,
       59.2397457
      ],
      [
       17.9831883,
       59.239309
      ],
      [
       17.9824734,
       59.2388029
      ],
      [
       17.9820442,
       59.2385018
      ],
      [
       17.9813116,
       59.2379769
      ],
      [
       17.9805959,
       59.2374613
      ],
      [
       17.9798695,
       59.2369549
      ],
      [
       17.9793021,
       59.2365475
      ],
      [
       17.979226,
       59.2364953
      ],
      [
       17.9788444,
       59.236232
      ],
      [
       17.9783562,
       59.2359055
      ],
      [
       17.9781256,
       59.2357547
      ],
      [
       17.9775108,
       59.2353711
      ],
      [
       17.976874,
       59.2349935
      ],
      [
       17.9761749,
       59.2346122
      ],
      [
       17.9758345,
       59.2344296
      ],
      [
       17.975486,
       59.2342515
      ],
      [
       17.975067,
       59.2340385
      ],
      [
       17.9747931,
       59.2339031
      ],
      [
       17.974079,
       59.2335668
      ],
      [
       17.9733441,
       59.2332394
      ],
      [
       17.9729039,
       59.2330508
      ],
      [
       17.9724106,
       59.2328303
      ],
      [
       17.9715649,
       59.2324685
      ],
      [
       17.9713272,
       59.2323706
      ],
      [
       17.9707264,
       59.2321117
      ],
      [
       17.9700107,
       59.2318061
      ],
      [
       17.9696946,
       59.2316687
      ],
      [
       17.9692931,
       59.2314901
      ],
      [
       17.9685155,
       59.2311316
      ],
      [
       17.9677659,
       59.2307563
      ],
      [
       17.9674562,
       59.2305965
      ],
      [
       17.9670316,
       59.2303719
      ],
      [
       17.9663025,
       59.2299851
      ],
      [
       17.9655696,
       59.2295932
      ],
      [
       17.9648265,
       59.2292062
      ],
      [
       17.9640722,
       59.2288357
      ],
      [
       17.9640481,
       59.2288244
      ],
      [
       17.9632773,
       59.228467
      ],
      [
       17.9621437,
       59.2279547
      ],
      [
       17.961702,
       59.2277541
      ],
      [
       17.9609214,
       59.227404
      ],
      [
       17.960129,
       59.2270468
      ],
      [
       17.9593411,
       59.226687
      ],
      [
       17.9585709,
       59.2263237
      ],
      [
       17.957812,
       59.2259507
      ],
      [
       17.9570769,
       59.2255691
      ],
      [
       17.9563652,
       59.225175
      ],
      [
       17.9557953,
       59.2248375
      ],
      [
       17.9554366,
       59.2246122
      ],
      [
       17.9546463,
       59.2241046
      ],
      [
       17.9542936,
       59.2238667
      ],
      [
       17.9537468,
       59.2234865
      ],
      [
       17.9533398,
       59.2231999
      ],
      [
       17.9527405,
       59.2227752
      ],
      [
       17.9521626,
       59.2223589
      ],
      [
       17.9517138,
       59.2220335
      ],
      [
       17.9512991,
       59.2217468
      ],
      [
       17.950944,
       59.2214872
      ],
      [
       17.9506578,
       59.221286
      ],
      [
       17.9498717,
       59.220729
      ],
      [
       17.9493398,
       59.2203516
      ],
      [
       17.9485783,
       59.2198182
      ],
      [
       17.9479239,
       59.2193805
      ],
      [
       17.9469344,
       59.218719
      ],
      [
       17.9458615,
       59.2179968
      ],
      [
       17.9457271,
       59.2179083
      ],
      [
       17.9456028,
       59.2178265
      ],
      [
       17.9455728,
       59.2178088
      ],
      [
       17.9446852,
       59.2172126
      ],
      [
       17.9441768,
       59.2168752
      ],
      [
       17.9435548,
       59.2164674
      ],
      [
       17.9429269,
       59.2160722
      ],
      [
       17.9426953,
       59.2159338
      ],
      [
       17.9424746,
       59.2158052
      ],
      [
       17.9419505,
       59.215508
      ],
      [
       17.9414176,
       59.2152116
      ],
      [
       17.9408669,
       59.2149215
      ],
      [
       17.9403761,
       59.2146786
      ],
      [
       17.9400204,
       59.2145082
      ],
      [
       17.9396072,
       59.2143221
      ],
      [
       17.9391911,
       59.2141458
      ],
      [
       17.9387881,
       59.2139889
      ],
      [
       17.938342,
       59.2138279
      ],
      [
       17.9380617,
       59.2137308
      ],
      [
       17.937774,
       59.2136376
      ],
      [
       17.9372204,
       59.2134725
      ],
      [
       17.9368162,
       59.2133626
      ],
      [
       17.9362972,
       59.213233
      ],
      [
       17.9356294,
       59.2130782
      ],
      [
       17.9350903,
       59.2129592
      ],
      [
       17.9338541,
       59.2126998
      ],
      [
       17.9295416,
       59.2117944
      ],
      [
       17.9286683,
       59.2116095
      ],
      [
       17.9274815,
       59.2113532
      ],
      [
       17.9265634,
       59.2111401
      ],
      [
       17.9256049,
       59.2109069
      ],
      [
       17.9237022,
       59.2104421
      ],
      [
       17.9214247,
       59.2098859
      ],
      [
       17.9173094,
       59.208878
      ],
      [
       17.9121816,
       59.2076238
      ],
      [
       17.9112639,
       59.2073979
      ],
      [
       17.9107317,
       59.207258
      ],
      [
       17.9106932,
       59.207248
      ],
      [
       17.9102897,
       59.2071406
      ],
      [
       17.9097371,
       59.2069887
      ],
      [
       17.9089813,
       59.2067693
      ],
      [
       17.9081598,
       59.2065222
      ],
      [
       17.908016,
       59.2064802
      ],
      [
       17.9071989,
       59.206238
      ],
      [
       17.9060149,
       59.2059078
      ],
      [
       17.9045746,
       59.2055127
      ],
      [
       17.9024114,
       59.2049189
      ],
      [
       17.9017968,
       59.2047499
      ],
      [
       17.9010885,
       59.204555
      ],
      [
       17.9010351,
       59.2045399
      ],
      [
       17.9003335,
       59.2043431
      ],
      [
       17.8997193,
       59.2041652
      ],
      [
       17.899058,
       59.2039605
      ],
      [
       17.8976749,
       59.2035265
      ],
      [
       17.8949613,
       59.2026555
      ],
      [
       17.8944204,
       59.2024822
      ],
      [
       17.8940987,
       59.2023797
      ],
      [
       17.893473,
       59.2021675
      ],
      [
       17.8932191,
       59.2020722
      ],
      [
       17.892952,
       59.2019634
      ],
      [
       17.8928364,
       59.2019201
      ],
      [
       17.8925849,
       59.2018166
      ],
      [
       17.892082,
       59.2015705
      ],
      [
       17.8915742,
       59.2013055
      ],
      [
       17.8910693,
       59.2010405
      ],
      [
       17.8905636,
       59.2007891
      ],
      [
       17.8898801,
       59.2005046
      ],
      [
       17.8890822,
       59.2002132
      ],
      [
       17.8881701,
       59.1999071
      ],
      [
       17.8874026,
       59.1997119
      ],
      [
       17.8870495,
       59.1996383
      ],
      [
       17.8867286,
       59.1995767
      ],
      [
       17.8863757,
       59.1995158
      ],
      [
       17.886071,
       59.1994682
      ],
      [
       17.8858258,
       59.199433
      ],
      [
       17.8854052,
       59.1993754
      ],
      [
       17.8850094,
       59.1993284
      ],
      [
       17.8846364,
       59.1992931
      ],
      [
       17.8842111,
       59.1992623
      ],
      [
       17.8838155,
       59.199244
      ],
      [
       17.883359,
       59.1992363
      ],
      [
       17.8830423,
       59.1992357
      ],
      [
       17.882723,
       59.1992436
      ],
      [
       17.8823018,
       59.1992602
      ],
      [
       17.8819159,
       59.1992868
      ],
      [
       17.8815472,
       59.1993206
      ],
      [
       17.8811532,
       59.1993655
      ],
      [
       17.8808903,
       59.1994006
      ],
      [
       17.8804785,
       59.1994654
      ],
      [
       17.8799705,
       59.1995592
      ],
      [
       17.8794641,
       59.1996671
      ],
      [
       17.8789265,
       59.1997865
      ],
      [
       17.8778509,
       59.2000318
      ],
      [
       17.8774172,
       59.2001293
      ],
      [
       17.8770773,
       59.2002007
      ],
      [
       17.8767421,
       59.2002687
      ],
      [
       17.876438,
       59.2003235
      ],
      [
       17.8763009,
       59.200348
      ],
      [
       17.8758599,
       59.2004167
      ],
      [
       17.8751397,
       59.2004977
      ],
      [
       17.8746472,
       59.2005447
      ],
      [
       17.8741033,
       59.200573
      ],
      [
       17.8734915,
       59.2005855
      ],
      [
       17.8732318,
       59.2005918
      ],
      [
       17.8730707,
       59.2005924
      ],
      [
       17.8728276,
       59.2005873
      ],
      [
       17.8725809,
       59.2005795
      ],
      [
       17.8722248,
       59.2005615
      ],
      [
       17.8718568,
       59.2005294
      ],
      [
       17.8715539,
       59.2005039
      ],
      [
       17.8709153,
       59.200429
      ],
      [
       17.8700208,
       59.2002969
      ],
      [
       17.8695687,
       59.2002179
      ],
      [
       17.8676705,
       59.199891
      ],
      [
       17.8670467,
       59.199789
      ],
      [
       17.8662147,
       59.1996684
      ],
      [
       17.8655832,
       59.1995864
      ],
      [
       17.8648805,
       59.1995033
      ],
      [
       17.8642358,
       59.199438
      ],
      [
       17.8635673,
       59.1993758
      ],
      [
       17.8629544,
       59.1993286
      ],
      [
       17.8622771,
       59.1992833
      ],
      [
       17.8615268,
       59.1992443
      ],
      [
       17.8607377,
       59.1992132
      ],
      [
       17.8601718,
       59.1992003
      ],
      [
       17.8596489,
       59.1991903
      ],
      [
       17.8591329,
       59.1991888
      ],
      [
       17.8582621,
       59.1991928
      ],
      [
       17.8563975,
       59.1992121
      ],
      [
       17.8563708,
       59.1992124
      ],
      [
       17.8546407,
       59.1992317
      ],
      [
       17.8522037,
       59.1992637
      ],
      [
       17.8497571,
       59.1993012
      ],
      [
       17.8452581,
       59.1993715
      ],
      [
       17.8440367,
       59.1993873
      ],
      [
       17.8428391,
       59.1994044
      ],
      [
       17.8400381,
       59.1994388
      ],
      [
       17.8378411,
       59.1994632
      ],
      [
       17.8365186,
       59.1994778
      ],
      [
       17.8356963,
       59.1994869
      ],
      [
       17.8344282,
       59.1995025
      ],
      [
       17.8334992,
       59.1995137
      ],
      [
       17.8313469,
       59.1995586
      ],
      [
       17.8306116,
       59.1995916
      ],
      [
       17.8300885,
       59.1996262
      ],
      [
       17.8295451,
       59.19967
      ],
      [
       17.8287817,
       59.1997463
      ],
      [
       17.8282093,
       59.1998082
      ],
      [
       17.8276394,
       59.1998759
      ],
      [
       17.8271404,
       59.1999335
      ],
      [
       17.8270989,
       59.1999383
      ],
      [
       17.8253878,
       59.2001385
      ],
      [
       17.8248653,
       59.2001926
      ],
      [
       17.8240739,
       59.2002657
      ],
      [
       17.8235727,
       59.2003034
      ],
      [
       17.8230347,
       59.2003335
      ],
      [
       17.8224862,
       59.2003556
      ],
      [
       17.8219467,
       59.2003713
      ],
      [
       17.8207702,
       59.2003959
      ],
      [
       17.8195845,
       59.2004189
      ],
      [
       17.8186928,
       59.2004304
      ],
      [
       17.8182286,
       59.200429
      ],
      [
       17.8177673,
       59.2004218
      ],
      [
       17.8173405,
       59.2004098
      ],
      [
       17.8169121,
       59.2003916
      ],
      [
       17.8164621,
       59.2003641
      ],
      [
       17.8160823,
       59.2003354
      ],
      [
       17.8157287,
       59.2003061
      ],
      [
       17.815171,
       59.2002528
      ],
      [
       17.8148235,
       59.2002159
      ],
      [
       17.8144513,
       59.200169
      ],
      [
       17.8139214,
       59.2000969
      ],
      [
       17.8130367,
       59.1999773
      ],
      [
       17.8123185,
       59.1998831
      ],
      [
       17.8117531,
       59.1998061
      ],
      [
       17.811655,
       59.1997917
      ],
      [
       17.8115767,
       59.1997802
      ],
      [
       17.8111609,
       59.1997189
      ],
      [
       17.8107462,
       59.1996519
      ],
      [
       17.8104295,
       59.1995929
      ],
      [
       17.8100877,
       59.1995237
      ],
      [
       17.8097294,
       59.1994433
      ],
      [
       17.8093732,
       59.1993552
      ],
      [
       17.8089684,
       59.1992428
      ],
      [
       17.8086112,
       59.1991319
      ],
      [
       17.8083543,
       59.199048
      ],
      [
       17.807967,
       59.1989122
      ],
      [
       17.8074547,
       59.1987193
      ],
      [
       17.8069473,
       59.198528
      ],
      [
       17.8066305,
       59.198411
      ],
      [
       17.8062947,
       59.1982951
      ],
      [
       17.8059146,
       59.1981726
      ],
      [
       17.8054828,
       59.1980458
      ],
      [
       17.8051649,
       59.1979619
      ],
      [
       17.8046635,
       59.1978435
      ],
      [
       17.8042767,
       59.1977639
      ],
      [
       17.8037457,
       59.1976695
      ],
      [
       17.8033217,
       59.1976061
      ],
      [
       17.8029567,
       59.1975586
      ],
      [
       17.802571,
       59.1975145
      ],
      [
       17.8017239,
       59.19743
      ],
      [
       17.7993848,
       59.1972181
      ],
      [
       17.7988349,
       59.1971654
      ],
      [
       17.7983162,
       59.1971134
      ],
      [
       17.7980729,
       59.1970837
      ],
      [
       17.7980003,
       59.1970765
      ],
      [
       17.7976628,
       59.1970355
      ],
      [
       17.7973661,
       59.1969975
      ],
      [
       17.7970712,
       59.1969562
      ],
      [
       17.7964065,
       59.1968567
      ],
      [
       17.7957584,
       59.1967496
      ],
      [
       17.7920458,
       59.1961312
      ],
      [
       17.7867916,
       59.195256
      ],
      [
       17.7867561,
       59.1952501
      ],
      [
       17.7854514,
       59.1950305
      ],
      [
       17.7840995,
       59.1948089
      ],
      [
       17.7834639,
       59.1947114
      ],
      [
       17.7829975,
       59.1946483
      ],
      [
       17.7826817,
       59.1946084
      ],
      [
       17.7825027,
       59.1945863
      ],
      [
       17.7820713,
       59.1945395
      ],
      [
       17.7816283,
       59.1944956
      ],
      [
       17.7807436,
       59.1944149
      ],
      [
       17.7786957,
       59.1942277
      ],
      [
       17.7776114,
       59.1941287
      ],
      [
       17.775534,
       59.1939382
      ],
      [
       17.7751047,
       59.1938969
      ],
      [
       17.7742822,
       59.1938041
      ],
      [
       17.7713375,
       59.1934211
      ],
      [
       17.7700585,
       59.193254
      ],
      [
       17.7681187,
       59.1929916
      ],
      [
       17.7668711,
       59.1928266
      ],
      [
       17.765673,
       59.1926677
      ],
      [
       17.7652095,
       59.1926071
      ],
      [
       17.7650047,
       59.1925799
      ],
      [
       17.7642837,
       59.1924936
      ],
      [
       17.7638921,
       59.1924517
      ],
      [
       17.7634606,
       59.1924133
      ],
      [
       17.7630707,
       59.192385
      ],
      [
       17.7626915,
       59.1923641
      ],
      [
       17.7623337,
       59.1923504
      ],
      [
       17.7619737,
       59.1923432
      ],
      [
       17.7615896,
       59.19234
      ],
      [
       17.76125,
       59.1923428
      ],
      [
       17.760859,
       59.1923533
      ],
      [
       17.7604719,
       59.1923686
      ],
      [
       17.7601543,
       59.1923872
      ],
      [
       17.7598117,
       59.1924124
      ],
      [
       17.7594968,
       59.1924394
      ],
      [
       17.759218,
       59.1924654
      ],
      [
       17.7587949,
       59.1925151
      ],
      [
       17.7583739,
       59.1925717
      ],
      [
       17.7580497,
       59.1926207
      ],
      [
       17.7577998,
       59.1926602
      ],
      [
       17.7572363,
       59.1927548
      ],
      [
       17.7556125,
       59.1930508
      ],
      [
       17.7553065,
       59.1931052
      ],
      [
       17.7548138,
       59.1931889
      ],
      [
       17.754407,
       59.1932523
      ],
      [
       17.7542491,
       59.1932738
      ],
      [
       17.7539537,
       59.1933164
      ],
      [
       17.7535298,
       59.1933659
      ],
      [
       17.7531787,
       59.1934014
      ],
      [
       17.7528248,
       59.1934323
      ],
      [
       17.7524652,
       59.1934577
      ],
      [
       17.7520225,
       59.1934785
      ],
      [
       17.7515764,
       59.1934933
      ],
      [
       17.7510823,
       59.1935008
      ],
      [
       17.7506926,
       59.1934974
      ],
      [
       17.750391,
       59.1934897
      ],
      [
       17.7500807,
       59.193479
      ],
      [
       17.7494907,
       59.1934444
      ],
      [
       17.7492153,
       59.1934227
      ],
      [
       17.749097,
       59.1934122
      ],
      [
       17.7486916,
       59.1933705
      ],
      [
       17.7483234,
       59.193328
      ],
      [
       17.7479478,
       59.1932756
      ],
      [
       17.7475428,
       59.1932141
      ],
      [
       17.7471474,
       59.1931433
      ],
      [
       17.7467762,
       59.1930715
      ],
      [
       17.7463047,
       59.19297
      ],
      [
       17.7460462,
       59.1929102
      ],
      [
       17.7440838,
       59.1924272
      ],
      [
       17.7436235,
       59.1923245
      ],
      [
       17.7431509,
       59.1922261
      ],
      [
       17.742807,
       59.1921621
      ],
      [
       17.7424638,
       59.1921052
      ],
      [
       17.7421587,
       59.1920609
      ],
      [
       17.7417782,
       59.1920119
      ],
      [
       17.7413793,
       59.1919693
      ],
      [
       17.7410402,
       59.1919391
      ],
      [
       17.7407416,
       59.1919179
      ],
      [
       17.7403146,
       59.1918945
      ],
      [
       17.7399518,
       59.1918801
      ],
      [
       17.7395931,
       59.1918752
      ],
      [
       17.7391438,
       59.1918768
      ],
      [
       17.7387166,
       59.1918884
      ],
      [
       17.7383273,
       59.1919074
      ],
      [
       17.7379457,
       59.1919305
      ],
      [
       17.7375228,
       59.191964
      ],
      [
       17.7370967,
       59.192
      ],
      [
       17.7337239,
       59.1923271
      ],
      [
       17.7315297,
       59.1925434
      ],
      [
       17.7306835,
       59.1926267
      ],
      [
       17.7301689,
       59.1926775
      ],
      [
       17.7293045,
       59.1927626
      ],
      [
       17.7273172,
       59.1929819
      ],
      [
       17.7264005,
       59.1930607
      ],
      [
       17.7255018,
       59.1931024
      ],
      [
       17.7247871,
       59.193104
      ],
      [
       17.7242966,
       59.1930953
      ],
      [
       17.7240333,
       59.1930833
      ],
      [
       17.7238331,
       59.1930733
      ],
      [
       17.7236278,
       59.1930596
      ],
      [
       17.7233313,
       59.1930384
      ],
      [
       17.7231151,
       59.1930197
      ],
      [
       17.722812,
       59.1929894
      ],
      [
       17.7224632,
       59.1929487
      ],
      [
       17.7221887,
       59.1929119
      ],
      [
       17.7219062,
       59.1928687
      ],
      [
       17.721572,
       59.1928132
      ],
      [
       17.7212712,
       59.1927571
      ],
      [
       17.7208865,
       59.1926789
      ],
      [
       17.7205302,
       59.1925955
      ],
      [
       17.7203035,
       59.1925392
      ],
      [
       17.7199153,
       59.1924334
      ],
      [
       17.7195454,
       59.1923216
      ],
      [
       17.7191926,
       59.1922076
      ],
      [
       17.7190391,
       59.1921543
      ],
      [
       17.7188649,
       59.1920906
      ],
      [
       17.7188382,
       59.1920799
      ],
      [
       17.7186832,
       59.1920213
      ],
      [
       17.7182769,
       59.1918553
      ],
      [
       17.7180088,
       59.1917349
      ],
      [
       17.7177478,
       59.191611
      ],
      [
       17.7172155,
       59.1913455
      ],
      [
       17.7158999,
       59.1906645
      ],
      [
       17.7131696,
       59.1892441
      ],
      [
       17.7107318,
       59.1879768
      ],
      [
       17.710705,
       59.1879638
      ],
      [
       17.710487,
       59.1878507
      ],
      [
       17.7088523,
       59.1870014
      ],
      [
       17.7083524,
       59.1867471
      ],
      [
       17.7077933,
       59.186487
      ],
      [
       17.7074592,
       59.1863443
      ],
      [
       17.7071333,
       59.1862175
      ],
      [
       17.7068234,
       59.1861062
      ],
      [
       17.7064874,
       59.1859917
      ],
      [
       17.7061096,
       59.1858774
      ],
      [
       17.7057254,
       59.1857708
      ],
      [
       17.7053649,
       59.1856825
      ],
      [
       17.7049533,
       59.1855898
      ],
      [
       17.7045273,
       59.185506
      ],
      [
       17.7041101,
       59.1854347
      ],
      [
       17.7037249,
       59.1853778
      ],
      [
       17.7033732,
       59.185332
      ],
      [
       17.7030181,
       59.1852938
      ],
      [
       17.702694,
       59.1852658
      ],
      [
       17.7023655,
       59.1852412
      ],
      [
       17.7019829,
       59.1852207
      ],
      [
       17.7013196,
       59.1851955
      ],
      [
       17.7006116,
       59.1851886
      ],
      [
       17.6998999,
       59.1851844
      ],
      [
       17.6953526,
       59.1851653
      ],
      [
       17.6953097,
       59.1851651
      ],
      [
       17.6946399,
       59.1851627
      ],
      [
       17.6921331,
       59.1851533
      ],
      [
       17.6895821,
       59.1851405
      ],
      [
       17.6890106,
       59.1851346
      ],
      [
       17.688441,
       59.1851231
      ],
      [
       17.6879623,
       59.1851058
      ],
      [
       17.6873608,
       59.1850749
      ],
      [
       17.687026,
       59.185046
      ],
      [
       17.6866878,
       59.1850138
      ],
      [
       17.6855751,
       59.1848628
      ],
      [
       17.6849542,
       59.1847614
      ],
      [
       17.6843351,
       59.1846455
      ],
      [
       17.6807601,
       59.18394
      ],
      [
       17.6788388,
       59.1835602
      ],
      [
       17.6778194,
       59.1833586
      ],
      [
       17.6754239,
       59.1828867
      ],
      [
       17.6741512,
       59.1826323
      ],
      [
       17.6734735,
       59.1824992
      ],
      [
       17.6729062,
       59.1823909
      ],
      [
       17.6724173,
       59.1823047
      ],
      [
       17.6719615,
       59.1822326
      ],
      [
       17.6715386,
       59.1821762
      ],
      [
       17.6711176,
       59.1821321
      ],
      [
       17.6707678,
       59.182099
      ],
      [
       17.6704013,
       59.1820733
      ],
      [
       17.669963,
       59.1820502
      ],
      [
       17.6695219,
       59.1820377
      ],
      [
       17.6691225,
       59.1820327
      ],
      [
       17.6685967,
       59.1820422
      ],
      [
       17.6682202,
       59.1820564
      ],
      [
       17.6680065,
       59.1820672
      ],
      [
       17.6677352,
       59.1820852
      ],
      [
       17.6674296,
       59.1821085
      ],
      [
       17.6670029,
       59.1821505
      ],
      [
       17.6665834,
       59.1822017
      ],
      [
       17.6661604,
       59.1822604
      ],
      [
       17.6657755,
       59.1823233
      ],
      [
       17.6654459,
       59.1823843
      ],
      [
       17.6651186,
       59.1824514
      ],
      [
       17.664692,
       59.1825475
      ],
      [
       17.6642608,
       59.1826574
      ],
      [
       17.6638157,
       59.1827838
      ],
      [
       17.6633343,
       59.1829371
      ],
      [
       17.6628234,
       59.1831177
      ],
      [
       17.6620985,
       59.1833971
      ],
      [
       17.6613376,
       59.1837048
      ],
      [
       17.6606099,
       59.1840145
      ],
      [
       17.6604251,
       59.1840929
      ],
      [
       17.6592125,
       59.1846187
      ],
      [
       17.6580914,
       59.1851497
      ],
      [
       17.6574137,
       59.1854707
      ],
      [
       17.6566831,
       59.1858317
      ],
      [
       17.6562485,
       59.1860451
      ],
      [
       17.6559395,
       59.1861968
      ],
      [
       17.6556649,
       59.1863239
      ],
      [
       17.6553812,
       59.1864457
      ],
      [
       17.6552894,
       59.1864841
      ],
      [
       17.6550177,
       59.1865887
      ],
      [
       17.6547514,
       59.1866826
      ],
      [
       17.654479,
       59.1867701
      ],
      [
       17.6542662,
       59.1868299
      ],
      [
       17.6540341,
       59.1868915
      ],
      [
       17.6537406,
       59.1869599
      ],
      [
       17.6533772,
       59.187037
      ],
      [
       17.6530315,
       59.1870973
      ],
      [
       17.6528153,
       59.1871282
      ],
      [
       17.6525833,
       59.1871595
      ],
      [
       17.6522373,
       59.1871991
      ],
      [
       17.6518399,
       59.1872297
      ],
      [
       17.6515178,
       59.1872471
      ],
      [
       17.6511042,
       59.1872577
      ],
      [
       17.6507419,
       59.187256
      ],
      [
       17.6504426,
       59.1872481
      ],
      [
       17.6501272,
       59.1872326
      ],
      [
       17.6497527,
       59.1872056
      ],
      [
       17.6495623,
       59.1871871
      ],
      [
       17.6493053,
       59.1871584
      ],
      [
       17.6489305,
       59.1871048
      ],
      [
       17.6484551,
       59.1870239
      ],
      [
       17.6480226,
       59.1869326
      ],
      [
       17.6475962,
       59.1868303
      ],
      [
       17.6472659,
       59.1867445
      ],
      [
       17.6469464,
       59.1866571
      ],
      [
       17.6466388,
       59.1865661
      ],
      [
       17.6464067,
       59.1864917
      ],
      [
       17.6461836,
       59.1864149
      ],
      [
       17.6459586,
       59.1863293
      ],
      [
       17.6457863,
       59.1862575
      ],
      [
       17.6456229,
       59.1861821
      ],
      [
       17.6454536,
       59.1861037
      ],
      [
       17.6452984,
       59.186017
      ],
      [
       17.6450303,
       59.1858536
      ],
      [
       17.6447882,
       59.1856807
      ],
      [
       17.644644,
       59.1855619
      ],
      [
       17.6444245,
       59.1853491
      ],
      [
       17.644078,
       59.1849487
      ],
      [
       17.6436773,
       59.1844321
      ],
      [
       17.6434567,
       59.1841271
      ],
      [
       17.6432548,
       59.1837529
      ],
      [
       17.6431955,
       59.1835853
      ],
      [
       17.6431612,
       59.1833934
      ],
      [
       17.6431499,
       59.1832502
      ],
      [
       17.6431485,
       59.183013
      ],
      [
       17.6431806,
       59.1827991
      ],
      [
       17.6432748,
       59.1824798
      ],
      [
       17.6433541,
       59.1823045
      ],
      [
       17.643417,
       59.1821809
      ],
      [
       17.6434289,
       59.18216
      ],
      [
       17.6435619,
       59.1819476
      ],
      [
       17.6436955,
       59.1817704
      ],
      [
       17.643858,
       59.1815927
      ],
      [
       17.6439658,
       59.1814719
      ],
      [
       17.6442801,
       59.1811679
      ],
      [
       17.6448731,
       59.1806196
      ],
      [
       17.6450298,
       59.1804681
      ],
      [
       17.6456521,
       59.1798832
      ],
      [
       17.6458934,
       59.1796705
      ],
      [
       17.6462246,
       59.1793931
      ],
      [
       17.6465338,
       59.1791244
      ],
      [
       17.6467173,
       59.178951
      ],
      [
       17.6469259,
       59.1787389
      ],
      [
       17.648345,
       59.1771743
      ],
      [
       17.648608,
       59.1768829
      ],
      [
       17.6497666,
       59.1756002
      ],
      [
       17.649853,
       59.1755065
      ],
      [
       17.6506491,
       59.1746207
      ],
      [
       17.649853,
       59.1755065
      ],
      [
       17.6497666,
       59.1756002
      ],
      [
       17.648608,
       59.1768829
      ],
      [
       17.648345,
       59.1771743
      ],
      [
       17.6469259,
       59.1787389
      ],
      [
       17.6467173,
       59.178951
      ],
      [
       17.6465338,
       59.1791244
      ],
      [
       17.6462246,
       59.1793931
      ],
      [
       17.6458934,
       59.1796705
      ],
      [
       17.6456521,
       59.1798832
      ],
      [
       17.6452723,
       59.1801687
      ],
      [
       17.645065,
       59.1803183
      ],
      [
       17.6449125,
       59.1804401
      ],
      [
       17.6448016,
       59.1805426
      ],
      [
       17.6446405,
       59.1806922
      ],
      [
       17.6442325,
       59.1810798
      ],
      [
       17.6438374,
       59.1814616
      ],
      [
       17.6437115,
       59.1815962
      ],
      [
       17.6434887,
       59.1818612
      ],
      [
       17.6433153,
       59.1821322
      ],
      [
       17.6430664,
       59.1824716
      ],
      [
       17.6429405,
       59.1826404
      ],
      [
       17.6427252,
       59.1828601
      ],
      [
       17.6425712,
       59.1829958
      ],
      [
       17.6424356,
       59.1831109
      ],
      [
       17.6422906,
       59.1832193
      ],
      [
       17.6420108,
       59.1833978
      ],
      [
       17.6417091,
       59.1835674
      ],
      [
       17.6414228,
       59.1837102
      ],
      [
       17.6411869,
       59.1838235
      ],
      [
       17.6404459,
       59.1841231
      ],
      [
       17.6397588,
       59.1843328
      ],
      [
       17.6391177,
       59.1844923
      ],
      [
       17.6384455,
       59.1846521
      ],
      [
       17.6379689,
       59.184762
      ],
      [
       17.6378539,
       59.1847886
      ],
      [
       17.6343197,
       59.1856134
      ],
      [
       17.633923,
       59.1857146
      ],
      [
       17.6335468,
       59.185819
      ],
      [
       17.6333056,
       59.1858947
      ],
      [
       17.6331468,
       59.1859493
      ],
      [
       17.633101,
       59.1859656
      ],
      [
       17.6329156,
       59.1860352
      ],
      [
       17.6326853,
       59.1861303
      ],
      [
       17.6324471,
       59.1862394
      ],
      [
       17.6322718,
       59.1863285
      ],
      [
       17.6320988,
       59.1864268
      ],
      [
       17.6319181,
       59.1865387
      ],
      [
       17.6317831,
       59.1866283
      ],
      [
       17.6316579,
       59.1867204
      ],
      [
       17.6315652,
       59.1867906
      ],
      [
       17.6314946,
       59.1868507
      ],
      [
       17.6314345,
       59.1869064
      ],
      [
       17.6313636,
       59.186972
      ],
      [
       17.6312174,
       59.1871184
      ],
      [
       17.6311352,
       59.1872109
      ],
      [
       17.6310483,
       59.1873111
      ],
      [
       17.6309301,
       59.1874947
      ],
      [
       17.6308198,
       59.1876972
      ],
      [
       17.6307349,
       59.1878368
      ],
      [
       17.630512,
       59.1882464
      ],
      [
       17.6303912,
       59.1884595
      ],
      [
       17.6303063,
       59.1886302
      ],
      [
       17.630126,
       59.1889518
      ],
      [
       17.6298516,
       59.1894814
      ],
      [
       17.6297912,
       59.1895943
      ],
      [
       17.6294469,
       59.1902281
      ],
      [
       17.6293383,
       59.1903838
      ],
      [
       17.629261,
       59.190475
      ],
      [
       17.6291761,
       59.1905754
      ],
      [
       17.6291032,
       59.1906587
      ],
      [
       17.6289146,
       59.1908303
      ],
      [
       17.6287171,
       59.1909848
      ],
      [
       17.6286946,
       59.1910028
      ],
      [
       17.6281604,
       59.1914563
      ],
      [
       17.6278492,
       59.1917216
      ],
      [
       17.6275557,
       59.1919695
      ]
     ]
    ]
   }
  },
  {
   "type": "Feature",
   "properties": {
    "name": "Pendeltåg 43 · Bro–Tungelsta",
    "line": "43"
   },
   "geometry": {
    "type": "MultiLineString",
    "coordinates": [
     [
      [
       17.6328971,
       59.5123441
      ],
      [
       17.6349049,
       59.5117623
      ],
      [
       17.6350789,
       59.5117132
      ],
      [
       17.635827,
       59.5114963
      ],
      [
       17.6389145,
       59.5106066
      ],
      [
       17.6473581,
       59.50817
      ],
      [
       17.6496845,
       59.5074983
      ],
      [
       17.6526266,
       59.5066484
      ],
      [
       17.6534801,
       59.5064017
      ],
      [
       17.6542427,
       59.5061804
      ],
      [
       17.6553713,
       59.5058493
      ],
      [
       17.6562162,
       59.5055934
      ],
      [
       17.6570536,
       59.5053281
      ],
      [
       17.6580696,
       59.5049945
      ],
      [
       17.6590312,
       59.5046542
      ],
      [
       17.6599874,
       59.5043003
      ],
      [
       17.6609114,
       59.5039369
      ],
      [
       17.6618034,
       59.5035677
      ],
      [
       17.6625998,
       59.5032195
      ],
      [
       17.6633849,
       59.5028573
      ],
      [
       17.6638001,
       59.5026628
      ],
      [
       17.6642069,
       59.5024661
      ],
      [
       17.6649354,
       59.5020986
      ],
      [
       17.6653752,
       59.5018675
      ],
      [
       17.6658071,
       59.5016323
      ],
      [
       17.6662382,
       59.5013958
      ],
      [
       17.6666584,
       59.5011546
      ],
      [
       17.6670157,
       59.5009434
      ],
      [
       17.6676725,
       59.5005458
      ],
      [
       17.6683035,
       59.5001425
      ],
      [
       17.6760721,
       59.4950762
      ],
      [
       17.6778773,
       59.4938987
      ],
      [
       17.6785424,
       59.4934619
      ],
      [
       17.6791077,
       59.4930926
      ],
      [
       17.6879534,
       59.4873034
      ],
      [
       17.6893522,
       59.4863903
      ],
      [
       17.6901958,
       59.4858523
      ],
      [
       17.6907771,
       59.4854993
      ],
      [
       17.6914779,
       59.485087
      ],
      [
       17.6918698,
       59.4848645
      ],
      [
       17.6920642,
       59.4847587
      ],
      [
       17.6925058,
       59.4845208
      ],
      [
       17.6930965,
       59.4842153
      ],
      [
       17.693688,
       59.4839218
      ],
      [
       17.6943062,
       59.483629
      ],
      [
       17.6949228,
       59.483347
      ],
      [
       17.6977448,
       59.4821812
      ],
      [
       17.7013105,
       59.4810282
      ],
      [
       17.7037041,
       59.4803975
      ],
      [
       17.7057955,
       59.4799365
      ],
      [
       17.7062771,
       59.4798366
      ],
      [
       17.7066404,
       59.4797648
      ],
      [
       17.7074799,
       59.4796095
      ],
      [
       17.7083422,
       59.479459
      ],
      [
       17.7088813,
       59.4793705
      ],
      [
       17.7094312,
       59.4792874
      ],
      [
       17.7103598,
       59.4791513
      ],
      [
       17.7114402,
       59.4790088
      ],
      [
       17.7125021,
       59.4788766
      ],
      [
       17.7233404,
       59.4775885
      ],
      [
       17.7249308,
       59.4773992
      ],
      [
       17.726482,
       59.4772162
      ],
      [
       17.7280193,
       59.4770482
      ],
      [
       17.7286877,
       59.4769807
      ],
      [
       17.7299037,
       59.4768659
      ],
      [
       17.7332413,
       59.47656
      ],
      [
       17.7348175,
       59.4764161
      ],
      [
       17.737477,
       59.4761729
      ],
      [
       17.7387749,
       59.4760567
      ],
      [
       17.7401177,
       59.4759523
      ],
      [
       17.7407121,
       59.4759219
      ],
      [
       17.7409871,
       59.4759098
      ],
      [
       17.7414676,
       59.4758924
      ],
      [
       17.7423105,
       59.4758973
      ],
      [
       17.7426274,
       59.4759063
      ],
      [
       17.7428918,
       59.4759131
      ],
      [
       17.7434756,
       59.47594
      ],
      [
       17.7439485,
       59.4759717
      ],
      [
       17.7444167,
       59.4760123
      ],
      [
       17.7450603,
       59.4760766
      ],
      [
       17.7453915,
       59.4761182
      ],
      [
       17.7458037,
       59.4761741
      ],
      [
       17.7465838,
       59.4763041
      ],
      [
       17.747167,
       59.4764143
      ],
      [
       17.7476728,
       59.4765241
      ],
      [
       17.748177,
       59.4766454
      ],
      [
       17.74895,
       59.4768539
      ],
      [
       17.7493274,
       59.4769624
      ],
      [
       17.750186,
       59.4772046
      ],
      [
       17.7505039,
       59.4772958
      ],
      [
       17.7510341,
       59.4774657
      ],
      [
       17.7513311,
       59.4775649
      ],
      [
       17.7518432,
       59.4777506
      ],
      [
       17.7538499,
       59.4784468
      ],
      [
       17.75461,
       59.478681
      ],
      [
       17.7550033,
       59.4787941
      ],
      [
       17.7552802,
       59.4788682
      ],
      [
       17.7555921,
       59.4789474
      ],
      [
       17.7560587,
       59.4790589
      ],
      [
       17.7565998,
       59.4791713
      ],
      [
       17.7570052,
       59.4792519
      ],
      [
       17.7572872,
       59.4793013
      ],
      [
       17.7580181,
       59.4794168
      ],
      [
       17.758399,
       59.4794703
      ],
      [
       17.7593479,
       59.4795757
      ],
      [
       17.7604501,
       59.4796889
      ],
      [
       17.7617684,
       59.4798381
      ],
      [
       17.7627081,
       59.4799172
      ],
      [
       17.7630297,
       59.4799446
      ],
      [
       17.7645805,
       59.4800943
      ],
      [
       17.7652599,
       59.4801221
      ],
      [
       17.7662338,
       59.480161
      ],
      [
       17.7676937,
       59.4801351
      ],
      [
       17.7688835,
       59.4800498
      ],
      [
       17.7703141,
       59.4798422
      ],
      [
       17.7723893,
       59.4794319
      ],
      [
       17.773802,
       59.4791222
      ],
      [
       17.7739552,
       59.4790898
      ],
      [
       17.7755509,
       59.4787524
      ],
      [
       17.7778082,
       59.4782626
      ],
      [
       17.7789281,
       59.4780193
      ],
      [
       17.7805517,
       59.477668
      ],
      [
       17.7805855,
       59.4776607
      ],
      [
       17.7832452,
       59.4770842
      ],
      [
       17.7840085,
       59.4769212
      ],
      [
       17.7873882,
       59.4761787
      ],
      [
       17.7895478,
       59.475665
      ],
      [
       17.7899926,
       59.4755373
      ],
      [
       17.7901249,
       59.4754982
      ],
      [
       17.7903736,
       59.4754268
      ],
      [
       17.7908316,
       59.4752858
      ],
      [
       17.7912826,
       59.475138
      ],
      [
       17.7916925,
       59.4749966
      ],
      [
       17.7920973,
       59.4748499
      ],
      [
       17.7927609,
       59.4745899
      ],
      [
       17.793157,
       59.474432
      ],
      [
       17.7935431,
       59.4742623
      ],
      [
       17.7942226,
       59.4739489
      ],
      [
       17.7945723,
       59.4737735
      ],
      [
       17.7949997,
       59.4735413
      ],
      [
       17.7960874,
       59.4729143
      ],
      [
       17.7974186,
       59.4719947
      ],
      [
       17.7983585,
       59.4711673
      ],
      [
       17.7992154,
       59.4702954
      ],
      [
       17.8003336,
       59.4688251
      ],
      [
       17.8005037,
       59.4685903
      ],
      [
       17.800855,
       59.4679334
      ],
      [
       17.8011326,
       59.4672351
      ],
      [
       17.8012242,
       59.4668957
      ],
      [
       17.8013427,
       59.4664976
      ],
      [
       17.8014127,
       59.4660474
      ],
      [
       17.8014417,
       59.4658102
      ],
      [
       17.8014598,
       59.4655726
      ],
      [
       17.8014665,
       59.4651293
      ],
      [
       17.8014427,
       59.4648927
      ],
      [
       17.8014046,
       59.4644917
      ],
      [
       17.8013061,
       59.4639606
      ],
      [
       17.8011962,
       59.4633782
      ],
      [
       17.8011459,
       59.4631407
      ],
      [
       17.8010721,
       59.4627925
      ],
      [
       17.8010182,
       59.4625379
      ],
      [
       17.8009649,
       59.4622864
      ],
      [
       17.8007325,
       59.4609044
      ],
      [
       17.800696,
       59.4604203
      ],
      [
       17.8006959,
       59.459937
      ],
      [
       17.8007218,
       59.4596478
      ],
      [
       17.8007504,
       59.4594678
      ],
      [
       17.8008851,
       59.4589156
      ],
      [
       17.8010766,
       59.4583678
      ],
      [
       17.8012767,
       59.4578865
      ],
      [
       17.8015718,
       59.4573214
      ],
      [
       17.8018534,
       59.4568724
      ],
      [
       17.8019931,
       59.4566674
      ],
      [
       17.8022142,
       59.4563701
      ],
      [
       17.8024542,
       59.4560756
      ],
      [
       17.8028499,
       59.4556334
      ],
      [
       17.8032868,
       59.4552013
      ],
      [
       17.8033327,
       59.4551589
      ],
      [
       17.8035446,
       59.4549619
      ],
      [
       17.804132,
       59.4544474
      ],
      [
       17.8044337,
       59.4541946
      ],
      [
       17.8047542,
       59.4539458
      ],
      [
       17.8052652,
       59.4535955
      ],
      [
       17.8056528,
       59.4533569
      ],
      [
       17.8060851,
       59.4531022
      ],
      [
       17.806131,
       59.4530752
      ],
      [
       17.8072655,
       59.4524571
      ],
      [
       17.8082346,
       59.4519488
      ],
      [
       17.8088808,
       59.4516115
      ],
      [
       17.8093887,
       59.4513553
      ],
      [
       17.8094905,
       59.4513009
      ],
      [
       17.8097324,
       59.4511757
      ],
      [
       17.8101079,
       59.4509842
      ],
      [
       17.810483,
       59.4507853
      ],
      [
       17.8108187,
       59.4506079
      ],
      [
       17.8116341,
       59.450188
      ],
      [
       17.8124227,
       59.449779
      ],
      [
       17.8132233,
       59.449357
      ],
      [
       17.814079,
       59.4489054
      ],
      [
       17.8147031,
       59.4485327
      ],
      [
       17.8152619,
       59.4481631
      ],
      [
       17.8159595,
       59.4476657
      ],
      [
       17.8162851,
       59.4474081
      ],
      [
       17.816615,
       59.4471367
      ],
      [
       17.8170453,
       59.4467461
      ],
      [
       17.8173136,
       59.446487
      ],
      [
       17.8175296,
       59.4462531
      ],
      [
       17.8177535,
       59.446005
      ],
      [
       17.8181546,
       59.4455108
      ],
      [
       17.8184308,
       59.4451399
      ],
      [
       17.8184853,
       59.445047
      ],
      [
       17.8185189,
       59.44499
      ],
      [
       17.8187674,
       59.4445904
      ],
      [
       17.8190249,
       59.4441124
      ],
      [
       17.819611,
       59.4429289
      ],
      [
       17.8198403,
       59.4424516
      ],
      [
       17.8200763,
       59.4419797
      ],
      [
       17.8206128,
       59.4411697
      ],
      [
       17.8209507,
       59.4407797
      ],
      [
       17.8214985,
       59.4401747
      ],
      [
       17.8216669,
       59.4399955
      ],
      [
       17.822361,
       59.4392809
      ],
      [
       17.822772,
       59.4388609
      ],
      [
       17.8237352,
       59.4378697
      ],
      [
       17.8246605,
       59.4367787
      ],
      [
       17.8247527,
       59.4366602
      ],
      [
       17.8251779,
       59.4360827
      ],
      [
       17.8256634,
       59.4353865
      ],
      [
       17.8271688,
       59.4332041
      ],
      [
       17.8278161,
       59.4322615
      ],
      [
       17.8282692,
       59.4316375
      ],
      [
       17.8287235,
       59.4310169
      ],
      [
       17.8296864,
       59.4296173
      ],
      [
       17.8306122,
       59.4282284
      ],
      [
       17.8311483,
       59.4274346
      ],
      [
       17.8312924,
       59.4272238
      ],
      [
       17.8316471,
       59.4267047
      ],
      [
       17.8318487,
       59.4264017
      ],
      [
       17.8320711,
       59.4260646
      ],
      [
       17.8323147,
       59.425705
      ],
      [
       17.8323795,
       59.4256037
      ],
      [
       17.8324763,
       59.4254562
      ],
      [
       17.8326501,
       59.4251759
      ],
      [
       17.8326921,
       59.4251013
      ],
      [
       17.8327659,
       59.4249623
      ],
      [
       17.8329149,
       59.4246035
      ],
      [
       17.8330423,
       59.4242597
      ],
      [
       17.8331428,
       59.4239193
      ],
      [
       17.8332125,
       59.4235666
      ],
      [
       17.8332447,
       59.4232125
      ],
      [
       17.8332501,
       59.4229015
      ],
      [
       17.8332377,
       59.4226712
      ],
      [
       17.8332167,
       59.4225043
      ],
      [
       17.8331621,
       59.4221605
      ],
      [
       17.8330476,
       59.4216653
      ],
      [
       17.8329016,
       59.4211025
      ],
      [
       17.8327417,
       59.4204857
      ],
      [
       17.8325576,
       59.4198174
      ],
      [
       17.8324776,
       59.4194991
      ],
      [
       17.8324695,
       59.4194694
      ],
      [
       17.8324219,
       59.4192791
      ],
      [
       17.8323596,
       59.4189668
      ],
      [
       17.8323207,
       59.4187266
      ],
      [
       17.8323085,
       59.418515
      ],
      [
       17.8323074,
       59.4182928
      ],
      [
       17.8323333,
       59.4180334
      ],
      [
       17.8323572,
       59.4178496
      ],
      [
       17.8323828,
       59.4177001
      ],
      [
       17.8324376,
       59.4175047
      ],
      [
       17.8324827,
       59.4173657
      ],
      [
       17.8325509,
       59.417181
      ],
      [
       17.8326288,
       59.4170042
      ],
      [
       17.8327168,
       59.4168219
      ],
      [
       17.8328457,
       59.416598
      ],
      [
       17.8329747,
       59.416406
      ],
      [
       17.8331802,
       59.416138
      ],
      [
       17.8334232,
       59.4158639
      ],
      [
       17.8336669,
       59.4156243
      ],
      [
       17.8338471,
       59.4154668
      ],
      [
       17.8340535,
       59.415295
      ],
      [
       17.8343319,
       59.415081
      ],
      [
       17.834509,
       59.4149622
      ],
      [
       17.834802,
       59.4147752
      ],
      [
       17.8351525,
       59.4145696
      ],
      [
       17.8356158,
       59.4143274
      ],
      [
       17.83604,
       59.4141297
      ],
      [
       17.836537,
       59.413923
      ],
      [
       17.8368117,
       59.4138201
      ],
      [
       17.8372138,
       59.4136815
      ],
      [
       17.8376629,
       59.4135399
      ],
      [
       17.8381691,
       59.413396
      ],
      [
       17.8387147,
       59.4132524
      ],
      [
       17.8393119,
       59.4131059
      ],
      [
       17.8398685,
       59.4129724
      ],
      [
       17.8411864,
       59.4126524
      ],
      [
       17.8412862,
       59.4126294
      ],
      [
       17.8422364,
       59.4123985
      ],
      [
       17.8431277,
       59.4121827
      ],
      [
       17.8441067,
       59.4119454
      ],
      [
       17.8450642,
       59.4117137
      ],
      [
       17.845975,
       59.4114942
      ],
      [
       17.8469325,
       59.4112632
      ],
      [
       17.847953,
       59.411016
      ],
      [
       17.84892,
       59.4107798
      ],
      [
       17.8497216,
       59.410571
      ],
      [
       17.8505338,
       59.410346
      ],
      [
       17.8510146,
       59.4102036
      ],
      [
       17.8517535,
       59.4099705
      ],
      [
       17.8525594,
       59.4096972
      ],
      [
       17.8532313,
       59.409457
      ],
      [
       17.8548057,
       59.408866
      ],
      [
       17.856542,
       59.408212
      ],
      [
       17.8566674,
       59.4081657
      ],
      [
       17.8570505,
       59.4080238
      ],
      [
       17.8582577,
       59.4075692
      ],
      [
       17.8599151,
       59.4069658
      ],
      [
       17.8607757,
       59.4066259
      ],
      [
       17.8614883,
       59.4063456
      ],
      [
       17.861809,
       59.4062219
      ],
      [
       17.8630964,
       59.4057332
      ],
      [
       17.8642953,
       59.4052766
      ],
      [
       17.8654929,
       59.4048394
      ],
      [
       17.8656811,
       59.4047678
      ],
      [
       17.8664043,
       59.4044956
      ],
      [
       17.8669698,
       59.404287
      ],
      [
       17.8681858,
       59.4038197
      ],
      [
       17.8693392,
       59.4033851
      ],
      [
       17.8700461,
       59.4031189
      ],
      [
       17.8707297,
       59.4028442
      ],
      [
       17.8707974,
       59.4028163
      ],
      [
       17.8711161,
       59.4026778
      ],
      [
       17.8714486,
       59.4025474
      ],
      [
       17.8720925,
       59.4022554
      ],
      [
       17.872252,
       59.4021775
      ],
      [
       17.8727416,
       59.4019338
      ],
      [
       17.8732968,
       59.4016478
      ],
      [
       17.8738506,
       59.4013296
      ],
      [
       17.8743602,
       59.4010231
      ],
      [
       17.8750079,
       59.4006026
      ],
      [
       17.8756036,
       59.4001699
      ],
      [
       17.8761869,
       59.3997282
      ],
      [
       17.8766951,
       59.3993458
      ],
      [
       17.8772369,
       59.3989232
      ],
      [
       17.8778122,
       59.3984679
      ],
      [
       17.8783875,
       59.3980227
      ],
      [
       17.8789644,
       59.3975729
      ],
      [
       17.8794619,
       59.3971838
      ],
      [
       17.8795999,
       59.3970794
      ],
      [
       17.8799166,
       59.3968348
      ],
      [
       17.8802612,
       59.3965583
      ],
      [
       17.8806466,
       59.3962567
      ],
      [
       17.8812696,
       59.3957731
      ],
      [
       17.8813866,
       59.39568
      ],
      [
       17.8818476,
       59.3953211
      ],
      [
       17.8824309,
       59.3948684
      ],
      [
       17.8830414,
       59.3943987
      ],
      [
       17.8835991,
       59.3939575
      ],
      [
       17.8841733,
       59.3935001
      ],
      [
       17.8847364,
       59.3930487
      ],
      [
       17.8853063,
       59.3926083
      ],
      [
       17.885871,
       59.3921509
      ],
      [
       17.8864062,
       59.3917036
      ],
      [
       17.8870463,
       59.3911469
      ],
      [
       17.8873771,
       59.3908562
      ],
      [
       17.88764,
       59.3906186
      ],
      [
       17.8877346,
       59.3905391
      ],
      [
       17.8879592,
       59.3903462
      ],
      [
       17.8882036,
       59.3901271
      ],
      [
       17.888446,
       59.3899111
      ],
      [
       17.8886818,
       59.3897056
      ],
      [
       17.8887846,
       59.3896153
      ],
      [
       17.8889568,
       59.3894651
      ],
      [
       17.8894786,
       59.3890172
      ],
      [
       17.8899225,
       59.3886396
      ],
      [
       17.8903743,
       59.3882509
      ],
      [
       17.8906163,
       59.3880626
      ],
      [
       17.8908761,
       59.387863
      ],
      [
       17.8913431,
       59.3875192
      ],
      [
       17.8917356,
       59.3872444
      ],
      [
       17.8921998,
       59.3869425
      ],
      [
       17.8926893,
       59.3866256
      ],
      [
       17.893117,
       59.3863579
      ],
      [
       17.8935892,
       59.3860813
      ],
      [
       17.8940396,
       59.3858388
      ],
      [
       17.8944145,
       59.3856444
      ],
      [
       17.8949805,
       59.3853517
      ],
      [
       17.8951686,
       59.385256
      ],
      [
       17.8954237,
       59.3851211
      ],
      [
       17.896146,
       59.3847488
      ],
      [
       17.896713,
       59.3844508
      ],
      [
       17.8973043,
       59.3841551
      ],
      [
       17.8980698,
       59.3837777
      ],
      [
       17.8987886,
       59.383419
      ],
      [
       17.8989062,
       59.3833587
      ],
      [
       17.8995364,
       59.3830416
      ],
      [
       17.8999392,
       59.382846
      ],
      [
       17.9003,
       59.3826745
      ],
      [
       17.901114,
       59.3822845
      ],
      [
       17.9020287,
       59.3818583
      ],
      [
       17.9026142,
       59.3815955
      ],
      [
       17.9026627,
       59.3815737
      ],
      [
       17.9031713,
       59.381331
      ],
      [
       17.9039304,
       59.3809786
      ],
      [
       17.9046933,
       59.3806305
      ],
      [
       17.9053423,
       59.3803252
      ],
      [
       17.9059715,
       59.3800304
      ],
      [
       17.9065777,
       59.3797545
      ],
      [
       17.9073408,
       59.3793991
      ],
      [
       17.9080045,
       59.3790877
      ],
      [
       17.908632,
       59.3788022
      ],
      [
       17.9102027,
       59.3780679
      ],
      [
       17.9109792,
       59.3777093
      ],
      [
       17.9125376,
       59.3769824
      ],
      [
       17.9138633,
       59.3763622
      ],
      [
       17.9148926,
       59.3758894
      ],
      [
       17.9156704,
       59.3755246
      ],
      [
       17.9156967,
       59.3755126
      ],
      [
       17.9164697,
       59.3751611
      ],
      [
       17.9172797,
       59.3748154
      ],
      [
       17.9180977,
       59.3745024
      ],
      [
       17.9189507,
       59.3741964
      ],
      [
       17.9198385,
       59.3739027
      ],
      [
       17.9207585,
       59.3736321
      ],
      [
       17.921692,
       59.3733875
      ],
      [
       17.9218447,
       59.3733479
      ],
      [
       17.9225421,
       59.3731702
      ],
      [
       17.9235774,
       59.3729133
      ],
      [
       17.9247527,
       59.3726232
      ],
      [
       17.9255972,
       59.3724133
      ],
      [
       17.9265816,
       59.37217
      ],
      [
       17.9267429,
       59.3721303
      ],
      [
       17.9268061,
       59.3721146
      ],
      [
       17.9274292,
       59.3719596
      ],
      [
       17.9289607,
       59.3715756
      ],
      [
       17.9306076,
       59.3711629
      ],
      [
       17.931003,
       59.3710653
      ],
      [
       17.9322459,
       59.3707597
      ],
      [
       17.9327345,
       59.3706395
      ],
      [
       17.933574,
       59.370429
      ],
      [
       17.9341408,
       59.3702896
      ],
      [
       17.9342037,
       59.3702741
      ],
      [
       17.9342363,
       59.3702661
      ],
      [
       17.9352562,
       59.3700102
      ],
      [
       17.9370458,
       59.3695695
      ],
      [
       17.9389062,
       59.3691116
      ],
      [
       17.9407946,
       59.3686471
      ],
      [
       17.9427124,
       59.3681715
      ],
      [
       17.9442869,
       59.3677765
      ],
      [
       17.9455393,
       59.3674771
      ],
      [
       17.9464166,
       59.3672667
      ],
      [
       17.9466273,
       59.3672196
      ],
      [
       17.9473151,
       59.3670645
      ],
      [
       17.9482297,
       59.3668526
      ],
      [
       17.9491639,
       59.3666203
      ],
      [
       17.9508977,
       59.3661869
      ],
      [
       17.9530891,
       59.3656227
      ],
      [
       17.9535886,
       59.3655036
      ],
      [
       17.9542297,
       59.3653601
      ],
      [
       17.954954,
       59.3652317
      ],
      [
       17.9556299,
       59.3651511
      ],
      [
       17.9562844,
       59.3650937
      ],
      [
       17.956979,
       59.3650389
      ],
      [
       17.957765,
       59.3649693
      ],
      [
       17.9580976,
       59.364931
      ],
      [
       17.9584355,
       59.3648763
      ],
      [
       17.9589102,
       59.3647902
      ],
      [
       17.9593474,
       59.3646945
      ],
      [
       17.9597552,
       59.3645921
      ],
      [
       17.9601901,
       59.3644648
      ],
      [
       17.9610506,
       59.3642025
      ],
      [
       17.9618044,
       59.3639661
      ],
      [
       17.9627081,
       59.3636842
      ],
      [
       17.9644571,
       59.363133
      ],
      [
       17.9654273,
       59.3628254
      ],
      [
       17.965523,
       59.3627965
      ],
      [
       17.9655881,
       59.3627768
      ],
      [
       17.9657886,
       59.3627162
      ],
      [
       17.9665607,
       59.3624728
      ],
      [
       17.9671642,
       59.362291
      ],
      [
       17.9674995,
       59.3621798
      ],
      [
       17.9688369,
       59.3617461
      ],
      [
       17.9690732,
       59.3616711
      ],
      [
       17.9697437,
       59.3614641
      ],
      [
       17.9706101,
       59.3612077
      ],
      [
       17.9714531,
       59.360957
      ],
      [
       17.9719248,
       59.3608102
      ],
      [
       17.9723562,
       59.360676
      ],
      [
       17.9730616,
       59.3604559
      ],
      [
       17.9735872,
       59.3602909
      ],
      [
       17.9738832,
       59.3601982
      ],
      [
       17.9742131,
       59.360093
      ],
      [
       17.9745752,
       59.3599754
      ],
      [
       17.97505,
       59.3598028
      ],
      [
       17.9753718,
       59.3596856
      ],
      [
       17.9757527,
       59.359538
      ],
      [
       17.9762006,
       59.359363
      ],
      [
       17.9764635,
       59.3592468
      ],
      [
       17.9772735,
       59.3588914
      ],
      [
       17.9774253,
       59.3588248
      ],
      [
       17.9780594,
       59.3585496
      ],
      [
       17.9788345,
       59.3582051
      ],
      [
       17.9796441,
       59.3578582
      ],
      [
       17.9805082,
       59.3574902
      ],
      [
       17.9809926,
       59.3572728
      ],
      [
       17.9811305,
       59.3572127
      ],
      [
       17.9818735,
       59.3568928
      ],
      [
       17.9823401,
       59.356685
      ],
      [
       17.9826024,
       59.3565704
      ],
      [
       17.9828794,
       59.3564507
      ],
      [
       17.9836089,
       59.3561395
      ],
      [
       17.9836631,
       59.356118
      ],
      [
       17.9842338,
       59.3559057
      ],
      [
       17.9846817,
       59.3557635
      ],
      [
       17.9851082,
       59.3556487
      ],
      [
       17.9855722,
       59.3555407
      ],
      [
       17.9860979,
       59.3554409
      ],
      [
       17.9865539,
       59.3553725
      ],
      [
       17.9871333,
       59.3553069
      ],
      [
       17.9872862,
       59.3552919
      ],
      [
       17.9876268,
       59.3552673
      ],
      [
       17.9885173,
       59.3552221
      ],
      [
       17.9894802,
       59.3551852
      ],
      [
       17.990486,
       59.3551469
      ],
      [
       17.9915321,
       59.3551046
      ],
      [
       17.9925513,
       59.3550663
      ],
      [
       17.9935713,
       59.3550316
      ],
      [
       17.9946266,
       59.3549891
      ],
      [
       17.995678,
       59.3549467
      ],
      [
       17.9956891,
       59.3549463
      ],
      [
       17.9967356,
       59.3549132
      ],
      [
       17.9974846,
       59.3548855
      ],
      [
       17.9979953,
       59.3548621
      ],
      [
       17.9984345,
       59.3548466
      ],
      [
       17.9991201,
       59.3548175
      ],
      [
       18.0000363,
       59.354781
      ],
      [
       18.0005878,
       59.3547602
      ],
      [
       18.0008654,
       59.3547491
      ],
      [
       18.0020642,
       59.3547034
      ],
      [
       18.0033385,
       59.354687
      ],
      [
       18.0035696,
       59.3546872
      ],
      [
       18.0038587,
       59.3546902
      ],
      [
       18.0042673,
       59.3547103
      ],
      [
       18.0046794,
       59.3547374
      ],
      [
       18.0051046,
       59.3547737
      ],
      [
       18.0055199,
       59.3548201
      ],
      [
       18.0064496,
       59.3549265
      ],
      [
       18.0072432,
       59.3550119
      ],
      [
       18.0075943,
       59.3550461
      ],
      [
       18.0079912,
       59.3550716
      ],
      [
       18.0083704,
       59.3550863
      ],
      [
       18.0087655,
       59.3550891
      ],
      [
       18.0091481,
       59.3550809
      ],
      [
       18.0095192,
       59.3550623
      ],
      [
       18.0099014,
       59.355036
      ],
      [
       18.0102779,
       59.3549969
      ],
      [
       18.0103607,
       59.3549874
      ],
      [
       18.010635,
       59.3549543
      ],
      [
       18.0109856,
       59.3548914
      ],
      [
       18.0113518,
       59.354827
      ],
      [
       18.0116893,
       59.3547469
      ],
      [
       18.0119392,
       59.3546866
      ],
      [
       18.0120428,
       59.3546606
      ],
      [
       18.0123644,
       59.3545666
      ],
      [
       18.0123739,
       59.3545638
      ],
      [
       18.0126208,
       59.3544834
      ],
      [
       18.0128707,
       59.3543925
      ],
      [
       18.0132636,
       59.3542428
      ],
      [
       18.0136009,
       59.3540958
      ],
      [
       18.0138879,
       59.3539633
      ],
      [
       18.0140643,
       59.3538739
      ],
      [
       18.0143017,
       59.353749
      ],
      [
       18.0144978,
       59.3536418
      ],
      [
       18.0147266,
       59.3535038
      ],
      [
       18.0150132,
       59.3533132
      ],
      [
       18.0151895,
       59.3531905
      ],
      [
       18.0153965,
       59.3530326
      ],
      [
       18.0156377,
       59.3528374
      ],
      [
       18.0158233,
       59.3526446
      ],
      [
       18.0161032,
       59.3523737
      ],
      [
       18.0163736,
       59.3520478
      ],
      [
       18.0165011,
       59.3518589
      ],
      [
       18.0166779,
       59.3515923
      ],
      [
       18.0168162,
       59.35136
      ],
      [
       18.0171039,
       59.3508383
      ],
      [
       18.0173848,
       59.3502202
      ],
      [
       18.0177021,
       59.3494845
      ],
      [
       18.0179198,
       59.3490637
      ],
      [
       18.0179627,
       59.3489941
      ],
      [
       18.018171,
       59.3486488
      ],
      [
       18.0183542,
       59.3484002
      ],
      [
       18.0185589,
       59.3481514
      ],
      [
       18.0193884,
       59.3472858
      ],
      [
       18.0196567,
       59.347058
      ],
      [
       18.0199889,
       59.3467786
      ],
      [
       18.0202439,
       59.3465623
      ],
      [
       18.0202553,
       59.346553
      ],
      [
       18.0204323,
       59.3464031
      ],
      [
       18.0206224,
       59.3462738
      ],
      [
       18.0208719,
       59.3461205
      ],
      [
       18.0212697,
       59.3459108
      ],
      [
       18.0218106,
       59.3456774
      ],
      [
       18.0223458,
       59.3454896
      ],
      [
       18.0228326,
       59.345341
      ],
      [
       18.0232095,
       59.345245
      ],
      [
       18.0236157,
       59.3451553
      ],
      [
       18.0239969,
       59.3450783
      ],
      [
       18.0245125,
       59.3449896
      ],
      [
       18.0249678,
       59.3449404
      ],
      [
       18.0250767,
       59.3449282
      ],
      [
       18.0254685,
       59.3448979
      ],
      [
       18.0258714,
       59.3448745
      ],
      [
       18.0259531,
       59.3448688
      ],
      [
       18.0264805,
       59.3448546
      ],
      [
       18.0270162,
       59.3448485
      ],
      [
       18.034738,
       59.3448694
      ],
      [
       18.035731,
       59.3448705
      ],
      [
       18.0376224,
       59.3448738
      ],
      [
       18.0385539,
       59.3448731
      ],
      [
       18.0390981,
       59.3448559
      ],
      [
       18.0396334,
       59.3448303
      ],
      [
       18.0401549,
       59.3447871
      ],
      [
       18.0406686,
       59.3447211
      ],
      [
       18.0411112,
       59.3446606
      ],
      [
       18.0415302,
       59.3445902
      ],
      [
       18.0419554,
       59.3445068
      ],
      [
       18.0423464,
       59.3444221
      ],
      [
       18.0424461,
       59.3443987
      ],
      [
       18.0428044,
       59.3443071
      ],
      [
       18.0432971,
       59.344168
      ],
      [
       18.0434254,
       59.3441335
      ],
      [
       18.0459833,
       59.3434056
      ],
      [
       18.047831,
       59.3428735
      ],
      [
       18.0486114,
       59.3426511
      ],
      [
       18.0494722,
       59.3424062
      ],
      [
       18.0498305,
       59.3423029
      ],
      [
       18.0503976,
       59.3421448
      ],
      [
       18.0509368,
       59.3419835
      ],
      [
       18.0513275,
       59.3418677
      ],
      [
       18.0516972,
       59.3417475
      ],
      [
       18.0520252,
       59.3416299
      ],
      [
       18.0523288,
       59.3415143
      ],
      [
       18.0527733,
       59.3413376
      ],
      [
       18.0530403,
       59.3412154
      ],
      [
       18.0533064,
       59.3410926
      ],
      [
       18.0537287,
       59.3408905
      ],
      [
       18.0541693,
       59.3406674
      ],
      [
       18.0544075,
       59.3405337
      ],
      [
       18.0547469,
       59.3403275
      ],
      [
       18.0550899,
       59.340089
      ],
      [
       18.0553248,
       59.3399284
      ],
      [
       18.055703,
       59.3396378
      ],
      [
       18.0559927,
       59.3393806
      ],
      [
       18.0562313,
       59.3391499
      ],
      [
       18.056624,
       59.338718
      ],
      [
       18.0568081,
       59.3384765
      ],
      [
       18.0569152,
       59.3383229
      ],
      [
       18.0569744,
       59.3382388
      ],
      [
       18.0572185,
       59.3379048
      ],
      [
       18.0574462,
       59.3374913
      ],
      [
       18.0574909,
       59.3374102
      ],
      [
       18.0576821,
       59.3370565
      ],
      [
       18.0579299,
       59.3364237
      ],
      [
       18.0581331,
       59.3356381
      ],
      [
       18.0583423,
       59.3348912
      ],
      [
       18.0585966,
       59.3338275
      ],
      [
       18.0587088,
       59.3333831
      ],
      [
       18.0588674,
       59.3327936
      ],
      [
       18.0591111,
       59.3318164
      ],
      [
       18.059342,
       59.3309054
      ],
      [
       18.0593924,
       59.3307296
      ],
      [
       18.0595406,
       59.3302939
      ],
      [
       18.0596405,
       59.3300045
      ],
      [
       18.0598122,
       59.3296788
      ],
      [
       18.0600965,
       59.3292246
      ],
      [
       18.0605096,
       59.3286965
      ],
      [
       18.0611426,
       59.3278919
      ],
      [
       18.0615852,
       59.3273622
      ],
      [
       18.0619171,
       59.3268352
      ],
      [
       18.0635185,
       59.324271
      ],
      [
       18.0644604,
       59.3227931
      ],
      [
       18.0648048,
       59.3222505
      ],
      [
       18.065477,
       59.321221
      ],
      [
       18.0656441,
       59.3209797
      ],
      [
       18.0656863,
       59.3209306
      ],
      [
       18.0658874,
       59.3206955
      ],
      [
       18.0660154,
       59.3205597
      ],
      [
       18.0662002,
       59.3203723
      ],
      [
       18.0664024,
       59.3201946
      ],
      [
       18.0666773,
       59.3199653
      ],
      [
       18.0676335,
       59.3192489
      ],
      [
       18.0680171,
       59.3189451
      ],
      [
       18.0682102,
       59.3187494
      ],
      [
       18.0683818,
       59.3185632
      ],
      [
       18.0685562,
       59.3183018
      ],
      [
       18.0686447,
       59.3181376
      ],
      [
       18.0687305,
       59.3179173
      ],
      [
       18.0687462,
       59.3178266
      ],
      [
       18.0687842,
       59.3176463
      ],
      [
       18.0688033,
       59.3173928
      ],
      [
       18.0688056,
       59.3173205
      ],
      [
       18.0687762,
       59.3171275
      ],
      [
       18.0687064,
       59.3168756
      ],
      [
       18.0686045,
       59.3166006
      ],
      [
       18.0684971,
       59.3163775
      ],
      [
       18.0683148,
       59.3160804
      ],
      [
       18.0680814,
       59.3157738
      ],
      [
       18.0679451,
       59.3156502
      ],
      [
       18.0677783,
       59.3155001
      ],
      [
       18.0675638,
       59.3153249
      ],
      [
       18.0672849,
       59.3151496
      ],
      [
       18.0671202,
       59.3150533
      ],
      [
       18.0668552,
       59.3149254
      ],
      [
       18.0658579,
       59.3145146
      ],
      [
       18.0654594,
       59.3143768
      ],
      [
       18.0650532,
       59.3142586
      ],
      [
       18.0645709,
       59.3141354
      ],
      [
       18.0645629,
       59.3141335
      ],
      [
       18.0643582,
       59.3140859
      ],
      [
       18.0635565,
       59.3139219
      ],
      [
       18.0618097,
       59.3135946
      ],
      [
       18.0581438,
       59.312912
      ],
      [
       18.0573832,
       59.3127707
      ],
      [
       18.05728,
       59.3127529
      ],
      [
       18.056851,
       59.3126776
      ],
      [
       18.0564567,
       59.3126091
      ],
      [
       18.0561349,
       59.3125558
      ],
      [
       18.0555258,
       59.3124696
      ],
      [
       18.0540507,
       59.3122536
      ],
      [
       18.0524705,
       59.31202
      ],
      [
       18.0522402,
       59.3119866
      ],
      [
       18.0517975,
       59.3119164
      ],
      [
       18.0507331,
       59.3117613
      ],
      [
       18.0503402,
       59.3116985
      ],
      [
       18.05007,
       59.3116598
      ],
      [
       18.0488068,
       59.3114716
      ],
      [
       18.0482854,
       59.3113908
      ],
      [
       18.0478607,
       59.3113212
      ],
      [
       18.0475178,
       59.3112624
      ],
      [
       18.047247,
       59.3112134
      ],
      [
       18.0470369,
       59.311173
      ],
      [
       18.0468417,
       59.3111347
      ],
      [
       18.046544,
       59.3110672
      ],
      [
       18.046394,
       59.3110311
      ],
      [
       18.0461919,
       59.3109787
      ],
      [
       18.0460508,
       59.3109392
      ],
      [
       18.0459045,
       59.3108986
      ],
      [
       18.0457145,
       59.3108415
      ],
      [
       18.0455884,
       59.3108025
      ],
      [
       18.0454587,
       59.3107607
      ],
      [
       18.0453319,
       59.3107196
      ],
      [
       18.0451953,
       59.3106727
      ],
      [
       18.0451036,
       59.310641
      ],
      [
       18.0449263,
       59.3105749
      ],
      [
       18.0448398,
       59.3105437
      ],
      [
       18.0446542,
       59.3104691
      ],
      [
       18.0444793,
       59.3103939
      ],
      [
       18.0443054,
       59.3103118
      ],
      [
       18.0442181,
       59.3102702
      ],
      [
       18.0440493,
       59.3101869
      ],
      [
       18.0439194,
       59.3101211
      ],
      [
       18.0438026,
       59.3100618
      ],
      [
       18.0436617,
       59.3099832
      ],
      [
       18.0435494,
       59.3099168
      ],
      [
       18.0434393,
       59.3098497
      ],
      [
       18.0433121,
       59.3097697
      ],
      [
       18.0432183,
       59.3097086
      ],
      [
       18.043087,
       59.3096176
      ],
      [
       18.042958,
       59.3095297
      ],
      [
       18.0427794,
       59.3093969
      ],
      [
       18.0426079,
       59.3092635
      ],
      [
       18.0424574,
       59.3091433
      ],
      [
       18.0422785,
       59.3089969
      ],
      [
       18.0392038,
       59.3064682
      ],
      [
       18.038957,
       59.3062662
      ],
      [
       18.0388551,
       59.3061812
      ],
      [
       18.0378882,
       59.3053855
      ],
      [
       18.0372421,
       59.304854
      ],
      [
       18.0367654,
       59.3044599
      ],
      [
       18.0365186,
       59.304262
      ],
      [
       18.0363028,
       59.3040846
      ],
      [
       18.0362168,
       59.3040115
      ],
      [
       18.0361316,
       59.30394
      ],
      [
       18.0359486,
       59.3037897
      ],
      [
       18.0356937,
       59.3035761
      ],
      [
       18.035447,
       59.3033803
      ],
      [
       18.0349964,
       59.3030325
      ],
      [
       18.0346437,
       59.3027917
      ],
      [
       18.0341542,
       59.3024684
      ],
      [
       18.0337567,
       59.3022287
      ],
      [
       18.0334843,
       59.3020664
      ],
      [
       18.032853,
       59.3016976
      ],
      [
       18.0323598,
       59.3014099
      ],
      [
       18.0320498,
       59.3012446
      ],
      [
       18.0319963,
       59.3012158
      ],
      [
       18.0316731,
       59.3010443
      ],
      [
       18.0312359,
       59.3008183
      ],
      [
       18.0309167,
       59.3006691
      ],
      [
       18.030568,
       59.3005212
      ],
      [
       18.0303524,
       59.3004314
      ],
      [
       18.0302278,
       59.3003815
      ],
      [
       18.0294444,
       59.300091
      ],
      [
       18.028888,
       59.2998835
      ],
      [
       18.0283691,
       59.2996793
      ],
      [
       18.027731,
       59.2994187
      ],
      [
       18.026464,
       59.298858
      ],
      [
       18.0258876,
       59.2985862
      ],
      [
       18.025254,
       59.298265
      ],
      [
       18.0248155,
       59.2980178
      ],
      [
       18.0242836,
       59.2976919
      ],
      [
       18.0239852,
       59.2974999
      ],
      [
       18.0237071,
       59.2973135
      ],
      [
       18.0230548,
       59.2968052
      ],
      [
       18.0226905,
       59.296491
      ],
      [
       18.0223016,
       59.2961253
      ],
      [
       18.0220334,
       59.2958569
      ],
      [
       18.0217813,
       59.2955871
      ],
      [
       18.0215694,
       59.2953323
      ],
      [
       18.021464,
       59.2951986
      ],
      [
       18.0212368,
       59.2949064
      ],
      [
       18.0210571,
       59.2946297
      ],
      [
       18.0209095,
       59.2944038
      ],
      [
       18.0207754,
       59.2941764
      ],
      [
       18.0206896,
       59.2940079
      ],
      [
       18.0206145,
       59.2938628
      ],
      [
       18.0203815,
       59.2933281
      ],
      [
       18.0203186,
       59.2931584
      ],
      [
       18.0202616,
       59.2929877
      ],
      [
       18.0201666,
       59.2926575
      ],
      [
       18.0200566,
       59.2922164
      ],
      [
       18.020026,
       59.2920739
      ],
      [
       18.0199674,
       59.2917231
      ],
      [
       18.0199294,
       59.2914873
      ],
      [
       18.0199223,
       59.2914421
      ],
      [
       18.0197872,
       59.2902453
      ],
      [
       18.0196907,
       59.2893788
      ],
      [
       18.019653,
       59.2890491
      ],
      [
       18.0196143,
       59.2887356
      ],
      [
       18.019562,
       59.2884316
      ],
      [
       18.0194979,
       59.288026
      ],
      [
       18.0191139,
       59.2855976
      ],
      [
       18.0190584,
       59.2852267
      ],
      [
       18.0189521,
       59.2847077
      ],
      [
       18.0188874,
       59.2844431
      ],
      [
       18.0186324,
       59.2835291
      ],
      [
       18.0185161,
       59.283155
      ],
      [
       18.0184457,
       59.282912
      ],
      [
       18.0182673,
       59.2825709
      ],
      [
       18.0181549,
       59.2823934
      ],
      [
       18.0180153,
       59.2821966
      ],
      [
       18.0178748,
       59.2820198
      ],
      [
       18.0177196,
       59.2818435
      ],
      [
       18.0174229,
       59.2815422
      ],
      [
       18.0171366,
       59.2812987
      ],
      [
       18.0169805,
       59.2811754
      ],
      [
       18.0168278,
       59.2810627
      ],
      [
       18.0166946,
       59.2809714
      ],
      [
       18.0165807,
       59.2808946
      ],
      [
       18.0164639,
       59.2808184
      ],
      [
       18.0163854,
       59.2807695
      ],
      [
       18.0163377,
       59.2807394
      ],
      [
       18.0162403,
       59.2806804
      ],
      [
       18.0161627,
       59.2806341
      ],
      [
       18.0160487,
       59.2805697
      ],
      [
       18.0158581,
       59.2804636
      ],
      [
       18.0157081,
       59.2803817
      ],
      [
       18.0154444,
       59.2802465
      ],
      [
       18.0152396,
       59.2801455
      ],
      [
       18.0149067,
       59.2799896
      ],
      [
       18.0147236,
       59.2799056
      ],
      [
       18.0142254,
       59.2796857
      ],
      [
       18.0133028,
       59.2792785
      ],
      [
       18.0126932,
       59.279009
      ],
      [
       18.0126859,
       59.2790056
      ],
      [
       18.011661,
       59.2785551
      ],
      [
       18.0108193,
       59.278185
      ],
      [
       18.0104945,
       59.2780467
      ],
      [
       18.00995,
       59.2778055
      ],
      [
       18.009406,
       59.2775501
      ],
      [
       18.0092888,
       59.2774937
      ],
      [
       18.009226,
       59.2774634
      ],
      [
       18.0089579,
       59.2773285
      ],
      [
       18.008624,
       59.2771539
      ],
      [
       18.0083004,
       59.2769696
      ],
      [
       18.0078275,
       59.2766711
      ],
      [
       18.0076406,
       59.2765517
      ],
      [
       18.00743,
       59.2763919
      ],
      [
       18.0072935,
       59.2762802
      ],
      [
       18.0071432,
       59.2761446
      ],
      [
       18.006997,
       59.2759887
      ],
      [
       18.0068769,
       59.2758438
      ],
      [
       18.0068017,
       59.2757297
      ],
      [
       18.0067227,
       59.2755988
      ],
      [
       18.0066527,
       59.2754566
      ],
      [
       18.0065998,
       59.2753112
      ],
      [
       18.0065668,
       59.2751807
      ],
      [
       18.0065461,
       59.2750483
      ],
      [
       18.0065347,
       59.2749255
      ],
      [
       18.006536,
       59.2748327
      ],
      [
       18.0065402,
       59.2747627
      ],
      [
       18.006549,
       59.2747024
      ],
      [
       18.0065693,
       59.2745818
      ],
      [
       18.0066062,
       59.2744461
      ],
      [
       18.0066479,
       59.2743283
      ],
      [
       18.0066942,
       59.2742188
      ],
      [
       18.0067609,
       59.274099
      ],
      [
       18.0068403,
       59.2739769
      ],
      [
       18.0069124,
       59.273875
      ],
      [
       18.0069946,
       59.273777
      ],
      [
       18.0071401,
       59.2736221
      ],
      [
       18.0072392,
       59.2735307
      ],
      [
       18.0072854,
       59.2734892
      ],
      [
       18.0074592,
       59.2733512
      ],
      [
       18.0076098,
       59.2732451
      ],
      [
       18.0077563,
       59.27315
      ],
      [
       18.0079931,
       59.2730129
      ],
      [
       18.0081452,
       59.2729334
      ],
      [
       18.0082958,
       59.2728627
      ],
      [
       18.0085476,
       59.2727491
      ],
      [
       18.0088498,
       59.2726287
      ],
      [
       18.0091883,
       59.2725021
      ],
      [
       18.0096041,
       59.2723604
      ],
      [
       18.0100151,
       59.2722196
      ],
      [
       18.0104266,
       59.2720801
      ],
      [
       18.0114782,
       59.2717215
      ],
      [
       18.012004,
       59.27154
      ],
      [
       18.0125239,
       59.2713557
      ],
      [
       18.0128229,
       59.2712468
      ],
      [
       18.0131209,
       59.2711324
      ],
      [
       18.0135294,
       59.2709658
      ],
      [
       18.0139259,
       59.2707952
      ],
      [
       18.014448,
       59.2705574
      ],
      [
       18.0148071,
       59.2703899
      ],
      [
       18.0151412,
       59.2702319
      ],
      [
       18.0178956,
       59.2689176
      ],
      [
       18.0185256,
       59.2686067
      ],
      [
       18.0189664,
       59.2683784
      ],
      [
       18.0194241,
       59.2681242
      ],
      [
       18.0198228,
       59.2678945
      ],
      [
       18.0202368,
       59.2676385
      ],
      [
       18.0208212,
       59.2672461
      ],
      [
       18.0211063,
       59.267041
      ],
      [
       18.021339,
       59.2668665
      ],
      [
       18.021528,
       59.2667258
      ],
      [
       18.0223609,
       59.2660752
      ],
      [
       18.0226916,
       59.2658164
      ],
      [
       18.023242,
       59.2653913
      ],
      [
       18.0237233,
       59.2650474
      ],
      [
       18.0240633,
       59.2648121
      ],
      [
       18.0243374,
       59.2646309
      ],
      [
       18.0246645,
       59.2644275
      ],
      [
       18.0252996,
       59.2640602
      ],
      [
       18.0259251,
       59.2637258
      ],
      [
       18.0263004,
       59.2635427
      ],
      [
       18.0272206,
       59.263113
      ],
      [
       18.0286153,
       59.2625043
      ],
      [
       18.0293504,
       59.2621882
      ],
      [
       18.0304312,
       59.2617229
      ],
      [
       18.0322846,
       59.2609236
      ],
      [
       18.034189,
       59.2600997
      ],
      [
       18.0353718,
       59.2595924
      ],
      [
       18.0358063,
       59.2594169
      ],
      [
       18.0366217,
       59.259081
      ],
      [
       18.0374907,
       59.258759
      ],
      [
       18.0380728,
       59.2585628
      ],
      [
       18.0384365,
       59.2584394
      ],
      [
       18.0391189,
       59.2582234
      ],
      [
       18.0404808,
       59.2578125
      ],
      [
       18.0434005,
       59.2569411
      ],
      [
       18.0437185,
       59.2568448
      ],
      [
       18.0449684,
       59.2564709
      ],
      [
       18.046431,
       59.2560335
      ],
      [
       18.0470542,
       59.2558468
      ],
      [
       18.0481839,
       59.2555071
      ],
      [
       18.0488261,
       59.2553175
      ],
      [
       18.0493783,
       59.2551514
      ],
      [
       18.0503198,
       59.254869
      ],
      [
       18.0512263,
       59.2545984
      ],
      [
       18.052179,
       59.2543142
      ],
      [
       18.0531129,
       59.2540346
      ],
      [
       18.0536594,
       59.2538621
      ],
      [
       18.0541961,
       59.2536868
      ],
      [
       18.0543609,
       59.2536297
      ],
      [
       18.0546907,
       59.2535163
      ],
      [
       18.0550756,
       59.2533785
      ],
      [
       18.0556826,
       59.2531496
      ],
      [
       18.0565505,
       59.2528052
      ],
      [
       18.0575752,
       59.2523947
      ],
      [
       18.0581119,
       59.25218
      ],
      [
       18.0582913,
       59.2521073
      ],
      [
       18.0588894,
       59.2518686
      ],
      [
       18.0596217,
       59.2515738
      ],
      [
       18.0598879,
       59.2514653
      ],
      [
       18.0600468,
       59.2514011
      ],
      [
       18.0601151,
       59.2513738
      ],
      [
       18.0603081,
       59.2512936
      ],
      [
       18.0606364,
       59.2511502
      ],
      [
       18.0609735,
       59.2509978
      ],
      [
       18.0613457,
       59.2508159
      ],
      [
       18.0616581,
       59.2506534
      ],
      [
       18.0618643,
       59.2505394
      ],
      [
       18.062131,
       59.2503856
      ],
      [
       18.0625141,
       59.2501504
      ],
      [
       18.0627422,
       59.2500006
      ],
      [
       18.0629288,
       59.2498692
      ],
      [
       18.0632829,
       59.2496237
      ],
      [
       18.0637442,
       59.2492795
      ],
      [
       18.0640157,
       59.2490827
      ],
      [
       18.0647002,
       59.2485772
      ],
      [
       18.0656042,
       59.2479073
      ],
      [
       18.0664988,
       59.2472463
      ],
      [
       18.0673036,
       59.2466531
      ],
      [
       18.0681297,
       59.2460579
      ],
      [
       18.0683761,
       59.2458899
      ],
      [
       18.0686622,
       59.2457073
      ],
      [
       18.0688866,
       59.2455774
      ],
      [
       18.0691989,
       59.2454049
      ],
      [
       18.0694761,
       59.245263
      ],
      [
       18.0698156,
       59.2450981
      ],
      [
       18.0701464,
       59.2449487
      ],
      [
       18.070566,
       59.2447775
      ],
      [
       18.071005,
       59.2446163
      ],
      [
       18.0714426,
       59.2444677
      ],
      [
       18.0718392,
       59.2443448
      ],
      [
       18.0722407,
       59.2442291
      ],
      [
       18.0726908,
       59.2441135
      ],
      [
       18.0732491,
       59.2439825
      ],
      [
       18.0735673,
       59.2439137
      ],
      [
       18.0742272,
       59.2437767
      ],
      [
       18.0747628,
       59.2436727
      ],
      [
       18.0753933,
       59.2435457
      ],
      [
       18.0765331,
       59.243316
      ],
      [
       18.0773931,
       59.243136
      ],
      [
       18.0781478,
       59.2429717
      ],
      [
       18.0789776,
       59.2427755
      ],
      [
       18.0794057,
       59.2426727
      ],
      [
       18.0801004,
       59.2425012
      ],
      [
       18.080678,
       59.2423444
      ],
      [
       18.0810768,
       59.2422368
      ],
      [
       18.0816695,
       59.2420692
      ],
      [
       18.0823749,
       59.2418607
      ],
      [
       18.0835953,
       59.2414848
      ],
      [
       18.0843571,
       59.2412365
      ],
      [
       18.0847633,
       59.2411081
      ],
      [
       18.0851421,
       59.2409861
      ],
      [
       18.0853509,
       59.2409188
      ],
      [
       18.0857837,
       59.2407799
      ],
      [
       18.0870482,
       59.2403723
      ],
      [
       18.0883664,
       59.239946
      ],
      [
       18.0885073,
       59.2399004
      ],
      [
       18.0895411,
       59.2395647
      ],
      [
       18.0903705,
       59.2392979
      ],
      [
       18.0912021,
       59.2390293
      ],
      [
       18.0919029,
       59.2388063
      ],
      [
       18.0922511,
       59.2386895
      ],
      [
       18.0950009,
       59.2378024
      ],
      [
       18.0958323,
       59.237538
      ],
      [
       18.0963714,
       59.2373772
      ],
      [
       18.0967355,
       59.2372781
      ],
      [
       18.0970923,
       59.2371879
      ],
      [
       18.0973473,
       59.2371299
      ],
      [
       18.0976316,
       59.2370701
      ],
      [
       18.0979617,
       59.2370061
      ],
      [
       18.0982359,
       59.2369588
      ],
      [
       18.0985437,
       59.2369121
      ],
      [
       18.0990168,
       59.2368488
      ],
      [
       18.0993903,
       59.2368107
      ],
      [
       18.0997402,
       59.2367783
      ],
      [
       18.0999764,
       59.2367615
      ],
      [
       18.1001607,
       59.2367479
      ],
      [
       18.1006998,
       59.2367232
      ],
      [
       18.1014411,
       59.2367108
      ],
      [
       18.1032854,
       59.2367026
      ],
      [
       18.1045005,
       59.2366998
      ],
      [
       18.1056124,
       59.236701
      ],
      [
       18.1060293,
       59.2366969
      ],
      [
       18.1061343,
       59.2366969
      ],
      [
       18.1074777,
       59.2366971
      ],
      [
       18.1091956,
       59.2366915
      ],
      [
       18.1102109,
       59.2366902
      ],
      [
       18.110691,
       59.236682
      ],
      [
       18.1111848,
       59.2366644
      ],
      [
       18.1113777,
       59.2366546
      ],
      [
       18.1119624,
       59.2366134
      ],
      [
       18.1122896,
       59.2365819
      ],
      [
       18.1127938,
       59.2365256
      ],
      [
       18.1130213,
       59.2364941
      ],
      [
       18.1132524,
       59.2364598
      ],
      [
       18.1134563,
       59.2364296
      ],
      [
       18.1139981,
       59.2363322
      ],
      [
       18.1145694,
       59.2362059
      ],
      [
       18.1152694,
       59.2360262
      ],
      [
       18.1158086,
       59.235863
      ],
      [
       18.1163879,
       59.2356613
      ],
      [
       18.1169916,
       59.2354165
      ],
      [
       18.1174823,
       59.2351879
      ],
      [
       18.1179963,
       59.2349143
      ],
      [
       18.1181936,
       59.2347992
      ],
      [
       18.118464,
       59.2346309
      ],
      [
       18.1189816,
       59.234292
      ],
      [
       18.1195959,
       59.2338722
      ],
      [
       18.1205829,
       59.2331862
      ],
      [
       18.1210216,
       59.2328856
      ],
      [
       18.1212536,
       59.2327267
      ],
      [
       18.1224336,
       59.2319183
      ],
      [
       18.1233456,
       59.2312926
      ],
      [
       18.1241154,
       59.230763
      ],
      [
       18.1250327,
       59.2301428
      ],
      [
       18.1252748,
       59.2299935
      ],
      [
       18.1261378,
       59.2295047
      ],
      [
       18.1265817,
       59.2292858
      ],
      [
       18.1271865,
       59.2290162
      ],
      [
       18.1275754,
       59.228857
      ],
      [
       18.1282732,
       59.2285992
      ],
      [
       18.1285222,
       59.2285071
      ],
      [
       18.1292974,
       59.2282381
      ],
      [
       18.130491,
       59.2278552
      ],
      [
       18.1308314,
       59.2277488
      ],
      [
       18.1328899,
       59.2270951
      ],
      [
       18.1344399,
       59.226606
      ],
      [
       18.1349193,
       59.226461
      ],
      [
       18.1353887,
       59.2263086
      ],
      [
       18.13585,
       59.2261536
      ],
      [
       18.1363194,
       59.2259903
      ],
      [
       18.1369792,
       59.2257473
      ],
      [
       18.1380307,
       59.2253192
      ],
      [
       18.1389265,
       59.2249623
      ],
      [
       18.1396427,
       59.2246776
      ],
      [
       18.1401984,
       59.2244539
      ],
      [
       18.1405331,
       59.2243283
      ],
      [
       18.1409382,
       59.2241938
      ],
      [
       18.1414344,
       59.2240428
      ],
      [
       18.1416124,
       59.2239945
      ],
      [
       18.141936,
       59.2239124
      ],
      [
       18.1427882,
       59.2237157
      ],
      [
       18.1428104,
       59.2237107
      ],
      [
       18.1434714,
       59.2235625
      ],
      [
       18.14435,
       59.2233717
      ],
      [
       18.1455972,
       59.2230958
      ],
      [
       18.1464805,
       59.2229002
      ],
      [
       18.1472709,
       59.2227266
      ],
      [
       18.1480407,
       59.22254
      ],
      [
       18.1485503,
       59.2224109
      ],
      [
       18.1490385,
       59.2222559
      ],
      [
       18.1495025,
       59.2221021
      ],
      [
       18.1497053,
       59.2220268
      ],
      [
       18.1499611,
       59.2219278
      ],
      [
       18.1504466,
       59.2217178
      ],
      [
       18.1508865,
       59.2215078
      ],
      [
       18.1513758,
       59.2212343
      ],
      [
       18.1518306,
       59.2209478
      ],
      [
       18.1521525,
       59.2207365
      ],
      [
       18.1521992,
       59.2206991
      ],
      [
       18.1524273,
       59.2205208
      ],
      [
       18.1525227,
       59.22044
      ],
      [
       18.1528257,
       59.2201806
      ],
      [
       18.1531396,
       59.219847
      ],
      [
       18.1533562,
       59.2196057
      ],
      [
       18.1535794,
       59.219357
      ],
      [
       18.1542473,
       59.2185773
      ],
      [
       18.154757,
       59.2179671
      ],
      [
       18.1549024,
       59.2177862
      ],
      [
       18.1551727,
       59.217427
      ],
      [
       18.155398,
       59.2171264
      ],
      [
       18.1555978,
       59.2168645
      ],
      [
       18.155761,
       59.2166703
      ],
      [
       18.1562234,
       59.2161235
      ],
      [
       18.1566873,
       59.2155819
      ],
      [
       18.1570529,
       59.215162
      ],
      [
       18.1573614,
       59.21479
      ],
      [
       18.1576054,
       59.2144193
      ],
      [
       18.1577422,
       59.2141832
      ],
      [
       18.1577927,
       59.2140891
      ],
      [
       18.1578898,
       59.2138976
      ],
      [
       18.157989,
       59.2136299
      ],
      [
       18.1580668,
       59.2133087
      ],
      [
       18.1580882,
       59.2132016
      ],
      [
       18.1581258,
       59.2130162
      ],
      [
       18.1581695,
       59.2127605
      ],
      [
       18.1583714,
       59.2115474
      ],
      [
       18.1586912,
       59.2096247
      ],
      [
       18.1587562,
       59.2090934
      ],
      [
       18.1588001,
       59.2087407
      ],
      [
       18.1588098,
       59.2082794
      ],
      [
       18.1587964,
       59.208046
      ],
      [
       18.158775,
       59.2078194
      ],
      [
       18.158724,
       59.207551
      ],
      [
       18.1586442,
       59.2072887
      ],
      [
       18.1585416,
       59.2070306
      ],
      [
       18.1584225,
       59.2067722
      ],
      [
       18.1581326,
       59.2063674
      ],
      [
       18.1578217,
       59.2059681
      ],
      [
       18.157576,
       59.2057124
      ],
      [
       18.1573083,
       59.205464
      ],
      [
       18.1570074,
       59.2052091
      ],
      [
       18.1566782,
       59.2049655
      ],
      [
       18.1554152,
       59.2042211
      ],
      [
       18.15428,
       59.2037421
      ],
      [
       18.1533713,
       59.2034517
      ],
      [
       18.1519767,
       59.2030638
      ],
      [
       18.1501521,
       59.2025559
      ],
      [
       18.1493413,
       59.2023285
      ],
      [
       18.1456214,
       59.2012839
      ],
      [
       18.1453693,
       59.2012005
      ],
      [
       18.1449696,
       59.2010577
      ],
      [
       18.1446746,
       59.2009423
      ],
      [
       18.1443892,
       59.2008134
      ],
      [
       18.1434365,
       59.2002917
      ],
      [
       18.1432249,
       59.2001643
      ],
      [
       18.1430157,
       59.2000304
      ],
      [
       18.1428118,
       59.1998903
      ],
      [
       18.1426125,
       59.199741
      ],
      [
       18.1424122,
       59.1995827
      ],
      [
       18.1422257,
       59.1994137
      ],
      [
       18.1420393,
       59.1992263
      ],
      [
       18.1418743,
       59.1990379
      ],
      [
       18.1416155,
       59.1987016
      ],
      [
       18.1414774,
       59.198521
      ],
      [
       18.1413594,
       59.1983434
      ],
      [
       18.1412575,
       59.198146
      ],
      [
       18.141169,
       59.1979482
      ],
      [
       18.141016,
       59.1975435
      ],
      [
       18.1404612,
       59.1953311
      ],
      [
       18.1401287,
       59.1939912
      ],
      [
       18.1400976,
       59.1938821
      ],
      [
       18.1399754,
       59.1935315
      ],
      [
       18.1398034,
       59.1931958
      ],
      [
       18.1395812,
       59.1928248
      ],
      [
       18.1394367,
       59.1925985
      ],
      [
       18.1390411,
       59.192114
      ],
      [
       18.1373681,
       59.1900648
      ],
      [
       18.1369453,
       59.1894183
      ],
      [
       18.136637,
       59.1888592
      ],
      [
       18.1363149,
       59.1879971
      ],
      [
       18.136224,
       59.1877383
      ],
      [
       18.1359141,
       59.1867172
      ],
      [
       18.1358973,
       59.1866623
      ],
      [
       18.135657,
       59.1858402
      ],
      [
       18.135489,
       59.1852965
      ],
      [
       18.1353204,
       59.1845667
      ],
      [
       18.1352627,
       59.1842793
      ],
      [
       18.1351829,
       59.183931
      ],
      [
       18.1351235,
       59.1835019
      ],
      [
       18.1351795,
       59.1823898
      ],
      [
       18.1354542,
       59.1813345
      ],
      [
       18.1365097,
       59.1778385
      ],
      [
       18.1367417,
       59.1770689
      ],
      [
       18.1375141,
       59.1746807
      ],
      [
       18.1375614,
       59.1744123
      ],
      [
       18.1375909,
       59.174136
      ],
      [
       18.1375981,
       59.1735537
      ],
      [
       18.1376003,
       59.1733244
      ],
      [
       18.1375845,
       59.1730972
      ],
      [
       18.1375166,
       59.1727176
      ],
      [
       18.1374445,
       59.172445
      ],
      [
       18.1373414,
       59.1721581
      ],
      [
       18.137227,
       59.171869
      ],
      [
       18.1369219,
       59.1712632
      ],
      [
       18.1363164,
       59.1700917
      ],
      [
       18.1357447,
       59.1690315
      ],
      [
       18.1356455,
       59.1688453
      ],
      [
       18.1350563,
       59.1678596
      ],
      [
       18.1341847,
       59.1664112
      ],
      [
       18.133266,
       59.1648925
      ],
      [
       18.1331293,
       59.1646656
      ],
      [
       18.1325934,
       59.163794
      ],
      [
       18.1322865,
       59.163169
      ],
      [
       18.1321565,
       59.1628749
      ],
      [
       18.1318425,
       59.1620706
      ],
      [
       18.1317278,
       59.1617825
      ],
      [
       18.1312028,
       59.1603398
      ],
      [
       18.1308374,
       59.1593013
      ],
      [
       18.129936,
       59.1565979
      ],
      [
       18.129842,
       59.1562182
      ],
      [
       18.129779,
       59.155837
      ],
      [
       18.1295901,
       59.1543856
      ],
      [
       18.1294502,
       59.1533668
      ],
      [
       18.129303,
       59.1523161
      ],
      [
       18.1291822,
       59.151468
      ],
      [
       18.1291271,
       59.1510246
      ],
      [
       18.1289985,
       59.149519
      ],
      [
       18.1289811,
       59.1493241
      ],
      [
       18.128804,
       59.147794
      ],
      [
       18.1286742,
       59.1468401
      ],
      [
       18.1286028,
       59.1465081
      ],
      [
       18.1285041,
       59.1461854
      ],
      [
       18.1282982,
       59.1456247
      ],
      [
       18.1279085,
       59.1447522
      ],
      [
       18.1275108,
       59.1439836
      ],
      [
       18.1273571,
       59.1436707
      ],
      [
       18.126782,
       59.1426
      ],
      [
       18.1265854,
       59.1422334
      ],
      [
       18.1259924,
       59.1411042
      ],
      [
       18.1251834,
       59.1396903
      ],
      [
       18.1246931,
       59.1388265
      ],
      [
       18.1244087,
       59.1383145
      ],
      [
       18.1239786,
       59.1375401
      ],
      [
       18.1233983,
       59.1364254
      ],
      [
       18.122887,
       59.1354518
      ],
      [
       18.1220292,
       59.1339387
      ],
      [
       18.121893,
       59.1337094
      ],
      [
       18.1215674,
       59.1332851
      ],
      [
       18.1211891,
       59.1328727
      ],
      [
       18.1167704,
       59.128869
      ],
      [
       18.1160736,
       59.1282795
      ],
      [
       18.1157859,
       59.1280549
      ],
      [
       18.1154798,
       59.1278319
      ],
      [
       18.1151395,
       59.1276193
      ],
      [
       18.1147862,
       59.1274119
      ],
      [
       18.1143509,
       59.1271967
      ],
      [
       18.1138139,
       59.1269551
      ],
      [
       18.1134041,
       59.1267907
      ],
      [
       18.1128807,
       59.1265927
      ],
      [
       18.1126783,
       59.1265158
      ],
      [
       18.1104048,
       59.1256722
      ],
      [
       18.108666,
       59.1250256
      ],
      [
       18.1086298,
       59.1250122
      ],
      [
       18.1077724,
       59.1246934
      ],
      [
       18.1074303,
       59.1245661
      ],
      [
       18.10551,
       59.1238428
      ],
      [
       18.1050691,
       59.1236767
      ],
      [
       18.1044126,
       59.1234265
      ],
      [
       18.1033886,
       59.1230368
      ],
      [
       18.1016223,
       59.1223675
      ],
      [
       18.1008814,
       59.1220782
      ],
      [
       18.0986564,
       59.1212391
      ],
      [
       18.0986082,
       59.1212201
      ],
      [
       18.0983641,
       59.121128
      ],
      [
       18.0946355,
       59.119716
      ],
      [
       18.0932993,
       59.1192153
      ],
      [
       18.0900725,
       59.1180409
      ],
      [
       18.0879454,
       59.1172215
      ],
      [
       18.0870754,
       59.1168852
      ],
      [
       18.0863401,
       59.1166101
      ],
      [
       18.0845882,
       59.1159503
      ],
      [
       18.0800604,
       59.1142631
      ],
      [
       18.0726009,
       59.1114736
      ],
      [
       18.0701179,
       59.1105508
      ],
      [
       18.0685312,
       59.1099614
      ],
      [
       18.0671005,
       59.1094291
      ],
      [
       18.0660794,
       59.1090494
      ],
      [
       18.065682,
       59.1088955
      ],
      [
       18.0652836,
       59.1087413
      ],
      [
       18.0624792,
       59.1077001
      ],
      [
       18.0573796,
       59.1058532
      ],
      [
       18.0559806,
       59.1053966
      ],
      [
       18.0557553,
       59.1053236
      ],
      [
       18.0548603,
       59.1050634
      ],
      [
       18.0547253,
       59.1050239
      ],
      [
       18.0526808,
       59.1044817
      ],
      [
       18.0501075,
       59.1038046
      ],
      [
       18.0494597,
       59.1036251
      ],
      [
       18.048311,
       59.1033259
      ],
      [
       18.0456398,
       59.1026112
      ]
     ]
    ]
   }
  },
  {
   "type": "Feature",
   "properties": {
    "name": "Pendeltåg 48 · Södertälje centrum–Södertälje syd",
    "line": "48"
   },
   "geometry": {
    "type": "MultiLineString",
    "coordinates": [
     [
      [
       17.6455409,
       59.1635164
      ],
      [
       17.6462221,
       59.1639125
      ],
      [
       17.6469106,
       59.1643143
      ],
      [
       17.6473481,
       59.1645674
      ],
      [
       17.6474208,
       59.1646112
      ],
      [
       17.6475816,
       59.1647044
      ],
      [
       17.6480535,
       59.1649774
      ],
      [
       17.6492061,
       59.1656443
      ],
      [
       17.6500777,
       59.1661492
      ],
      [
       17.6501897,
       59.1662142
      ],
      [
       17.6510417,
       59.1667197
      ],
      [
       17.6513644,
       59.166937
      ],
      [
       17.6516808,
       59.1671617
      ],
      [
       17.6520251,
       59.1674421
      ],
      [
       17.6521712,
       59.1675746
      ],
      [
       17.6522936,
       59.1676854
      ],
      [
       17.6524237,
       59.1678213
      ],
      [
       17.6525503,
       59.1679614
      ],
      [
       17.6527403,
       59.1681947
      ],
      [
       17.6528454,
       59.1683401
      ],
      [
       17.6529476,
       59.1684891
      ],
      [
       17.6531069,
       59.1687363
      ],
      [
       17.6532545,
       59.169083
      ],
      [
       17.6533723,
       59.1694598
      ],
      [
       17.6534375,
       59.1697858
      ],
      [
       17.6534578,
       59.1700539
      ],
      [
       17.6534614,
       59.1702149
      ],
      [
       17.6534484,
       59.1703707
      ],
      [
       17.6534333,
       59.1705111
      ],
      [
       17.6534123,
       59.1706507
      ],
      [
       17.65338,
       59.1707988
      ],
      [
       17.6533467,
       59.1709305
      ],
      [
       17.6532951,
       59.1710874
      ],
      [
       17.6532428,
       59.1712317
      ],
      [
       17.6531256,
       59.1714928
      ],
      [
       17.6530581,
       59.1716184
      ],
      [
       17.6528858,
       59.171911
      ],
      [
       17.6527741,
       59.1720803
      ],
      [
       17.6526561,
       59.1722486
      ],
      [
       17.6524643,
       59.1724982
      ],
      [
       17.6521118,
       59.1729112
      ],
      [
       17.6518666,
       59.1731799
      ],
      [
       17.6513925,
       59.1737071
      ],
      [
       17.6511855,
       59.1739388
      ],
      [
       17.6507806,
       59.1743805
      ],
      [
       17.6505762,
       59.1746003
      ],
      [
       17.6501675,
       59.1750093
      ],
      [
       17.6497652,
       59.1754096
      ],
      [
       17.6492791,
       59.1758946
      ],
      [
       17.6488289,
       59.1763357
      ],
      [
       17.6484642,
       59.17671
      ],
      [
       17.6483966,
       59.1767791
      ],
      [
       17.648113,
       59.177087
      ],
      [
       17.6467667,
       59.1785749
      ],
      [
       17.6464637,
       59.178882
      ],
      [
       17.6463384,
       59.1790076
      ],
      [
       17.646137,
       59.1792035
      ],
      [
       17.6459683,
       59.1794049
      ],
      [
       17.6457757,
       59.1796238
      ],
      [
       17.6455393,
       59.1798515
      ],
      [
       17.6451501,
       59.1802082
      ],
      [
       17.6449125,
       59.1804401
      ],
      [
       17.6448016,
       59.1805426
      ],
      [
       17.6446405,
       59.1806922
      ],
      [
       17.6442325,
       59.1810798
      ],
      [
       17.6438374,
       59.1814616
      ],
      [
       17.6437115,
       59.1815962
      ],
      [
       17.6434887,
       59.1818612
      ],
      [
       17.6433153,
       59.1821322
      ],
      [
       17.6430664,
       59.1824716
      ],
      [
       17.6429405,
       59.1826404
      ],
      [
       17.6427252,
       59.1828601
      ],
      [
       17.6425712,
       59.1829958
      ],
      [
       17.6424356,
       59.1831109
      ],
      [
       17.6422906,
       59.1832193
      ],
      [
       17.6420108,
       59.1833978
      ],
      [
       17.6417091,
       59.1835674
      ],
      [
       17.6414228,
       59.1837102
      ],
      [
       17.6411869,
       59.1838235
      ],
      [
       17.6404459,
       59.1841231
      ],
      [
       17.6397588,
       59.1843328
      ],
      [
       17.6391177,
       59.1844923
      ],
      [
       17.6384455,
       59.1846521
      ],
      [
       17.6379689,
       59.184762
      ],
      [
       17.6378539,
       59.1847886
      ],
      [
       17.6343197,
       59.1856134
      ],
      [
       17.633923,
       59.1857146
      ],
      [
       17.6335468,
       59.185819
      ],
      [
       17.6333056,
       59.1858947
      ],
      [
       17.6331468,
       59.1859493
      ],
      [
       17.633101,
       59.1859656
      ],
      [
       17.6329156,
       59.1860352
      ],
      [
       17.6326853,
       59.1861303
      ],
      [
       17.6324471,
       59.1862394
      ],
      [
       17.6322718,
       59.1863285
      ],
      [
       17.6320988,
       59.1864268
      ],
      [
       17.6319181,
       59.1865387
      ],
      [
       17.6317831,
       59.1866283
      ],
      [
       17.6316579,
       59.1867204
      ],
      [
       17.6315652,
       59.1867906
      ],
      [
       17.6314946,
       59.1868507
      ],
      [
       17.6314345,
       59.1869064
      ],
      [
       17.6313636,
       59.186972
      ],
      [
       17.6312174,
       59.1871184
      ],
      [
       17.6311352,
       59.1872109
      ],
      [
       17.6310483,
       59.1873111
      ],
      [
       17.6309301,
       59.1874947
      ],
      [
       17.6308198,
       59.1876972
      ],
      [
       17.6307349,
       59.1878368
      ],
      [
       17.630512,
       59.1882464
      ],
      [
       17.6303912,
       59.1884595
      ],
      [
       17.6303063,
       59.1886302
      ],
      [
       17.630126,
       59.1889518
      ],
      [
       17.6298321,
       59.1893789
      ],
      [
       17.6296597,
       59.1895685
      ],
      [
       17.6294997,
       59.1897486
      ],
      [
       17.629396,
       59.1898908
      ],
      [
       17.629277,
       59.1900719
      ],
      [
       17.6291459,
       59.1902349
      ],
      [
       17.6290613,
       59.1903332
      ],
      [
       17.628983,
       59.1904326
      ],
      [
       17.6288603,
       59.1905699
      ],
      [
       17.6286122,
       59.1908093
      ],
      [
       17.6284853,
       59.1909204
      ],
      [
       17.628466,
       59.1909376
      ],
      [
       17.6283554,
       59.1910327
      ],
      [
       17.6281152,
       59.1912339
      ],
      [
       17.6279237,
       59.1913879
      ],
      [
       17.6273143,
       59.1918973
      ]
     ]
    ]
   }
  },
  {
   "type": "Feature",
   "properties": {
    "name": "Spårväg City 7 · T-Centralen–Waldemarsudde",
    "line": "7"
   },
   "geometry": {
    "type": "MultiLineString",
    "coordinates": [
     [
      [
       18.061657,
       59.3319718
      ],
      [
       18.0619071,
       59.3320342
      ],
      [
       18.0628554,
       59.3322684
      ],
      [
       18.0629874,
       59.332301
      ],
      [
       18.0639464,
       59.332531
      ],
      [
       18.0640605,
       59.3325517
      ],
      [
       18.0641671,
       59.3325648
      ],
      [
       18.0642648,
       59.3325669
      ],
      [
       18.0643304,
       59.3325636
      ],
      [
       18.064421,
       59.332552
      ],
      [
       18.0645046,
       59.3325334
      ],
      [
       18.064624,
       59.3324946
      ],
      [
       18.0646946,
       59.3324667
      ],
      [
       18.0648118,
       59.3324156
      ],
      [
       18.0648558,
       59.3323909
      ],
      [
       18.0649072,
       59.332369
      ],
      [
       18.0649531,
       59.3323563
      ],
      [
       18.0650082,
       59.3323475
      ],
      [
       18.0651035,
       59.3323411
      ],
      [
       18.0652103,
       59.3323477
      ],
      [
       18.0652985,
       59.3323587
      ],
      [
       18.0653908,
       59.3323776
      ],
      [
       18.065471,
       59.3323979
      ],
      [
       18.0655563,
       59.3324206
      ],
      [
       18.0657348,
       59.3324665
      ],
      [
       18.0657933,
       59.3324779
      ],
      [
       18.065889,
       59.3324972
      ],
      [
       18.0659835,
       59.3325114
      ],
      [
       18.0660658,
       59.3325188
      ],
      [
       18.0661744,
       59.3325258
      ],
      [
       18.0678453,
       59.332593
      ],
      [
       18.0680767,
       59.3326014
      ],
      [
       18.0683277,
       59.3326183
      ],
      [
       18.0698222,
       59.3326964
      ],
      [
       18.069874,
       59.3327
      ],
      [
       18.0699481,
       59.3327041
      ],
      [
       18.0706995,
       59.3327415
      ],
      [
       18.0711409,
       59.3327679
      ],
      [
       18.071326,
       59.3327771
      ],
      [
       18.0715778,
       59.3327904
      ],
      [
       18.0718382,
       59.3328178
      ],
      [
       18.0721974,
       59.3328825
      ],
      [
       18.0723701,
       59.332904
      ],
      [
       18.0725638,
       59.3329141
      ],
      [
       18.073433,
       59.3329328
      ],
      [
       18.0735451,
       59.3329302
      ],
      [
       18.0736874,
       59.3329259
      ],
      [
       18.074394,
       59.3329277
      ],
      [
       18.0750682,
       59.3329445
      ],
      [
       18.075189,
       59.3329512
      ],
      [
       18.0752545,
       59.3329497
      ],
      [
       18.0754351,
       59.3329459
      ],
      [
       18.0754986,
       59.3329446
      ],
      [
       18.0755977,
       59.332933
      ],
      [
       18.0756389,
       59.332927
      ],
      [
       18.0757993,
       59.3328996
      ],
      [
       18.0758476,
       59.3328885
      ],
      [
       18.0758948,
       59.3328776
      ],
      [
       18.076037,
       59.3328493
      ],
      [
       18.0766016,
       59.332694
      ],
      [
       18.0771835,
       59.3325402
      ],
      [
       18.0772356,
       59.3325262
      ],
      [
       18.0772956,
       59.3325101
      ],
      [
       18.0775394,
       59.3324495
      ],
      [
       18.0779292,
       59.3323529
      ],
      [
       18.0793758,
       59.3319672
      ],
      [
       18.0795203,
       59.3319275
      ],
      [
       18.081157,
       59.3314765
      ],
      [
       18.0812784,
       59.3314493
      ],
      [
       18.0814399,
       59.3314212
      ],
      [
       18.0816025,
       59.3314032
      ],
      [
       18.0818836,
       59.3314003
      ],
      [
       18.0840291,
       59.3314437
      ],
      [
       18.084453,
       59.3314525
      ],
      [
       18.0845486,
       59.331456
      ],
      [
       18.0847458,
       59.3314612
      ],
      [
       18.0914396,
       59.3316352
      ],
      [
       18.0919984,
       59.3317137
      ],
      [
       18.0921807,
       59.3317279
      ],
      [
       18.0926415,
       59.3317357
      ],
      [
       18.0929569,
       59.3317426
      ],
      [
       18.0930258,
       59.3317413
      ],
      [
       18.0931174,
       59.3317379
      ],
      [
       18.0932116,
       59.3317247
      ],
      [
       18.0932724,
       59.3317136
      ],
      [
       18.0933849,
       59.3316764
      ],
      [
       18.0934748,
       59.3316087
      ],
      [
       18.0935184,
       59.3315708
      ],
      [
       18.0936449,
       59.3313788
      ],
      [
       18.0939314,
       59.330871
      ],
      [
       18.0941094,
       59.3305443
      ],
      [
       18.0941948,
       59.3304025
      ],
      [
       18.0942408,
       59.3303437
      ],
      [
       18.094308,
       59.3302695
      ],
      [
       18.0944953,
       59.3300936
      ],
      [
       18.0953893,
       59.3293118
      ],
      [
       18.0963512,
       59.3284696
      ],
      [
       18.0964395,
       59.3283798
      ],
      [
       18.0965116,
       59.3282883
      ],
      [
       18.0965851,
       59.3281706
      ],
      [
       18.0966241,
       59.3280817
      ],
      [
       18.0966378,
       59.3279893
      ],
      [
       18.0966362,
       59.3279051
      ],
      [
       18.0966185,
       59.3278164
      ],
      [
       18.096528,
       59.3275905
      ],
      [
       18.0964775,
       59.3274914
      ],
      [
       18.0963244,
       59.3272309
      ],
      [
       18.096251,
       59.3271024
      ],
      [
       18.0962021,
       59.3269804
      ],
      [
       18.0961651,
       59.3268415
      ],
      [
       18.0961462,
       59.3267019
      ],
      [
       18.0961574,
       59.3265834
      ],
      [
       18.0961861,
       59.3264647
      ],
      [
       18.0962394,
       59.3263553
      ],
      [
       18.0963107,
       59.3262463
      ],
      [
       18.0963388,
       59.3262075
      ],
      [
       18.0964509,
       59.3260548
      ],
      [
       18.0964787,
       59.326017
      ],
      [
       18.0965231,
       59.3259593
      ],
      [
       18.0966952,
       59.3257356
      ],
      [
       18.0968799,
       59.3254653
      ],
      [
       18.0970426,
       59.3252731
      ],
      [
       18.0972666,
       59.3250085
      ],
      [
       18.0973506,
       59.3249299
      ],
      [
       18.0974388,
       59.32484
      ],
      [
       18.0975754,
       59.3247346
      ],
      [
       18.0978585,
       59.3245587
      ],
      [
       18.0979008,
       59.3245381
      ],
      [
       18.0980536,
       59.3244624
      ],
      [
       18.0982332,
       59.324389
      ],
      [
       18.098399,
       59.3243306
      ],
      [
       18.0985819,
       59.3242777
      ],
      [
       18.0988798,
       59.3242115
      ],
      [
       18.0990231,
       59.3241848
      ],
      [
       18.099259,
       59.3241401
      ],
      [
       18.0995926,
       59.3240765
      ],
      [
       18.100227,
       59.3239601
      ],
      [
       18.1006957,
       59.3239061
      ],
      [
       18.1013696,
       59.3237853
      ],
      [
       18.1017894,
       59.3237076
      ],
      [
       18.102029,
       59.3236664
      ],
      [
       18.1024504,
       59.3235808
      ],
      [
       18.1030293,
       59.3234557
      ],
      [
       18.1031543,
       59.3234344
      ],
      [
       18.1034755,
       59.3233803
      ],
      [
       18.1036483,
       59.3233555
      ],
      [
       18.1040482,
       59.3233073
      ],
      [
       18.1046033,
       59.3232471
      ],
      [
       18.1048897,
       59.3232178
      ],
      [
       18.1060909,
       59.3230843
      ],
      [
       18.106439,
       59.323064
      ],
      [
       18.106704,
       59.3230594
      ],
      [
       18.1070432,
       59.3230631
      ],
      [
       18.107396,
       59.3230747
      ],
      [
       18.1078386,
       59.3230945
      ],
      [
       18.1082762,
       59.3231285
      ],
      [
       18.1086529,
       59.3231569
      ],
      [
       18.1088079,
       59.3231669
      ],
      [
       18.1090666,
       59.3231874
      ],
      [
       18.1093249,
       59.3232142
      ],
      [
       18.1096261,
       59.3232555
      ],
      [
       18.1099447,
       59.3232957
      ],
      [
       18.1100351,
       59.3232997
      ],
      [
       18.1101233,
       59.3232944
      ],
      [
       18.1102039,
       59.3232803
      ],
      [
       18.1102843,
       59.3232617
      ],
      [
       18.1103697,
       59.3232243
      ],
      [
       18.110426,
       59.3231861
      ],
      [
       18.1104573,
       59.323141
      ],
      [
       18.1104967,
       59.3230577
      ],
      [
       18.110534,
       59.322954
      ],
      [
       18.1105782,
       59.3228633
      ],
      [
       18.1106514,
       59.3227919
      ],
      [
       18.1106954,
       59.3227631
      ],
      [
       18.1107501,
       59.3227383
      ],
      [
       18.1108109,
       59.322716
      ],
      [
       18.1108722,
       59.322699
      ],
      [
       18.1109586,
       59.3226801
      ],
      [
       18.1110514,
       59.3226671
      ],
      [
       18.1112603,
       59.3226459
      ]
     ]
    ]
   }
  },
  {
   "type": "Feature",
   "properties": {
    "name": "Nockebybanan 12 · Alvik–Nockeby",
    "line": "12"
   },
   "geometry": {
    "type": "MultiLineString",
    "coordinates": [
     [
      [
       17.9813397,
       59.3334873
      ],
      [
       17.9804993,
       59.3335821
      ],
      [
       17.9798791,
       59.3336504
      ],
      [
       17.9798191,
       59.3336576
      ],
      [
       17.9793245,
       59.3337113
      ],
      [
       17.9790771,
       59.3337421
      ],
      [
       17.9788156,
       59.3337793
      ],
      [
       17.9781596,
       59.3338722
      ],
      [
       17.9779647,
       59.3338985
      ],
      [
       17.9778193,
       59.3339144
      ],
      [
       17.9776332,
       59.3339299
      ],
      [
       17.9774903,
       59.3339385
      ],
      [
       17.9772942,
       59.333946
      ],
      [
       17.9770636,
       59.3339464
      ],
      [
       17.9770568,
       59.3339462
      ],
      [
       17.9768688,
       59.3339412
      ],
      [
       17.9766794,
       59.3339323
      ],
      [
       17.9765331,
       59.3339207
      ],
      [
       17.9763849,
       59.3339073
      ],
      [
       17.9762142,
       59.3338861
      ],
      [
       17.9760592,
       59.3338619
      ],
      [
       17.9758932,
       59.3338325
      ],
      [
       17.9757509,
       59.3338046
      ],
      [
       17.9756188,
       59.3337741
      ],
      [
       17.9754665,
       59.3337356
      ],
      [
       17.9753047,
       59.3336883
      ],
      [
       17.9751522,
       59.3336403
      ],
      [
       17.9749729,
       59.3335773
      ],
      [
       17.9747315,
       59.3334745
      ],
      [
       17.9745539,
       59.3333883
      ],
      [
       17.9744112,
       59.3333063
      ],
      [
       17.9742637,
       59.3332071
      ],
      [
       17.9741608,
       59.3331293
      ],
      [
       17.9740726,
       59.3330454
      ],
      [
       17.9739921,
       59.332947
      ],
      [
       17.9739434,
       59.3328704
      ],
      [
       17.9739037,
       59.3327818
      ],
      [
       17.9738814,
       59.3326948
      ],
      [
       17.9738739,
       59.3326303
      ],
      [
       17.9738779,
       59.3325253
      ],
      [
       17.9738996,
       59.3324413
      ],
      [
       17.973928,
       59.332359
      ],
      [
       17.9739879,
       59.3322541
      ],
      [
       17.9740591,
       59.3321617
      ],
      [
       17.9741871,
       59.3320409
      ],
      [
       17.9744008,
       59.331866
      ],
      [
       17.9746394,
       59.3316732
      ],
      [
       17.9747643,
       59.3315522
      ],
      [
       17.9748672,
       59.3314244
      ],
      [
       17.9749414,
       59.3312943
      ],
      [
       17.9749737,
       59.3312218
      ],
      [
       17.9749993,
       59.3311186
      ],
      [
       17.9750374,
       59.3308844
      ],
      [
       17.9751051,
       59.3302097
      ],
      [
       17.9751117,
       59.3301137
      ],
      [
       17.9751087,
       59.3300455
      ],
      [
       17.9751002,
       59.3299869
      ],
      [
       17.9750799,
       59.3299214
      ],
      [
       17.9750395,
       59.3298398
      ],
      [
       17.9749799,
       59.3297603
      ],
      [
       17.9749292,
       59.3297083
      ],
      [
       17.974868,
       59.3296518
      ],
      [
       17.9747071,
       59.3295057
      ],
      [
       17.9745143,
       59.3293338
      ],
      [
       17.9744621,
       59.329287
      ],
      [
       17.9743369,
       59.3291897
      ],
      [
       17.9742658,
       59.3291405
      ],
      [
       17.9742017,
       59.3290912
      ],
      [
       17.974183,
       59.329066
      ],
      [
       17.9741032,
       59.3289623
      ],
      [
       17.9740199,
       59.3288285
      ],
      [
       17.9739823,
       59.3287342
      ],
      [
       17.9737153,
       59.3280195
      ],
      [
       17.9735798,
       59.3276638
      ],
      [
       17.9735108,
       59.3274849
      ],
      [
       17.9734806,
       59.3273939
      ],
      [
       17.973454,
       59.327305
      ],
      [
       17.9734377,
       59.3272122
      ],
      [
       17.9734361,
       59.3271173
      ],
      [
       17.9734596,
       59.3269989
      ],
      [
       17.9735058,
       59.326891
      ],
      [
       17.973637,
       59.3266614
      ],
      [
       17.9737545,
       59.3264329
      ],
      [
       17.9737861,
       59.3262397
      ],
      [
       17.9737856,
       59.3260631
      ],
      [
       17.973756,
       59.3256126
      ],
      [
       17.9737315,
       59.32525
      ],
      [
       17.9737287,
       59.3251601
      ],
      [
       17.9737327,
       59.3250671
      ],
      [
       17.9737477,
       59.3249729
      ],
      [
       17.9737796,
       59.3248646
      ],
      [
       17.9737932,
       59.3248221
      ],
      [
       17.9739132,
       59.3245094
      ],
      [
       17.9741099,
       59.3239862
      ],
      [
       17.974182,
       59.3237896
      ],
      [
       17.9742539,
       59.323561
      ],
      [
       17.9742732,
       59.3234448
      ],
      [
       17.9742729,
       59.3233297
      ],
      [
       17.9742444,
       59.3232115
      ],
      [
       17.9742032,
       59.3230937
      ],
      [
       17.9740487,
       59.3228742
      ],
      [
       17.9738126,
       59.3226709
      ],
      [
       17.9735384,
       59.3225059
      ],
      [
       17.9731896,
       59.3223588
      ],
      [
       17.9728451,
       59.3222543
      ],
      [
       17.9723734,
       59.3221566
      ],
      [
       17.9698531,
       59.3216683
      ],
      [
       17.9684317,
       59.3213931
      ],
      [
       17.9657893,
       59.3208801
      ],
      [
       17.96529,
       59.3208012
      ],
      [
       17.965141,
       59.3207942
      ],
      [
       17.9649927,
       59.3207958
      ],
      [
       17.9646348,
       59.3208364
      ],
      [
       17.964437,
       59.3208644
      ],
      [
       17.9641369,
       59.3209098
      ],
      [
       17.9636811,
       59.3209757
      ],
      [
       17.9630194,
       59.3210981
      ],
      [
       17.9625839,
       59.3212042
      ],
      [
       17.9621885,
       59.3213282
      ],
      [
       17.9618301,
       59.3214973
      ],
      [
       17.9602415,
       59.3224096
      ],
      [
       17.9596756,
       59.3227395
      ],
      [
       17.9595064,
       59.3228381
      ],
      [
       17.9591166,
       59.3230046
      ],
      [
       17.9586776,
       59.3231342
      ],
      [
       17.9581748,
       59.3232364
      ],
      [
       17.9568042,
       59.3234493
      ],
      [
       17.9565455,
       59.3234675
      ],
      [
       17.9563817,
       59.3234617
      ],
      [
       17.9561243,
       59.3234391
      ],
      [
       17.9558779,
       59.3233861
      ],
      [
       17.9555748,
       59.3232817
      ],
      [
       17.9552739,
       59.3231112
      ],
      [
       17.9548115,
       59.3228177
      ],
      [
       17.9539535,
       59.3222737
      ],
      [
       17.9536106,
       59.3220195
      ],
      [
       17.9534157,
       59.3218277
      ],
      [
       17.9526329,
       59.3209962
      ],
      [
       17.9523936,
       59.3208155
      ],
      [
       17.9521447,
       59.3206853
      ],
      [
       17.9520039,
       59.3206383
      ],
      [
       17.9518696,
       59.3205913
      ],
      [
       17.9516289,
       59.3205527
      ],
      [
       17.9513789,
       59.3205278
      ],
      [
       17.9511371,
       59.3205225
      ],
      [
       17.9507797,
       59.3205422
      ],
      [
       17.9500905,
       59.3205717
      ],
      [
       17.9494697,
       59.3206064
      ],
      [
       17.948866,
       59.3206554
      ],
      [
       17.9482755,
       59.3207513
      ],
      [
       17.9477499,
       59.3208848
      ],
      [
       17.9472343,
       59.321059
      ],
      [
       17.9467939,
       59.3212486
      ],
      [
       17.9464152,
       59.3214842
      ],
      [
       17.9459027,
       59.3218545
      ],
      [
       17.9453582,
       59.3222612
      ],
      [
       17.9449204,
       59.3225486
      ],
      [
       17.9448306,
       59.3225831
      ],
      [
       17.9446479,
       59.3226534
      ],
      [
       17.9442597,
       59.322774
      ],
      [
       17.9439204,
       59.3228466
      ],
      [
       17.9435727,
       59.3228918
      ],
      [
       17.9431452,
       59.3229128
      ],
      [
       17.9426941,
       59.3229053
      ],
      [
       17.9423035,
       59.3228948
      ],
      [
       17.9417985,
       59.3228813
      ],
      [
       17.9416672,
       59.3228887
      ],
      [
       17.9415101,
       59.3228989
      ],
      [
       17.9414118,
       59.3229053
      ],
      [
       17.9410766,
       59.3229563
      ],
      [
       17.9407313,
       59.3230508
      ],
      [
       17.9404579,
       59.3231666
      ],
      [
       17.9403884,
       59.3232071
      ],
      [
       17.9402497,
       59.3232686
      ],
      [
       17.9399534,
       59.3234088
      ],
      [
       17.939707,
       59.3235193
      ],
      [
       17.9393283,
       59.3237104
      ],
      [
       17.9390226,
       59.3238995
      ],
      [
       17.9390036,
       59.3239249
      ],
      [
       17.9387927,
       59.3240793
      ],
      [
       17.9385325,
       59.3244192
      ],
      [
       17.9381958,
       59.3249572
      ],
      [
       17.9378629,
       59.3254413
      ],
      [
       17.9368871,
       59.3269254
      ],
      [
       17.9366911,
       59.3272049
      ],
      [
       17.9366441,
       59.327272
      ],
      [
       17.9364087,
       59.3274858
      ],
      [
       17.9361824,
       59.3276134
      ],
      [
       17.93613,
       59.3276429
      ],
      [
       17.9357642,
       59.3277901
      ],
      [
       17.9354106,
       59.3278964
      ],
      [
       17.9352689,
       59.3279357
      ],
      [
       17.9347312,
       59.3280267
      ],
      [
       17.9302984,
       59.3287323
      ],
      [
       17.9287438,
       59.3289817
      ],
      [
       17.9286703,
       59.3289944
      ],
      [
       17.9283416,
       59.3290511
      ],
      [
       17.9281642,
       59.3290759
      ],
      [
       17.9280612,
       59.3290918
      ],
      [
       17.9276151,
       59.3291607
      ],
      [
       17.9260637,
       59.3294111
      ],
      [
       17.925181,
       59.3295536
      ],
      [
       17.9245045,
       59.3296428
      ],
      [
       17.9242428,
       59.3296597
      ],
      [
       17.9239776,
       59.3296664
      ],
      [
       17.923369,
       59.3296582
      ],
      [
       17.9225817,
       59.3296207
      ],
      [
       17.9217825,
       59.3295945
      ],
      [
       17.9212949,
       59.3295512
      ],
      [
       17.9208125,
       59.3294794
      ],
      [
       17.9203508,
       59.329366
      ],
      [
       17.9198864,
       59.3292119
      ],
      [
       17.9194546,
       59.3290616
      ],
      [
       17.9192606,
       59.3289989
      ],
      [
       17.9184262,
       59.3287134
      ]
     ]
    ]
   }
  },
  {
   "type": "Feature",
   "properties": {
    "name": "Lidingöbanan 21 · Ropsten–Gåshaga brygga",
    "line": "21"
   },
   "geometry": {
    "type": "MultiLineString",
    "coordinates": [
     [
      [
       18.1038447,
       59.3581022
      ],
      [
       18.1041247,
       59.3581903
      ],
      [
       18.1045283,
       59.3583234
      ],
      [
       18.1045967,
       59.3583548
      ],
      [
       18.1046424,
       59.3583828
      ],
      [
       18.1046837,
       59.3584146
      ],
      [
       18.1047206,
       59.3584526
      ],
      [
       18.1047497,
       59.358498
      ],
      [
       18.1048693,
       59.3587429
      ],
      [
       18.1049375,
       59.3588426
      ],
      [
       18.1050011,
       59.3589064
      ],
      [
       18.1050638,
       59.3589573
      ],
      [
       18.1052425,
       59.3590527
      ],
      [
       18.1054439,
       59.3591481
      ],
      [
       18.1130883,
       59.3628225
      ],
      [
       18.1132428,
       59.362889
      ],
      [
       18.1133642,
       59.3629341
      ],
      [
       18.1135108,
       59.3629756
      ],
      [
       18.1136574,
       59.3630137
      ],
      [
       18.11383,
       59.3630436
      ],
      [
       18.114022,
       59.3630675
      ],
      [
       18.1141667,
       59.3630757
      ],
      [
       18.1143269,
       59.363077
      ],
      [
       18.1144618,
       59.363073
      ],
      [
       18.1145945,
       59.3630623
      ],
      [
       18.1147152,
       59.3630458
      ],
      [
       18.1148573,
       59.3630196
      ],
      [
       18.1150083,
       59.3629843
      ],
      [
       18.1152129,
       59.3629256
      ],
      [
       18.1158575,
       59.3627431
      ],
      [
       18.1159403,
       59.3627224
      ],
      [
       18.1166088,
       59.3625548
      ],
      [
       18.1168,
       59.3624986
      ],
      [
       18.1169778,
       59.3624357
      ],
      [
       18.1171141,
       59.3623726
      ],
      [
       18.1172927,
       59.3622814
      ],
      [
       18.1173215,
       59.3622671
      ],
      [
       18.1174573,
       59.362184
      ],
      [
       18.1175751,
       59.3620978
      ],
      [
       18.1176897,
       59.3620069
      ],
      [
       18.1177476,
       59.3619475
      ],
      [
       18.1177949,
       59.3618989
      ],
      [
       18.1178734,
       59.3618044
      ],
      [
       18.117936,
       59.3617102
      ],
      [
       18.1179856,
       59.3616217
      ],
      [
       18.1180327,
       59.3615022
      ],
      [
       18.1180532,
       59.3614173
      ],
      [
       18.1180706,
       59.3613318
      ],
      [
       18.1180779,
       59.3612255
      ],
      [
       18.1180725,
       59.3611315
      ],
      [
       18.1180642,
       59.3609938
      ],
      [
       18.1180179,
       59.3606589
      ],
      [
       18.1179879,
       59.360567
      ],
      [
       18.1179268,
       59.3603701
      ],
      [
       18.1179094,
       59.3602803
      ],
      [
       18.1179059,
       59.3601969
      ],
      [
       18.1179115,
       59.3601282
      ],
      [
       18.117923,
       59.360034
      ],
      [
       18.1179509,
       59.3599462
      ],
      [
       18.117988,
       59.3598618
      ],
      [
       18.1180487,
       59.3597599
      ],
      [
       18.1181252,
       59.3596667
      ],
      [
       18.1182082,
       59.3595801
      ],
      [
       18.1183168,
       59.3594836
      ],
      [
       18.1184746,
       59.3593756
      ],
      [
       18.1186634,
       59.3592662
      ],
      [
       18.1188989,
       59.3591475
      ],
      [
       18.1193961,
       59.3589222
      ],
      [
       18.1201531,
       59.3586309
      ],
      [
       18.1217101,
       59.3580862
      ],
      [
       18.122231,
       59.3579213
      ],
      [
       18.1227238,
       59.357797
      ],
      [
       18.12294,
       59.3577512
      ],
      [
       18.1233664,
       59.3576702
      ],
      [
       18.1239284,
       59.3575947
      ],
      [
       18.1243704,
       59.357547
      ],
      [
       18.1248777,
       59.3575186
      ],
      [
       18.1252607,
       59.3575088
      ],
      [
       18.125593,
       59.3575038
      ],
      [
       18.126349,
       59.3575265
      ],
      [
       18.1268203,
       59.3575328
      ],
      [
       18.1272789,
       59.3575177
      ],
      [
       18.1277503,
       59.3574864
      ],
      [
       18.1282978,
       59.3574385
      ],
      [
       18.1286505,
       59.3574047
      ],
      [
       18.1292278,
       59.3573584
      ],
      [
       18.1296367,
       59.3573244
      ],
      [
       18.1301163,
       59.3572838
      ],
      [
       18.130848,
       59.357221
      ],
      [
       18.1315581,
       59.3571622
      ],
      [
       18.1322391,
       59.3570988
      ],
      [
       18.1326219,
       59.3570552
      ],
      [
       18.1328002,
       59.3570349
      ],
      [
       18.1333729,
       59.3569558
      ],
      [
       18.1335791,
       59.3569223
      ],
      [
       18.1339308,
       59.356857
      ],
      [
       18.1343955,
       59.3567484
      ],
      [
       18.1347526,
       59.3566424
      ],
      [
       18.1351221,
       59.3565117
      ],
      [
       18.1355107,
       59.3563514
      ],
      [
       18.1359908,
       59.3560771
      ],
      [
       18.1363169,
       59.3558534
      ],
      [
       18.1364961,
       59.3557114
      ],
      [
       18.1368313,
       59.355373
      ],
      [
       18.1375514,
       59.3546022
      ],
      [
       18.1380166,
       59.3541081
      ],
      [
       18.1381619,
       59.3539537
      ],
      [
       18.1385123,
       59.3535729
      ],
      [
       18.1386745,
       59.3534092
      ],
      [
       18.1388866,
       59.3532194
      ],
      [
       18.139235,
       59.3529449
      ],
      [
       18.1395705,
       59.3527169
      ],
      [
       18.1401228,
       59.3524091
      ],
      [
       18.1404179,
       59.352268
      ],
      [
       18.1407235,
       59.3521346
      ],
      [
       18.1410108,
       59.3520229
      ],
      [
       18.1413056,
       59.3519157
      ],
      [
       18.1416357,
       59.3518112
      ],
      [
       18.1419618,
       59.3517178
      ],
      [
       18.1424838,
       59.3515849
      ],
      [
       18.143865,
       59.3512958
      ],
      [
       18.1442095,
       59.3512097
      ],
      [
       18.1446013,
       59.351097
      ],
      [
       18.1451735,
       59.3509032
      ],
      [
       18.1456632,
       59.3507067
      ],
      [
       18.1460094,
       59.3505631
      ],
      [
       18.1462642,
       59.3504594
      ],
      [
       18.146562,
       59.350338
      ],
      [
       18.1472964,
       59.3500364
      ],
      [
       18.147601,
       59.3499145
      ],
      [
       18.147954,
       59.3497668
      ],
      [
       18.1481964,
       59.34966
      ],
      [
       18.1484252,
       59.3495474
      ],
      [
       18.1486726,
       59.3494095
      ],
      [
       18.1488468,
       59.3493051
      ],
      [
       18.1493428,
       59.3489716
      ],
      [
       18.1495242,
       59.3488517
      ],
      [
       18.1497505,
       59.348717
      ],
      [
       18.1500491,
       59.3485616
      ],
      [
       18.1503827,
       59.3484182
      ],
      [
       18.1506988,
       59.3483026
      ],
      [
       18.1510906,
       59.3481811
      ],
      [
       18.1516345,
       59.3480249
      ],
      [
       18.1527835,
       59.3476939
      ],
      [
       18.1531736,
       59.347575
      ],
      [
       18.1533591,
       59.3475092
      ],
      [
       18.1535888,
       59.3474072
      ],
      [
       18.1537922,
       59.3472894
      ],
      [
       18.1542992,
       59.3469608
      ],
      [
       18.154437,
       59.346885
      ],
      [
       18.1546535,
       59.3467955
      ],
      [
       18.1548189,
       59.346739
      ],
      [
       18.1550174,
       59.3466816
      ],
      [
       18.1551205,
       59.3466527
      ],
      [
       18.1553342,
       59.3465998
      ],
      [
       18.1557145,
       59.346499
      ],
      [
       18.1565046,
       59.3462932
      ],
      [
       18.1571457,
       59.3461263
      ],
      [
       18.1574579,
       59.346037
      ],
      [
       18.1577068,
       59.345958
      ],
      [
       18.1581162,
       59.3458129
      ],
      [
       18.1588433,
       59.3455008
      ],
      [
       18.1594451,
       59.3452437
      ],
      [
       18.1596384,
       59.3451704
      ],
      [
       18.1598332,
       59.3451029
      ],
      [
       18.1600408,
       59.34504
      ],
      [
       18.1603297,
       59.344961
      ],
      [
       18.1605865,
       59.3449041
      ],
      [
       18.160858,
       59.3448523
      ],
      [
       18.1612632,
       59.3447938
      ],
      [
       18.1625316,
       59.3446357
      ],
      [
       18.1630893,
       59.3445533
      ],
      [
       18.1636364,
       59.3444534
      ],
      [
       18.1642191,
       59.3443254
      ],
      [
       18.1649968,
       59.3441439
      ],
      [
       18.165469,
       59.3440473
      ],
      [
       18.1661687,
       59.3439086
      ],
      [
       18.1664788,
       59.3438514
      ],
      [
       18.1679028,
       59.3436095
      ],
      [
       18.1685288,
       59.343531
      ],
      [
       18.1688515,
       59.3434964
      ],
      [
       18.1693425,
       59.3434489
      ],
      [
       18.16955,
       59.3434339
      ],
      [
       18.1702591,
       59.3433882
      ],
      [
       18.1709898,
       59.3433665
      ],
      [
       18.1711152,
       59.3433629
      ],
      [
       18.1713496,
       59.3433626
      ],
      [
       18.1716538,
       59.3433659
      ],
      [
       18.1719548,
       59.3433751
      ],
      [
       18.1722763,
       59.3434004
      ],
      [
       18.1726328,
       59.3434326
      ],
      [
       18.1734134,
       59.3435367
      ],
      [
       18.1739638,
       59.3436075
      ],
      [
       18.1745565,
       59.3436879
      ],
      [
       18.1748353,
       59.3437342
      ],
      [
       18.1752023,
       59.343808
      ],
      [
       18.1754459,
       59.3438653
      ],
      [
       18.1758528,
       59.3439688
      ],
      [
       18.1762526,
       59.3440763
      ],
      [
       18.1767791,
       59.3442143
      ],
      [
       18.1770637,
       59.3442833
      ],
      [
       18.1773532,
       59.3443429
      ],
      [
       18.1776749,
       59.3444003
      ],
      [
       18.1780247,
       59.3444419
      ],
      [
       18.1783826,
       59.3444687
      ],
      [
       18.178743,
       59.3444818
      ],
      [
       18.1791786,
       59.3444726
      ],
      [
       18.1797943,
       59.344444
      ],
      [
       18.1804073,
       59.3443969
      ],
      [
       18.1805495,
       59.3443816
      ],
      [
       18.1806705,
       59.3443686
      ],
      [
       18.1809493,
       59.3443345
      ],
      [
       18.1812922,
       59.3442726
      ],
      [
       18.1815918,
       59.3442054
      ],
      [
       18.1818724,
       59.3441294
      ],
      [
       18.1822511,
       59.3440132
      ],
      [
       18.1827132,
       59.3438992
      ],
      [
       18.1839824,
       59.3435752
      ],
      [
       18.1849668,
       59.3433224
      ],
      [
       18.1854289,
       59.3432205
      ],
      [
       18.1858482,
       59.3431402
      ],
      [
       18.1864195,
       59.3430536
      ],
      [
       18.1865874,
       59.3430317
      ],
      [
       18.1870043,
       59.3429917
      ],
      [
       18.1874662,
       59.342959
      ],
      [
       18.187847,
       59.3429458
      ],
      [
       18.1883153,
       59.3429407
      ],
      [
       18.1890434,
       59.3429632
      ],
      [
       18.1896316,
       59.3430072
      ],
      [
       18.1900202,
       59.3430566
      ],
      [
       18.1904947,
       59.3431277
      ],
      [
       18.1909285,
       59.343212
      ],
      [
       18.1913194,
       59.3432958
      ],
      [
       18.1916018,
       59.3433712
      ],
      [
       18.1920001,
       59.3434921
      ],
      [
       18.1924769,
       59.3436633
      ],
      [
       18.1930373,
       59.3439448
      ],
      [
       18.1933092,
       59.3440815
      ],
      [
       18.1934713,
       59.3441696
      ],
      [
       18.1937136,
       59.3442833
      ],
      [
       18.1944739,
       59.3446584
      ],
      [
       18.1945484,
       59.3446952
      ],
      [
       18.1949337,
       59.3448742
      ],
      [
       18.1953019,
       59.3450476
      ],
      [
       18.1956066,
       59.3452055
      ],
      [
       18.1974052,
       59.3461455
      ],
      [
       18.1978174,
       59.3463539
      ],
      [
       18.1992593,
       59.3470748
      ],
      [
       18.2003747,
       59.3476158
      ],
      [
       18.2007282,
       59.3477777
      ],
      [
       18.2008422,
       59.347827
      ],
      [
       18.2009932,
       59.3478877
      ],
      [
       18.2011775,
       59.3479529
      ],
      [
       18.2015734,
       59.3480699
      ],
      [
       18.201811,
       59.3481348
      ],
      [
       18.2020392,
       59.3481831
      ],
      [
       18.2022907,
       59.3482272
      ],
      [
       18.2024957,
       59.3482611
      ],
      [
       18.2027704,
       59.3483105
      ],
      [
       18.2029117,
       59.3483293
      ],
      [
       18.2036242,
       59.3484113
      ],
      [
       18.2044121,
       59.348502
      ],
      [
       18.2047196,
       59.3485294
      ],
      [
       18.2052229,
       59.3485652
      ],
      [
       18.2053392,
       59.3485781
      ],
      [
       18.205477,
       59.3485949
      ],
      [
       18.2058295,
       59.348639
      ],
      [
       18.2063915,
       59.3487074
      ],
      [
       18.2067271,
       59.3487605
      ],
      [
       18.2069786,
       59.3488098
      ],
      [
       18.207286,
       59.3488757
      ],
      [
       18.2075772,
       59.3489522
      ],
      [
       18.2079287,
       59.3490618
      ],
      [
       18.2082018,
       59.3491592
      ],
      [
       18.2084566,
       59.3492634
      ],
      [
       18.2086901,
       59.349375
      ],
      [
       18.2089432,
       59.3495021
      ],
      [
       18.2091877,
       59.3496484
      ],
      [
       18.2093845,
       59.3497652
      ],
      [
       18.2095503,
       59.3498706
      ],
      [
       18.2096518,
       59.3499249
      ],
      [
       18.2099,
       59.3500567
      ],
      [
       18.2102135,
       59.3501872
      ],
      [
       18.2104725,
       59.3502864
      ],
      [
       18.210695,
       59.3503612
      ],
      [
       18.210938,
       59.3504317
      ],
      [
       18.2112505,
       59.3505018
      ],
      [
       18.2119079,
       59.3506311
      ],
      [
       18.2136025,
       59.3509553
      ],
      [
       18.2144809,
       59.3511377
      ],
      [
       18.2147981,
       59.3512227
      ],
      [
       18.2151423,
       59.3513344
      ],
      [
       18.2156389,
       59.3515352
      ],
      [
       18.2160017,
       59.3517152
      ],
      [
       18.2162276,
       59.3518366
      ],
      [
       18.216413,
       59.3519426
      ],
      [
       18.2167174,
       59.3521375
      ],
      [
       18.2168518,
       59.3522183
      ],
      [
       18.216956,
       59.3522825
      ],
      [
       18.2171335,
       59.3523749
      ],
      [
       18.2173212,
       59.3524647
      ],
      [
       18.2175601,
       59.3525722
      ],
      [
       18.2177327,
       59.352648
      ],
      [
       18.2178614,
       59.3527044
      ],
      [
       18.2179467,
       59.3527393
      ],
      [
       18.2181657,
       59.3528267
      ],
      [
       18.2182966,
       59.3528771
      ],
      [
       18.2184142,
       59.3529234
      ],
      [
       18.2184834,
       59.35295
      ],
      [
       18.2186377,
       59.3530076
      ],
      [
       18.2190834,
       59.3531683
      ],
      [
       18.2197198,
       59.35337
      ],
      [
       18.2200521,
       59.3534874
      ],
      [
       18.2203499,
       59.35361
      ],
      [
       18.2206352,
       59.3537422
      ],
      [
       18.220942,
       59.3539238
      ],
      [
       18.2211294,
       59.3540506
      ],
      [
       18.2213055,
       59.3541783
      ],
      [
       18.2214536,
       59.3543108
      ],
      [
       18.2216144,
       59.3544713
      ],
      [
       18.2217475,
       59.3546286
      ],
      [
       18.2218938,
       59.3548234
      ],
      [
       18.2220102,
       59.3549769
      ],
      [
       18.2221299,
       59.3551131
      ],
      [
       18.2222911,
       59.3552653
      ],
      [
       18.222375,
       59.3553358
      ],
      [
       18.2224669,
       59.3554104
      ],
      [
       18.222618,
       59.3555162
      ],
      [
       18.2228363,
       59.3556568
      ],
      [
       18.223061,
       59.3557851
      ],
      [
       18.223222,
       59.3558648
      ],
      [
       18.2234324,
       59.3559623
      ],
      [
       18.223632,
       59.3560474
      ],
      [
       18.2238227,
       59.3561176
      ],
      [
       18.2241002,
       59.35621
      ],
      [
       18.2244526,
       59.3563074
      ],
      [
       18.2247472,
       59.356378
      ],
      [
       18.2250552,
       59.3564399
      ],
      [
       18.2254054,
       59.3564945
      ],
      [
       18.2257546,
       59.356538
      ],
      [
       18.2262623,
       59.3565956
      ],
      [
       18.227214,
       59.3567045
      ],
      [
       18.2292121,
       59.356929
      ],
      [
       18.2296368,
       59.3569765
      ],
      [
       18.2297465,
       59.3569872
      ],
      [
       18.2298697,
       59.3569993
      ],
      [
       18.2301103,
       59.3570153
      ],
      [
       18.2303586,
       59.3570244
      ],
      [
       18.230584,
       59.3570274
      ],
      [
       18.2308294,
       59.3570256
      ],
      [
       18.2312031,
       59.3570083
      ],
      [
       18.2314327,
       59.3569958
      ],
      [
       18.2319979,
       59.3569654
      ],
      [
       18.2325285,
       59.3569356
      ],
      [
       18.2331767,
       59.3569127
      ],
      [
       18.2338621,
       59.3568928
      ]
     ]
    ]
   }
  },
  {
   "type": "Feature",
   "properties": {
    "name": "Tvärbanan 30 · Sickla–Solna station",
    "line": "30"
   },
   "geometry": {
    "type": "MultiLineString",
    "coordinates": [
     [
      [
       18.1207682,
       59.3068552
      ],
      [
       18.1213805,
       59.3067252
      ],
      [
       18.1214505,
       59.3067086
      ],
      [
       18.1204378,
       59.3069251
      ],
      [
       18.1202496,
       59.306964
      ],
      [
       18.1202136,
       59.3069707
      ],
      [
       18.1201485,
       59.3069829
      ],
      [
       18.1191316,
       59.3071695
      ],
      [
       18.1191094,
       59.3071736
      ],
      [
       18.1173538,
       59.307508
      ],
      [
       18.1172212,
       59.3075273
      ],
      [
       18.1170995,
       59.3075394
      ],
      [
       18.1169647,
       59.3075468
      ],
      [
       18.1168335,
       59.3075442
      ],
      [
       18.1167148,
       59.3075372
      ],
      [
       18.1165951,
       59.3075221
      ],
      [
       18.1164788,
       59.3075016
      ],
      [
       18.116358,
       59.3074716
      ],
      [
       18.1162595,
       59.3074393
      ],
      [
       18.1161617,
       59.3073996
      ],
      [
       18.1160774,
       59.3073586
      ],
      [
       18.1159974,
       59.3073099
      ],
      [
       18.1159214,
       59.3072522
      ],
      [
       18.1158594,
       59.3071979
      ],
      [
       18.1157815,
       59.3071179
      ],
      [
       18.115728,
       59.3070636
      ],
      [
       18.1151182,
       59.3064229
      ],
      [
       18.115015,
       59.3063132
      ],
      [
       18.1149152,
       59.3062086
      ],
      [
       18.1148364,
       59.306139
      ],
      [
       18.1147611,
       59.3060825
      ],
      [
       18.1146704,
       59.30603
      ],
      [
       18.1145407,
       59.3059718
      ],
      [
       18.1144256,
       59.3059308
      ],
      [
       18.1142501,
       59.3058871
      ],
      [
       18.1140877,
       59.3058628
      ],
      [
       18.1139282,
       59.3058485
      ],
      [
       18.1137897,
       59.3058456
      ],
      [
       18.1136188,
       59.3058496
      ],
      [
       18.1133892,
       59.3058674
      ],
      [
       18.1131134,
       59.3058899
      ],
      [
       18.1115403,
       59.3060298
      ],
      [
       18.1114343,
       59.3060393
      ],
      [
       18.1113468,
       59.3060471
      ],
      [
       18.1112659,
       59.3060539
      ],
      [
       18.1100009,
       59.3061626
      ],
      [
       18.109587,
       59.3061988
      ],
      [
       18.1094713,
       59.3062099
      ],
      [
       18.1085435,
       59.3062896
      ],
      [
       18.1080838,
       59.3063255
      ],
      [
       18.1080027,
       59.3063265
      ],
      [
       18.1079249,
       59.3063254
      ],
      [
       18.10785,
       59.3063163
      ],
      [
       18.1077609,
       59.3063014
      ],
      [
       18.1076908,
       59.3062826
      ],
      [
       18.1076282,
       59.3062548
      ],
      [
       18.1075671,
       59.3062277
      ],
      [
       18.1075243,
       59.3061942
      ],
      [
       18.1074751,
       59.3061508
      ],
      [
       18.107438,
       59.3060972
      ],
      [
       18.1073631,
       59.3059467
      ],
      [
       18.107333,
       59.3058909
      ],
      [
       18.1072653,
       59.3057763
      ],
      [
       18.1071898,
       59.3056622
      ],
      [
       18.1070725,
       59.3055109
      ],
      [
       18.1068921,
       59.3053201
      ],
      [
       18.1067785,
       59.3052145
      ],
      [
       18.1066533,
       59.3051091
      ],
      [
       18.1064535,
       59.3049519
      ],
      [
       18.106162,
       59.3047315
      ],
      [
       18.1058664,
       59.3045017
      ],
      [
       18.1058103,
       59.3044574
      ],
      [
       18.1057575,
       59.3044182
      ],
      [
       18.1055298,
       59.3042449
      ],
      [
       18.1047551,
       59.3036594
      ],
      [
       18.1042759,
       59.3032979
      ],
      [
       18.1040086,
       59.3030923
      ],
      [
       18.1033909,
       59.3026257
      ],
      [
       18.1031525,
       59.3024345
      ],
      [
       18.103066,
       59.302386
      ],
      [
       18.102934,
       59.3023328
      ],
      [
       18.102867,
       59.3023076
      ],
      [
       18.102771,
       59.3022892
      ],
      [
       18.1026817,
       59.3022795
      ],
      [
       18.1025975,
       59.3022762
      ],
      [
       18.1025113,
       59.3022793
      ],
      [
       18.1024035,
       59.3022927
      ],
      [
       18.1022431,
       59.3023329
      ],
      [
       18.1015725,
       59.3025563
      ],
      [
       18.1001953,
       59.3030292
      ],
      [
       18.1001012,
       59.3030618
      ],
      [
       18.0988004,
       59.3035124
      ],
      [
       18.0974162,
       59.3039904
      ],
      [
       18.0972832,
       59.3040343
      ],
      [
       18.0971592,
       59.3040668
      ],
      [
       18.0970593,
       59.3040867
      ],
      [
       18.096959,
       59.3041069
      ],
      [
       18.0968363,
       59.304125
      ],
      [
       18.0966666,
       59.3041432
      ],
      [
       18.0965263,
       59.3041537
      ],
      [
       18.0958532,
       59.3041964
      ],
      [
       18.0952744,
       59.3042353
      ],
      [
       18.0949855,
       59.3042509
      ],
      [
       18.0947838,
       59.3042569
      ],
      [
       18.0946974,
       59.3042558
      ],
      [
       18.0946041,
       59.3042532
      ],
      [
       18.094495,
       59.3042456
      ],
      [
       18.0944201,
       59.3042377
      ],
      [
       18.0942925,
       59.3042193
      ],
      [
       18.0941708,
       59.3041972
      ],
      [
       18.0940669,
       59.3041738
      ],
      [
       18.0929094,
       59.3038918
      ],
      [
       18.0928053,
       59.3038664
      ],
      [
       18.0926914,
       59.3038381
      ],
      [
       18.0919785,
       59.3036696
      ],
      [
       18.0914565,
       59.3035528
      ],
      [
       18.0895885,
       59.3030975
      ],
      [
       18.0891728,
       59.3029871
      ],
      [
       18.0887465,
       59.3028747
      ],
      [
       18.0886039,
       59.3028395
      ],
      [
       18.0880249,
       59.3026976
      ],
      [
       18.0874242,
       59.302546
      ],
      [
       18.0869894,
       59.3024407
      ],
      [
       18.084517,
       59.3018364
      ],
      [
       18.0842643,
       59.3017736
      ],
      [
       18.0840573,
       59.3017241
      ],
      [
       18.0838937,
       59.3016868
      ],
      [
       18.0837701,
       59.3016605
      ],
      [
       18.0836282,
       59.3016343
      ],
      [
       18.0834943,
       59.3016137
      ],
      [
       18.083352,
       59.3015958
      ],
      [
       18.0832353,
       59.3015844
      ],
      [
       18.083139,
       59.3015773
      ],
      [
       18.0830267,
       59.3015717
      ],
      [
       18.0828941,
       59.3015684
      ],
      [
       18.0827435,
       59.3015704
      ],
      [
       18.0826319,
       59.3015745
      ],
      [
       18.0824919,
       59.3015832
      ],
      [
       18.082384,
       59.3015936
      ],
      [
       18.0822713,
       59.3016062
      ],
      [
       18.0821535,
       59.3016222
      ],
      [
       18.0819153,
       59.301657
      ],
      [
       18.0816665,
       59.3016927
      ],
      [
       18.0815303,
       59.3017096
      ],
      [
       18.0813705,
       59.3017257
      ],
      [
       18.0812156,
       59.3017367
      ],
      [
       18.0810618,
       59.301743
      ],
      [
       18.080904,
       59.3017441
      ],
      [
       18.0807219,
       59.30174
      ],
      [
       18.0805728,
       59.3017312
      ],
      [
       18.080446,
       59.301719
      ],
      [
       18.0803065,
       59.3017038
      ],
      [
       18.0800855,
       59.3016711
      ],
      [
       18.0798272,
       59.3016153
      ],
      [
       18.0796689,
       59.3015677
      ],
      [
       18.0796217,
       59.3015506
      ],
      [
       18.0795641,
       59.3015289
      ],
      [
       18.0794982,
       59.3014996
      ],
      [
       18.0794327,
       59.3014678
      ],
      [
       18.079381,
       59.30144
      ],
      [
       18.0793181,
       59.3014001
      ],
      [
       18.0792559,
       59.3013553
      ],
      [
       18.0792015,
       59.3013085
      ],
      [
       18.0791569,
       59.3012629
      ],
      [
       18.0791209,
       59.301219
      ],
      [
       18.0790889,
       59.3011677
      ],
      [
       18.0790634,
       59.3011133
      ],
      [
       18.0790538,
       59.3010821
      ],
      [
       18.079042,
       59.3010419
      ],
      [
       18.0790358,
       59.301003
      ],
      [
       18.0790338,
       59.3009584
      ],
      [
       18.0790389,
       59.3009119
      ],
      [
       18.0790462,
       59.3008758
      ],
      [
       18.0790609,
       59.3008287
      ],
      [
       18.0790832,
       59.3007812
      ],
      [
       18.0791118,
       59.3007346
      ],
      [
       18.0791494,
       59.300687
      ],
      [
       18.0791822,
       59.3006516
      ],
      [
       18.0792129,
       59.3006187
      ],
      [
       18.0792655,
       59.3005754
      ],
      [
       18.0793247,
       59.3005334
      ],
      [
       18.0793747,
       59.3005021
      ],
      [
       18.0794299,
       59.3004707
      ],
      [
       18.0795805,
       59.3003754
      ],
      [
       18.0796535,
       59.3003331
      ],
      [
       18.0797126,
       59.3002953
      ],
      [
       18.0797549,
       59.3002674
      ],
      [
       18.0798213,
       59.3002149
      ],
      [
       18.0798639,
       59.3001804
      ],
      [
       18.0799035,
       59.3001362
      ],
      [
       18.0799472,
       59.3000877
      ],
      [
       18.079975,
       59.3000494
      ],
      [
       18.0799999,
       59.3000079
      ],
      [
       18.0800196,
       59.299966
      ],
      [
       18.0800354,
       59.2999255
      ],
      [
       18.0800848,
       59.2997502
      ],
      [
       18.0801075,
       59.2996753
      ],
      [
       18.0801439,
       59.2995597
      ],
      [
       18.0802054,
       59.2993834
      ],
      [
       18.0804474,
       59.2989181
      ],
      [
       18.0805207,
       59.2987666
      ],
      [
       18.0806172,
       59.2985374
      ],
      [
       18.0807182,
       59.2983575
      ],
      [
       18.0807509,
       59.2983071
      ],
      [
       18.0807761,
       59.2982633
      ],
      [
       18.0807976,
       59.2982233
      ],
      [
       18.0808131,
       59.2981835
      ],
      [
       18.0808279,
       59.2981398
      ],
      [
       18.0808362,
       59.2980921
      ],
      [
       18.080842,
       59.2980477
      ],
      [
       18.08084,
       59.2980026
      ],
      [
       18.0808318,
       59.2979434
      ],
      [
       18.0808124,
       59.2978889
      ],
      [
       18.0807862,
       59.297834
      ],
      [
       18.0807487,
       59.2977716
      ],
      [
       18.0807011,
       59.2977139
      ],
      [
       18.0806359,
       59.2976518
      ],
      [
       18.0805168,
       59.2975449
      ],
      [
       18.0803834,
       59.2974286
      ],
      [
       18.0802166,
       59.2972839
      ],
      [
       18.0800923,
       59.2971688
      ],
      [
       18.0799341,
       59.2970223
      ],
      [
       18.0798214,
       59.2969072
      ],
      [
       18.0797302,
       59.2968086
      ],
      [
       18.0796578,
       59.2967128
      ],
      [
       18.0795639,
       59.2965923
      ],
      [
       18.0794888,
       59.2964786
      ],
      [
       18.0793949,
       59.2963183
      ],
      [
       18.0793064,
       59.2961348
      ],
      [
       18.0792233,
       59.295939
      ],
      [
       18.0791455,
       59.2957336
      ],
      [
       18.0790597,
       59.2955268
      ],
      [
       18.0789712,
       59.2953543
      ],
      [
       18.0789041,
       59.2952556
      ],
      [
       18.0787941,
       59.2951296
      ],
      [
       18.0786796,
       59.2950293
      ],
      [
       18.0785156,
       59.2948843
      ],
      [
       18.0783673,
       59.2947799
      ],
      [
       18.0781689,
       59.2946745
      ],
      [
       18.0776919,
       59.2945115
      ],
      [
       18.0770416,
       59.2943473
      ],
      [
       18.0765681,
       59.2942358
      ],
      [
       18.075905,
       59.2940788
      ],
      [
       18.0756211,
       59.294012
      ],
      [
       18.0748754,
       59.2938408
      ],
      [
       18.0747601,
       59.2938176
      ],
      [
       18.0745053,
       59.2937655
      ],
      [
       18.073773,
       59.2936286
      ],
      [
       18.0734834,
       59.293582
      ],
      [
       18.073301,
       59.2935546
      ],
      [
       18.073014,
       59.2935204
      ],
      [
       18.0725285,
       59.2934984
      ],
      [
       18.0724024,
       59.2934984
      ],
      [
       18.0720671,
       59.2935162
      ],
      [
       18.0718392,
       59.2935395
      ],
      [
       18.0715602,
       59.293582
      ],
      [
       18.0712142,
       59.2936491
      ],
      [
       18.070659,
       59.2937641
      ],
      [
       18.0702969,
       59.2938353
      ],
      [
       18.0699509,
       59.293901
      ],
      [
       18.0696934,
       59.293938
      ],
      [
       18.0693796,
       59.2939777
      ],
      [
       18.0690255,
       59.2940051
      ],
      [
       18.068599,
       59.2940202
      ],
      [
       18.0681243,
       59.294012
      ],
      [
       18.0677622,
       59.2939901
      ],
      [
       18.0674217,
       59.2939586
      ],
      [
       18.0670623,
       59.2939079
      ],
      [
       18.0666385,
       59.293838
      ],
      [
       18.0660484,
       59.2937189
      ],
      [
       18.0654315,
       59.2935997
      ],
      [
       18.0651301,
       59.2935412
      ],
      [
       18.0647261,
       59.2934627
      ],
      [
       18.0640314,
       59.2933422
      ],
      [
       18.0636009,
       59.2932851
      ],
      [
       18.0630524,
       59.2932176
      ],
      [
       18.0624596,
       59.2931573
      ],
      [
       18.0622837,
       59.2931451
      ],
      [
       18.0618025,
       59.293119
      ],
      [
       18.0612177,
       59.2930929
      ],
      [
       18.0606598,
       59.293082
      ],
      [
       18.0602092,
       59.2930806
      ],
      [
       18.0596292,
       59.2931049
      ],
      [
       18.0587313,
       59.2931546
      ],
      [
       18.0582198,
       59.293198
      ],
      [
       18.0576485,
       59.2932551
      ],
      [
       18.0574693,
       59.2932774
      ],
      [
       18.0571574,
       59.2933162
      ],
      [
       18.0568532,
       59.293355
      ],
      [
       18.0562225,
       59.2934425
      ],
      [
       18.0558237,
       59.2935121
      ],
      [
       18.0553972,
       59.2935888
      ],
      [
       18.0541715,
       59.2938449
      ],
      [
       18.0533059,
       59.2940267
      ],
      [
       18.0528186,
       59.294129
      ],
      [
       18.0519801,
       59.2943051
      ],
      [
       18.050175,
       59.29469
      ],
      [
       18.0484798,
       59.2950529
      ],
      [
       18.0468143,
       59.2953912
      ],
      [
       18.0462332,
       59.2955093
      ],
      [
       18.0454464,
       59.2956692
      ],
      [
       18.0449973,
       59.2957642
      ],
      [
       18.0440731,
       59.2959513
      ],
      [
       18.0429919,
       59.2961676
      ],
      [
       18.0425389,
       59.2962649
      ],
      [
       18.0422519,
       59.2963169
      ],
      [
       18.0420239,
       59.2963471
      ],
      [
       18.041761,
       59.2963649
      ],
      [
       18.0415599,
       59.2963731
      ],
      [
       18.0411522,
       59.2963731
      ],
      [
       18.0404213,
       59.2963683
      ],
      [
       18.0395241,
       59.2963635
      ],
      [
       18.0385316,
       59.296358
      ],
      [
       18.0382178,
       59.2963663
      ],
      [
       18.0378708,
       59.2964157
      ],
      [
       18.0375956,
       59.2964881
      ],
      [
       18.0374293,
       59.2965429
      ],
      [
       18.0372925,
       59.2966032
      ],
      [
       18.0369894,
       59.2967703
      ],
      [
       18.0366031,
       59.2969839
      ],
      [
       18.0364798,
       59.2970455
      ],
      [
       18.0362759,
       59.2971209
      ],
      [
       18.0361337,
       59.2971715
      ],
      [
       18.0359111,
       59.2972236
      ],
      [
       18.0349643,
       59.2974413
      ],
      [
       18.0337627,
       59.2977207
      ],
      [
       18.0331154,
       59.2978691
      ],
      [
       18.0326442,
       59.2979771
      ],
      [
       18.0322592,
       59.2980741
      ],
      [
       18.0318978,
       59.2981849
      ],
      [
       18.0316485,
       59.298274
      ],
      [
       18.0314157,
       59.2983657
      ],
      [
       18.0309825,
       59.2985458
      ],
      [
       18.0307075,
       59.2986708
      ],
      [
       18.0304475,
       59.2987998
      ],
      [
       18.0302952,
       59.2988887
      ],
      [
       18.030214,
       59.2989374
      ],
      [
       18.0301516,
       59.2989702
      ],
      [
       18.0300907,
       59.299008
      ],
      [
       18.0297135,
       59.2992539
      ],
      [
       18.0293544,
       59.2994983
      ],
      [
       18.0284328,
       59.3000963
      ],
      [
       18.0268286,
       59.3011415
      ],
      [
       18.0265273,
       59.3013824
      ],
      [
       18.0260123,
       59.3020149
      ],
      [
       18.0258128,
       59.3025303
      ],
      [
       18.0258918,
       59.3034657
      ],
      [
       18.0260833,
       59.3049167
      ],
      [
       18.0259794,
       59.305231
      ],
      [
       18.0257279,
       59.3056579
      ],
      [
       18.0256124,
       59.3058779
      ],
      [
       18.0255136,
       59.3060715
      ],
      [
       18.0254777,
       59.3061418
      ],
      [
       18.0250868,
       59.306893
      ],
      [
       18.0250144,
       59.307034
      ],
      [
       18.0249568,
       59.3071873
      ],
      [
       18.0249475,
       59.3072858
      ],
      [
       18.0249541,
       59.3073783
      ],
      [
       18.0249649,
       59.3074687
      ],
      [
       18.0250024,
       59.3075714
      ],
      [
       18.0250855,
       59.3077055
      ],
      [
       18.025174,
       59.3078137
      ],
      [
       18.0253317,
       59.3079506
      ],
      [
       18.0258339,
       59.3083736
      ],
      [
       18.0261839,
       59.3086974
      ],
      [
       18.0265353,
       59.3089875
      ],
      [
       18.0266923,
       59.3091211
      ],
      [
       18.0269536,
       59.3093438
      ],
      [
       18.0272045,
       59.3095577
      ],
      [
       18.0272823,
       59.3096275
      ],
      [
       18.0273252,
       59.3096905
      ],
      [
       18.0273493,
       59.3097412
      ],
      [
       18.027344,
       59.3097959
      ],
      [
       18.0273402,
       59.3098262
      ],
      [
       18.0273332,
       59.3098507
      ],
      [
       18.0272978,
       59.3099002
      ],
      [
       18.02728,
       59.3099164
      ],
      [
       18.0272635,
       59.3099315
      ],
      [
       18.027184,
       59.3099864
      ],
      [
       18.0271065,
       59.3100223
      ],
      [
       18.0265273,
       59.3102236
      ],
      [
       18.026368,
       59.3102682
      ],
      [
       18.026204,
       59.3103066
      ],
      [
       18.0260824,
       59.3103319
      ],
      [
       18.0259543,
       59.3103557
      ],
      [
       18.0258555,
       59.3103702
      ],
      [
       18.0255792,
       59.3104017
      ],
      [
       18.0253829,
       59.3104213
      ],
      [
       18.0252588,
       59.3104407
      ],
      [
       18.0251667,
       59.3104639
      ],
      [
       18.0250561,
       59.3105069
      ],
      [
       18.0249656,
       59.3105547
      ],
      [
       18.0247478,
       59.3106777
      ],
      [
       18.0244687,
       59.3108459
      ],
      [
       18.0243523,
       59.3109168
      ],
      [
       18.0241774,
       59.3110334
      ],
      [
       18.0241285,
       59.3110656
      ],
      [
       18.0240857,
       59.3110985
      ],
      [
       18.0240488,
       59.3111371
      ],
      [
       18.0240231,
       59.3111744
      ],
      [
       18.0240077,
       59.3112095
      ],
      [
       18.0240016,
       59.3112373
      ],
      [
       18.0240001,
       59.3112744
      ],
      [
       18.0240042,
       59.311307
      ],
      [
       18.0240272,
       59.311373
      ],
      [
       18.0241892,
       59.3117069
      ],
      [
       18.0244654,
       59.3120329
      ],
      [
       18.0245859,
       59.3121772
      ],
      [
       18.0246101,
       59.3122296
      ],
      [
       18.0246213,
       59.3122811
      ],
      [
       18.0246053,
       59.312336
      ],
      [
       18.0245881,
       59.3123735
      ],
      [
       18.0245299,
       59.3124407
      ],
      [
       18.0244838,
       59.3124742
      ],
      [
       18.0244197,
       59.3125075
      ],
      [
       18.0242525,
       59.3125669
      ],
      [
       18.0226604,
       59.3129563
      ],
      [
       18.0225939,
       59.3129726
      ],
      [
       18.022374,
       59.3130304
      ],
      [
       18.0221043,
       59.3131057
      ],
      [
       18.0211461,
       59.3133878
      ],
      [
       18.0204385,
       59.313601
      ],
      [
       18.0199395,
       59.3137513
      ],
      [
       18.0191575,
       59.3139639
      ],
      [
       18.0188025,
       59.3140604
      ],
      [
       18.0179023,
       59.3142709
      ],
      [
       18.0176458,
       59.3143293
      ],
      [
       18.0169815,
       59.3144993
      ],
      [
       18.0169122,
       59.314517
      ],
      [
       18.0168412,
       59.3145366
      ],
      [
       18.0167658,
       59.3145563
      ],
      [
       18.0166331,
       59.314593
      ],
      [
       18.0164632,
       59.3146394
      ],
      [
       18.0162438,
       59.3147079
      ],
      [
       18.0159313,
       59.3148196
      ],
      [
       18.0156423,
       59.3149427
      ],
      [
       18.0145644,
       59.3155401
      ],
      [
       18.0144913,
       59.3155808
      ],
      [
       18.0144391,
       59.3156096
      ],
      [
       18.0142785,
       59.3156988
      ],
      [
       18.0137576,
       59.3159875
      ],
      [
       18.0134885,
       59.3161015
      ],
      [
       18.0133465,
       59.3161302
      ],
      [
       18.0131904,
       59.3161455
      ],
      [
       18.013031,
       59.3161445
      ],
      [
       18.0127751,
       59.3161174
      ],
      [
       18.0113004,
       59.3159399
      ],
      [
       18.0106509,
       59.315848
      ],
      [
       18.0105858,
       59.3158385
      ],
      [
       18.0104165,
       59.3158115
      ],
      [
       18.0102617,
       59.3157849
      ],
      [
       18.0101178,
       59.3157659
      ],
      [
       18.0087562,
       59.3155287
      ],
      [
       18.0076378,
       59.3152724
      ],
      [
       18.0075663,
       59.3152553
      ],
      [
       18.0073395,
       59.3152035
      ],
      [
       18.0071813,
       59.3151874
      ],
      [
       18.0070068,
       59.3151724
      ],
      [
       18.0069524,
       59.3151677
      ],
      [
       18.006796,
       59.3151619
      ],
      [
       18.0067127,
       59.3151632
      ],
      [
       18.0066459,
       59.3151627
      ],
      [
       18.0064577,
       59.3151699
      ],
      [
       18.0062867,
       59.3151815
      ],
      [
       18.0059205,
       59.3152185
      ],
      [
       18.005598,
       59.315252
      ],
      [
       18.0048462,
       59.3153329
      ],
      [
       18.0041671,
       59.3154057
      ],
      [
       18.0036635,
       59.3154624
      ],
      [
       18.0031593,
       59.3155038
      ],
      [
       18.0027871,
       59.3155346
      ],
      [
       18.0023807,
       59.315574
      ],
      [
       18.0020139,
       59.3156257
      ],
      [
       18.0018245,
       59.3156586
      ],
      [
       18.0016708,
       59.3156916
      ],
      [
       18.0015463,
       59.3157269
      ],
      [
       18.0014421,
       59.3157601
      ],
      [
       18.0012769,
       59.3158343
      ],
      [
       18.0011497,
       59.3159079
      ],
      [
       18.0010394,
       59.3159868
      ],
      [
       18.0009414,
       59.3160728
      ],
      [
       18.000479,
       59.316511
      ],
      [
       17.9999478,
       59.3170056
      ],
      [
       17.9994096,
       59.3174631
      ],
      [
       17.998441,
       59.3182053
      ],
      [
       17.9974533,
       59.3189534
      ],
      [
       17.9969336,
       59.3193589
      ],
      [
       17.9967404,
       59.3195225
      ],
      [
       17.9965746,
       59.3196858
      ],
      [
       17.9964032,
       59.3198908
      ],
      [
       17.9962724,
       59.3200853
      ],
      [
       17.9961808,
       59.3202864
      ],
      [
       17.9960969,
       59.3204904
      ],
      [
       17.9960658,
       59.3205957
      ],
      [
       17.9960446,
       59.3207245
      ],
      [
       17.9960264,
       59.3208574
      ],
      [
       17.9960318,
       59.3209877
      ],
      [
       17.9960419,
       59.3211275
      ],
      [
       17.9960747,
       59.3212837
      ],
      [
       17.9961308,
       59.3214732
      ],
      [
       17.9963363,
       59.3219326
      ],
      [
       17.9964749,
       59.3223559
      ],
      [
       17.9964599,
       59.3225507
      ],
      [
       17.9964026,
       59.3228117
      ],
      [
       17.9963594,
       59.3229077
      ],
      [
       17.9962554,
       59.3230685
      ],
      [
       17.996115,
       59.3232247
      ],
      [
       17.9957255,
       59.3235481
      ],
      [
       17.9947961,
       59.3242241
      ],
      [
       17.9942885,
       59.3244948
      ],
      [
       17.9938976,
       59.3246334
      ],
      [
       17.9933886,
       59.3247488
      ],
      [
       17.9930938,
       59.3248087
      ],
      [
       17.9923365,
       59.3249482
      ],
      [
       17.9920514,
       59.3249952
      ],
      [
       17.991714,
       59.3250659
      ],
      [
       17.9914249,
       59.3251357
      ],
      [
       17.9907305,
       59.3253427
      ],
      [
       17.9904099,
       59.3254413
      ],
      [
       17.9889801,
       59.3258736
      ],
      [
       17.9867365,
       59.3265467
      ],
      [
       17.984856,
       59.3271112
      ],
      [
       17.9843457,
       59.3272803
      ],
      [
       17.9839987,
       59.3274156
      ],
      [
       17.9836659,
       59.3275636
      ],
      [
       17.9834423,
       59.3276808
      ],
      [
       17.9832599,
       59.3277864
      ],
      [
       17.9830106,
       59.327951
      ],
      [
       17.9828424,
       59.3280879
      ],
      [
       17.9826805,
       59.3282513
      ],
      [
       17.9825585,
       59.3284135
      ],
      [
       17.9824788,
       59.3285621
      ],
      [
       17.98238,
       59.3287511
      ],
      [
       17.9822492,
       59.3289715
      ],
      [
       17.9820683,
       59.3292391
      ],
      [
       17.9818211,
       59.3295617
      ],
      [
       17.9815388,
       59.3299174
      ],
      [
       17.9814742,
       59.3300043
      ],
      [
       17.9813107,
       59.3302202
      ],
      [
       17.9811108,
       59.3304313
      ],
      [
       17.980939,
       59.3305911
      ],
      [
       17.9807448,
       59.3307474
      ],
      [
       17.9804164,
       59.3309865
      ],
      [
       17.9801864,
       59.3311643
      ],
      [
       17.9800166,
       59.3313113
      ],
      [
       17.9799027,
       59.3314323
      ],
      [
       17.9798343,
       59.3315319
      ],
      [
       17.979759,
       59.3316502
      ],
      [
       17.9797197,
       59.3317511
      ],
      [
       17.9796901,
       59.3318605
      ],
      [
       17.9796733,
       59.3319456
      ],
      [
       17.9796692,
       59.3320247
      ],
      [
       17.979686,
       59.3321255
      ],
      [
       17.9797134,
       59.332239
      ],
      [
       17.9797431,
       59.3323356
      ],
      [
       17.9798335,
       59.3325872
      ],
      [
       17.9798764,
       59.332704
      ],
      [
       17.9798957,
       59.3327446
      ],
      [
       17.9799196,
       59.332812
      ],
      [
       17.9800475,
       59.3331316
      ],
      [
       17.980106,
       59.3332648
      ],
      [
       17.980226,
       59.3335622
      ],
      [
       17.9802686,
       59.3336717
      ],
      [
       17.9803155,
       59.3337941
      ],
      [
       17.9803812,
       59.3339789
      ],
      [
       17.9804169,
       59.3340894
      ],
      [
       17.9806008,
       59.3346586
      ],
      [
       17.9806618,
       59.3349263
      ],
      [
       17.980765,
       59.3353442
      ],
      [
       17.9808334,
       59.3358346
      ],
      [
       17.9807417,
       59.3362739
      ],
      [
       17.9805001,
       59.3366547
      ],
      [
       17.9796758,
       59.3372468
      ],
      [
       17.9747928,
       59.3400281
      ],
      [
       17.9742987,
       59.3403042
      ],
      [
       17.9737831,
       59.3405826
      ],
      [
       17.9727573,
       59.3411367
      ],
      [
       17.9703302,
       59.3424534
      ],
      [
       17.9697153,
       59.3427852
      ],
      [
       17.9693819,
       59.3429723
      ],
      [
       17.9692017,
       59.3430781
      ],
      [
       17.9690417,
       59.3431686
      ],
      [
       17.9685814,
       59.3434382
      ],
      [
       17.9684508,
       59.3435132
      ],
      [
       17.9682887,
       59.3436238
      ],
      [
       17.9681579,
       59.3437397
      ],
      [
       17.9675617,
       59.3445252
      ],
      [
       17.9672097,
       59.3450147
      ],
      [
       17.9669595,
       59.3453549
      ],
      [
       17.9668803,
       59.345449
      ],
      [
       17.9668061,
       59.3455214
      ],
      [
       17.9666521,
       59.3456496
      ],
      [
       17.9665317,
       59.3457294
      ],
      [
       17.9663716,
       59.3458215
      ],
      [
       17.9658356,
       59.3460781
      ],
      [
       17.9652138,
       59.3463767
      ],
      [
       17.9650094,
       59.3464864
      ],
      [
       17.9648089,
       59.346622
      ],
      [
       17.9645321,
       59.3468217
      ],
      [
       17.964392,
       59.3469936
      ],
      [
       17.9631633,
       59.3488137
      ],
      [
       17.9626448,
       59.349625
      ],
      [
       17.962499,
       59.3499418
      ],
      [
       17.9624332,
       59.3501094
      ],
      [
       17.9623121,
       59.3503183
      ],
      [
       17.9621485,
       59.3505313
      ],
      [
       17.9619896,
       59.3507024
      ],
      [
       17.9615574,
       59.3511748
      ],
      [
       17.960889,
       59.3520732
      ],
      [
       17.9605393,
       59.3525433
      ],
      [
       17.9599557,
       59.3534119
      ],
      [
       17.9598926,
       59.3536938
      ],
      [
       17.959922,
       59.3538444
      ],
      [
       17.9599767,
       59.3539739
      ],
      [
       17.9600746,
       59.3541168
      ],
      [
       17.9605997,
       59.3547246
      ],
      [
       17.9607214,
       59.3548654
      ],
      [
       17.9611239,
       59.3555668
      ],
      [
       17.9613306,
       59.3559271
      ],
      [
       17.9615664,
       59.3563354
      ],
      [
       17.9616189,
       59.3564302
      ],
      [
       17.9618171,
       59.3567694
      ],
      [
       17.961974,
       59.3570682
      ],
      [
       17.9620405,
       59.3572794
      ],
      [
       17.9620641,
       59.3574688
      ],
      [
       17.9620269,
       59.3578235
      ],
      [
       17.9619589,
       59.3580073
      ],
      [
       17.9618834,
       59.3581563
      ],
      [
       17.9618325,
       59.3582297
      ],
      [
       17.961581,
       59.3585651
      ],
      [
       17.9613646,
       59.3588476
      ],
      [
       17.9609026,
       59.3594488
      ],
      [
       17.9607852,
       59.3596185
      ],
      [
       17.9607655,
       59.3596637
      ],
      [
       17.9607537,
       59.3597091
      ],
      [
       17.9607439,
       59.3597687
      ],
      [
       17.9607486,
       59.3598139
      ],
      [
       17.9607643,
       59.3598588
      ],
      [
       17.9607858,
       59.359903
      ],
      [
       17.9608175,
       59.3599458
      ],
      [
       17.9608586,
       59.3599849
      ],
      [
       17.9609054,
       59.3600225
      ],
      [
       17.9609558,
       59.3600567
      ],
      [
       17.9610215,
       59.3600893
      ],
      [
       17.9611015,
       59.3601209
      ],
      [
       17.9611595,
       59.3601433
      ],
      [
       17.9612363,
       59.3601694
      ],
      [
       17.9613746,
       59.3602089
      ],
      [
       17.962185,
       59.3604186
      ],
      [
       17.9622823,
       59.3604494
      ],
      [
       17.9635311,
       59.3608441
      ],
      [
       17.9636908,
       59.3608888
      ],
      [
       17.9639497,
       59.3609648
      ],
      [
       17.9651387,
       59.3612526
      ],
      [
       17.9653226,
       59.3612971
      ],
      [
       17.9657306,
       59.3613918
      ],
      [
       17.9659848,
       59.361432
      ],
      [
       17.9662306,
       59.3614573
      ],
      [
       17.9663781,
       59.3614664
      ],
      [
       17.9665274,
       59.3614717
      ],
      [
       17.966724,
       59.3614728
      ],
      [
       17.966898,
       59.3614664
      ],
      [
       17.9670735,
       59.3614551
      ],
      [
       17.967447,
       59.3614228
      ],
      [
       17.9677781,
       59.3613947
      ],
      [
       17.967987,
       59.3613756
      ],
      [
       17.9686855,
       59.3613163
      ],
      [
       17.9688289,
       59.3612992
      ],
      [
       17.9689455,
       59.3612774
      ],
      [
       17.9690468,
       59.3612536
      ],
      [
       17.9691855,
       59.3612139
      ],
      [
       17.9692381,
       59.3611969
      ],
      [
       17.9694158,
       59.3611396
      ],
      [
       17.9697284,
       59.361029
      ],
      [
       17.9702096,
       59.3608504
      ],
      [
       17.9706689,
       59.3606564
      ],
      [
       17.9708256,
       59.3605952
      ],
      [
       17.9716524,
       59.3601933
      ],
      [
       17.9723315,
       59.3598984
      ],
      [
       17.9725583,
       59.3598116
      ],
      [
       17.97262,
       59.3597934
      ],
      [
       17.9727242,
       59.3597731
      ],
      [
       17.972819,
       59.35976
      ],
      [
       17.9729134,
       59.3597544
      ],
      [
       17.9729736,
       59.3597542
      ],
      [
       17.9730322,
       59.3597565
      ],
      [
       17.97313,
       59.3597655
      ],
      [
       17.9732282,
       59.3597805
      ],
      [
       17.9732907,
       59.3597933
      ],
      [
       17.9733509,
       59.3598099
      ],
      [
       17.9734521,
       59.3598409
      ],
      [
       17.9762824,
       59.3609943
      ],
      [
       17.9764049,
       59.3610335
      ],
      [
       17.9765014,
       59.361054
      ],
      [
       17.9766223,
       59.3610675
      ],
      [
       17.9767241,
       59.3610724
      ],
      [
       17.9768461,
       59.3610683
      ],
      [
       17.9769554,
       59.3610564
      ],
      [
       17.9770733,
       59.3610315
      ],
      [
       17.9771848,
       59.3609927
      ],
      [
       17.9773289,
       59.3609153
      ],
      [
       17.9774111,
       59.3608561
      ],
      [
       17.9774701,
       59.3608161
      ],
      [
       17.9775156,
       59.3607822
      ],
      [
       17.9777701,
       59.3605995
      ],
      [
       17.9783419,
       59.3601937
      ],
      [
       17.9785865,
       59.3600135
      ],
      [
       17.9788618,
       59.3598299
      ],
      [
       17.9791392,
       59.3596517
      ],
      [
       17.9795595,
       59.3593806
      ],
      [
       17.9798118,
       59.3592152
      ],
      [
       17.9803424,
       59.3589092
      ],
      [
       17.980599,
       59.3587762
      ],
      [
       17.9814926,
       59.3583101
      ],
      [
       17.9816406,
       59.358233
      ],
      [
       17.9820029,
       59.3580433
      ],
      [
       17.9822843,
       59.3579109
      ],
      [
       17.9823831,
       59.3578708
      ],
      [
       17.9825029,
       59.3578375
      ],
      [
       17.9826115,
       59.3578149
      ],
      [
       17.9827179,
       59.3577976
      ],
      [
       17.9828408,
       59.357791
      ],
      [
       17.9829267,
       59.3577889
      ],
      [
       17.9830817,
       59.3577986
      ],
      [
       17.983211,
       59.3578183
      ],
      [
       17.9833273,
       59.3578437
      ],
      [
       17.9835159,
       59.3579017
      ],
      [
       17.9857475,
       59.3586363
      ],
      [
       17.9859931,
       59.358721
      ],
      [
       17.9861772,
       59.3587865
      ],
      [
       17.9863617,
       59.3588578
      ],
      [
       17.9872611,
       59.3591936
      ],
      [
       17.9876433,
       59.3593391
      ],
      [
       17.9880543,
       59.3594846
      ],
      [
       17.9884788,
       59.3596242
      ],
      [
       17.9888425,
       59.3597314
      ],
      [
       17.9892922,
       59.3598526
      ],
      [
       17.9897462,
       59.3599632
      ],
      [
       17.9901317,
       59.3600505
      ],
      [
       17.9905983,
       59.3601474
      ],
      [
       17.9914574,
       59.3603193
      ],
      [
       17.9930859,
       59.3606471
      ],
      [
       17.9934963,
       59.3607273
      ],
      [
       17.994705,
       59.3609727
      ],
      [
       17.9947531,
       59.3609833
      ],
      [
       17.9950154,
       59.361041
      ],
      [
       17.9955237,
       59.3611551
      ],
      [
       17.9956104,
       59.3611751
      ],
      [
       17.9961475,
       59.3612991
      ],
      [
       17.996964,
       59.361488
      ],
      [
       17.9974051,
       59.3615863
      ],
      [
       17.9976842,
       59.3616349
      ],
      [
       17.9979317,
       59.3616734
      ],
      [
       17.9982996,
       59.3617167
      ],
      [
       17.9985693,
       59.3617414
      ],
      [
       17.9991636,
       59.3617832
      ],
      [
       18.0015996,
       59.3619642
      ],
      [
       18.0018254,
       59.3619682
      ],
      [
       18.0020879,
       59.3619575
      ],
      [
       18.0023241,
       59.3619374
      ],
      [
       18.0030277,
       59.3618221
      ],
      [
       18.0032508,
       59.3617879
      ],
      [
       18.0034765,
       59.3617591
      ],
      [
       18.0037102,
       59.3617363
      ],
      [
       18.0039622,
       59.3617229
      ],
      [
       18.0041825,
       59.3617262
      ],
      [
       18.0044373,
       59.361741
      ],
      [
       18.0046434,
       59.3617725
      ],
      [
       18.0047917,
       59.3617989
      ],
      [
       18.0049532,
       59.3618421
      ],
      [
       18.0050946,
       59.3618873
      ],
      [
       18.0052472,
       59.3619493
      ],
      [
       18.005389,
       59.362025
      ],
      [
       18.0055204,
       59.3621012
      ],
      [
       18.0058323,
       59.3622879
      ],
      [
       18.0062167,
       59.3625134
      ],
      [
       18.0062943,
       59.3625597
      ],
      [
       18.007402,
       59.36322
      ],
      [
       18.0074149,
       59.3632277
      ],
      [
       18.0079392,
       59.3635462
      ],
      [
       18.0081562,
       59.3636726
      ],
      [
       18.0085078,
       59.3638626
      ]
     ]
    ]
   }
  },
  {
   "type": "Feature",
   "properties": {
    "name": "Tvärbanan 31 · Alviks strand–Bromma flygplats",
    "line": "31"
   },
   "geometry": {
    "type": "MultiLineString",
    "coordinates": [
     [
      [
       17.9467457,
       59.3570273
      ],
      [
       17.9468816,
       59.3567208
      ],
      [
       17.9469292,
       59.3566133
      ],
      [
       17.9470099,
       59.3564997
      ],
      [
       17.9471175,
       59.356403
      ],
      [
       17.9473336,
       59.3562782
      ],
      [
       17.9476897,
       59.3561634
      ],
      [
       17.9481018,
       59.3560877
      ],
      [
       17.9503421,
       59.3556765
      ],
      [
       17.9509148,
       59.3555506
      ],
      [
       17.9514685,
       59.3554042
      ],
      [
       17.9520004,
       59.3552381
      ],
      [
       17.9530836,
       59.3548464
      ],
      [
       17.9543131,
       59.3544612
      ],
      [
       17.9550242,
       59.3542782
      ],
      [
       17.9561232,
       59.3540199
      ],
      [
       17.9569651,
       59.3538221
      ],
      [
       17.9575273,
       59.35369
      ],
      [
       17.958894,
       59.3533688
      ],
      [
       17.9593589,
       59.353242
      ],
      [
       17.9598393,
       59.3530389
      ],
      [
       17.9601474,
       59.3528347
      ],
      [
       17.9604575,
       59.3525392
      ],
      [
       17.9610111,
       59.3518116
      ],
      [
       17.9613911,
       59.3513123
      ],
      [
       17.9615012,
       59.3511676
      ],
      [
       17.9618687,
       59.350682
      ],
      [
       17.9621284,
       59.3502878
      ],
      [
       17.9623746,
       59.3499155
      ],
      [
       17.9627928,
       59.3492251
      ],
      [
       17.9628293,
       59.3491648
      ],
      [
       17.9643028,
       59.3469674
      ],
      [
       17.9644652,
       59.3467946
      ],
      [
       17.9647314,
       59.3466008
      ],
      [
       17.9649677,
       59.3464526
      ],
      [
       17.9651798,
       59.3463338
      ],
      [
       17.9657941,
       59.3460165
      ],
      [
       17.9662807,
       59.3457572
      ],
      [
       17.9664271,
       59.3456719
      ],
      [
       17.9665449,
       59.3455897
      ],
      [
       17.9666897,
       59.3454665
      ],
      [
       17.9667903,
       59.3453503
      ],
      [
       17.967445,
       59.3444677
      ],
      [
       17.9675802,
       59.3442904
      ],
      [
       17.9679103,
       59.3438284
      ],
      [
       17.9680026,
       59.3437133
      ],
      [
       17.9680699,
       59.3436411
      ],
      [
       17.9681491,
       59.3435761
      ],
      [
       17.9682375,
       59.3435125
      ],
      [
       17.9683569,
       59.34344
      ],
      [
       17.9686692,
       59.3432692
      ],
      [
       17.9688268,
       59.3431845
      ],
      [
       17.9691318,
       59.3430219
      ],
      [
       17.9693144,
       59.3429277
      ],
      [
       17.9697334,
       59.3427218
      ],
      [
       17.9702826,
       59.3424286
      ],
      [
       17.9727114,
       59.3411119
      ],
      [
       17.973738,
       59.3405573
      ],
      [
       17.9742536,
       59.3402785
      ],
      [
       17.9747448,
       59.3400042
      ],
      [
       17.9796269,
       59.3372245
      ],
      [
       17.9799021,
       59.3370131
      ],
      [
       17.9803726,
       59.3366723
      ],
      [
       17.9806046,
       59.3362404
      ],
      [
       17.9807354,
       59.3357538
      ],
      [
       17.9806667,
       59.3353395
      ],
      [
       17.9805577,
       59.3348638
      ],
      [
       17.9805044,
       59.3346893
      ],
      [
       17.9803028,
       59.3340287
      ],
      [
       17.9802719,
       59.3339395
      ],
      [
       17.9802331,
       59.3338286
      ],
      [
       17.9801205,
       59.3335788
      ],
      [
       17.9800078,
       59.3332723
      ],
      [
       17.9798492,
       59.3328256
      ],
      [
       17.9798268,
       59.3327554
      ],
      [
       17.9798064,
       59.3327114
      ],
      [
       17.9797676,
       59.3325893
      ],
      [
       17.9796745,
       59.3323371
      ],
      [
       17.9796383,
       59.3322434
      ],
      [
       17.9796108,
       59.3321278
      ],
      [
       17.9796021,
       59.3320074
      ],
      [
       17.9796088,
       59.331937
      ],
      [
       17.9796209,
       59.3318378
      ],
      [
       17.9796503,
       59.3317516
      ],
      [
       17.9796919,
       59.3316497
      ],
      [
       17.9797643,
       59.3315244
      ],
      [
       17.9798434,
       59.3314191
      ],
      [
       17.979944,
       59.3313104
      ],
      [
       17.9801291,
       59.3311476
      ],
      [
       17.9803718,
       59.330969
      ],
      [
       17.9807031,
       59.3307153
      ],
      [
       17.9808869,
       59.3305668
      ],
      [
       17.9810545,
       59.3304108
      ],
      [
       17.9812392,
       59.3302028
      ],
      [
       17.9813912,
       59.3299985
      ],
      [
       17.9815692,
       59.3297157
      ],
      [
       17.9818866,
       59.329374
      ],
      [
       17.982003,
       59.3292273
      ],
      [
       17.9821901,
       59.3289535
      ]
     ]
    ]
   }
  },
  {
   "type": "Feature",
   "properties": {
    "name": "Roslagsbanan 27 · Tekniska högskolan–Lindholmen",
    "line": "27"
   },
   "geometry": {
    "type": "MultiLineString",
    "coordinates": [
     [
      [
       18.0708353,
       59.3464023
      ],
      [
       18.0700282,
       59.3467774
      ],
      [
       18.0697562,
       59.3469071
      ],
      [
       18.0696406,
       59.3469621
      ],
      [
       18.06956,
       59.3470036
      ],
      [
       18.0694759,
       59.3470494
      ],
      [
       18.0693867,
       59.3470988
      ],
      [
       18.0692886,
       59.3471555
      ],
      [
       18.0691792,
       59.3472248
      ],
      [
       18.0691742,
       59.347228
      ],
      [
       18.0689314,
       59.3473849
      ],
      [
       18.0686913,
       59.3475434
      ],
      [
       18.0685648,
       59.3476254
      ],
      [
       18.0684444,
       59.3477034
      ],
      [
       18.0682386,
       59.3478374
      ],
      [
       18.0679815,
       59.3480043
      ],
      [
       18.0676034,
       59.3482499
      ],
      [
       18.0674493,
       59.3483504
      ],
      [
       18.0669822,
       59.3486559
      ],
      [
       18.0669713,
       59.348663
      ],
      [
       18.066667,
       59.34886
      ],
      [
       18.0663711,
       59.3490534
      ],
      [
       18.0663635,
       59.3490584
      ],
      [
       18.0663469,
       59.3490686
      ],
      [
       18.0662382,
       59.3491403
      ],
      [
       18.0661359,
       59.3492142
      ],
      [
       18.0660501,
       59.3492805
      ],
      [
       18.0659765,
       59.3493409
      ],
      [
       18.0659065,
       59.3494031
      ],
      [
       18.0658494,
       59.3494564
      ],
      [
       18.0658174,
       59.3494891
      ],
      [
       18.0658145,
       59.349492
      ],
      [
       18.0657989,
       59.3495079
      ],
      [
       18.0657491,
       59.3495605
      ],
      [
       18.0657078,
       59.3496061
      ],
      [
       18.0656685,
       59.349654
      ],
      [
       18.0656263,
       59.3497076
      ],
      [
       18.0655839,
       59.3497641
      ],
      [
       18.0655434,
       59.3498268
      ],
      [
       18.0654978,
       59.3499003
      ],
      [
       18.0654598,
       59.3499729
      ],
      [
       18.0654212,
       59.3500556
      ],
      [
       18.0653222,
       59.3502831
      ],
      [
       18.0652954,
       59.3503453
      ],
      [
       18.0651262,
       59.3507459
      ],
      [
       18.0651176,
       59.3507664
      ],
      [
       18.0650976,
       59.3508137
      ],
      [
       18.0650249,
       59.3509828
      ],
      [
       18.0649553,
       59.3511267
      ],
      [
       18.0648667,
       59.3512811
      ],
      [
       18.0647773,
       59.3514086
      ],
      [
       18.064688,
       59.3515207
      ],
      [
       18.0645899,
       59.3516298
      ],
      [
       18.064495,
       59.3517217
      ],
      [
       18.0643951,
       59.35181
      ],
      [
       18.0643209,
       59.3518708
      ],
      [
       18.0642453,
       59.3519302
      ],
      [
       18.0641675,
       59.3519888
      ],
      [
       18.0640853,
       59.3520466
      ],
      [
       18.0639425,
       59.3521383
      ],
      [
       18.0637935,
       59.3522268
      ],
      [
       18.0636151,
       59.3523223
      ],
      [
       18.0634321,
       59.3524155
      ],
      [
       18.0632348,
       59.3525003
      ],
      [
       18.0630582,
       59.352572
      ],
      [
       18.0628566,
       59.352645
      ],
      [
       18.0626381,
       59.3527174
      ],
      [
       18.0624058,
       59.3527915
      ],
      [
       18.0621564,
       59.3528699
      ],
      [
       18.0619264,
       59.3529442
      ],
      [
       18.0617027,
       59.3530218
      ],
      [
       18.0614946,
       59.353103
      ],
      [
       18.0612959,
       59.3531908
      ],
      [
       18.0611249,
       59.3532723
      ],
      [
       18.0609645,
       59.3533603
      ],
      [
       18.0607923,
       59.3534631
      ],
      [
       18.0606348,
       59.3535697
      ],
      [
       18.0605051,
       59.3536695
      ],
      [
       18.0603896,
       59.3537654
      ],
      [
       18.0602898,
       59.353861
      ],
      [
       18.0602045,
       59.3539505
      ],
      [
       18.0601254,
       59.3540415
      ],
      [
       18.0600085,
       59.3541997
      ],
      [
       18.0599327,
       59.3543212
      ],
      [
       18.0598584,
       59.3544748
      ],
      [
       18.0598022,
       59.3546262
      ],
      [
       18.0597638,
       59.3547811
      ],
      [
       18.0597425,
       59.3549452
      ],
      [
       18.059742,
       59.3551048
      ],
      [
       18.0597573,
       59.3552544
      ],
      [
       18.0597676,
       59.355308
      ],
      [
       18.0597989,
       59.3554288
      ],
      [
       18.0598334,
       59.3555485
      ],
      [
       18.0599102,
       59.355755
      ],
      [
       18.0600188,
       59.3560363
      ],
      [
       18.0600616,
       59.3561723
      ],
      [
       18.0600863,
       59.3562753
      ],
      [
       18.0600987,
       59.3563417
      ],
      [
       18.0601155,
       59.3564355
      ],
      [
       18.0601132,
       59.3565969
      ],
      [
       18.0601008,
       59.3567418
      ],
      [
       18.0600752,
       59.356886
      ],
      [
       18.0600337,
       59.357027
      ],
      [
       18.059979,
       59.3571658
      ],
      [
       18.059892,
       59.3573313
      ],
      [
       18.0598172,
       59.3574492
      ],
      [
       18.0597732,
       59.3575107
      ],
      [
       18.0597256,
       59.3575722
      ],
      [
       18.0596749,
       59.3576332
      ],
      [
       18.0596224,
       59.3576938
      ],
      [
       18.0595429,
       59.3577783
      ],
      [
       18.0594661,
       59.3578559
      ],
      [
       18.0593653,
       59.3579542
      ],
      [
       18.0592152,
       59.3580885
      ],
      [
       18.0590613,
       59.3582209
      ],
      [
       18.0587846,
       59.3584524
      ],
      [
       18.0585095,
       59.3586827
      ],
      [
       18.0580045,
       59.3591054
      ],
      [
       18.0574264,
       59.3595886
      ],
      [
       18.0572428,
       59.3597446
      ],
      [
       18.0570707,
       59.3598952
      ],
      [
       18.0569634,
       59.3599949
      ],
      [
       18.0568633,
       59.3600899
      ],
      [
       18.0565272,
       59.3604177
      ],
      [
       18.0564216,
       59.3605206
      ],
      [
       18.0560221,
       59.3609154
      ],
      [
       18.0551376,
       59.3617857
      ],
      [
       18.0547201,
       59.3621926
      ],
      [
       18.0545983,
       59.3623118
      ],
      [
       18.0545223,
       59.3623826
      ],
      [
       18.0543814,
       59.3625097
      ],
      [
       18.0542896,
       59.3625883
      ],
      [
       18.0540694,
       59.3627675
      ],
      [
       18.0538433,
       59.3629453
      ],
      [
       18.0532988,
       59.3633533
      ],
      [
       18.0528875,
       59.3636566
      ],
      [
       18.0523497,
       59.3640556
      ],
      [
       18.0521342,
       59.3642148
      ],
      [
       18.0517877,
       59.3644733
      ],
      [
       18.0515595,
       59.3646406
      ],
      [
       18.0508438,
       59.3651721
      ],
      [
       18.0503255,
       59.365557
      ],
      [
       18.050098,
       59.3657328
      ],
      [
       18.049879,
       59.3659132
      ],
      [
       18.0497417,
       59.3660442
      ],
      [
       18.0496077,
       59.3661799
      ],
      [
       18.049491,
       59.3663148
      ],
      [
       18.049381,
       59.3664526
      ],
      [
       18.0492867,
       59.3665888
      ],
      [
       18.0492012,
       59.3667279
      ],
      [
       18.0491026,
       59.366918
      ],
      [
       18.0490202,
       59.3671096
      ],
      [
       18.0489316,
       59.3673491
      ],
      [
       18.0488615,
       59.3675938
      ],
      [
       18.0488097,
       59.3678357
      ],
      [
       18.0487767,
       59.368083
      ],
      [
       18.0487631,
       59.3683274
      ],
      [
       18.0487645,
       59.3685613
      ],
      [
       18.0487834,
       59.368789
      ],
      [
       18.0488194,
       59.3690201
      ],
      [
       18.0488707,
       59.369245
      ],
      [
       18.0489374,
       59.3694712
      ],
      [
       18.0490203,
       59.3696931
      ],
      [
       18.0491177,
       59.3699149
      ],
      [
       18.0491776,
       59.3700316
      ],
      [
       18.049237,
       59.3701447
      ],
      [
       18.0492789,
       59.3702217
      ],
      [
       18.0493233,
       59.370298
      ],
      [
       18.0494155,
       59.3704526
      ],
      [
       18.0495403,
       59.3706833
      ],
      [
       18.0496184,
       59.370839
      ],
      [
       18.0496918,
       59.3710088
      ],
      [
       18.0497452,
       59.37117
      ],
      [
       18.0497817,
       59.3713188
      ],
      [
       18.0498087,
       59.3714816
      ],
      [
       18.0498199,
       59.3716331
      ],
      [
       18.049817,
       59.3717934
      ],
      [
       18.0498033,
       59.3719446
      ],
      [
       18.0497739,
       59.3721094
      ],
      [
       18.0497347,
       59.3722508
      ],
      [
       18.0496817,
       59.3724087
      ],
      [
       18.0496179,
       59.3725525
      ],
      [
       18.0495397,
       59.3727052
      ],
      [
       18.0494547,
       59.3728448
      ],
      [
       18.0493498,
       59.3729908
      ],
      [
       18.0492402,
       59.3731299
      ],
      [
       18.0491141,
       59.3732697
      ],
      [
       18.048978,
       59.3734061
      ],
      [
       18.0488403,
       59.3735328
      ],
      [
       18.0486919,
       59.3736539
      ],
      [
       18.0485396,
       59.3737742
      ],
      [
       18.0483727,
       59.3738883
      ],
      [
       18.0481268,
       59.3740468
      ],
      [
       18.0478781,
       59.3742014
      ],
      [
       18.0475562,
       59.3744054
      ],
      [
       18.0474584,
       59.3744754
      ],
      [
       18.0473589,
       59.3745441
      ],
      [
       18.0472805,
       59.374601
      ],
      [
       18.0472012,
       59.3746568
      ],
      [
       18.0470863,
       59.3747517
      ],
      [
       18.046974,
       59.3748498
      ],
      [
       18.0468414,
       59.3749749
      ],
      [
       18.0467087,
       59.3751082
      ],
      [
       18.0466458,
       59.3751715
      ],
      [
       18.0464737,
       59.3753537
      ],
      [
       18.0463468,
       59.3754806
      ],
      [
       18.0461267,
       59.3757036
      ],
      [
       18.0460116,
       59.3758211
      ],
      [
       18.045488,
       59.3763615
      ],
      [
       18.045404,
       59.3764484
      ],
      [
       18.045179,
       59.3766792
      ],
      [
       18.0450625,
       59.3768002
      ],
      [
       18.0449525,
       59.3769155
      ],
      [
       18.0447366,
       59.3771449
      ],
      [
       18.0446372,
       59.3772575
      ],
      [
       18.0445351,
       59.3773683
      ],
      [
       18.044417,
       59.3775183
      ],
      [
       18.0442978,
       59.3776695
      ],
      [
       18.044201,
       59.3778094
      ],
      [
       18.0441945,
       59.377819
      ],
      [
       18.0439226,
       59.3782729
      ],
      [
       18.0436599,
       59.3787285
      ],
      [
       18.0436524,
       59.3787422
      ],
      [
       18.0431227,
       59.3796538
      ],
      [
       18.0429482,
       59.3799372
      ],
      [
       18.0427832,
       59.3802214
      ],
      [
       18.0426843,
       59.3804274
      ],
      [
       18.042589,
       59.3806569
      ],
      [
       18.0425066,
       59.3808974
      ],
      [
       18.0424192,
       59.3811703
      ],
      [
       18.0423857,
       59.3813677
      ],
      [
       18.0423629,
       59.3815306
      ],
      [
       18.042349,
       59.3816936
      ],
      [
       18.0423411,
       59.3818401
      ],
      [
       18.0423451,
       59.3820648
      ],
      [
       18.0423602,
       59.3822905
      ],
      [
       18.0423946,
       59.3825063
      ],
      [
       18.042442,
       59.382724
      ],
      [
       18.0425062,
       59.3829266
      ],
      [
       18.0425837,
       59.3831292
      ],
      [
       18.0426752,
       59.3833208
      ],
      [
       18.0427861,
       59.3835183
      ],
      [
       18.042898,
       59.3836863
      ],
      [
       18.043128,
       59.3839936
      ],
      [
       18.0433378,
       59.3842603
      ],
      [
       18.0435373,
       59.3845244
      ],
      [
       18.043623,
       59.3846442
      ],
      [
       18.0436806,
       59.384732
      ],
      [
       18.043735,
       59.3848201
      ],
      [
       18.0437862,
       59.3849087
      ],
      [
       18.0438342,
       59.3849974
      ],
      [
       18.0438809,
       59.3850912
      ],
      [
       18.0439282,
       59.385193
      ],
      [
       18.0439698,
       59.3852937
      ],
      [
       18.0440124,
       59.3854055
      ],
      [
       18.0440399,
       59.3854865
      ],
      [
       18.0440804,
       59.3856323
      ],
      [
       18.0440952,
       59.3856901
      ],
      [
       18.044129,
       59.3858294
      ],
      [
       18.0441573,
       59.3859687
      ],
      [
       18.044195,
       59.3862271
      ],
      [
       18.0442187,
       59.3864478
      ],
      [
       18.0442285,
       59.3865027
      ],
      [
       18.0442673,
       59.3868777
      ],
      [
       18.0442796,
       59.3869972
      ],
      [
       18.0443203,
       59.3872757
      ],
      [
       18.0443553,
       59.3874516
      ],
      [
       18.0443934,
       59.3876329
      ],
      [
       18.0444545,
       59.3878106
      ],
      [
       18.0445262,
       59.3879876
      ],
      [
       18.0446081,
       59.388161
      ],
      [
       18.0447006,
       59.3883316
      ],
      [
       18.0451459,
       59.3890876
      ],
      [
       18.0455271,
       59.3897311
      ],
      [
       18.0457515,
       59.3901112
      ],
      [
       18.0460586,
       59.390626
      ],
      [
       18.0463696,
       59.3911402
      ],
      [
       18.0464521,
       59.391264
      ],
      [
       18.0464937,
       59.3913236
      ],
      [
       18.0465935,
       59.3914633
      ],
      [
       18.0466998,
       59.3916022
      ],
      [
       18.0468468,
       59.3917734
      ],
      [
       18.0470066,
       59.3919505
      ],
      [
       18.0471791,
       59.3921232
      ],
      [
       18.0473632,
       59.3922932
      ],
      [
       18.0475566,
       59.3924602
      ],
      [
       18.0477819,
       59.392639
      ],
      [
       18.0479619,
       59.3927724
      ],
      [
       18.0481276,
       59.3928868
      ],
      [
       18.0483249,
       59.3930216
      ],
      [
       18.0485324,
       59.3931506
      ],
      [
       18.0487918,
       59.393305
      ],
      [
       18.0490774,
       59.3934618
      ],
      [
       18.049376,
       59.3936145
      ],
      [
       18.0495712,
       59.3937092
      ],
      [
       18.0497688,
       59.3937985
      ],
      [
       18.050078,
       59.3939316
      ],
      [
       18.0503965,
       59.3940599
      ],
      [
       18.0506731,
       59.3941623
      ],
      [
       18.0509545,
       59.3942614
      ],
      [
       18.0511126,
       59.394312
      ],
      [
       18.051374,
       59.3943936
      ],
      [
       18.0517917,
       59.3945196
      ],
      [
       18.0528363,
       59.3948251
      ],
      [
       18.0533056,
       59.3949602
      ],
      [
       18.0536261,
       59.3950426
      ],
      [
       18.0539581,
       59.3951225
      ],
      [
       18.0542173,
       59.3951856
      ],
      [
       18.0545718,
       59.3952697
      ],
      [
       18.0549868,
       59.3953721
      ],
      [
       18.0552281,
       59.3954376
      ],
      [
       18.0554213,
       59.3954957
      ],
      [
       18.0555759,
       59.3955455
      ],
      [
       18.0557272,
       59.395597
      ],
      [
       18.055879,
       59.3956559
      ],
      [
       18.0560294,
       59.3957163
      ],
      [
       18.0561055,
       59.3957496
      ],
      [
       18.0561798,
       59.3957835
      ],
      [
       18.0562913,
       59.395836
      ],
      [
       18.0564424,
       59.3959117
      ],
      [
       18.0565876,
       59.395991
      ],
      [
       18.0567301,
       59.3960749
      ],
      [
       18.0569081,
       59.3961896
      ],
      [
       18.0570693,
       59.3963102
      ],
      [
       18.0572225,
       59.3964308
      ],
      [
       18.0573692,
       59.396569
      ],
      [
       18.0575088,
       59.3967102
      ],
      [
       18.0577628,
       59.3969947
      ],
      [
       18.0578932,
       59.3971445
      ],
      [
       18.0580202,
       59.397295
      ],
      [
       18.0582731,
       59.3976331
      ],
      [
       18.0583991,
       59.3978187
      ],
      [
       18.0585232,
       59.3980618
      ],
      [
       18.0585856,
       59.3981802
      ],
      [
       18.0586441,
       59.3982979
      ],
      [
       18.0586964,
       59.3984222
      ],
      [
       18.0587441,
       59.3985522
      ],
      [
       18.0587785,
       59.3986664
      ],
      [
       18.0588162,
       59.3987894
      ],
      [
       18.058886,
       59.3991125
      ],
      [
       18.0589806,
       59.399661
      ],
      [
       18.0590363,
       59.3999688
      ],
      [
       18.0590786,
       59.400194
      ],
      [
       18.0591379,
       59.4005176
      ],
      [
       18.0592221,
       59.400999
      ],
      [
       18.0592538,
       59.4012244
      ],
      [
       18.0592918,
       59.4014628
      ],
      [
       18.059294,
       59.4014934
      ],
      [
       18.0593159,
       59.4017199
      ],
      [
       18.0593186,
       59.4019666
      ],
      [
       18.0593079,
       59.4024608
      ],
      [
       18.0593159,
       59.4026724
      ],
      [
       18.0593347,
       59.402895
      ],
      [
       18.0593642,
       59.4031011
      ],
      [
       18.0594205,
       59.4032813
      ],
      [
       18.0595064,
       59.4035271
      ],
      [
       18.0596066,
       59.4037966
      ],
      [
       18.0598006,
       59.4043349
      ],
      [
       18.0598789,
       59.404508
      ],
      [
       18.0599694,
       59.4046769
      ],
      [
       18.0601116,
       59.4048899
      ],
      [
       18.060259,
       59.4051016
      ],
      [
       18.0604036,
       59.4053052
      ],
      [
       18.0605527,
       59.4055281
      ],
      [
       18.0605752,
       59.4055631
      ],
      [
       18.0606395,
       59.4056821
      ],
      [
       18.0606762,
       59.4057579
      ],
      [
       18.0607071,
       59.4058343
      ],
      [
       18.0607327,
       59.4059093
      ],
      [
       18.0607711,
       59.4060432
      ],
      [
       18.0607939,
       59.4061784
      ],
      [
       18.0607994,
       59.4063123
      ],
      [
       18.0607956,
       59.4064462
      ],
      [
       18.0607757,
       59.4065803
      ],
      [
       18.0607454,
       59.4067151
      ],
      [
       18.0606875,
       59.4068691
      ],
      [
       18.0606184,
       59.4070236
      ],
      [
       18.0604497,
       59.4073637
      ],
      [
       18.0603557,
       59.4075439
      ],
      [
       18.0600921,
       59.4080664
      ],
      [
       18.0595871,
       59.4090391
      ],
      [
       18.0593115,
       59.409576
      ],
      [
       18.059103,
       59.4099831
      ],
      [
       18.0590785,
       59.4100318
      ],
      [
       18.0590178,
       59.4101449
      ],
      [
       18.0587917,
       59.4105874
      ],
      [
       18.0583325,
       59.4114831
      ],
      [
       18.0578872,
       59.4123498
      ],
      [
       18.057647,
       59.4128171
      ],
      [
       18.0573938,
       59.4133092
      ],
      [
       18.0572899,
       59.4135043
      ],
      [
       18.0571776,
       59.4136981
      ],
      [
       18.0570812,
       59.4138397
      ],
      [
       18.0569764,
       59.4139752
      ],
      [
       18.0568431,
       59.4141221
      ],
      [
       18.0567264,
       59.4142366
      ],
      [
       18.0565726,
       59.4143642
      ],
      [
       18.0564026,
       59.4144888
      ],
      [
       18.0562206,
       59.4146077
      ],
      [
       18.0560295,
       59.4147243
      ],
      [
       18.0558395,
       59.4148298
      ],
      [
       18.0556418,
       59.4149274
      ],
      [
       18.0553096,
       59.4150792
      ],
      [
       18.0549709,
       59.4152298
      ],
      [
       18.0543556,
       59.4154991
      ],
      [
       18.0537264,
       59.4157822
      ],
      [
       18.0532126,
       59.416059
      ],
      [
       18.0529916,
       59.4161985
      ],
      [
       18.0527646,
       59.4163456
      ],
      [
       18.0525435,
       59.4165048
      ],
      [
       18.0523427,
       59.4166667
      ],
      [
       18.052137,
       59.4168549
      ],
      [
       18.0519377,
       59.4170431
      ],
      [
       18.051099,
       59.417907
      ],
      [
       18.0506788,
       59.4183503
      ],
      [
       18.0503583,
       59.4187098
      ],
      [
       18.0502307,
       59.4188667
      ],
      [
       18.0501122,
       59.4190266
      ],
      [
       18.0500059,
       59.4191951
      ],
      [
       18.0499147,
       59.419362
      ],
      [
       18.0498395,
       59.4195398
      ],
      [
       18.0497762,
       59.419716
      ],
      [
       18.0497449,
       59.4198861
      ],
      [
       18.0497225,
       59.4200643
      ],
      [
       18.0497217,
       59.4202387
      ],
      [
       18.0497303,
       59.4204132
      ],
      [
       18.0497578,
       59.4205875
      ],
      [
       18.0497896,
       59.420764
      ],
      [
       18.0498364,
       59.4209712
      ],
      [
       18.0498875,
       59.4211784
      ],
      [
       18.0499394,
       59.421369
      ],
      [
       18.0499946,
       59.4215608
      ],
      [
       18.0500689,
       59.4217562
      ],
      [
       18.0501533,
       59.4219696
      ],
      [
       18.0502417,
       59.4221443
      ],
      [
       18.0503378,
       59.4223178
      ],
      [
       18.0504581,
       59.4225134
      ],
      [
       18.050586,
       59.422709
      ],
      [
       18.0508451,
       59.423087
      ],
      [
       18.050957,
       59.4232634
      ],
      [
       18.05105,
       59.4234371
      ],
      [
       18.051126,
       59.4236159
      ],
      [
       18.0511871,
       59.4237993
      ],
      [
       18.0512329,
       59.4239771
      ],
      [
       18.0512618,
       59.4241668
      ],
      [
       18.0512769,
       59.4243769
      ],
      [
       18.0512791,
       59.424586
      ],
      [
       18.0512694,
       59.4251166
      ],
      [
       18.0512558,
       59.4253567
      ],
      [
       18.0512332,
       59.4256531
      ],
      [
       18.0512138,
       59.4258101
      ],
      [
       18.0511886,
       59.4259919
      ],
      [
       18.0511761,
       59.4260795
      ],
      [
       18.0511271,
       59.4264399
      ],
      [
       18.0510963,
       59.42675
      ],
      [
       18.0510949,
       59.4267646
      ],
      [
       18.0510745,
       59.4270958
      ],
      [
       18.0510281,
       59.4285384
      ],
      [
       18.0510116,
       59.4290156
      ],
      [
       18.0510122,
       59.429244
      ],
      [
       18.0510178,
       59.4294724
      ],
      [
       18.0510299,
       59.4296816
      ],
      [
       18.0510521,
       59.4298896
      ],
      [
       18.0510943,
       59.4300959
      ],
      [
       18.0511415,
       59.4303047
      ],
      [
       18.0512193,
       59.4305082
      ],
      [
       18.051311,
       59.4307103
      ],
      [
       18.0514153,
       59.4309004
      ],
      [
       18.0515282,
       59.4310894
      ],
      [
       18.0516587,
       59.4312852
      ],
      [
       18.0518035,
       59.4314836
      ],
      [
       18.0519736,
       59.4316777
      ],
      [
       18.0521403,
       59.4318576
      ],
      [
       18.052361,
       59.4320593
      ],
      [
       18.052591,
       59.4322537
      ],
      [
       18.0527918,
       59.4324173
      ],
      [
       18.0529855,
       59.432574
      ],
      [
       18.053196,
       59.4327147
      ],
      [
       18.0534129,
       59.4328532
      ],
      [
       18.0537809,
       59.4330631
      ],
      [
       18.054081,
       59.4332315
      ],
      [
       18.0547736,
       59.4336357
      ],
      [
       18.0553402,
       59.4339536
      ],
      [
       18.0556181,
       59.4341093
      ],
      [
       18.0558138,
       59.4342241
      ],
      [
       18.0560036,
       59.4343411
      ],
      [
       18.0563017,
       59.4345413
      ],
      [
       18.0564356,
       59.4346386
      ],
      [
       18.0565615,
       59.4347382
      ],
      [
       18.0570846,
       59.4351294
      ],
      [
       18.0576825,
       59.4355808
      ],
      [
       18.0581191,
       59.4359178
      ],
      [
       18.0583744,
       59.4361329
      ],
      [
       18.0585917,
       59.43632
      ],
      [
       18.0587926,
       59.4365129
      ],
      [
       18.0589311,
       59.4366575
      ],
      [
       18.0590995,
       59.4368415
      ],
      [
       18.059173,
       59.4369235
      ],
      [
       18.05955,
       59.4373747
      ],
      [
       18.0596486,
       59.4374997
      ],
      [
       18.0597512,
       59.4376411
      ],
      [
       18.0599323,
       59.4378908
      ],
      [
       18.0601588,
       59.4382408
      ],
      [
       18.0607566,
       59.439221
      ],
      [
       18.0611461,
       59.439877
      ],
      [
       18.0614349,
       59.4403781
      ],
      [
       18.0617875,
       59.4409615
      ],
      [
       18.062511,
       59.4421883
      ],
      [
       18.0627726,
       59.4426273
      ],
      [
       18.0628214,
       59.4427079
      ],
      [
       18.0629413,
       59.4429059
      ],
      [
       18.0630177,
       59.4430609
      ],
      [
       18.0630515,
       59.4431218
      ],
      [
       18.0630793,
       59.4431861
      ],
      [
       18.0631242,
       59.4433001
      ],
      [
       18.0631628,
       59.4434132
      ],
      [
       18.063196,
       59.4435093
      ],
      [
       18.0632284,
       59.4436148
      ],
      [
       18.0632526,
       59.4437314
      ],
      [
       18.0632718,
       59.4438509
      ],
      [
       18.0632859,
       59.4439659
      ],
      [
       18.0633005,
       59.444203
      ],
      [
       18.0633069,
       59.4444402
      ],
      [
       18.0633168,
       59.444944
      ],
      [
       18.0633185,
       59.4454824
      ],
      [
       18.0633156,
       59.4460277
      ],
      [
       18.063303,
       59.4465497
      ],
      [
       18.0632812,
       59.447561
      ],
      [
       18.0632221,
       59.4493637
      ],
      [
       18.0632047,
       59.4498069
      ],
      [
       18.0632141,
       59.4500443
      ],
      [
       18.0632346,
       59.4503131
      ],
      [
       18.0632547,
       59.4505443
      ],
      [
       18.063296,
       59.4508033
      ],
      [
       18.0633214,
       59.4509269
      ],
      [
       18.0633502,
       59.4510488
      ],
      [
       18.0634661,
       59.4516464
      ],
      [
       18.0635609,
       59.4520097
      ],
      [
       18.0636296,
       59.4523076
      ],
      [
       18.0636961,
       59.4525937
      ],
      [
       18.0637272,
       59.452805
      ],
      [
       18.0637406,
       59.4529104
      ],
      [
       18.0637557,
       59.453073
      ],
      [
       18.0637567,
       59.4532601
      ],
      [
       18.063745,
       59.4534346
      ],
      [
       18.0637118,
       59.4536136
      ],
      [
       18.0636683,
       59.4537926
      ],
      [
       18.0636046,
       59.4539823
      ],
      [
       18.0635225,
       59.4541667
      ],
      [
       18.0634151,
       59.4543801
      ],
      [
       18.0632859,
       59.4545885
      ],
      [
       18.0631246,
       59.4548182
      ],
      [
       18.0629531,
       59.4550459
      ],
      [
       18.0627899,
       59.455252
      ],
      [
       18.0626375,
       59.4554614
      ],
      [
       18.062507,
       59.4556487
      ],
      [
       18.0623955,
       59.4558352
      ],
      [
       18.0622906,
       59.4560245
      ],
      [
       18.0622085,
       59.4562065
      ],
      [
       18.0621441,
       59.4563953
      ],
      [
       18.0620919,
       59.4565842
      ],
      [
       18.0620526,
       59.4567749
      ],
      [
       18.0620326,
       59.4569657
      ],
      [
       18.0620408,
       59.4571554
      ],
      [
       18.0620585,
       59.4573451
      ],
      [
       18.0620886,
       59.4575458
      ],
      [
       18.0621244,
       59.4577451
      ],
      [
       18.0624477,
       59.4593584
      ],
      [
       18.0625924,
       59.4600068
      ],
      [
       18.0626159,
       59.4601359
      ],
      [
       18.0627652,
       59.4608777
      ],
      [
       18.0628097,
       59.4610669
      ],
      [
       18.0629552,
       59.4617686
      ],
      [
       18.0630556,
       59.4622792
      ],
      [
       18.0631624,
       59.4628136
      ],
      [
       18.0632862,
       59.4633701
      ],
      [
       18.0633267,
       59.4635842
      ],
      [
       18.0633558,
       59.4637993
      ],
      [
       18.0633751,
       59.4640527
      ],
      [
       18.0633744,
       59.4642302
      ],
      [
       18.0633576,
       59.4644432
      ],
      [
       18.0633262,
       59.464657
      ],
      [
       18.0632791,
       59.4648692
      ],
      [
       18.0632159,
       59.4650789
      ],
      [
       18.0631174,
       59.4653295
      ],
      [
       18.0630329,
       59.4655186
      ],
      [
       18.0628423,
       59.4658493
      ],
      [
       18.0627948,
       59.4659221
      ],
      [
       18.0626611,
       59.4661089
      ],
      [
       18.0625179,
       59.4662947
      ],
      [
       18.0624373,
       59.4663911
      ],
      [
       18.0623511,
       59.4664876
      ],
      [
       18.0622654,
       59.4665799
      ],
      [
       18.0621728,
       59.4666708
      ],
      [
       18.0620801,
       59.4667622
      ],
      [
       18.0619857,
       59.4668521
      ],
      [
       18.0618882,
       59.4669384
      ],
      [
       18.0617875,
       59.4670232
      ],
      [
       18.0616865,
       59.4671079
      ],
      [
       18.0615807,
       59.4671926
      ],
      [
       18.0614717,
       59.4672773
      ],
      [
       18.0613594,
       59.4673604
      ],
      [
       18.0612409,
       59.4674425
      ],
      [
       18.0611195,
       59.4675246
      ],
      [
       18.0609956,
       59.4676064
      ],
      [
       18.0608698,
       59.4676847
      ],
      [
       18.0607403,
       59.4677636
      ],
      [
       18.0606099,
       59.467841
      ],
      [
       18.0604786,
       59.4679165
      ],
      [
       18.060345,
       59.4679923
      ],
      [
       18.0597553,
       59.4683211
      ],
      [
       18.0594592,
       59.4684895
      ],
      [
       18.059183,
       59.4686592
      ],
      [
       18.0589978,
       59.4687769
      ],
      [
       18.0588222,
       59.4688978
      ],
      [
       18.0586505,
       59.4690206
      ],
      [
       18.0584328,
       59.4691882
      ],
      [
       18.058226,
       59.4693605
      ],
      [
       18.058029,
       59.4695379
      ],
      [
       18.0578447,
       59.4697209
      ],
      [
       18.0577567,
       59.4698122
      ],
      [
       18.0576696,
       59.4699086
      ],
      [
       18.0575193,
       59.4700866
      ],
      [
       18.0573773,
       59.4702779
      ],
      [
       18.0572395,
       59.4704713
      ],
      [
       18.0571342,
       59.4706481
      ],
      [
       18.0570352,
       59.4708283
      ],
      [
       18.0569452,
       59.4710124
      ],
      [
       18.0568607,
       59.4711975
      ],
      [
       18.0566628,
       59.4716805
      ],
      [
       18.0565661,
       59.4719244
      ],
      [
       18.0564758,
       59.4721695
      ],
      [
       18.0564177,
       59.4723554
      ],
      [
       18.0563672,
       59.47254
      ],
      [
       18.0563235,
       59.4727272
      ],
      [
       18.0562899,
       59.4729139
      ],
      [
       18.0562635,
       59.4731018
      ],
      [
       18.0562479,
       59.4732896
      ],
      [
       18.0562432,
       59.4735185
      ],
      [
       18.0562472,
       59.4737442
      ],
      [
       18.0562546,
       59.4740126
      ],
      [
       18.0562621,
       59.474281
      ],
      [
       18.0562875,
       59.4748193
      ],
      [
       18.0563305,
       59.4753551
      ],
      [
       18.0563815,
       59.4757599
      ],
      [
       18.0564362,
       59.4761342
      ],
      [
       18.0565,
       59.4765057
      ],
      [
       18.0566006,
       59.4769869
      ],
      [
       18.0567165,
       59.4774641
      ],
      [
       18.0568814,
       59.4780575
      ],
      [
       18.0569549,
       59.4782867
      ],
      [
       18.057044,
       59.4785574
      ],
      [
       18.0572143,
       59.4790288
      ],
      [
       18.0573195,
       59.4792764
      ],
      [
       18.0574319,
       59.479524
      ],
      [
       18.0577025,
       59.4800542
      ],
      [
       18.0590225,
       59.4825717
      ],
      [
       18.0596062,
       59.4836797
      ],
      [
       18.0609227,
       59.4861912
      ],
      [
       18.0614033,
       59.4871097
      ],
      [
       18.0619749,
       59.4882102
      ],
      [
       18.0623021,
       59.488824
      ],
      [
       18.062532,
       59.489249
      ],
      [
       18.0626643,
       59.4894672
      ],
      [
       18.0628043,
       59.489683
      ],
      [
       18.0629718,
       59.4899127
      ],
      [
       18.0631457,
       59.4901348
      ],
      [
       18.0632263,
       59.4902315
      ],
      [
       18.0633812,
       59.4904142
      ],
      [
       18.0635817,
       59.4906333
      ],
      [
       18.0637961,
       59.4908463
      ],
      [
       18.0640226,
       59.4910659
      ],
      [
       18.0641222,
       59.4911568
      ],
      [
       18.0654967,
       59.4923941
      ],
      [
       18.0659813,
       59.4928296
      ],
      [
       18.0663599,
       59.4931677
      ],
      [
       18.0668123,
       59.4935736
      ],
      [
       18.0674194,
       59.4941167
      ],
      [
       18.0676644,
       59.4943348
      ],
      [
       18.0678771,
       59.4945234
      ],
      [
       18.0683029,
       59.4949052
      ],
      [
       18.068723,
       59.4952859
      ],
      [
       18.069546,
       59.496024
      ],
      [
       18.0699831,
       59.4964151
      ],
      [
       18.0708518,
       59.4971954
      ],
      [
       18.0723639,
       59.4985553
      ],
      [
       18.0732635,
       59.4993653
      ],
      [
       18.0736955,
       59.4997696
      ],
      [
       18.0739125,
       59.4999863
      ],
      [
       18.0741294,
       59.5002053
      ],
      [
       18.0743348,
       59.5004216
      ],
      [
       18.0745433,
       59.5006418
      ],
      [
       18.0760298,
       59.5022125
      ],
      [
       18.0770267,
       59.5032679
      ],
      [
       18.0774048,
       59.5036679
      ],
      [
       18.0775367,
       59.5038091
      ],
      [
       18.0776659,
       59.5039523
      ],
      [
       18.0778006,
       59.504116
      ],
      [
       18.0779184,
       59.5042856
      ],
      [
       18.0779836,
       59.5043992
      ],
      [
       18.078049,
       59.5045382
      ],
      [
       18.0781032,
       59.5046933
      ],
      [
       18.0781387,
       59.5048512
      ],
      [
       18.0781573,
       59.5050066
      ],
      [
       18.0781564,
       59.5051633
      ],
      [
       18.0781365,
       59.5053211
      ],
      [
       18.0780991,
       59.505475
      ],
      [
       18.0780446,
       59.5056274
      ],
      [
       18.0779733,
       59.5057766
      ],
      [
       18.0779425,
       59.5058294
      ],
      [
       18.0778698,
       59.5059438
      ],
      [
       18.0777909,
       59.506059
      ],
      [
       18.0776047,
       59.5062969
      ],
      [
       18.0774118,
       59.5065337
      ],
      [
       18.0767452,
       59.5073422
      ],
      [
       18.0764819,
       59.5076692
      ],
      [
       18.0763543,
       59.5078345
      ],
      [
       18.0762359,
       59.5080027
      ],
      [
       18.0761307,
       59.5081745
      ],
      [
       18.0760346,
       59.5083489
      ],
      [
       18.0759571,
       59.5085259
      ],
      [
       18.0758887,
       59.5087019
      ],
      [
       18.075845,
       59.5088568
      ],
      [
       18.0757978,
       59.5090587
      ],
      [
       18.0757769,
       59.5092458
      ],
      [
       18.0757651,
       59.5094319
      ],
      [
       18.0757471,
       59.5098054
      ],
      [
       18.0757227,
       59.5103971
      ],
      [
       18.0757028,
       59.510783
      ],
      [
       18.0756796,
       59.5113804
      ],
      [
       18.0756708,
       59.5116577
      ],
      [
       18.0756339,
       59.5124887
      ],
      [
       18.0756287,
       59.5125882
      ],
      [
       18.0756211,
       59.512798
      ],
      [
       18.0755814,
       59.513724
      ],
      [
       18.075577,
       59.5138554
      ],
      [
       18.0755728,
       59.5140546
      ],
      [
       18.0755732,
       59.514232
      ],
      [
       18.0755899,
       59.5146162
      ],
      [
       18.0756292,
       59.5151518
      ],
      [
       18.0756368,
       59.5154281
      ],
      [
       18.0756215,
       59.5156905
      ],
      [
       18.0755912,
       59.5159463
      ],
      [
       18.0755424,
       59.5162013
      ],
      [
       18.075488,
       59.516405
      ],
      [
       18.0754191,
       59.5166132
      ],
      [
       18.0753209,
       59.5168613
      ],
      [
       18.07523,
       59.5170621
      ],
      [
       18.0751499,
       59.5172149
      ],
      [
       18.0750666,
       59.5173677
      ],
      [
       18.0747973,
       59.5178045
      ],
      [
       18.0745341,
       59.5182316
      ],
      [
       18.0738924,
       59.5192608
      ],
      [
       18.0737804,
       59.5194459
      ],
      [
       18.0736744,
       59.5196318
      ],
      [
       18.0735924,
       59.5197781
      ],
      [
       18.073317,
       59.5202991
      ],
      [
       18.0728087,
       59.5212607
      ],
      [
       18.0725628,
       59.5217452
      ],
      [
       18.0722152,
       59.5224596
      ],
      [
       18.07196,
       59.522982
      ],
      [
       18.0716992,
       59.523521
      ],
      [
       18.0716277,
       59.5236709
      ],
      [
       18.0715563,
       59.5238375
      ],
      [
       18.0714926,
       59.5240041
      ],
      [
       18.0714512,
       59.524153
      ],
      [
       18.0714214,
       59.5243012
      ],
      [
       18.0714126,
       59.5244017
      ],
      [
       18.0714096,
       59.5244543
      ],
      [
       18.07141,
       59.5245961
      ],
      [
       18.0714214,
       59.5247123
      ],
      [
       18.0714394,
       59.5248278
      ],
      [
       18.0714767,
       59.5249609
      ],
      [
       18.0715217,
       59.5250939
      ],
      [
       18.0715791,
       59.5252256
      ],
      [
       18.0716455,
       59.5253541
      ],
      [
       18.071726,
       59.5254826
      ],
      [
       18.0718172,
       59.5256087
      ],
      [
       18.0719177,
       59.525733
      ],
      [
       18.0720292,
       59.5258536
      ],
      [
       18.0721532,
       59.5259715
      ],
      [
       18.0722863,
       59.5260876
      ],
      [
       18.0724303,
       59.5262004
      ],
      [
       18.0725814,
       59.5263076
      ],
      [
       18.0727446,
       59.5264155
      ],
      [
       18.072915,
       59.5265178
      ],
      [
       18.0731576,
       59.5266467
      ],
      [
       18.0734092,
       59.5267738
      ],
      [
       18.0737225,
       59.5269228
      ],
      [
       18.0740373,
       59.5270687
      ],
      [
       18.0743172,
       59.5272017
      ],
      [
       18.0745936,
       59.5273384
      ],
      [
       18.0748388,
       59.5274669
      ],
      [
       18.075061,
       59.5275918
      ],
      [
       18.0752812,
       59.527725
      ],
      [
       18.0754371,
       59.5278274
      ],
      [
       18.0754782,
       59.5278553
      ],
      [
       18.0756737,
       59.5279965
      ],
      [
       18.0758517,
       59.5281335
      ],
      [
       18.0760531,
       59.5283064
      ],
      [
       18.0762468,
       59.528491
      ],
      [
       18.0764295,
       59.5286895
      ],
      [
       18.0766066,
       59.5289026
      ],
      [
       18.0767296,
       59.5290659
      ],
      [
       18.076815,
       59.5291872
      ],
      [
       18.0768972,
       59.529309
      ],
      [
       18.078771,
       59.5322469
      ],
      [
       18.0789168,
       59.5324775
      ],
      [
       18.0794513,
       59.5333186
      ],
      [
       18.0794933,
       59.5333838
      ],
      [
       18.0797962,
       59.5338582
      ],
      [
       18.0801598,
       59.5344322
      ],
      [
       18.0804753,
       59.5349278
      ],
      [
       18.0806313,
       59.5351907
      ],
      [
       18.0808056,
       59.5354667
      ],
      [
       18.0809933,
       59.5357958
      ],
      [
       18.0810729,
       59.5359548
      ],
      [
       18.0811292,
       59.5361036
      ],
      [
       18.0811775,
       59.5362523
      ],
      [
       18.0811884,
       59.5362936
      ],
      [
       18.0812164,
       59.5363951
      ],
      [
       18.0812388,
       59.5365035
      ],
      [
       18.0812576,
       59.5366119
      ],
      [
       18.0812736,
       59.5367125
      ],
      [
       18.0812821,
       59.5368147
      ],
      [
       18.0812907,
       59.5370139
      ],
      [
       18.0812884,
       59.537215
      ],
      [
       18.0812675,
       59.5374217
      ],
      [
       18.0812322,
       59.5376275
      ],
      [
       18.0811957,
       59.5377808
      ],
      [
       18.0811422,
       59.5379694
      ],
      [
       18.0810816,
       59.538159
      ],
      [
       18.0804897,
       59.5399307
      ],
      [
       18.0798346,
       59.5418758
      ],
      [
       18.0797508,
       59.5421476
      ],
      [
       18.0796965,
       59.5423846
      ],
      [
       18.0796645,
       59.5426123
      ],
      [
       18.0796496,
       59.5428497
      ],
      [
       18.0796591,
       59.5430399
      ],
      [
       18.0796793,
       59.543228
      ],
      [
       18.0798017,
       59.5441155
      ],
      [
       18.0798065,
       59.5441784
      ],
      [
       18.0798079,
       59.5442417
      ],
      [
       18.0798078,
       59.5443094
      ],
      [
       18.0797879,
       59.544459
      ],
      [
       18.0797593,
       59.5446109
      ],
      [
       18.0796707,
       59.5449923
      ],
      [
       18.0795799,
       59.5453774
      ],
      [
       18.079523,
       59.5456326
      ],
      [
       18.0794938,
       59.545783
      ],
      [
       18.0794773,
       59.5459192
      ],
      [
       18.0794661,
       59.5460555
      ],
      [
       18.0794655,
       59.5461473
      ],
      [
       18.0794667,
       59.5462881
      ],
      [
       18.0794779,
       59.5464413
      ],
      [
       18.0794867,
       59.5465301
      ],
      [
       18.0795018,
       59.5466385
      ],
      [
       18.07952,
       59.5467481
      ],
      [
       18.0795459,
       59.5468471
      ],
      [
       18.079589,
       59.5469992
      ],
      [
       18.0796412,
       59.5471512
      ],
      [
       18.0796873,
       59.5472502
      ],
      [
       18.0797302,
       59.5473377
      ],
      [
       18.0797767,
       59.5474149
      ],
      [
       18.0798698,
       59.5475463
      ],
      [
       18.0799639,
       59.5476665
      ],
      [
       18.0800661,
       59.5477924
      ],
      [
       18.0801509,
       59.5479137
      ],
      [
       18.0802056,
       59.5479981
      ],
      [
       18.0802541,
       59.5480835
      ],
      [
       18.0807522,
       59.549039
      ],
      [
       18.0813093,
       59.5501183
      ],
      [
       18.0827788,
       59.552968
      ],
      [
       18.0832255,
       59.5538432
      ],
      [
       18.0836731,
       59.5547064
      ],
      [
       18.0840414,
       59.5554174
      ],
      [
       18.0849252,
       59.5571005
      ],
      [
       18.0852735,
       59.5577877
      ],
      [
       18.0855247,
       59.558244
      ],
      [
       18.0857758,
       59.5586219
      ],
      [
       18.0859514,
       59.5588471
      ],
      [
       18.0860116,
       59.5589225
      ],
      [
       18.0862173,
       59.559176
      ],
      [
       18.0865466,
       59.5595389
      ],
      [
       18.0867961,
       59.5597768
      ],
      [
       18.0871376,
       59.5600905
      ],
      [
       18.0874326,
       59.560338
      ],
      [
       18.0878928,
       59.5606963
      ],
      [
       18.0883566,
       59.561049
      ],
      [
       18.0898394,
       59.5621328
      ],
      [
       18.0903287,
       59.5624895
      ],
      [
       18.0916942,
       59.5634363
      ],
      [
       18.0929933,
       59.564286
      ],
      [
       18.0959876,
       59.5662298
      ],
      [
       18.0962392,
       59.5663983
      ],
      [
       18.0968121,
       59.5667641
      ],
      [
       18.0972819,
       59.5670818
      ],
      [
       18.0977083,
       59.5674088
      ],
      [
       18.0979893,
       59.5676691
      ],
      [
       18.0982955,
       59.5679982
      ],
      [
       18.0985168,
       59.5682933
      ],
      [
       18.0986622,
       59.5685208
      ],
      [
       18.0987953,
       59.5687738
      ],
      [
       18.0989835,
       59.5692552
      ],
      [
       18.0990765,
       59.5696464
      ],
      [
       18.0993128,
       59.5707962
      ],
      [
       18.0998411,
       59.5730221
      ],
      [
       18.1001829,
       59.5743633
      ],
      [
       18.1002609,
       59.5746136
      ],
      [
       18.1003661,
       59.5748693
      ],
      [
       18.1004602,
       59.5750546
      ],
      [
       18.1005772,
       59.5752706
      ],
      [
       18.1007338,
       59.5754877
      ],
      [
       18.1009013,
       59.5757066
      ],
      [
       18.1011205,
       59.5759636
      ],
      [
       18.1013364,
       59.5761698
      ],
      [
       18.101719,
       59.5765283
      ],
      [
       18.1028552,
       59.5775577
      ],
      [
       18.1035955,
       59.5782296
      ],
      [
       18.1058716,
       59.5802931
      ],
      [
       18.1070811,
       59.5813959
      ],
      [
       18.1078675,
       59.582121
      ],
      [
       18.1081503,
       59.5823976
      ],
      [
       18.108493,
       59.5827577
      ],
      [
       18.1085965,
       59.5828803
      ],
      [
       18.1088722,
       59.5833161
      ],
      [
       18.108956,
       59.5834707
      ],
      [
       18.1089903,
       59.5835351
      ],
      [
       18.1090986,
       59.5838026
      ],
      [
       18.1092032,
       59.5841229
      ],
      [
       18.1092498,
       59.5842869
      ]
     ]
    ]
   }
  },
  {
   "type": "Feature",
   "properties": {
    "name": "Roslagsbanan 28 · Tekniska högskolan–Österskär",
    "line": "28"
   },
   "geometry": {
    "type": "MultiLineString",
    "coordinates": [
     [
      [
       18.0700282,
       59.3467774
      ],
      [
       18.0652954,
       59.3503453
      ],
      [
       18.0651262,
       59.3507459
      ],
      [
       18.0651176,
       59.3507664
      ],
      [
       18.0650976,
       59.3508137
      ],
      [
       18.0650249,
       59.3509828
      ],
      [
       18.0649553,
       59.3511267
      ],
      [
       18.0648667,
       59.3512811
      ],
      [
       18.0647773,
       59.3514086
      ],
      [
       18.064688,
       59.3515207
      ],
      [
       18.0645899,
       59.3516298
      ],
      [
       18.064495,
       59.3517217
      ],
      [
       18.0643951,
       59.35181
      ],
      [
       18.0643209,
       59.3518708
      ],
      [
       18.0642453,
       59.3519302
      ],
      [
       18.0641675,
       59.3519888
      ],
      [
       18.0640853,
       59.3520466
      ],
      [
       18.0639425,
       59.3521383
      ],
      [
       18.0637935,
       59.3522268
      ],
      [
       18.0636151,
       59.3523223
      ],
      [
       18.0634321,
       59.3524155
      ],
      [
       18.0632348,
       59.3525003
      ],
      [
       18.0630582,
       59.352572
      ],
      [
       18.0628566,
       59.352645
      ],
      [
       18.0626381,
       59.3527174
      ],
      [
       18.0624058,
       59.3527915
      ],
      [
       18.0621564,
       59.3528699
      ],
      [
       18.0619264,
       59.3529442
      ],
      [
       18.0617027,
       59.3530218
      ],
      [
       18.0614946,
       59.353103
      ],
      [
       18.0612959,
       59.3531908
      ],
      [
       18.0611249,
       59.3532723
      ],
      [
       18.0609645,
       59.3533603
      ],
      [
       18.0607923,
       59.3534631
      ],
      [
       18.0606348,
       59.3535697
      ],
      [
       18.0605051,
       59.3536695
      ],
      [
       18.0603896,
       59.3537654
      ],
      [
       18.0602898,
       59.353861
      ],
      [
       18.0602045,
       59.3539505
      ],
      [
       18.0601254,
       59.3540415
      ],
      [
       18.0600085,
       59.3541997
      ],
      [
       18.0599327,
       59.3543212
      ],
      [
       18.0598584,
       59.3544748
      ],
      [
       18.0598022,
       59.3546262
      ],
      [
       18.0597638,
       59.3547811
      ],
      [
       18.0597425,
       59.3549452
      ],
      [
       18.059742,
       59.3551048
      ],
      [
       18.0597573,
       59.3552544
      ],
      [
       18.0597676,
       59.355308
      ],
      [
       18.0597989,
       59.3554288
      ],
      [
       18.0598334,
       59.3555485
      ],
      [
       18.0599102,
       59.355755
      ],
      [
       18.0600188,
       59.3560363
      ],
      [
       18.0600616,
       59.3561723
      ],
      [
       18.0600863,
       59.3562753
      ],
      [
       18.0600987,
       59.3563417
      ],
      [
       18.0601155,
       59.3564355
      ],
      [
       18.0601132,
       59.3565969
      ],
      [
       18.0601008,
       59.3567418
      ],
      [
       18.0600752,
       59.356886
      ],
      [
       18.0600337,
       59.357027
      ],
      [
       18.059979,
       59.3571658
      ],
      [
       18.059892,
       59.3573313
      ],
      [
       18.0598172,
       59.3574492
      ],
      [
       18.0597732,
       59.3575107
      ],
      [
       18.0597256,
       59.3575722
      ],
      [
       18.0596749,
       59.3576332
      ],
      [
       18.0596224,
       59.3576938
      ],
      [
       18.0595429,
       59.3577783
      ],
      [
       18.0594661,
       59.3578559
      ],
      [
       18.0593653,
       59.3579542
      ],
      [
       18.0592152,
       59.3580885
      ],
      [
       18.0590613,
       59.3582209
      ],
      [
       18.0587846,
       59.3584524
      ],
      [
       18.0585095,
       59.3586827
      ],
      [
       18.0580045,
       59.3591054
      ],
      [
       18.0574264,
       59.3595886
      ],
      [
       18.0572428,
       59.3597446
      ],
      [
       18.0570707,
       59.3598952
      ],
      [
       18.0569634,
       59.3599949
      ],
      [
       18.0568633,
       59.3600899
      ],
      [
       18.0565272,
       59.3604177
      ],
      [
       18.0564216,
       59.3605206
      ],
      [
       18.0560221,
       59.3609154
      ],
      [
       18.0551376,
       59.3617857
      ],
      [
       18.0547201,
       59.3621926
      ],
      [
       18.0545983,
       59.3623118
      ],
      [
       18.0545223,
       59.3623826
      ],
      [
       18.0543814,
       59.3625097
      ],
      [
       18.0542896,
       59.3625883
      ],
      [
       18.0540694,
       59.3627675
      ],
      [
       18.0538433,
       59.3629453
      ],
      [
       18.0532988,
       59.3633533
      ],
      [
       18.0528875,
       59.3636566
      ],
      [
       18.0523497,
       59.3640556
      ],
      [
       18.0521342,
       59.3642148
      ],
      [
       18.0517877,
       59.3644733
      ],
      [
       18.0515595,
       59.3646406
      ],
      [
       18.0508438,
       59.3651721
      ],
      [
       18.0503255,
       59.365557
      ],
      [
       18.050098,
       59.3657328
      ],
      [
       18.049879,
       59.3659132
      ],
      [
       18.0497417,
       59.3660442
      ],
      [
       18.0496077,
       59.3661799
      ],
      [
       18.049491,
       59.3663148
      ],
      [
       18.049381,
       59.3664526
      ],
      [
       18.0492867,
       59.3665888
      ],
      [
       18.0492012,
       59.3667279
      ],
      [
       18.0491026,
       59.366918
      ],
      [
       18.0490202,
       59.3671096
      ],
      [
       18.0489316,
       59.3673491
      ],
      [
       18.0488615,
       59.3675938
      ],
      [
       18.0488097,
       59.3678357
      ],
      [
       18.0487767,
       59.368083
      ],
      [
       18.0487631,
       59.3683274
      ],
      [
       18.0487645,
       59.3685613
      ],
      [
       18.0487834,
       59.368789
      ],
      [
       18.0488194,
       59.3690201
      ],
      [
       18.0488707,
       59.369245
      ],
      [
       18.0489374,
       59.3694712
      ],
      [
       18.0490203,
       59.3696931
      ],
      [
       18.0491177,
       59.3699149
      ],
      [
       18.0491776,
       59.3700316
      ],
      [
       18.049237,
       59.3701447
      ],
      [
       18.0492789,
       59.3702217
      ],
      [
       18.0493233,
       59.370298
      ],
      [
       18.0494155,
       59.3704526
      ],
      [
       18.0495403,
       59.3706833
      ],
      [
       18.0496184,
       59.370839
      ],
      [
       18.0496918,
       59.3710088
      ],
      [
       18.0497452,
       59.37117
      ],
      [
       18.0497817,
       59.3713188
      ],
      [
       18.0498087,
       59.3714816
      ],
      [
       18.0498199,
       59.3716331
      ],
      [
       18.049817,
       59.3717934
      ],
      [
       18.0498033,
       59.3719446
      ],
      [
       18.0497739,
       59.3721094
      ],
      [
       18.0497347,
       59.3722508
      ],
      [
       18.0496817,
       59.3724087
      ],
      [
       18.0496179,
       59.3725525
      ],
      [
       18.0495397,
       59.3727052
      ],
      [
       18.0494547,
       59.3728448
      ],
      [
       18.0493498,
       59.3729908
      ],
      [
       18.0492402,
       59.3731299
      ],
      [
       18.0491141,
       59.3732697
      ],
      [
       18.048978,
       59.3734061
      ],
      [
       18.0488403,
       59.3735328
      ],
      [
       18.0486919,
       59.3736539
      ],
      [
       18.0485396,
       59.3737742
      ],
      [
       18.0483727,
       59.3738883
      ],
      [
       18.0481268,
       59.3740468
      ],
      [
       18.0478781,
       59.3742014
      ],
      [
       18.0475562,
       59.3744054
      ],
      [
       18.0474584,
       59.3744754
      ],
      [
       18.0473589,
       59.3745441
      ],
      [
       18.0472805,
       59.374601
      ],
      [
       18.0472012,
       59.3746568
      ],
      [
       18.0470863,
       59.3747517
      ],
      [
       18.046974,
       59.3748498
      ],
      [
       18.0468414,
       59.3749749
      ],
      [
       18.0467087,
       59.3751082
      ],
      [
       18.0466458,
       59.3751715
      ],
      [
       18.0464737,
       59.3753537
      ],
      [
       18.0463468,
       59.3754806
      ],
      [
       18.0461267,
       59.3757036
      ],
      [
       18.0460116,
       59.3758211
      ],
      [
       18.045488,
       59.3763615
      ],
      [
       18.045404,
       59.3764484
      ],
      [
       18.045179,
       59.3766792
      ],
      [
       18.0450625,
       59.3768002
      ],
      [
       18.0449525,
       59.3769155
      ],
      [
       18.0447366,
       59.3771449
      ],
      [
       18.0446372,
       59.3772575
      ],
      [
       18.0445351,
       59.3773683
      ],
      [
       18.044417,
       59.3775183
      ],
      [
       18.0442978,
       59.3776695
      ],
      [
       18.044201,
       59.3778094
      ],
      [
       18.0441945,
       59.377819
      ],
      [
       18.0439226,
       59.3782729
      ],
      [
       18.0436599,
       59.3787285
      ],
      [
       18.0436524,
       59.3787422
      ],
      [
       18.0431227,
       59.3796538
      ],
      [
       18.0429482,
       59.3799372
      ],
      [
       18.0427832,
       59.3802214
      ],
      [
       18.0426843,
       59.3804274
      ],
      [
       18.042589,
       59.3806569
      ],
      [
       18.0425066,
       59.3808974
      ],
      [
       18.0424192,
       59.3811703
      ],
      [
       18.0423857,
       59.3813677
      ],
      [
       18.0423629,
       59.3815306
      ],
      [
       18.042349,
       59.3816936
      ],
      [
       18.0423411,
       59.3818401
      ],
      [
       18.0423451,
       59.3820648
      ],
      [
       18.0423602,
       59.3822905
      ],
      [
       18.0423946,
       59.3825063
      ],
      [
       18.042442,
       59.382724
      ],
      [
       18.0425062,
       59.3829266
      ],
      [
       18.0425837,
       59.3831292
      ],
      [
       18.0426752,
       59.3833208
      ],
      [
       18.0427861,
       59.3835183
      ],
      [
       18.042898,
       59.3836863
      ],
      [
       18.043128,
       59.3839936
      ],
      [
       18.0433378,
       59.3842603
      ],
      [
       18.0435373,
       59.3845244
      ],
      [
       18.043623,
       59.3846442
      ],
      [
       18.0436806,
       59.384732
      ],
      [
       18.043735,
       59.3848201
      ],
      [
       18.0437862,
       59.3849087
      ],
      [
       18.0438342,
       59.3849974
      ],
      [
       18.0438809,
       59.3850912
      ],
      [
       18.0439282,
       59.385193
      ],
      [
       18.0439698,
       59.3852937
      ],
      [
       18.0440124,
       59.3854055
      ],
      [
       18.0440399,
       59.3854865
      ],
      [
       18.0440804,
       59.3856323
      ],
      [
       18.0440952,
       59.3856901
      ],
      [
       18.044129,
       59.3858294
      ],
      [
       18.0441573,
       59.3859687
      ],
      [
       18.044195,
       59.3862271
      ],
      [
       18.0442187,
       59.3864478
      ],
      [
       18.0442285,
       59.3865027
      ],
      [
       18.0442673,
       59.3868777
      ],
      [
       18.0442796,
       59.3869972
      ],
      [
       18.0443203,
       59.3872757
      ],
      [
       18.0443553,
       59.3874516
      ],
      [
       18.0443934,
       59.3876329
      ],
      [
       18.0444545,
       59.3878106
      ],
      [
       18.0445262,
       59.3879876
      ],
      [
       18.0446081,
       59.388161
      ],
      [
       18.0447006,
       59.3883316
      ],
      [
       18.0451459,
       59.3890876
      ],
      [
       18.0455271,
       59.3897311
      ],
      [
       18.0457515,
       59.3901112
      ],
      [
       18.0460586,
       59.390626
      ],
      [
       18.0463696,
       59.3911402
      ],
      [
       18.0464521,
       59.391264
      ],
      [
       18.0464937,
       59.3913236
      ],
      [
       18.0465935,
       59.3914633
      ],
      [
       18.0466998,
       59.3916022
      ],
      [
       18.0468468,
       59.3917734
      ],
      [
       18.0470066,
       59.3919505
      ],
      [
       18.0471791,
       59.3921232
      ],
      [
       18.0473632,
       59.3922932
      ],
      [
       18.0475566,
       59.3924602
      ],
      [
       18.0477819,
       59.392639
      ],
      [
       18.0479619,
       59.3927724
      ],
      [
       18.0481276,
       59.3928868
      ],
      [
       18.0483249,
       59.3930216
      ],
      [
       18.0485324,
       59.3931506
      ],
      [
       18.0487918,
       59.393305
      ],
      [
       18.0490774,
       59.3934618
      ],
      [
       18.049376,
       59.3936145
      ],
      [
       18.0495712,
       59.3937092
      ],
      [
       18.0497688,
       59.3937985
      ],
      [
       18.050078,
       59.3939316
      ],
      [
       18.0503965,
       59.3940599
      ],
      [
       18.0506731,
       59.3941623
      ],
      [
       18.0509545,
       59.3942614
      ],
      [
       18.0511126,
       59.394312
      ],
      [
       18.051374,
       59.3943936
      ],
      [
       18.0517917,
       59.3945196
      ],
      [
       18.0528363,
       59.3948251
      ],
      [
       18.0533056,
       59.3949602
      ],
      [
       18.0536261,
       59.3950426
      ],
      [
       18.0539581,
       59.3951225
      ],
      [
       18.0542173,
       59.3951856
      ],
      [
       18.0545718,
       59.3952697
      ],
      [
       18.0549868,
       59.3953721
      ],
      [
       18.0552281,
       59.3954376
      ],
      [
       18.0554213,
       59.3954957
      ],
      [
       18.0555759,
       59.3955455
      ],
      [
       18.0557272,
       59.395597
      ],
      [
       18.055879,
       59.3956559
      ],
      [
       18.0560294,
       59.3957163
      ],
      [
       18.0561055,
       59.3957496
      ],
      [
       18.0561798,
       59.3957835
      ],
      [
       18.0562913,
       59.395836
      ],
      [
       18.0564424,
       59.3959117
      ],
      [
       18.0565876,
       59.395991
      ],
      [
       18.0567301,
       59.3960749
      ],
      [
       18.0569081,
       59.3961896
      ],
      [
       18.0570693,
       59.3963102
      ],
      [
       18.0572225,
       59.3964308
      ],
      [
       18.0573692,
       59.396569
      ],
      [
       18.0575088,
       59.3967102
      ],
      [
       18.0577628,
       59.3969947
      ],
      [
       18.0578932,
       59.3971445
      ],
      [
       18.0580202,
       59.397295
      ],
      [
       18.0582731,
       59.3976331
      ],
      [
       18.0583991,
       59.3978187
      ],
      [
       18.0585232,
       59.3980618
      ],
      [
       18.0585856,
       59.3981802
      ],
      [
       18.0586441,
       59.3982979
      ],
      [
       18.0586964,
       59.3984222
      ],
      [
       18.0587441,
       59.3985522
      ],
      [
       18.0587785,
       59.3986664
      ],
      [
       18.0588162,
       59.3987894
      ],
      [
       18.058886,
       59.3991125
      ],
      [
       18.0589806,
       59.399661
      ],
      [
       18.0590363,
       59.3999688
      ],
      [
       18.0590786,
       59.400194
      ],
      [
       18.0591379,
       59.4005176
      ],
      [
       18.0592221,
       59.400999
      ],
      [
       18.0592538,
       59.4012244
      ],
      [
       18.0592918,
       59.4014628
      ],
      [
       18.059294,
       59.4014934
      ],
      [
       18.0593159,
       59.4017199
      ],
      [
       18.0593186,
       59.4019666
      ],
      [
       18.0593079,
       59.4024608
      ],
      [
       18.0593159,
       59.4026724
      ],
      [
       18.0593347,
       59.402895
      ],
      [
       18.0593642,
       59.4031011
      ],
      [
       18.0594205,
       59.4032813
      ],
      [
       18.0595064,
       59.4035271
      ],
      [
       18.0596066,
       59.4037966
      ],
      [
       18.0598006,
       59.4043349
      ],
      [
       18.0598789,
       59.404508
      ],
      [
       18.0599694,
       59.4046769
      ],
      [
       18.0601116,
       59.4048899
      ],
      [
       18.060259,
       59.4051016
      ],
      [
       18.0604036,
       59.4053052
      ],
      [
       18.0605527,
       59.4055281
      ],
      [
       18.0605752,
       59.4055631
      ],
      [
       18.0606395,
       59.4056821
      ],
      [
       18.0606762,
       59.4057579
      ],
      [
       18.0607071,
       59.4058343
      ],
      [
       18.0607327,
       59.4059093
      ],
      [
       18.0607711,
       59.4060432
      ],
      [
       18.0607939,
       59.4061784
      ],
      [
       18.0607994,
       59.4063123
      ],
      [
       18.0607956,
       59.4064462
      ],
      [
       18.0607757,
       59.4065803
      ],
      [
       18.0607454,
       59.4067151
      ],
      [
       18.0606875,
       59.4068691
      ],
      [
       18.0606184,
       59.4070236
      ],
      [
       18.0604497,
       59.4073637
      ],
      [
       18.0603557,
       59.4075439
      ],
      [
       18.0600921,
       59.4080664
      ],
      [
       18.0595871,
       59.4090391
      ],
      [
       18.0593115,
       59.409576
      ],
      [
       18.059103,
       59.4099831
      ],
      [
       18.0590785,
       59.4100318
      ],
      [
       18.0590178,
       59.4101449
      ],
      [
       18.0587917,
       59.4105874
      ],
      [
       18.0583325,
       59.4114831
      ],
      [
       18.0578872,
       59.4123498
      ],
      [
       18.057647,
       59.4128171
      ],
      [
       18.0573938,
       59.4133092
      ],
      [
       18.0572899,
       59.4135043
      ],
      [
       18.0571776,
       59.4136981
      ],
      [
       18.0570812,
       59.4138397
      ],
      [
       18.0569764,
       59.4139752
      ],
      [
       18.0568431,
       59.4141221
      ],
      [
       18.0567264,
       59.4142366
      ],
      [
       18.0565726,
       59.4143642
      ],
      [
       18.0564026,
       59.4144888
      ],
      [
       18.0562206,
       59.4146077
      ],
      [
       18.0560295,
       59.4147243
      ],
      [
       18.0558395,
       59.4148298
      ],
      [
       18.0556418,
       59.4149274
      ],
      [
       18.0553096,
       59.4150792
      ],
      [
       18.0549709,
       59.4152298
      ],
      [
       18.0543556,
       59.4154991
      ],
      [
       18.0537264,
       59.4157822
      ],
      [
       18.0532126,
       59.416059
      ],
      [
       18.0529916,
       59.4161985
      ],
      [
       18.0527646,
       59.4163456
      ],
      [
       18.0525435,
       59.4165048
      ],
      [
       18.0523427,
       59.4166667
      ],
      [
       18.052137,
       59.4168549
      ],
      [
       18.0519377,
       59.4170431
      ],
      [
       18.051099,
       59.417907
      ],
      [
       18.0506788,
       59.4183503
      ],
      [
       18.0503583,
       59.4187098
      ],
      [
       18.0502307,
       59.4188667
      ],
      [
       18.0501122,
       59.4190266
      ],
      [
       18.0500059,
       59.4191951
      ],
      [
       18.0499147,
       59.419362
      ],
      [
       18.0498395,
       59.4195398
      ],
      [
       18.0497762,
       59.419716
      ],
      [
       18.0497449,
       59.4198861
      ],
      [
       18.0497225,
       59.4200643
      ],
      [
       18.0497217,
       59.4202387
      ],
      [
       18.0497303,
       59.4204132
      ],
      [
       18.0497578,
       59.4205875
      ],
      [
       18.0497896,
       59.420764
      ],
      [
       18.0498364,
       59.4209712
      ],
      [
       18.0498875,
       59.4211784
      ],
      [
       18.0499394,
       59.421369
      ],
      [
       18.0499946,
       59.4215608
      ],
      [
       18.0500689,
       59.4217562
      ],
      [
       18.0501533,
       59.4219696
      ],
      [
       18.0502417,
       59.4221443
      ],
      [
       18.0503378,
       59.4223178
      ],
      [
       18.0504581,
       59.4225134
      ],
      [
       18.050586,
       59.422709
      ],
      [
       18.0508451,
       59.423087
      ],
      [
       18.050957,
       59.4232634
      ],
      [
       18.05105,
       59.4234371
      ],
      [
       18.051126,
       59.4236159
      ],
      [
       18.0511871,
       59.4237993
      ],
      [
       18.0512329,
       59.4239771
      ],
      [
       18.0512618,
       59.4241668
      ],
      [
       18.0512769,
       59.4243769
      ],
      [
       18.0512791,
       59.424586
      ],
      [
       18.0512694,
       59.4251166
      ],
      [
       18.0512558,
       59.4253567
      ],
      [
       18.0512332,
       59.4256531
      ],
      [
       18.0512138,
       59.4258101
      ],
      [
       18.0511886,
       59.4259919
      ],
      [
       18.0511761,
       59.4260795
      ],
      [
       18.0511271,
       59.4264399
      ],
      [
       18.0510963,
       59.42675
      ],
      [
       18.0510949,
       59.4267646
      ],
      [
       18.0510745,
       59.4270958
      ],
      [
       18.0510281,
       59.4285384
      ],
      [
       18.0510116,
       59.4290156
      ],
      [
       18.0510122,
       59.429244
      ],
      [
       18.0510178,
       59.4294724
      ],
      [
       18.0510299,
       59.4296816
      ],
      [
       18.0510521,
       59.4298896
      ],
      [
       18.0510943,
       59.4300959
      ],
      [
       18.0511415,
       59.4303047
      ],
      [
       18.0512193,
       59.4305082
      ],
      [
       18.051311,
       59.4307103
      ],
      [
       18.0514153,
       59.4309004
      ],
      [
       18.0515282,
       59.4310894
      ],
      [
       18.0516587,
       59.4312852
      ],
      [
       18.0518035,
       59.4314836
      ],
      [
       18.0519736,
       59.4316777
      ],
      [
       18.0521403,
       59.4318576
      ],
      [
       18.052361,
       59.4320593
      ],
      [
       18.052591,
       59.4322537
      ],
      [
       18.0527918,
       59.4324173
      ],
      [
       18.0529855,
       59.432574
      ],
      [
       18.053196,
       59.4327147
      ],
      [
       18.0534129,
       59.4328532
      ],
      [
       18.0537809,
       59.4330631
      ],
      [
       18.054081,
       59.4332315
      ],
      [
       18.0547736,
       59.4336357
      ],
      [
       18.0553402,
       59.4339536
      ],
      [
       18.0556181,
       59.4341093
      ],
      [
       18.0563425,
       59.4345247
      ],
      [
       18.0564947,
       59.4346198
      ],
      [
       18.0566416,
       59.4347168
      ],
      [
       18.0571979,
       59.4350771
      ],
      [
       18.0576455,
       59.4353796
      ],
      [
       18.0579275,
       59.4355882
      ],
      [
       18.0582841,
       59.43587
      ],
      [
       18.058534,
       59.4360844
      ],
      [
       18.0587472,
       59.4362836
      ],
      [
       18.0589408,
       59.4364769
      ],
      [
       18.0590772,
       59.4366213
      ],
      [
       18.0592087,
       59.4367631
      ],
      [
       18.0592693,
       59.4368259
      ],
      [
       18.0593313,
       59.4368818
      ],
      [
       18.0596375,
       59.4371469
      ],
      [
       18.0598109,
       59.4372878
      ],
      [
       18.0599764,
       59.4374156
      ],
      [
       18.0601607,
       59.4375488
      ],
      [
       18.0603243,
       59.4376456
      ],
      [
       18.0604119,
       59.4376946
      ],
      [
       18.060498,
       59.4377429
      ],
      [
       18.0606621,
       59.4378252
      ],
      [
       18.0608299,
       59.4379064
      ],
      [
       18.0615985,
       59.4382654
      ],
      [
       18.0625228,
       59.4387016
      ],
      [
       18.0641026,
       59.4394415
      ],
      [
       18.0657566,
       59.4402146
      ],
      [
       18.0672225,
       59.4409017
      ],
      [
       18.0674551,
       59.4410106
      ],
      [
       18.0681801,
       59.4413547
      ],
      [
       18.0692432,
       59.4418519
      ],
      [
       18.0698353,
       59.4421292
      ],
      [
       18.0734704,
       59.4438374
      ],
      [
       18.0736335,
       59.4439149
      ],
      [
       18.074101,
       59.4441303
      ],
      [
       18.074493,
       59.4443066
      ],
      [
       18.0747344,
       59.4444097
      ],
      [
       18.0749772,
       59.4445093
      ],
      [
       18.0750916,
       59.4445546
      ],
      [
       18.0754815,
       59.4446989
      ],
      [
       18.0758375,
       59.4448189
      ],
      [
       18.0760931,
       59.4448987
      ],
      [
       18.0763602,
       59.4449765
      ],
      [
       18.0767329,
       59.4450771
      ],
      [
       18.0771073,
       59.4451762
      ],
      [
       18.0778409,
       59.4453639
      ],
      [
       18.0785735,
       59.4455492
      ],
      [
       18.0804094,
       59.4460187
      ],
      [
       18.0813566,
       59.446261
      ],
      [
       18.0818259,
       59.446379
      ],
      [
       18.0823018,
       59.4464956
      ],
      [
       18.0825757,
       59.4465581
      ],
      [
       18.0830251,
       59.446652
      ],
      [
       18.0831668,
       59.4466778
      ],
      [
       18.0834418,
       59.4467283
      ],
      [
       18.0837621,
       59.4467796
      ],
      [
       18.0840487,
       59.4468216
      ],
      [
       18.0843139,
       59.4468558
      ],
      [
       18.0846699,
       59.4468949
      ],
      [
       18.0850275,
       59.4469314
      ],
      [
       18.085833,
       59.4470045
      ],
      [
       18.086799,
       59.4470899
      ],
      [
       18.088662,
       59.4472525
      ],
      [
       18.0929217,
       59.4476487
      ],
      [
       18.0937245,
       59.4477231
      ],
      [
       18.0962436,
       59.4479528
      ],
      [
       18.0989403,
       59.4481741
      ],
      [
       18.0998358,
       59.4482471
      ],
      [
       18.1000676,
       59.4482704
      ],
      [
       18.1004552,
       59.4483148
      ],
      [
       18.100664,
       59.4483432
      ],
      [
       18.1008757,
       59.4483749
      ],
      [
       18.1010949,
       59.4484098
      ],
      [
       18.1013173,
       59.4484497
      ],
      [
       18.1015862,
       59.4485034
      ],
      [
       18.1018448,
       59.4485603
      ],
      [
       18.1020475,
       59.4486104
      ],
      [
       18.1022417,
       59.4486602
      ],
      [
       18.1024292,
       59.4487105
      ],
      [
       18.1026904,
       59.448787
      ],
      [
       18.1029418,
       59.448867
      ],
      [
       18.1030492,
       59.4489041
      ],
      [
       18.103288,
       59.4489907
      ],
      [
       18.1035726,
       59.4490977
      ],
      [
       18.1038555,
       59.4492055
      ],
      [
       18.104362,
       59.4494062
      ],
      [
       18.1047907,
       59.4495794
      ],
      [
       18.1050239,
       59.449682
      ],
      [
       18.1052316,
       59.4497779
      ],
      [
       18.1054062,
       59.449872
      ],
      [
       18.1056823,
       59.450023
      ],
      [
       18.1059471,
       59.450179
      ],
      [
       18.106469,
       59.4504948
      ],
      [
       18.1072894,
       59.4509895
      ],
      [
       18.1082549,
       59.4515802
      ],
      [
       18.1091858,
       59.4521426
      ],
      [
       18.109351,
       59.4522379
      ],
      [
       18.1095201,
       59.4523272
      ],
      [
       18.1097583,
       59.4524436
      ],
      [
       18.1098814,
       59.4524971
      ],
      [
       18.1100757,
       59.4525736
      ],
      [
       18.1102758,
       59.4526411
      ],
      [
       18.110496,
       59.4527136
      ],
      [
       18.11073,
       59.4527741
      ],
      [
       18.1109678,
       59.4528293
      ],
      [
       18.1112126,
       59.452876
      ],
      [
       18.1114199,
       59.4529119
      ],
      [
       18.1116411,
       59.4529427
      ],
      [
       18.1118816,
       59.4529684
      ],
      [
       18.1121281,
       59.4529881
      ],
      [
       18.1123745,
       59.4530018
      ],
      [
       18.1126249,
       59.4530065
      ],
      [
       18.1128656,
       59.4530045
      ],
      [
       18.1131063,
       59.452995
      ],
      [
       18.113356,
       59.4529769
      ],
      [
       18.1135907,
       59.4529561
      ],
      [
       18.1136899,
       59.4529444
      ],
      [
       18.1138979,
       59.4529164
      ],
      [
       18.1140803,
       59.4528873
      ],
      [
       18.1143033,
       59.4528454
      ],
      [
       18.1145277,
       59.4527969
      ],
      [
       18.1148078,
       59.452734
      ],
      [
       18.1150914,
       59.4526674
      ],
      [
       18.1154564,
       59.4525797
      ],
      [
       18.1158268,
       59.4524935
      ],
      [
       18.1163156,
       59.4523931
      ],
      [
       18.1168059,
       59.4522951
      ],
      [
       18.1170196,
       59.4522556
      ],
      [
       18.1174053,
       59.4521897
      ],
      [
       18.1177993,
       59.4521274
      ],
      [
       18.1183047,
       59.4520539
      ],
      [
       18.1188195,
       59.4519828
      ],
      [
       18.1202788,
       59.4517756
      ],
      [
       18.1217328,
       59.4515695
      ],
      [
       18.1222811,
       59.451486
      ],
      [
       18.1226997,
       59.4514213
      ],
      [
       18.1229943,
       59.4513729
      ],
      [
       18.1232924,
       59.4513218
      ],
      [
       18.1235558,
       59.4512708
      ],
      [
       18.1240662,
       59.4511673
      ],
      [
       18.1244492,
       59.4510837
      ],
      [
       18.1250533,
       59.450942
      ],
      [
       18.1256192,
       59.4507974
      ],
      [
       18.1260634,
       59.4506751
      ],
      [
       18.1268279,
       59.4504559
      ],
      [
       18.1270535,
       59.4503925
      ],
      [
       18.1279453,
       59.4501247
      ],
      [
       18.1282674,
       59.450039
      ],
      [
       18.1286126,
       59.4499648
      ],
      [
       18.1289561,
       59.449908
      ],
      [
       18.1293017,
       59.4498657
      ],
      [
       18.1295643,
       59.4498416
      ],
      [
       18.1298611,
       59.449827
      ],
      [
       18.1302222,
       59.4498196
      ],
      [
       18.130495,
       59.4498267
      ],
      [
       18.1309602,
       59.4498521
      ],
      [
       18.1312598,
       59.4498843
      ],
      [
       18.131534,
       59.4499246
      ],
      [
       18.1318047,
       59.4499704
      ],
      [
       18.132076,
       59.4500311
      ],
      [
       18.1323615,
       59.450106
      ],
      [
       18.1326266,
       59.4501876
      ],
      [
       18.1328716,
       59.4502734
      ],
      [
       18.1331981,
       59.4504112
      ],
      [
       18.1334013,
       59.4505108
      ],
      [
       18.1335743,
       59.4506112
      ],
      [
       18.1337905,
       59.4507454
      ],
      [
       18.134001,
       59.4509072
      ],
      [
       18.1341859,
       59.4510737
      ],
      [
       18.1344242,
       59.4513357
      ],
      [
       18.1373473,
       59.4547888
      ],
      [
       18.1380493,
       59.4556074
      ],
      [
       18.1389758,
       59.4567124
      ],
      [
       18.1390726,
       59.4568257
      ],
      [
       18.1392296,
       59.4570128
      ],
      [
       18.1393936,
       59.4572059
      ],
      [
       18.1395922,
       59.4574296
      ],
      [
       18.1397671,
       59.4576014
      ],
      [
       18.1399801,
       59.4577921
      ],
      [
       18.1401721,
       59.4579442
      ],
      [
       18.140364,
       59.4580913
      ],
      [
       18.1408379,
       59.4584346
      ],
      [
       18.1415518,
       59.4589463
      ],
      [
       18.1424075,
       59.4595591
      ],
      [
       18.143707,
       59.4604929
      ],
      [
       18.1441917,
       59.4608362
      ],
      [
       18.1444576,
       59.4610083
      ],
      [
       18.1447264,
       59.4611809
      ],
      [
       18.1450012,
       59.4613373
      ],
      [
       18.145329,
       59.4615148
      ],
      [
       18.1456371,
       59.4616572
      ],
      [
       18.1459826,
       59.4618143
      ],
      [
       18.1463116,
       59.4619462
      ],
      [
       18.1466452,
       59.4620745
      ],
      [
       18.147054,
       59.4622127
      ],
      [
       18.1474075,
       59.4623228
      ],
      [
       18.1478122,
       59.4624377
      ],
      [
       18.1482116,
       59.4625401
      ],
      [
       18.1486289,
       59.4626346
      ],
      [
       18.1490324,
       59.4627161
      ],
      [
       18.1494828,
       59.462795
      ],
      [
       18.1499331,
       59.4628688
      ],
      [
       18.1509681,
       59.4630266
      ],
      [
       18.1524586,
       59.4632533
      ],
      [
       18.1528784,
       59.4633262
      ],
      [
       18.1536892,
       59.4634632
      ],
      [
       18.1541368,
       59.463544
      ],
      [
       18.1545845,
       59.4636291
      ],
      [
       18.1550142,
       59.4637137
      ],
      [
       18.1554356,
       59.4638011
      ],
      [
       18.1558772,
       59.463898
      ],
      [
       18.1563132,
       59.4639991
      ],
      [
       18.1569713,
       59.4641552
      ],
      [
       18.1574695,
       59.4642797
      ],
      [
       18.1583913,
       59.4645088
      ],
      [
       18.1602905,
       59.4650075
      ],
      [
       18.161203,
       59.4652515
      ],
      [
       18.161403,
       59.4653111
      ],
      [
       18.1615533,
       59.4653591
      ],
      [
       18.1618212,
       59.4654512
      ],
      [
       18.162125,
       59.4655656
      ],
      [
       18.1624166,
       59.4656893
      ],
      [
       18.1627073,
       59.4658336
      ],
      [
       18.1629429,
       59.4659634
      ],
      [
       18.1632529,
       59.4661511
      ],
      [
       18.1635457,
       59.4663483
      ],
      [
       18.1638439,
       59.4665513
      ],
      [
       18.164135,
       59.4667579
      ],
      [
       18.1644336,
       59.4669476
      ],
      [
       18.1647232,
       59.4671235
      ],
      [
       18.1650074,
       59.4672689
      ],
      [
       18.1653052,
       59.4674073
      ],
      [
       18.1656266,
       59.4675423
      ],
      [
       18.1659571,
       59.4676682
      ],
      [
       18.1662693,
       59.4677742
      ],
      [
       18.166595,
       59.4678734
      ],
      [
       18.1669574,
       59.4679625
      ],
      [
       18.1673243,
       59.4680448
      ],
      [
       18.1676887,
       59.4681111
      ],
      [
       18.1680577,
       59.4681705
      ],
      [
       18.1684465,
       59.4682156
      ],
      [
       18.1688354,
       59.4682539
      ],
      [
       18.1692298,
       59.4682774
      ],
      [
       18.1696286,
       59.4682941
      ],
      [
       18.1700297,
       59.468295
      ],
      [
       18.1704308,
       59.468289
      ],
      [
       18.1708257,
       59.4682666
      ],
      [
       18.1712205,
       59.4682396
      ],
      [
       18.1717016,
       59.4681884
      ],
      [
       18.1721782,
       59.4681326
      ],
      [
       18.1726788,
       59.4680635
      ],
      [
       18.1731795,
       59.4679898
      ],
      [
       18.1736716,
       59.4679081
      ],
      [
       18.1741592,
       59.4678172
      ],
      [
       18.1746657,
       59.4677164
      ],
      [
       18.1751284,
       59.4676157
      ],
      [
       18.175591,
       59.4675033
      ],
      [
       18.1760599,
       59.4673786
      ],
      [
       18.1765211,
       59.4672503
      ],
      [
       18.1769823,
       59.4671171
      ],
      [
       18.1790225,
       59.4665071
      ],
      [
       18.1796629,
       59.46632
      ],
      [
       18.179928,
       59.4662459
      ],
      [
       18.1801947,
       59.4661746
      ],
      [
       18.1804823,
       59.4661001
      ],
      [
       18.1807958,
       59.4660239
      ],
      [
       18.1811139,
       59.4659531
      ],
      [
       18.181432,
       59.4658873
      ],
      [
       18.1818697,
       59.4658046
      ],
      [
       18.1820793,
       59.4657677
      ],
      [
       18.1822889,
       59.4657322
      ],
      [
       18.1825504,
       59.4656916
      ],
      [
       18.1828134,
       59.4656541
      ],
      [
       18.183095,
       59.4656157
      ],
      [
       18.1833859,
       59.4655809
      ],
      [
       18.1836462,
       59.465551
      ],
      [
       18.1841591,
       59.465498
      ],
      [
       18.1845365,
       59.4654665
      ],
      [
       18.1848895,
       59.4654416
      ],
      [
       18.18524,
       59.4654202
      ],
      [
       18.1856264,
       59.4654017
      ],
      [
       18.1860879,
       59.4653856
      ],
      [
       18.1864322,
       59.4653781
      ],
      [
       18.186732,
       59.4653757
      ],
      [
       18.1870332,
       59.4653769
      ],
      [
       18.187311,
       59.4653822
      ],
      [
       18.1876244,
       59.4653911
      ],
      [
       18.1879897,
       59.4654067
      ],
      [
       18.1883425,
       59.4654252
      ],
      [
       18.1886402,
       59.4654441
      ],
      [
       18.1889379,
       59.4654665
      ],
      [
       18.1893192,
       59.4655022
      ],
      [
       18.1896989,
       59.4655421
      ],
      [
       18.1901388,
       59.4655952
      ],
      [
       18.1905759,
       59.4656548
      ],
      [
       18.1910872,
       59.4657352
      ],
      [
       18.1915526,
       59.4658193
      ],
      [
       18.1920123,
       59.4659072
      ],
      [
       18.1924511,
       59.4660057
      ],
      [
       18.1928974,
       59.4661119
      ],
      [
       18.193337,
       59.4662265
      ],
      [
       18.1937823,
       59.4663521
      ],
      [
       18.1981686,
       59.4676876
      ],
      [
       18.1991956,
       59.4679883
      ],
      [
       18.1997642,
       59.468141
      ],
      [
       18.2002491,
       59.4682589
      ],
      [
       18.2007165,
       59.468361
      ],
      [
       18.2012201,
       59.4684652
      ],
      [
       18.2017018,
       59.4685565
      ],
      [
       18.2024196,
       59.4686794
      ],
      [
       18.2030493,
       59.46877
      ],
      [
       18.2037404,
       59.4688562
      ],
      [
       18.2055053,
       59.4690732
      ],
      [
       18.2072332,
       59.4692829
      ],
      [
       18.2080537,
       59.4693768
      ],
      [
       18.2086865,
       59.4694327
      ],
      [
       18.2092906,
       59.4694795
      ],
      [
       18.2102665,
       59.4695258
      ],
      [
       18.2110472,
       59.4695442
      ],
      [
       18.2118022,
       59.4695472
      ],
      [
       18.2127196,
       59.4695259
      ],
      [
       18.213435,
       59.4694953
      ],
      [
       18.2141333,
       59.4694627
      ],
      [
       18.2169954,
       59.4693312
      ],
      [
       18.219395,
       59.4692155
      ],
      [
       18.2199111,
       59.4691935
      ],
      [
       18.2204569,
       59.4691792
      ],
      [
       18.2210285,
       59.4691765
      ],
      [
       18.2215709,
       59.4691796
      ],
      [
       18.2221784,
       59.4691991
      ],
      [
       18.2229284,
       59.4692386
      ],
      [
       18.2236204,
       59.4692924
      ],
      [
       18.2242958,
       59.4693632
      ],
      [
       18.2247541,
       59.4694185
      ],
      [
       18.2250954,
       59.4694655
      ],
      [
       18.2255624,
       59.469536
      ],
      [
       18.2261007,
       59.4696287
      ],
      [
       18.2265957,
       59.4697262
      ],
      [
       18.2270458,
       59.4698217
      ],
      [
       18.2276245,
       59.4699578
      ],
      [
       18.2284115,
       59.4701689
      ],
      [
       18.2290129,
       59.4703526
      ],
      [
       18.2294845,
       59.4705086
      ],
      [
       18.2300105,
       59.4707009
      ],
      [
       18.2304172,
       59.4708628
      ],
      [
       18.2308173,
       59.4710304
      ],
      [
       18.2314408,
       59.4713174
      ],
      [
       18.2323281,
       59.4717528
      ],
      [
       18.2337929,
       59.4724749
      ],
      [
       18.2343067,
       59.4727245
      ],
      [
       18.2355972,
       59.473363
      ],
      [
       18.2361894,
       59.473656
      ],
      [
       18.2374583,
       59.4742805
      ],
      [
       18.2379318,
       59.4745119
      ],
      [
       18.2383327,
       59.4747011
      ],
      [
       18.2387857,
       59.4748952
      ],
      [
       18.2390892,
       59.4750155
      ],
      [
       18.239618,
       59.4752046
      ],
      [
       18.2399751,
       59.4753215
      ],
      [
       18.2404207,
       59.4754442
      ],
      [
       18.2408307,
       59.4755512
      ],
      [
       18.2415976,
       59.4757216
      ],
      [
       18.2421244,
       59.4758189
      ],
      [
       18.2429304,
       59.4759356
      ],
      [
       18.2440693,
       59.4760508
      ],
      [
       18.2456143,
       59.4762027
      ],
      [
       18.2469476,
       59.4763337
      ],
      [
       18.2476268,
       59.4764022
      ],
      [
       18.2535487,
       59.4769926
      ],
      [
       18.2556365,
       59.4772048
      ],
      [
       18.2562861,
       59.4772917
      ],
      [
       18.2568894,
       59.4773997
      ],
      [
       18.2575414,
       59.4775469
      ],
      [
       18.2581193,
       59.4777071
      ],
      [
       18.2586904,
       59.4778943
      ],
      [
       18.2591872,
       59.4780839
      ],
      [
       18.259431,
       59.4781902
      ],
      [
       18.2599793,
       59.4784546
      ],
      [
       18.260495,
       59.478723
      ],
      [
       18.2616295,
       59.4793255
      ],
      [
       18.2623754,
       59.4797184
      ],
      [
       18.2630687,
       59.4800814
      ],
      [
       18.2634192,
       59.4802374
      ],
      [
       18.2636647,
       59.4803426
      ],
      [
       18.2639027,
       59.480423
      ],
      [
       18.2641595,
       59.4805103
      ],
      [
       18.2644572,
       59.4805941
      ],
      [
       18.2647702,
       59.4806726
      ],
      [
       18.2650621,
       59.4807343
      ],
      [
       18.2655389,
       59.4808149
      ],
      [
       18.2660917,
       59.4808793
      ],
      [
       18.2666396,
       59.4809193
      ],
      [
       18.2671184,
       59.4809332
      ],
      [
       18.2675551,
       59.4809253
      ],
      [
       18.2678347,
       59.4809091
      ],
      [
       18.2682344,
       59.4808818
      ],
      [
       18.2687155,
       59.4808383
      ],
      [
       18.2696606,
       59.4807472
      ],
      [
       18.270944,
       59.4806246
      ],
      [
       18.2719223,
       59.4805313
      ],
      [
       18.2728416,
       59.480452
      ],
      [
       18.2732687,
       59.4804229
      ],
      [
       18.2737655,
       59.4803975
      ],
      [
       18.274629,
       59.4803673
      ],
      [
       18.2750225,
       59.4803577
      ],
      [
       18.2781154,
       59.4802897
      ],
      [
       18.2800754,
       59.4802489
      ],
      [
       18.2832408,
       59.4801798
      ],
      [
       18.2843679,
       59.4801555
      ],
      [
       18.2895265,
       59.4800384
      ],
      [
       18.2899151,
       59.4800218
      ],
      [
       18.2904539,
       59.4799922
      ],
      [
       18.2910021,
       59.479947
      ],
      [
       18.2922056,
       59.4798254
      ],
      [
       18.2930516,
       59.4797376
      ],
      [
       18.2937941,
       59.4796649
      ],
      [
       18.2941994,
       59.4796246
      ],
      [
       18.2954235,
       59.4794996
      ],
      [
       18.29579,
       59.4794634
      ],
      [
       18.2965321,
       59.479388
      ],
      [
       18.2986395,
       59.4791724
      ],
      [
       18.2992881,
       59.479106
      ],
      [
       18.299605,
       59.4790635
      ],
      [
       18.2998002,
       59.479033
      ],
      [
       18.3000019,
       59.4789968
      ],
      [
       18.3003998,
       59.4789069
      ],
      [
       18.3006929,
       59.4788307
      ],
      [
       18.3009428,
       59.4787532
      ],
      [
       18.3011917,
       59.4786652
      ],
      [
       18.3014227,
       59.478575
      ],
      [
       18.3017823,
       59.4784078
      ],
      [
       18.301871,
       59.478362
      ],
      [
       18.3022925,
       59.4781228
      ],
      [
       18.3027776,
       59.4778278
      ],
      [
       18.3028888,
       59.4777629
      ],
      [
       18.3030032,
       59.4776989
      ],
      [
       18.303628,
       59.4773343
      ],
      [
       18.3049364,
       59.4765614
      ],
      [
       18.306895,
       59.4754028
      ],
      [
       18.3072285,
       59.4751829
      ],
      [
       18.3073859,
       59.4750581
      ],
      [
       18.3076642,
       59.4748063
      ],
      [
       18.3078363,
       59.474596
      ],
      [
       18.3079227,
       59.4744644
      ],
      [
       18.3079932,
       59.474343
      ],
      [
       18.3080762,
       59.4741627
      ],
      [
       18.3081245,
       59.4740123
      ],
      [
       18.3081625,
       59.4738936
      ],
      [
       18.3082413,
       59.4735846
      ],
      [
       18.3083307,
       59.47321
      ],
      [
       18.3083717,
       59.4728366
      ],
      [
       18.3083778,
       59.4726269
      ],
      [
       18.3083606,
       59.4723523
      ],
      [
       18.3083292,
       59.4721423
      ],
      [
       18.3082811,
       59.4718988
      ],
      [
       18.3082102,
       59.4716447
      ],
      [
       18.3080097,
       59.4711307
      ],
      [
       18.3075667,
       59.4700453
      ],
      [
       18.3074846,
       59.4698254
      ],
      [
       18.3074383,
       59.4696866
      ],
      [
       18.3074145,
       59.4695823
      ],
      [
       18.3074026,
       59.469536
      ],
      [
       18.307354,
       59.4693459
      ],
      [
       18.3073162,
       59.4691122
      ],
      [
       18.3073086,
       59.4689748
      ],
      [
       18.3072481,
       59.4678778
      ],
      [
       18.3072149,
       59.4676253
      ],
      [
       18.3071801,
       59.4674548
      ],
      [
       18.3071366,
       59.4672826
      ],
      [
       18.307021,
       59.4669551
      ],
      [
       18.3069067,
       59.4666664
      ],
      [
       18.3068027,
       59.466383
      ],
      [
       18.30672,
       59.4661317
      ],
      [
       18.3066806,
       59.4659515
      ],
      [
       18.3066578,
       59.4657936
      ],
      [
       18.3066677,
       59.4655974
      ],
      [
       18.3066989,
       59.4654326
      ],
      [
       18.306752,
       59.4652944
      ],
      [
       18.3068194,
       59.4651587
      ],
      [
       18.3068688,
       59.4650769
      ],
      [
       18.3069488,
       59.4649657
      ],
      [
       18.3071047,
       59.4647892
      ],
      [
       18.3074102,
       59.4644948
      ],
      [
       18.3089763,
       59.4630887
      ],
      [
       18.3097046,
       59.4624327
      ],
      [
       18.3098257,
       59.4623181
      ],
      [
       18.3102927,
       59.4619035
      ],
      [
       18.3110687,
       59.4612129
      ]
     ]
    ]
   }
  },
  {
   "type": "Feature",
   "properties": {
    "name": "Roslagsbanan 29 · Tekniska högskolan–Näsbypark",
    "line": "29"
   },
   "geometry": {
    "type": "MultiLineString",
    "coordinates": [
     [
      [
       18.0700282,
       59.3467774
      ],
      [
       18.0652954,
       59.3503453
      ],
      [
       18.0651262,
       59.3507459
      ],
      [
       18.0651176,
       59.3507664
      ],
      [
       18.0650976,
       59.3508137
      ],
      [
       18.0650249,
       59.3509828
      ],
      [
       18.0649553,
       59.3511267
      ],
      [
       18.0648667,
       59.3512811
      ],
      [
       18.0647773,
       59.3514086
      ],
      [
       18.064688,
       59.3515207
      ],
      [
       18.0645899,
       59.3516298
      ],
      [
       18.064495,
       59.3517217
      ],
      [
       18.0643951,
       59.35181
      ],
      [
       18.0643209,
       59.3518708
      ],
      [
       18.0642453,
       59.3519302
      ],
      [
       18.0641675,
       59.3519888
      ],
      [
       18.0640853,
       59.3520466
      ],
      [
       18.0639425,
       59.3521383
      ],
      [
       18.0637935,
       59.3522268
      ],
      [
       18.0636151,
       59.3523223
      ],
      [
       18.0634321,
       59.3524155
      ],
      [
       18.0632348,
       59.3525003
      ],
      [
       18.0630582,
       59.352572
      ],
      [
       18.0628566,
       59.352645
      ],
      [
       18.0626381,
       59.3527174
      ],
      [
       18.0624058,
       59.3527915
      ],
      [
       18.0621564,
       59.3528699
      ],
      [
       18.0619264,
       59.3529442
      ],
      [
       18.0617027,
       59.3530218
      ],
      [
       18.0614946,
       59.353103
      ],
      [
       18.0612959,
       59.3531908
      ],
      [
       18.0611249,
       59.3532723
      ],
      [
       18.0609645,
       59.3533603
      ],
      [
       18.0607923,
       59.3534631
      ],
      [
       18.0606348,
       59.3535697
      ],
      [
       18.0605051,
       59.3536695
      ],
      [
       18.0603896,
       59.3537654
      ],
      [
       18.0602898,
       59.353861
      ],
      [
       18.0602045,
       59.3539505
      ],
      [
       18.0601254,
       59.3540415
      ],
      [
       18.0600085,
       59.3541997
      ],
      [
       18.0599327,
       59.3543212
      ],
      [
       18.0598584,
       59.3544748
      ],
      [
       18.0598022,
       59.3546262
      ],
      [
       18.0597638,
       59.3547811
      ],
      [
       18.0597425,
       59.3549452
      ],
      [
       18.059742,
       59.3551048
      ],
      [
       18.0597573,
       59.3552544
      ],
      [
       18.0597676,
       59.355308
      ],
      [
       18.0597989,
       59.3554288
      ],
      [
       18.0598334,
       59.3555485
      ],
      [
       18.0599102,
       59.355755
      ],
      [
       18.0600188,
       59.3560363
      ],
      [
       18.0600616,
       59.3561723
      ],
      [
       18.0600863,
       59.3562753
      ],
      [
       18.0600987,
       59.3563417
      ],
      [
       18.0601155,
       59.3564355
      ],
      [
       18.0601132,
       59.3565969
      ],
      [
       18.0601008,
       59.3567418
      ],
      [
       18.0600752,
       59.356886
      ],
      [
       18.0600337,
       59.357027
      ],
      [
       18.059979,
       59.3571658
      ],
      [
       18.059892,
       59.3573313
      ],
      [
       18.0598172,
       59.3574492
      ],
      [
       18.0597732,
       59.3575107
      ],
      [
       18.0597256,
       59.3575722
      ],
      [
       18.0596749,
       59.3576332
      ],
      [
       18.0596224,
       59.3576938
      ],
      [
       18.0595429,
       59.3577783
      ],
      [
       18.0594661,
       59.3578559
      ],
      [
       18.0593653,
       59.3579542
      ],
      [
       18.0592152,
       59.3580885
      ],
      [
       18.0590613,
       59.3582209
      ],
      [
       18.0587846,
       59.3584524
      ],
      [
       18.0585095,
       59.3586827
      ],
      [
       18.0580045,
       59.3591054
      ],
      [
       18.0574264,
       59.3595886
      ],
      [
       18.0572428,
       59.3597446
      ],
      [
       18.0570707,
       59.3598952
      ],
      [
       18.0569634,
       59.3599949
      ],
      [
       18.0568633,
       59.3600899
      ],
      [
       18.0565272,
       59.3604177
      ],
      [
       18.0564216,
       59.3605206
      ],
      [
       18.0560221,
       59.3609154
      ],
      [
       18.0551376,
       59.3617857
      ],
      [
       18.0547201,
       59.3621926
      ],
      [
       18.0545983,
       59.3623118
      ],
      [
       18.0545223,
       59.3623826
      ],
      [
       18.0543814,
       59.3625097
      ],
      [
       18.0542896,
       59.3625883
      ],
      [
       18.0540694,
       59.3627675
      ],
      [
       18.0538433,
       59.3629453
      ],
      [
       18.0532988,
       59.3633533
      ],
      [
       18.0528875,
       59.3636566
      ],
      [
       18.0523497,
       59.3640556
      ],
      [
       18.0521342,
       59.3642148
      ],
      [
       18.0517877,
       59.3644733
      ],
      [
       18.0515595,
       59.3646406
      ],
      [
       18.0508438,
       59.3651721
      ],
      [
       18.0503255,
       59.365557
      ],
      [
       18.050098,
       59.3657328
      ],
      [
       18.049879,
       59.3659132
      ],
      [
       18.0497417,
       59.3660442
      ],
      [
       18.0496077,
       59.3661799
      ],
      [
       18.049491,
       59.3663148
      ],
      [
       18.049381,
       59.3664526
      ],
      [
       18.0492867,
       59.3665888
      ],
      [
       18.0492012,
       59.3667279
      ],
      [
       18.0491026,
       59.366918
      ],
      [
       18.0490202,
       59.3671096
      ],
      [
       18.0489316,
       59.3673491
      ],
      [
       18.0488615,
       59.3675938
      ],
      [
       18.0488097,
       59.3678357
      ],
      [
       18.0487767,
       59.368083
      ],
      [
       18.0487631,
       59.3683274
      ],
      [
       18.0487645,
       59.3685613
      ],
      [
       18.0487834,
       59.368789
      ],
      [
       18.0488194,
       59.3690201
      ],
      [
       18.0488707,
       59.369245
      ],
      [
       18.0489374,
       59.3694712
      ],
      [
       18.0490203,
       59.3696931
      ],
      [
       18.0491177,
       59.3699149
      ],
      [
       18.0491776,
       59.3700316
      ],
      [
       18.049237,
       59.3701447
      ],
      [
       18.0492789,
       59.3702217
      ],
      [
       18.0493233,
       59.370298
      ],
      [
       18.0494155,
       59.3704526
      ],
      [
       18.0495403,
       59.3706833
      ],
      [
       18.0496184,
       59.370839
      ],
      [
       18.0496918,
       59.3710088
      ],
      [
       18.0497452,
       59.37117
      ],
      [
       18.0497817,
       59.3713188
      ],
      [
       18.0498087,
       59.3714816
      ],
      [
       18.0498199,
       59.3716331
      ],
      [
       18.049817,
       59.3717934
      ],
      [
       18.0498033,
       59.3719446
      ],
      [
       18.0497739,
       59.3721094
      ],
      [
       18.0497347,
       59.3722508
      ],
      [
       18.0496817,
       59.3724087
      ],
      [
       18.0496179,
       59.3725525
      ],
      [
       18.0495397,
       59.3727052
      ],
      [
       18.0494547,
       59.3728448
      ],
      [
       18.0493498,
       59.3729908
      ],
      [
       18.0492402,
       59.3731299
      ],
      [
       18.0491141,
       59.3732697
      ],
      [
       18.048978,
       59.3734061
      ],
      [
       18.0488403,
       59.3735328
      ],
      [
       18.0486919,
       59.3736539
      ],
      [
       18.0485396,
       59.3737742
      ],
      [
       18.0483727,
       59.3738883
      ],
      [
       18.0481268,
       59.3740468
      ],
      [
       18.0478781,
       59.3742014
      ],
      [
       18.0475562,
       59.3744054
      ],
      [
       18.0474584,
       59.3744754
      ],
      [
       18.0473589,
       59.3745441
      ],
      [
       18.0472805,
       59.374601
      ],
      [
       18.0472012,
       59.3746568
      ],
      [
       18.0470863,
       59.3747517
      ],
      [
       18.046974,
       59.3748498
      ],
      [
       18.0468414,
       59.3749749
      ],
      [
       18.0467087,
       59.3751082
      ],
      [
       18.0466458,
       59.3751715
      ],
      [
       18.0464737,
       59.3753537
      ],
      [
       18.0463468,
       59.3754806
      ],
      [
       18.0461267,
       59.3757036
      ],
      [
       18.0460116,
       59.3758211
      ],
      [
       18.045488,
       59.3763615
      ],
      [
       18.045404,
       59.3764484
      ],
      [
       18.045179,
       59.3766792
      ],
      [
       18.0450625,
       59.3768002
      ],
      [
       18.0449525,
       59.3769155
      ],
      [
       18.0447366,
       59.3771449
      ],
      [
       18.0446372,
       59.3772575
      ],
      [
       18.0445351,
       59.3773683
      ],
      [
       18.044417,
       59.3775183
      ],
      [
       18.0442978,
       59.3776695
      ],
      [
       18.044201,
       59.3778094
      ],
      [
       18.0441945,
       59.377819
      ],
      [
       18.0439226,
       59.3782729
      ],
      [
       18.0436599,
       59.3787285
      ],
      [
       18.0436524,
       59.3787422
      ],
      [
       18.0431227,
       59.3796538
      ],
      [
       18.0429482,
       59.3799372
      ],
      [
       18.0427832,
       59.3802214
      ],
      [
       18.0426843,
       59.3804274
      ],
      [
       18.042589,
       59.3806569
      ],
      [
       18.0425066,
       59.3808974
      ],
      [
       18.0424192,
       59.3811703
      ],
      [
       18.0423857,
       59.3813677
      ],
      [
       18.0423629,
       59.3815306
      ],
      [
       18.042349,
       59.3816936
      ],
      [
       18.0423411,
       59.3818401
      ],
      [
       18.0423451,
       59.3820648
      ],
      [
       18.0423602,
       59.3822905
      ],
      [
       18.0423946,
       59.3825063
      ],
      [
       18.042442,
       59.382724
      ],
      [
       18.0425062,
       59.3829266
      ],
      [
       18.0425837,
       59.3831292
      ],
      [
       18.0426752,
       59.3833208
      ],
      [
       18.0427861,
       59.3835183
      ],
      [
       18.042898,
       59.3836863
      ],
      [
       18.043128,
       59.3839936
      ],
      [
       18.0433378,
       59.3842603
      ],
      [
       18.0435373,
       59.3845244
      ],
      [
       18.043623,
       59.3846442
      ],
      [
       18.0436806,
       59.384732
      ],
      [
       18.043735,
       59.3848201
      ],
      [
       18.0437862,
       59.3849087
      ],
      [
       18.0438342,
       59.3849974
      ],
      [
       18.0438809,
       59.3850912
      ],
      [
       18.0439282,
       59.385193
      ],
      [
       18.0439698,
       59.3852937
      ],
      [
       18.0440124,
       59.3854055
      ],
      [
       18.0440399,
       59.3854865
      ],
      [
       18.0440804,
       59.3856323
      ],
      [
       18.0440952,
       59.3856901
      ],
      [
       18.044129,
       59.3858294
      ],
      [
       18.0441573,
       59.3859687
      ],
      [
       18.044195,
       59.3862271
      ],
      [
       18.0442187,
       59.3864478
      ],
      [
       18.0442285,
       59.3865027
      ],
      [
       18.0442673,
       59.3868777
      ],
      [
       18.0442796,
       59.3869972
      ],
      [
       18.0443203,
       59.3872757
      ],
      [
       18.0443553,
       59.3874516
      ],
      [
       18.0443934,
       59.3876329
      ],
      [
       18.0444545,
       59.3878106
      ],
      [
       18.0445262,
       59.3879876
      ],
      [
       18.0446081,
       59.388161
      ],
      [
       18.0447006,
       59.3883316
      ],
      [
       18.0451459,
       59.3890876
      ],
      [
       18.0455271,
       59.3897311
      ],
      [
       18.0457515,
       59.3901112
      ],
      [
       18.0460586,
       59.390626
      ],
      [
       18.0463696,
       59.3911402
      ],
      [
       18.0464521,
       59.391264
      ],
      [
       18.0464937,
       59.3913236
      ],
      [
       18.0465935,
       59.3914633
      ],
      [
       18.0466998,
       59.3916022
      ],
      [
       18.0468468,
       59.3917734
      ],
      [
       18.0470066,
       59.3919505
      ],
      [
       18.0471791,
       59.3921232
      ],
      [
       18.0473632,
       59.3922932
      ],
      [
       18.0475566,
       59.3924602
      ],
      [
       18.0477819,
       59.392639
      ],
      [
       18.0479619,
       59.3927724
      ],
      [
       18.0481276,
       59.3928868
      ],
      [
       18.0483249,
       59.3930216
      ],
      [
       18.0485324,
       59.3931506
      ],
      [
       18.0487918,
       59.393305
      ],
      [
       18.0490774,
       59.3934618
      ],
      [
       18.049376,
       59.3936145
      ],
      [
       18.0495712,
       59.3937092
      ],
      [
       18.0497688,
       59.3937985
      ],
      [
       18.050078,
       59.3939316
      ],
      [
       18.0503965,
       59.3940599
      ],
      [
       18.0506731,
       59.3941623
      ],
      [
       18.0509545,
       59.3942614
      ],
      [
       18.0511126,
       59.394312
      ],
      [
       18.051374,
       59.3943936
      ],
      [
       18.0517917,
       59.3945196
      ],
      [
       18.0528363,
       59.3948251
      ],
      [
       18.0533056,
       59.3949602
      ],
      [
       18.0536261,
       59.3950426
      ],
      [
       18.0539581,
       59.3951225
      ],
      [
       18.0542173,
       59.3951856
      ],
      [
       18.0545718,
       59.3952697
      ],
      [
       18.0549868,
       59.3953721
      ],
      [
       18.0552281,
       59.3954376
      ],
      [
       18.0554213,
       59.3954957
      ],
      [
       18.0555759,
       59.3955455
      ],
      [
       18.0557272,
       59.395597
      ],
      [
       18.055879,
       59.3956559
      ],
      [
       18.0560294,
       59.3957163
      ],
      [
       18.0562977,
       59.39583
      ],
      [
       18.0564678,
       59.3958998
      ],
      [
       18.0566355,
       59.3959708
      ],
      [
       18.0568143,
       59.3960518
      ],
      [
       18.0570068,
       59.3961513
      ],
      [
       18.0571971,
       59.3962672
      ],
      [
       18.0573698,
       59.3963861
      ],
      [
       18.057533,
       59.3965234
      ],
      [
       18.0576807,
       59.3966658
      ],
      [
       18.0579185,
       59.3969479
      ],
      [
       18.0579497,
       59.3969846
      ],
      [
       18.0581738,
       59.3972654
      ],
      [
       18.05822,
       59.3973294
      ],
      [
       18.0582634,
       59.3973978
      ],
      [
       18.0583042,
       59.397475
      ],
      [
       18.0583441,
       59.3975399
      ],
      [
       18.0583883,
       59.3976034
      ],
      [
       18.0584437,
       59.3976727
      ],
      [
       18.0585001,
       59.3977341
      ],
      [
       18.0585565,
       59.3977909
      ],
      [
       18.0586252,
       59.397854
      ],
      [
       18.0586807,
       59.3979009
      ],
      [
       18.0588208,
       59.3980048
      ],
      [
       18.0589354,
       59.3980775
      ],
      [
       18.0590743,
       59.3981575
      ],
      [
       18.0592132,
       59.3982306
      ],
      [
       18.0593339,
       59.3982878
      ],
      [
       18.0594658,
       59.3983437
      ],
      [
       18.0596115,
       59.3983991
      ],
      [
       18.0597752,
       59.398454
      ],
      [
       18.0599184,
       59.3984957
      ],
      [
       18.0600696,
       59.3985372
      ],
      [
       18.0602729,
       59.3985795
      ],
      [
       18.0604522,
       59.3986139
      ],
      [
       18.0606531,
       59.3986453
      ],
      [
       18.0608143,
       59.3986652
      ],
      [
       18.0609756,
       59.3986799
      ],
      [
       18.0611834,
       59.3986944
      ],
      [
       18.0613624,
       59.3987014
      ],
      [
       18.0619902,
       59.3987111
      ],
      [
       18.0620543,
       59.3987124
      ],
      [
       18.0625538,
       59.3987219
      ],
      [
       18.0629751,
       59.3987303
      ],
      [
       18.0633734,
       59.3987472
      ],
      [
       18.0634333,
       59.3987505
      ],
      [
       18.063779,
       59.398776
      ],
      [
       18.0641204,
       59.3988101
      ],
      [
       18.0644699,
       59.3988538
      ],
      [
       18.0648074,
       59.3989062
      ],
      [
       18.0650372,
       59.3989472
      ],
      [
       18.0650907,
       59.3989574
      ],
      [
       18.0654655,
       59.3990365
      ],
      [
       18.0657795,
       59.3991127
      ],
      [
       18.0660856,
       59.3991969
      ],
      [
       18.0663549,
       59.3992798
      ],
      [
       18.0666347,
       59.3993744
      ],
      [
       18.0669079,
       59.3994779
      ],
      [
       18.067178,
       59.399585
      ],
      [
       18.0675897,
       59.3997658
      ],
      [
       18.0679228,
       59.3999067
      ],
      [
       18.0682584,
       59.400048
      ],
      [
       18.0683693,
       59.4000946
      ],
      [
       18.0684646,
       59.4001362
      ],
      [
       18.0690103,
       59.4003778
      ],
      [
       18.069406,
       59.4005599
      ],
      [
       18.0697934,
       59.400747
      ],
      [
       18.0701617,
       59.4009377
      ],
      [
       18.0705218,
       59.4011334
      ],
      [
       18.0708688,
       59.4013356
      ],
      [
       18.0712042,
       59.4015429
      ],
      [
       18.0715294,
       59.4017567
      ],
      [
       18.0718422,
       59.4019737
      ],
      [
       18.0721384,
       59.4021956
      ],
      [
       18.0724262,
       59.4024239
      ],
      [
       18.072694,
       59.4026542
      ],
      [
       18.0729558,
       59.4028856
      ],
      [
       18.0732432,
       59.4031417
      ],
      [
       18.0734455,
       59.4033455
      ],
      [
       18.0735839,
       59.4035009
      ],
      [
       18.0737035,
       59.4036624
      ],
      [
       18.0738,
       59.4038167
      ],
      [
       18.0738928,
       59.4039889
      ],
      [
       18.0739772,
       59.4041695
      ],
      [
       18.0740393,
       59.4043419
      ],
      [
       18.0740766,
       59.4045141
      ],
      [
       18.0741026,
       59.4046978
      ],
      [
       18.07411,
       59.4048847
      ],
      [
       18.0740983,
       59.4050716
      ],
      [
       18.0740752,
       59.4052584
      ],
      [
       18.0740387,
       59.4054473
      ],
      [
       18.0740113,
       59.4055815
      ],
      [
       18.0739457,
       59.4058601
      ],
      [
       18.0738928,
       59.4060769
      ],
      [
       18.0735176,
       59.407619
      ],
      [
       18.073179,
       59.4089807
      ],
      [
       18.0731635,
       59.4090416
      ],
      [
       18.0729751,
       59.4098089
      ],
      [
       18.0729611,
       59.4098832
      ],
      [
       18.0729217,
       59.4100245
      ],
      [
       18.0728936,
       59.4101496
      ],
      [
       18.0728699,
       59.4102722
      ],
      [
       18.0728597,
       59.4104356
      ],
      [
       18.0728519,
       59.4105651
      ],
      [
       18.0728403,
       59.4108293
      ],
      [
       18.0728279,
       59.411138
      ],
      [
       18.0728315,
       59.4112982
      ],
      [
       18.0728256,
       59.4113787
      ],
      [
       18.0728169,
       59.4114469
      ],
      [
       18.0728027,
       59.411516
      ],
      [
       18.0727423,
       59.4117085
      ],
      [
       18.0727088,
       59.4118109
      ],
      [
       18.0726484,
       59.4119625
      ],
      [
       18.072573,
       59.4121123
      ],
      [
       18.072473,
       59.4122517
      ],
      [
       18.072358,
       59.4123902
      ],
      [
       18.0723347,
       59.4124138
      ],
      [
       18.0722293,
       59.412525
      ],
      [
       18.0721062,
       59.4126361
      ],
      [
       18.0719522,
       59.412756
      ],
      [
       18.0717884,
       59.4128749
      ],
      [
       18.0716624,
       59.412951
      ],
      [
       18.0715407,
       59.4130214
      ],
      [
       18.0714134,
       59.4130911
      ],
      [
       18.0711922,
       59.4131984
      ],
      [
       18.0709636,
       59.4133019
      ],
      [
       18.0696022,
       59.4139005
      ],
      [
       18.0694207,
       59.4139863
      ],
      [
       18.0692428,
       59.4140726
      ],
      [
       18.0690878,
       59.4141509
      ],
      [
       18.0689488,
       59.414227
      ],
      [
       18.0688317,
       59.414294
      ],
      [
       18.0686452,
       59.4144114
      ],
      [
       18.0684647,
       59.4145319
      ],
      [
       18.0683022,
       59.414662
      ],
      [
       18.0681586,
       59.4147956
      ],
      [
       18.0680347,
       59.4149353
      ],
      [
       18.0679283,
       59.4150775
      ],
      [
       18.0678612,
       59.415168
      ],
      [
       18.0678002,
       59.4152674
      ],
      [
       18.0677487,
       59.4153669
      ],
      [
       18.067694,
       59.4155192
      ],
      [
       18.0676492,
       59.4156706
      ],
      [
       18.0676173,
       59.4158716
      ],
      [
       18.0675969,
       59.4160718
      ],
      [
       18.0675694,
       59.4166114
      ],
      [
       18.0675686,
       59.4170109
      ],
      [
       18.0675781,
       59.4171689
      ],
      [
       18.0676066,
       59.4173467
      ],
      [
       18.0676453,
       59.417496
      ],
      [
       18.0677016,
       59.4176453
      ],
      [
       18.0677781,
       59.4177866
      ],
      [
       18.0678704,
       59.4179279
      ],
      [
       18.067977,
       59.418069
      ],
      [
       18.0680949,
       59.4182035
      ],
      [
       18.0682304,
       59.4183326
      ],
      [
       18.0683883,
       59.4184645
      ],
      [
       18.0685,
       59.418551
      ],
      [
       18.0686421,
       59.4186521
      ],
      [
       18.0690093,
       59.4189066
      ],
      [
       18.0699201,
       59.4195291
      ],
      [
       18.0712026,
       59.4204051
      ],
      [
       18.0715006,
       59.4206096
      ],
      [
       18.0717957,
       59.4208148
      ],
      [
       18.0719834,
       59.4209629
      ],
      [
       18.0721593,
       59.4211139
      ],
      [
       18.0723232,
       59.4212662
      ],
      [
       18.0724792,
       59.4214205
      ],
      [
       18.0726176,
       59.4215831
      ],
      [
       18.0727443,
       59.4217456
      ],
      [
       18.0728408,
       59.4218951
      ],
      [
       18.0729234,
       59.4220469
      ],
      [
       18.0729878,
       59.4221884
      ],
      [
       18.0730676,
       59.4223857
      ],
      [
       18.0730972,
       59.4224683
      ],
      [
       18.0732356,
       59.4228258
      ],
      [
       18.073314,
       59.4230247
      ],
      [
       18.0734051,
       59.4232248
      ],
      [
       18.0735043,
       59.42339
      ],
      [
       18.0736347,
       59.4235802
      ],
      [
       18.0737508,
       59.4237212
      ],
      [
       18.0738944,
       59.423877
      ],
      [
       18.0740335,
       59.4240116
      ],
      [
       18.0742096,
       59.4241582
      ],
      [
       18.0744261,
       59.4243212
      ],
      [
       18.0745763,
       59.4244208
      ],
      [
       18.0751274,
       59.4247727
      ],
      [
       18.0764891,
       59.4256398
      ],
      [
       18.0767469,
       59.4258019
      ],
      [
       18.07694,
       59.4259199
      ],
      [
       18.0771415,
       59.4260338
      ],
      [
       18.0773459,
       59.4261407
      ],
      [
       18.0775603,
       59.4262434
      ],
      [
       18.0776042,
       59.4262641
      ],
      [
       18.0778625,
       59.4263704
      ],
      [
       18.0780785,
       59.4264533
      ],
      [
       18.07833,
       59.4265396
      ],
      [
       18.0786169,
       59.4266278
      ],
      [
       18.0788968,
       59.426702
      ],
      [
       18.0791887,
       59.4267702
      ],
      [
       18.0794846,
       59.4268291
      ],
      [
       18.0797872,
       59.4268814
      ],
      [
       18.0801191,
       59.4269278
      ],
      [
       18.0804577,
       59.4269674
      ],
      [
       18.0809494,
       59.4270127
      ],
      [
       18.0814482,
       59.4270544
      ],
      [
       18.0844229,
       59.4272918
      ],
      [
       18.0852148,
       59.4273537
      ],
      [
       18.0853396,
       59.4273643
      ],
      [
       18.0873372,
       59.4275261
      ],
      [
       18.0883973,
       59.4276077
      ],
      [
       18.0887514,
       59.4276408
      ],
      [
       18.0890984,
       59.4276805
      ],
      [
       18.0894398,
       59.4277254
      ],
      [
       18.0897777,
       59.4277765
      ],
      [
       18.0901506,
       59.4278443
      ],
      [
       18.0905175,
       59.4279188
      ],
      [
       18.0908594,
       59.4280014
      ],
      [
       18.0911946,
       59.4280899
      ],
      [
       18.0914934,
       59.4281764
      ],
      [
       18.0917829,
       59.428269
      ],
      [
       18.0918449,
       59.42829
      ],
      [
       18.0921545,
       59.4284
      ],
      [
       18.0924557,
       59.4285168
      ],
      [
       18.0927407,
       59.4286405
      ],
      [
       18.0930138,
       59.4287697
      ],
      [
       18.093279,
       59.4289047
      ],
      [
       18.0935311,
       59.4290475
      ],
      [
       18.0936515,
       59.4291141
      ],
      [
       18.0948762,
       59.429838
      ],
      [
       18.0949067,
       59.429856
      ],
      [
       18.0954723,
       59.4301935
      ]
     ]
    ]
   }
  },
  {
   "type": "Feature",
   "properties": {
    "name": "Saltsjöbanan 25 · Henriksdal–Saltsjöbaden",
    "line": "25"
   },
   "geometry": {
    "type": "MultiLineString",
    "coordinates": [
     [
      [
       18.1084229,
       59.3121413
      ],
      [
       18.1087932,
       59.3118925
      ],
      [
       18.1089208,
       59.3117962
      ],
      [
       18.1092528,
       59.3115404
      ],
      [
       18.1093856,
       59.3114358
      ],
      [
       18.1095102,
       59.3113421
      ],
      [
       18.1100909,
       59.3109598
      ],
      [
       18.1109022,
       59.3103969
      ],
      [
       18.1117973,
       59.309745
      ],
      [
       18.1132008,
       59.3089501
      ],
      [
       18.1134159,
       59.3088479
      ],
      [
       18.113695,
       59.3087362
      ],
      [
       18.1139469,
       59.308649
      ],
      [
       18.1141979,
       59.3085695
      ],
      [
       18.1144137,
       59.3085097
      ],
      [
       18.1152784,
       59.3082907
      ],
      [
       18.1161165,
       59.3080831
      ],
      [
       18.1163752,
       59.3080191
      ],
      [
       18.1176383,
       59.3077093
      ],
      [
       18.1184843,
       59.3075252
      ],
      [
       18.1191573,
       59.3073926
      ],
      [
       18.1195525,
       59.3073109
      ],
      [
       18.1201065,
       59.3071709
      ],
      [
       18.1203904,
       59.3070977
      ],
      [
       18.1204815,
       59.3070742
      ],
      [
       18.1209439,
       59.306917
      ],
      [
       18.1213042,
       59.3068147
      ],
      [
       18.1216439,
       59.3067188
      ],
      [
       18.1218814,
       59.3066596
      ],
      [
       18.1221529,
       59.3066016
      ],
      [
       18.1223426,
       59.3065653
      ],
      [
       18.1225787,
       59.30653
      ],
      [
       18.1228547,
       59.3064885
      ],
      [
       18.123192,
       59.3064531
      ],
      [
       18.1234926,
       59.3064242
      ],
      [
       18.1238655,
       59.3063999
      ],
      [
       18.1241972,
       59.3063786
      ],
      [
       18.125328,
       59.3063863
      ],
      [
       18.1266025,
       59.3064014
      ],
      [
       18.1277839,
       59.30644
      ],
      [
       18.1282792,
       59.3064541
      ],
      [
       18.1287104,
       59.3064726
      ],
      [
       18.1290911,
       59.3064943
      ],
      [
       18.1293427,
       59.3065088
      ],
      [
       18.1296417,
       59.3065296
      ],
      [
       18.1299975,
       59.3065563
      ],
      [
       18.1304257,
       59.3065853
      ],
      [
       18.1308395,
       59.306612
      ],
      [
       18.1311368,
       59.3066249
      ],
      [
       18.1312938,
       59.3066309
      ],
      [
       18.1315673,
       59.3066358
      ],
      [
       18.1319616,
       59.3066389
      ],
      [
       18.1324527,
       59.3066369
      ],
      [
       18.1329842,
       59.3066341
      ],
      [
       18.1336253,
       59.3066276
      ],
      [
       18.13399,
       59.3066239
      ],
      [
       18.1348047,
       59.3066184
      ],
      [
       18.1353418,
       59.3066148
      ],
      [
       18.1359137,
       59.3066096
      ],
      [
       18.1366445,
       59.3066046
      ],
      [
       18.1372468,
       59.3066005
      ],
      [
       18.1377823,
       59.3066018
      ],
      [
       18.1388198,
       59.3066331
      ],
      [
       18.1394102,
       59.3066404
      ],
      [
       18.1414507,
       59.3066913
      ],
      [
       18.1424662,
       59.3067087
      ],
      [
       18.143421,
       59.3067233
      ],
      [
       18.1448998,
       59.3067628
      ],
      [
       18.1454981,
       59.3067803
      ],
      [
       18.1464051,
       59.3068021
      ],
      [
       18.1469416,
       59.306813
      ],
      [
       18.1472767,
       59.3068216
      ],
      [
       18.1478242,
       59.3068554
      ],
      [
       18.1485922,
       59.30689
      ],
      [
       18.1488434,
       59.3068941
      ],
      [
       18.1492508,
       59.3069021
      ],
      [
       18.149647,
       59.3069068
      ],
      [
       18.1502813,
       59.3069188
      ],
      [
       18.1509134,
       59.3069251
      ],
      [
       18.1512953,
       59.3069206
      ],
      [
       18.1513964,
       59.3069194
      ],
      [
       18.1514125,
       59.3069192
      ],
      [
       18.1523406,
       59.3069066
      ],
      [
       18.1527009,
       59.3069015
      ],
      [
       18.1531112,
       59.3068932
      ],
      [
       18.1535309,
       59.3068649
      ],
      [
       18.1539537,
       59.3068239
      ],
      [
       18.1544098,
       59.3067624
      ],
      [
       18.1548842,
       59.3066882
      ],
      [
       18.1554613,
       59.306577
      ],
      [
       18.1559593,
       59.3064695
      ],
      [
       18.1563993,
       59.3063544
      ],
      [
       18.1585271,
       59.3057589
      ],
      [
       18.159313,
       59.3055289
      ],
      [
       18.1597912,
       59.3054111
      ],
      [
       18.1600833,
       59.3053458
      ],
      [
       18.1603483,
       59.3052943
      ],
      [
       18.1606911,
       59.3052361
      ],
      [
       18.1610125,
       59.3051855
      ],
      [
       18.1613836,
       59.3051342
      ],
      [
       18.1616935,
       59.3050962
      ],
      [
       18.1625495,
       59.3049956
      ],
      [
       18.1630974,
       59.3049299
      ],
      [
       18.1637397,
       59.3048402
      ],
      [
       18.164435,
       59.3047345
      ],
      [
       18.1654102,
       59.3046025
      ],
      [
       18.1659483,
       59.3045473
      ],
      [
       18.1664445,
       59.3045083
      ],
      [
       18.1668501,
       59.3044888
      ],
      [
       18.1672743,
       59.304481
      ],
      [
       18.1675871,
       59.3044839
      ],
      [
       18.1676013,
       59.3044841
      ],
      [
       18.1682411,
       59.3044985
      ],
      [
       18.1685389,
       59.3045111
      ],
      [
       18.1689283,
       59.3045374
      ],
      [
       18.1692503,
       59.304566
      ],
      [
       18.1695755,
       59.3046044
      ],
      [
       18.169862,
       59.3046505
      ],
      [
       18.1703738,
       59.304739
      ],
      [
       18.1707945,
       59.3048194
      ],
      [
       18.1715288,
       59.3049647
      ],
      [
       18.1723528,
       59.3051455
      ],
      [
       18.1731215,
       59.3052964
      ],
      [
       18.1737738,
       59.3054177
      ],
      [
       18.1741861,
       59.3054796
      ],
      [
       18.1745614,
       59.3055307
      ],
      [
       18.1749928,
       59.3055811
      ],
      [
       18.1755394,
       59.3056362
      ],
      [
       18.1758863,
       59.3056591
      ],
      [
       18.1762495,
       59.3056736
      ],
      [
       18.1765798,
       59.305679
      ],
      [
       18.1769814,
       59.3056768
      ],
      [
       18.1772958,
       59.3056659
      ],
      [
       18.1775755,
       59.3056492
      ],
      [
       18.1778168,
       59.3056287
      ],
      [
       18.1781495,
       59.3055925
      ],
      [
       18.1782775,
       59.3055765
      ],
      [
       18.1785154,
       59.3055416
      ],
      [
       18.1788166,
       59.30549
      ],
      [
       18.1790776,
       59.3054382
      ],
      [
       18.1792496,
       59.3053999
      ],
      [
       18.1794442,
       59.3053513
      ],
      [
       18.1798127,
       59.3052584
      ],
      [
       18.1802053,
       59.3051466
      ],
      [
       18.1803881,
       59.3050893
      ],
      [
       18.1806966,
       59.3049901
      ],
      [
       18.1811438,
       59.3048147
      ],
      [
       18.1820969,
       59.3044648
      ],
      [
       18.1829327,
       59.3041396
      ],
      [
       18.1832857,
       59.3039872
      ],
      [
       18.1836951,
       59.3038017
      ],
      [
       18.1839884,
       59.3036675
      ],
      [
       18.1843775,
       59.3034909
      ],
      [
       18.184757,
       59.3033326
      ],
      [
       18.1851574,
       59.303192
      ],
      [
       18.1859512,
       59.3029228
      ],
      [
       18.1872845,
       59.3024915
      ],
      [
       18.1885328,
       59.3020758
      ],
      [
       18.1888649,
       59.3019721
      ],
      [
       18.1892443,
       59.3018713
      ],
      [
       18.1896593,
       59.3017878
      ],
      [
       18.1901519,
       59.3017081
      ],
      [
       18.1910516,
       59.3015859
      ],
      [
       18.1922574,
       59.3014429
      ],
      [
       18.1928373,
       59.3013462
      ],
      [
       18.1934053,
       59.3012309
      ],
      [
       18.1940358,
       59.3011084
      ],
      [
       18.1946859,
       59.3010006
      ],
      [
       18.1951486,
       59.3009381
      ],
      [
       18.1955762,
       59.3008867
      ],
      [
       18.1966429,
       59.3007772
      ],
      [
       18.19716,
       59.3007242
      ],
      [
       18.1976789,
       59.300666
      ],
      [
       18.1990105,
       59.3005225
      ],
      [
       18.1998985,
       59.3004252
      ],
      [
       18.2002799,
       59.3003726
      ],
      [
       18.2004501,
       59.3003489
      ],
      [
       18.2009782,
       59.3002649
      ],
      [
       18.2012891,
       59.3002164
      ],
      [
       18.2017786,
       59.3001318
      ],
      [
       18.2021985,
       59.3000354
      ],
      [
       18.2027438,
       59.2998817
      ],
      [
       18.2036811,
       59.299603
      ],
      [
       18.2037452,
       59.2995826
      ],
      [
       18.2050715,
       59.299161
      ],
      [
       18.2063246,
       59.2988477
      ],
      [
       18.207024,
       59.2987333
      ],
      [
       18.2077236,
       59.2986461
      ],
      [
       18.208127,
       59.2985807
      ],
      [
       18.2086121,
       59.2984813
      ],
      [
       18.2094966,
       59.298258
      ],
      [
       18.209726,
       59.2981978
      ],
      [
       18.2097997,
       59.2981784
      ],
      [
       18.2103853,
       59.2980457
      ],
      [
       18.2106963,
       59.297985
      ],
      [
       18.2110718,
       59.2979272
      ],
      [
       18.2118466,
       59.2978414
      ],
      [
       18.2126352,
       59.2977646
      ],
      [
       18.2132991,
       59.2976788
      ],
      [
       18.213616,
       59.2976239
      ],
      [
       18.2139213,
       59.2975516
      ],
      [
       18.2145381,
       59.2973853
      ],
      [
       18.2149946,
       59.2972166
      ],
      [
       18.2156034,
       59.2969263
      ],
      [
       18.2158344,
       59.2967863
      ],
      [
       18.216009,
       59.2966856
      ],
      [
       18.2165211,
       59.2963906
      ],
      [
       18.2169705,
       59.2961329
      ],
      [
       18.2172252,
       59.2960144
      ],
      [
       18.2174879,
       59.2959084
      ],
      [
       18.2180041,
       59.2957257
      ],
      [
       18.2183406,
       59.2956301
      ],
      [
       18.2186757,
       59.29555
      ],
      [
       18.2190025,
       59.2954886
      ],
      [
       18.2193439,
       59.2954438
      ],
      [
       18.21976,
       59.2953973
      ],
      [
       18.2201873,
       59.2953696
      ],
      [
       18.2207944,
       59.2953535
      ],
      [
       18.2214051,
       59.2953479
      ],
      [
       18.2217897,
       59.2953397
      ],
      [
       18.2222008,
       59.2953138
      ],
      [
       18.2225594,
       59.2952821
      ],
      [
       18.2229059,
       59.2952341
      ],
      [
       18.2234002,
       59.2951469
      ],
      [
       18.223877,
       59.2950331
      ],
      [
       18.2247108,
       59.294782
      ],
      [
       18.225126,
       59.2946049
      ],
      [
       18.2254894,
       59.2943851
      ],
      [
       18.2259979,
       59.2941029
      ],
      [
       18.2261409,
       59.2940254
      ],
      [
       18.2263991,
       59.2939151
      ],
      [
       18.2267108,
       59.2937948
      ],
      [
       18.2271719,
       59.2936371
      ],
      [
       18.2274156,
       59.2935635
      ],
      [
       18.2276272,
       59.2935089
      ],
      [
       18.2279573,
       59.2934398
      ],
      [
       18.2282286,
       59.2933984
      ],
      [
       18.2285474,
       59.2933579
      ],
      [
       18.2289657,
       59.2933166
      ],
      [
       18.2293064,
       59.2932976
      ],
      [
       18.2298057,
       59.2932781
      ],
      [
       18.2303234,
       59.2932725
      ],
      [
       18.2307774,
       59.2932907
      ],
      [
       18.2311182,
       59.2933165
      ],
      [
       18.2312946,
       59.293334
      ],
      [
       18.2314226,
       59.2933449
      ],
      [
       18.2315024,
       59.2933607
      ],
      [
       18.2317693,
       59.2933976
      ],
      [
       18.2320143,
       59.2934358
      ],
      [
       18.2322707,
       59.2934885
      ],
      [
       18.2324568,
       59.2935313
      ],
      [
       18.232761,
       59.2936206
      ],
      [
       18.2331084,
       59.2937292
      ],
      [
       18.2334229,
       59.2938446
      ],
      [
       18.233732,
       59.2939778
      ],
      [
       18.2339767,
       59.2940993
      ],
      [
       18.2342436,
       59.2942476
      ],
      [
       18.2345474,
       59.2944318
      ],
      [
       18.2348511,
       59.294615
      ],
      [
       18.2351334,
       59.2947882
      ],
      [
       18.2354923,
       59.2949935
      ],
      [
       18.2356553,
       59.2950784
      ],
      [
       18.235829,
       59.2951611
      ],
      [
       18.2360348,
       59.2952558
      ],
      [
       18.2361949,
       59.2953289
      ],
      [
       18.236377,
       59.2954058
      ],
      [
       18.2366928,
       59.2955388
      ],
      [
       18.2370306,
       59.2956724
      ],
      [
       18.2373734,
       59.2957919
      ],
      [
       18.2376548,
       59.2958768
      ],
      [
       18.2380089,
       59.2959647
      ],
      [
       18.2383257,
       59.2960323
      ],
      [
       18.2385705,
       59.2960772
      ],
      [
       18.2388389,
       59.2961148
      ],
      [
       18.2391997,
       59.2961565
      ],
      [
       18.2395825,
       59.2961795
      ],
      [
       18.2403414,
       59.2961943
      ],
      [
       18.2411142,
       59.2961525
      ],
      [
       18.2428284,
       59.2960605
      ],
      [
       18.2436679,
       59.2960144
      ],
      [
       18.2446063,
       59.2960205
      ],
      [
       18.2456535,
       59.2960416
      ],
      [
       18.246183,
       59.2960453
      ],
      [
       18.2466969,
       59.2960292
      ],
      [
       18.2470263,
       59.2960069
      ],
      [
       18.2473499,
       59.2959727
      ],
      [
       18.247671,
       59.2959252
      ],
      [
       18.2479868,
       59.2958589
      ],
      [
       18.2487033,
       59.2956881
      ],
      [
       18.2493601,
       59.2954513
      ],
      [
       18.2498987,
       59.2951766
      ],
      [
       18.250276,
       59.2949386
      ],
      [
       18.2506923,
       59.2946728
      ],
      [
       18.2511358,
       59.2944487
      ],
      [
       18.2513229,
       59.2943702
      ],
      [
       18.2514939,
       59.2943127
      ],
      [
       18.2518921,
       59.2941891
      ],
      [
       18.2525015,
       59.2940652
      ],
      [
       18.2529428,
       59.2940153
      ],
      [
       18.25345,
       59.2940114
      ],
      [
       18.2539005,
       59.2940256
      ],
      [
       18.2542547,
       59.2940493
      ],
      [
       18.2549619,
       59.2941008
      ],
      [
       18.2561273,
       59.2941892
      ],
      [
       18.2572627,
       59.2942348
      ],
      [
       18.2577233,
       59.294254
      ],
      [
       18.2581011,
       59.2942752
      ],
      [
       18.2584704,
       59.2943186
      ],
      [
       18.2588011,
       59.294362
      ],
      [
       18.2590799,
       59.2944258
      ],
      [
       18.2597554,
       59.2945695
      ],
      [
       18.2599057,
       59.2946057
      ],
      [
       18.2601044,
       59.2946709
      ],
      [
       18.2602809,
       59.2947229
      ],
      [
       18.2604881,
       59.2947743
      ],
      [
       18.2608802,
       59.2948772
      ],
      [
       18.2612639,
       59.29496
      ],
      [
       18.2616635,
       59.2950216
      ],
      [
       18.2621338,
       59.2950819
      ],
      [
       18.2624314,
       59.2951032
      ],
      [
       18.2627947,
       59.2951194
      ],
      [
       18.2629055,
       59.2951232
      ],
      [
       18.2634427,
       59.2951254
      ],
      [
       18.2639913,
       59.2951138
      ],
      [
       18.2644533,
       59.295071
      ],
      [
       18.2648626,
       59.2950078
      ],
      [
       18.2653103,
       59.2949186
      ],
      [
       18.2658878,
       59.2947555
      ],
      [
       18.2663374,
       59.2945967
      ],
      [
       18.2668029,
       59.2943788
      ],
      [
       18.2681914,
       59.2937289
      ],
      [
       18.2702636,
       59.2928227
      ],
      [
       18.2706798,
       59.2926125
      ],
      [
       18.2710776,
       59.292407
      ],
      [
       18.2713269,
       59.2922451
      ],
      [
       18.2719103,
       59.2918715
      ],
      [
       18.2723144,
       59.2916047
      ],
      [
       18.2726142,
       59.2914014
      ],
      [
       18.2729621,
       59.2911954
      ],
      [
       18.2733647,
       59.2909781
      ],
      [
       18.2738657,
       59.2907372
      ],
      [
       18.2744317,
       59.290464
      ],
      [
       18.2749361,
       59.2902246
      ],
      [
       18.2751397,
       59.290126
      ],
      [
       18.2757837,
       59.289811
      ],
      [
       18.2762784,
       59.2895701
      ],
      [
       18.2764289,
       59.2894943
      ],
      [
       18.2768992,
       59.2892591
      ],
      [
       18.2773034,
       59.2890692
      ],
      [
       18.2775586,
       59.2889592
      ],
      [
       18.2776126,
       59.2889333
      ],
      [
       18.2781392,
       59.2887346
      ],
      [
       18.278388,
       59.2886514
      ],
      [
       18.2786383,
       59.2885789
      ],
      [
       18.2789161,
       59.2885063
      ],
      [
       18.2792034,
       59.2884447
      ],
      [
       18.2796498,
       59.2883688
      ],
      [
       18.2799844,
       59.2883228
      ],
      [
       18.2802647,
       59.2882854
      ],
      [
       18.2804975,
       59.2882619
      ],
      [
       18.2806796,
       59.2882489
      ],
      [
       18.2808956,
       59.288235
      ],
      [
       18.2811298,
       59.2882278
      ],
      [
       18.2813191,
       59.2882268
      ],
      [
       18.2815461,
       59.288229
      ],
      [
       18.2817772,
       59.2882355
      ],
      [
       18.2822311,
       59.2882517
      ],
      [
       18.2826861,
       59.2882793
      ],
      [
       18.283626,
       59.288341
      ],
      [
       18.2839392,
       59.2883606
      ],
      [
       18.2877866,
       59.2886057
      ],
      [
       18.2882674,
       59.2886407
      ],
      [
       18.2883345,
       59.2886437
      ],
      [
       18.2893143,
       59.288708
      ],
      [
       18.2896307,
       59.2887212
      ],
      [
       18.2898104,
       59.288724
      ],
      [
       18.2898827,
       59.2887251
      ],
      [
       18.2899759,
       59.288727
      ],
      [
       18.2902377,
       59.2887289
      ],
      [
       18.2904626,
       59.2887302
      ],
      [
       18.2906914,
       59.2887235
      ],
      [
       18.290922,
       59.2887153
      ],
      [
       18.2911473,
       59.2886988
      ],
      [
       18.2913673,
       59.2886742
      ],
      [
       18.2915658,
       59.2886495
      ],
      [
       18.2917723,
       59.2886166
      ],
      [
       18.292003,
       59.2885714
      ],
      [
       18.292274,
       59.2885127
      ],
      [
       18.2924965,
       59.2884577
      ],
      [
       18.2927192,
       59.2883895
      ],
      [
       18.2928358,
       59.2883477
      ],
      [
       18.2929258,
       59.2883155
      ],
      [
       18.2931134,
       59.2882427
      ],
      [
       18.2932743,
       59.2881714
      ],
      [
       18.2934408,
       59.2880908
      ],
      [
       18.293623,
       59.2879838
      ],
      [
       18.2938377,
       59.2878511
      ],
      [
       18.2940565,
       59.2876964
      ],
      [
       18.2942433,
       59.2875815
      ],
      [
       18.2943177,
       59.2875223
      ],
      [
       18.2945323,
       59.2873516
      ],
      [
       18.2948036,
       59.2871082
      ],
      [
       18.2953327,
       59.2866033
      ],
      [
       18.2955807,
       59.2863669
      ],
      [
       18.2963706,
       59.285613
      ],
      [
       18.2965287,
       59.2854621
      ],
      [
       18.2966846,
       59.2853191
      ],
      [
       18.2968622,
       59.2851891
      ],
      [
       18.2970292,
       59.2850631
      ],
      [
       18.2972253,
       59.2849281
      ],
      [
       18.2978962,
       59.2845714
      ],
      [
       18.2986127,
       59.2842223
      ],
      [
       18.2990402,
       59.2840497
      ],
      [
       18.2995032,
       59.2838942
      ],
      [
       18.3001763,
       59.283689
      ],
      [
       18.3008572,
       59.2834863
      ],
      [
       18.3022566,
       59.2830858
      ],
      [
       18.3029156,
       59.2828937
      ],
      [
       18.3029774,
       59.2828757
      ],
      [
       18.3031725,
       59.2828179
      ],
      [
       18.303935,
       59.282579
      ],
      [
       18.3042658,
       59.2824488
      ],
      [
       18.3044281,
       59.2823737
      ],
      [
       18.3046043,
       59.2822906
      ],
      [
       18.3049622,
       59.2820841
      ],
      [
       18.3052804,
       59.2818561
      ],
      [
       18.305684,
       59.2814878
      ],
      [
       18.3060509,
       59.2810941
      ],
      [
       18.3063397,
       59.2807891
      ],
      [
       18.3064875,
       59.2806411
      ],
      [
       18.3066608,
       59.280494
      ],
      [
       18.3068747,
       59.280333
      ],
      [
       18.3071101,
       59.2801829
      ],
      [
       18.3073533,
       59.2800398
      ],
      [
       18.3076145,
       59.279909
      ],
      [
       18.3079778,
       59.2797476
      ],
      [
       18.3083746,
       59.2796015
      ],
      [
       18.3091927,
       59.2793414
      ],
      [
       18.309525,
       59.2792442
      ],
      [
       18.3097885,
       59.2791943
      ],
      [
       18.309988,
       59.2791668
      ],
      [
       18.3101436,
       59.2791482
      ],
      [
       18.310299,
       59.2791343
      ],
      [
       18.3105042,
       59.2791206
      ],
      [
       18.3107818,
       59.2791041
      ],
      [
       18.3109568,
       59.279096
      ],
      [
       18.3110177,
       59.2790931
      ],
      [
       18.3110824,
       59.2790902
      ],
      [
       18.3111871,
       59.2790855
      ],
      [
       18.3122884,
       59.2790401
      ]
     ]
    ]
   }
  },
  {
   "type": "Feature",
   "properties": {
    "name": "Saltsjöbanan 26 · Igelboda–Solsidan",
    "line": "26"
   },
   "geometry": {
    "type": "MultiLineString",
    "coordinates": [
     [
      [
       18.2757146,
       59.2897574
      ],
      [
       18.2753986,
       59.2899082
      ],
      [
       18.2753104,
       59.2899533
      ],
      [
       18.2765294,
       59.2893637
      ],
      [
       18.2766829,
       59.2892741
      ],
      [
       18.2768465,
       59.2891728
      ],
      [
       18.2770084,
       59.2890653
      ],
      [
       18.2772038,
       59.2889164
      ],
      [
       18.2773955,
       59.2887243
      ],
      [
       18.2775438,
       59.288561
      ],
      [
       18.2776149,
       59.2884646
      ],
      [
       18.2776671,
       59.2883892
      ],
      [
       18.2777552,
       59.2882386
      ],
      [
       18.27782,
       59.2881037
      ],
      [
       18.2778782,
       59.2878914
      ],
      [
       18.2779351,
       59.2876783
      ],
      [
       18.2779808,
       59.2874701
      ],
      [
       18.2779887,
       59.2873454
      ],
      [
       18.2779806,
       59.2871974
      ],
      [
       18.2779804,
       59.287045
      ],
      [
       18.2779061,
       59.2866055
      ],
      [
       18.2778308,
       59.2861413
      ],
      [
       18.2777751,
       59.2857787
      ],
      [
       18.2776498,
       59.285086
      ],
      [
       18.2776106,
       59.2849135
      ],
      [
       18.2775473,
       59.2846982
      ],
      [
       18.2774401,
       59.2844306
      ],
      [
       18.2773237,
       59.2841871
      ],
      [
       18.2770853,
       59.2837493
      ],
      [
       18.2770106,
       59.2836086
      ],
      [
       18.2768619,
       59.2833544
      ],
      [
       18.2765935,
       59.2828364
      ],
      [
       18.2765036,
       59.2825583
      ],
      [
       18.2764867,
       59.2822747
      ],
      [
       18.2765112,
       59.2820503
      ],
      [
       18.2765706,
       59.281829
      ],
      [
       18.2769058,
       59.2812897
      ],
      [
       18.277214,
       59.2810108
      ],
      [
       18.2773204,
       59.2809198
      ],
      [
       18.277387,
       59.2808664
      ],
      [
       18.2775568,
       59.2807386
      ],
      [
       18.2777827,
       59.2805975
      ],
      [
       18.2780335,
       59.2804639
      ],
      [
       18.2782686,
       59.2803514
      ],
      [
       18.2784941,
       59.2802489
      ],
      [
       18.2788917,
       59.2801174
      ],
      [
       18.2799085,
       59.279787
      ],
      [
       18.2801585,
       59.2797099
      ],
      [
       18.280366,
       59.2796382
      ],
      [
       18.2816473,
       59.279219
      ],
      [
       18.2821479,
       59.2790037
      ],
      [
       18.2823466,
       59.2789279
      ],
      [
       18.2825644,
       59.2788412
      ],
      [
       18.2826035,
       59.2788276
      ],
      [
       18.2828285,
       59.2787494
      ],
      [
       18.2830778,
       59.278663
      ],
      [
       18.2832757,
       59.2785688
      ],
      [
       18.2834328,
       59.27849
      ],
      [
       18.283579,
       59.2784084
      ],
      [
       18.2837061,
       59.278331
      ],
      [
       18.2838184,
       59.27826
      ],
      [
       18.2839332,
       59.2781785
      ],
      [
       18.2840427,
       59.2780952
      ],
      [
       18.2841648,
       59.2779987
      ],
      [
       18.2842702,
       59.2779059
      ],
      [
       18.2844227,
       59.2777646
      ],
      [
       18.2845549,
       59.2775815
      ],
      [
       18.2846308,
       59.2774845
      ],
      [
       18.2846913,
       59.2773659
      ],
      [
       18.2847275,
       59.2772882
      ],
      [
       18.2847762,
       59.2771923
      ],
      [
       18.2848098,
       59.2770998
      ],
      [
       18.284851,
       59.2769757
      ],
      [
       18.2848843,
       59.2768201
      ],
      [
       18.2848886,
       59.2766143
      ],
      [
       18.2848727,
       59.2764025
      ],
      [
       18.2848424,
       59.2762369
      ],
      [
       18.2847798,
       59.2760494
      ],
      [
       18.284697,
       59.2758687
      ],
      [
       18.2846034,
       59.2756888
      ],
      [
       18.284408,
       59.2754163
      ],
      [
       18.2843076,
       59.2752691
      ],
      [
       18.2842031,
       59.275031
      ],
      [
       18.2841331,
       59.2747793
      ],
      [
       18.284096,
       59.2745197
      ],
      [
       18.2841119,
       59.2743
      ],
      [
       18.284161,
       59.2740549
      ],
      [
       18.2842503,
       59.2738352
      ],
      [
       18.2842747,
       59.2737828
      ],
      [
       18.284374,
       59.2736428
      ],
      [
       18.2845507,
       59.2734567
      ],
      [
       18.2846797,
       59.2733239
      ],
      [
       18.2848163,
       59.2731992
      ],
      [
       18.2849446,
       59.2730928
      ],
      [
       18.2850849,
       59.2729847
      ],
      [
       18.2852324,
       59.2728838
      ],
      [
       18.2855873,
       59.2726719
      ],
      [
       18.28581,
       59.2725607
      ],
      [
       18.2860621,
       59.2724508
      ],
      [
       18.2863185,
       59.2723512
      ],
      [
       18.2864803,
       59.2722954
      ],
      [
       18.2866695,
       59.2722361
      ],
      [
       18.2868565,
       59.2721793
      ],
      [
       18.2870683,
       59.2721201
      ],
      [
       18.2873791,
       59.2720405
      ],
      [
       18.2920364,
       59.2710008
      ],
      [
       18.2922115,
       59.2709666
      ],
      [
       18.2924213,
       59.270926
      ],
      [
       18.2926938,
       59.2708816
      ],
      [
       18.2929371,
       59.2708521
      ],
      [
       18.2931169,
       59.2708337
      ],
      [
       18.2933824,
       59.2708143
      ],
      [
       18.2936395,
       59.2708032
      ],
      [
       18.2938501,
       59.2707971
      ],
      [
       18.2940887,
       59.2707932
      ],
      [
       18.2943006,
       59.2707932
      ],
      [
       18.2944934,
       59.2707984
      ],
      [
       18.2946672,
       59.2708044
      ],
      [
       18.2948621,
       59.2708126
      ],
      [
       18.295173,
       59.2708307
      ],
      [
       18.2955315,
       59.2708606
      ],
      [
       18.2961225,
       59.2709103
      ]
     ]
    ]
   }
  },
  {
   "type": "Feature",
   "properties": {
    "name": "Game border"
   },
   "geometry": {
    "type": "Polygon",
    "coordinates": [
     [
      [
       18.42573,
       59.35
      ],
      [
       18.42565,
       59.3545
      ],
      [
       18.42542,
       59.359
      ],
      [
       18.42503,
       59.36349
      ],
      [
       18.42449,
       59.36798
      ],
      [
       18.4238,
       59.37247
      ],
      [
       18.42296,
       59.37695
      ],
      [
       18.42196,
       59.38142
      ],
      [
       18.4208,
       59.38588
      ],
      [
       18.4195,
       59.39033
      ],
      [
       18.41804,
       59.39477
      ],
      [
       18.41643,
       59.39919
      ],
      [
       18.41467,
       59.4036
      ],
      [
       18.41276,
       59.408
      ],
      [
       18.4107,
       59.41237
      ],
      [
       18.40849,
       59.41673
      ],
      [
       18.40614,
       59.42106
      ],
      [
       18.40363,
       59.42538
      ],
      [
       18.40097,
       59.42967
      ],
      [
       18.39817,
       59.43394
      ],
      [
       18.39523,
       59.43818
      ],
      [
       18.39214,
       59.44239
      ],
      [
       18.3889,
       59.44658
      ],
      [
       18.38552,
       59.45074
      ],
      [
       18.382,
       59.45486
      ],
      [
       18.37834,
       59.45896
      ],
      [
       18.37454,
       59.46302
      ],
      [
       18.37061,
       59.46705
      ],
      [
       18.36653,
       59.47104
      ],
      [
       18.36232,
       59.47499
      ],
      [
       18.35797,
       59.47891
      ],
      [
       18.35349,
       59.48278
      ],
      [
       18.34888,
       59.48662
      ],
      [
       18.34414,
       59.49042
      ],
      [
       18.33927,
       59.49417
      ],
      [
       18.33427,
       59.49788
      ],
      [
       18.32914,
       59.50154
      ],
      [
       18.32389,
       59.50516
      ],
      [
       18.31852,
       59.50873
      ],
      [
       18.31302,
       59.51225
      ],
      [
       18.30741,
       59.51572
      ],
      [
       18.30168,
       59.51914
      ],
      [
       18.29583,
       59.52251
      ],
      [
       18.28986,
       59.52583
      ],
      [
       18.28379,
       59.52909
      ],
      [
       18.2776,
       59.5323
      ],
      [
       18.27131,
       59.53546
      ],
      [
       18.2649,
       59.53855
      ],
      [
       18.2584,
       59.54159
      ],
      [
       18.25179,
       59.54458
      ],
      [
       18.24507,
       59.5475
      ],
      [
       18.23826,
       59.55036
      ],
      [
       18.23136,
       59.55316
      ],
      [
       18.22435,
       59.5559
      ],
      [
       18.21726,
       59.55858
      ],
      [
       18.21007,
       59.56119
      ],
      [
       18.2028,
       59.56374
      ],
      [
       18.19544,
       59.56622
      ],
      [
       18.18799,
       59.56864
      ],
      [
       18.18047,
       59.57099
      ],
      [
       18.17286,
       59.57327
      ],
      [
       18.16518,
       59.57549
      ],
      [
       18.15742,
       59.57764
      ],
      [
       18.14959,
       59.57972
      ],
      [
       18.1417,
       59.58172
      ],
      [
       18.13373,
       59.58366
      ],
      [
       18.1257,
       59.58553
      ],
      [
       18.1176,
       59.58732
      ],
      [
       18.10945,
       59.58904
      ],
      [
       18.10124,
       59.59069
      ],
      [
       18.09297,
       59.59227
      ],
      [
       18.08465,
       59.59377
      ],
      [
       18.07628,
       59.5952
      ],
      [
       18.06786,
       59.59655
      ],
      [
       18.0594,
       59.59783
      ],
      [
       18.05089,
       59.59903
      ],
      [
       18.04235,
       59.60016
      ],
      [
       18.03376,
       59.60121
      ],
      [
       18.02515,
       59.60218
      ],
      [
       18.0165,
       59.60308
      ],
      [
       18.00782,
       59.6039
      ],
      [
       17.99911,
       59.60464
      ],
      [
       17.99038,
       59.60531
      ],
      [
       17.98163,
       59.60589
      ],
      [
       17.97286,
       59.6064
      ],
      [
       17.96408,
       59.60683
      ],
      [
       17.95528,
       59.60719
      ],
      [
       17.94647,
       59.60746
      ],
      [
       17.93765,
       59.60766
      ],
      [
       17.92883,
       59.60778
      ],
      [
       17.92,
       59.60782
      ],
      [
       17.91117,
       59.60778
      ],
      [
       17.90235,
       59.60766
      ],
      [
       17.89353,
       59.60746
      ],
      [
       17.88472,
       59.60719
      ],
      [
       17.87592,
       59.60683
      ],
      [
       17.86714,
       59.6064
      ],
      [
       17.85837,
       59.60589
      ],
      [
       17.84962,
       59.60531
      ],
      [
       17.84089,
       59.60464
      ],
      [
       17.83218,
       59.6039
      ],
      [
       17.8235,
       59.60308
      ],
      [
       17.81485,
       59.60218
      ],
      [
       17.80624,
       59.60121
      ],
      [
       17.79765,
       59.60016
      ],
      [
       17.78911,
       59.59903
      ],
      [
       17.7806,
       59.59783
      ],
      [
       17.77214,
       59.59655
      ],
      [
       17.76372,
       59.5952
      ],
      [
       17.75535,
       59.59377
      ],
      [
       17.74703,
       59.59227
      ],
      [
       17.73876,
       59.59069
      ],
      [
       17.73055,
       59.58904
      ],
      [
       17.7224,
       59.58732
      ],
      [
       17.7143,
       59.58553
      ],
      [
       17.70627,
       59.58366
      ],
      [
       17.6983,
       59.58172
      ],
      [
       17.69041,
       59.57972
      ],
      [
       17.68258,
       59.57764
      ],
      [
       17.67482,
       59.57549
      ],
      [
       17.66714,
       59.57327
      ],
      [
       17.65953,
       59.57099
      ],
      [
       17.65201,
       59.56864
      ],
      [
       17.64456,
       59.56622
      ],
      [
       17.6372,
       59.56374
      ],
      [
       17.62993,
       59.56119
      ],
      [
       17.62274,
       59.55858
      ],
      [
       17.61565,
       59.5559
      ],
      [
       17.60864,
       59.55316
      ],
      [
       17.60174,
       59.55036
      ],
      [
       17.59493,
       59.5475
      ],
      [
       17.58821,
       59.54458
      ],
      [
       17.5816,
       59.54159
      ],
      [
       17.5751,
       59.53855
      ],
      [
       17.56869,
       59.53546
      ],
      [
       17.5624,
       59.5323
      ],
      [
       17.55621,
       59.52909
      ],
      [
       17.55014,
       59.52583
      ],
      [
       17.54417,
       59.52251
      ],
      [
       17.53832,
       59.51914
      ],
      [
       17.53259,
       59.51572
      ],
      [
       17.52698,
       59.51225
      ],
      [
       17.52148,
       59.50873
      ],
      [
       17.51611,
       59.50516
      ],
      [
       17.51086,
       59.50154
      ],
      [
       17.50573,
       59.49788
      ],
      [
       17.50073,
       59.49417
      ],
      [
       17.49586,
       59.49042
      ],
      [
       17.49112,
       59.48662
      ],
      [
       17.48651,
       59.48278
      ],
      [
       17.48203,
       59.47891
      ],
      [
       17.47768,
       59.47499
      ],
      [
       17.47347,
       59.47104
      ],
      [
       17.46939,
       59.46705
      ],
      [
       17.46546,
       59.46302
      ],
      [
       17.46166,
       59.45896
      ],
      [
       17.458,
       59.45486
      ],
      [
       17.45448,
       59.45074
      ],
      [
       17.4511,
       59.44658
      ],
      [
       17.44786,
       59.44239
      ],
      [
       17.44477,
       59.43818
      ],
      [
       17.44183,
       59.43394
      ],
      [
       17.43903,
       59.42967
      ],
      [
       17.43637,
       59.42538
      ],
      [
       17.43386,
       59.42106
      ],
      [
       17.43151,
       59.41673
      ],
      [
       17.4293,
       59.41237
      ],
      [
       17.42724,
       59.408
      ],
      [
       17.42533,
       59.4036
      ],
      [
       17.42357,
       59.39919
      ],
      [
       17.42196,
       59.39477
      ],
      [
       17.4205,
       59.39033
      ],
      [
       17.4192,
       59.38588
      ],
      [
       17.41804,
       59.38142
      ],
      [
       17.41704,
       59.37695
      ],
      [
       17.4162,
       59.37247
      ],
      [
       17.41551,
       59.36798
      ],
      [
       17.41497,
       59.36349
      ],
      [
       17.41458,
       59.359
      ],
      [
       17.41435,
       59.3545
      ],
      [
       17.41427,
       59.35
      ],
      [
       17.41435,
       59.3455
      ],
      [
       17.41458,
       59.341
      ],
      [
       17.41497,
       59.33651
      ],
      [
       17.41551,
       59.33202
      ],
      [
       17.4162,
       59.32753
      ],
      [
       17.41704,
       59.32305
      ],
      [
       17.41804,
       59.31858
      ],
      [
       17.4192,
       59.31412
      ],
      [
       17.4205,
       59.30967
      ],
      [
       17.42196,
       59.30523
      ],
      [
       17.42357,
       59.30081
      ],
      [
       17.42533,
       59.2964
      ],
      [
       17.42724,
       59.292
      ],
      [
       17.4293,
       59.28763
      ],
      [
       17.43151,
       59.28327
      ],
      [
       17.43386,
       59.27894
      ],
      [
       17.43637,
       59.27462
      ],
      [
       17.43903,
       59.27033
      ],
      [
       17.44183,
       59.26606
      ],
      [
       17.44477,
       59.26182
      ],
      [
       17.44786,
       59.25761
      ],
      [
       17.4511,
       59.25342
      ],
      [
       17.45448,
       59.24926
      ],
      [
       17.458,
       59.24514
      ],
      [
       17.46166,
       59.24104
      ],
      [
       17.46546,
       59.23698
      ],
      [
       17.46939,
       59.23295
      ],
      [
       17.47347,
       59.22896
      ],
      [
       17.47768,
       59.22501
      ],
      [
       17.48203,
       59.22109
      ],
      [
       17.48651,
       59.21722
      ],
      [
       17.49112,
       59.21338
      ],
      [
       17.49586,
       59.20958
      ],
      [
       17.50073,
       59.20583
      ],
      [
       17.50573,
       59.20212
      ],
      [
       17.51086,
       59.19846
      ],
      [
       17.51611,
       59.19484
      ],
      [
       17.52148,
       59.19127
      ],
      [
       17.52698,
       59.18775
      ],
      [
       17.53259,
       59.18428
      ],
      [
       17.53832,
       59.18086
      ],
      [
       17.54417,
       59.17749
      ],
      [
       17.55014,
       59.17417
      ],
      [
       17.55621,
       59.17091
      ],
      [
       17.5624,
       59.1677
      ],
      [
       17.56869,
       59.16454
      ],
      [
       17.5751,
       59.16145
      ],
      [
       17.5816,
       59.15841
      ],
      [
       17.58821,
       59.15542
      ],
      [
       17.59493,
       59.1525
      ],
      [
       17.60174,
       59.14964
      ],
      [
       17.60864,
       59.14684
      ],
      [
       17.61565,
       59.1441
      ],
      [
       17.62274,
       59.14142
      ],
      [
       17.62993,
       59.13881
      ],
      [
       17.6372,
       59.13626
      ],
      [
       17.64456,
       59.13378
      ],
      [
       17.65201,
       59.13136
      ],
      [
       17.65953,
       59.12901
      ],
      [
       17.66714,
       59.12673
      ],
      [
       17.67482,
       59.12451
      ],
      [
       17.68258,
       59.12236
      ],
      [
       17.69041,
       59.12028
      ],
      [
       17.6983,
       59.11828
      ],
      [
       17.70627,
       59.11634
      ],
      [
       17.7143,
       59.11447
      ],
      [
       17.7224,
       59.11268
      ],
      [
       17.73055,
       59.11096
      ],
      [
       17.73876,
       59.10931
      ],
      [
       17.74703,
       59.10773
      ],
      [
       17.75535,
       59.10623
      ],
      [
       17.76372,
       59.1048
      ],
      [
       17.77214,
       59.10345
      ],
      [
       17.7806,
       59.10217
      ],
      [
       17.78911,
       59.10097
      ],
      [
       17.79765,
       59.09984
      ],
      [
       17.80624,
       59.09879
      ],
      [
       17.81485,
       59.09782
      ],
      [
       17.8235,
       59.09692
      ],
      [
       17.83218,
       59.0961
      ],
      [
       17.84089,
       59.09536
      ],
      [
       17.84962,
       59.09469
      ],
      [
       17.85837,
       59.09411
      ],
      [
       17.86714,
       59.0936
      ],
      [
       17.87592,
       59.09317
      ],
      [
       17.88472,
       59.09281
      ],
      [
       17.89353,
       59.09254
      ],
      [
       17.90235,
       59.09234
      ],
      [
       17.91117,
       59.09222
      ],
      [
       17.92,
       59.09218
      ],
      [
       17.92883,
       59.09222
      ],
      [
       17.93765,
       59.09234
      ],
      [
       17.94647,
       59.09254
      ],
      [
       17.95528,
       59.09281
      ],
      [
       17.96408,
       59.09317
      ],
      [
       17.97286,
       59.0936
      ],
      [
       17.98163,
       59.09411
      ],
      [
       17.99038,
       59.09469
      ],
      [
       17.99911,
       59.09536
      ],
      [
       18.00782,
       59.0961
      ],
      [
       18.0165,
       59.09692
      ],
      [
       18.02515,
       59.09782
      ],
      [
       18.03376,
       59.09879
      ],
      [
       18.04235,
       59.09984
      ],
      [
       18.05089,
       59.10097
      ],
      [
       18.0594,
       59.10217
      ],
      [
       18.06786,
       59.10345
      ],
      [
       18.07628,
       59.1048
      ],
      [
       18.08465,
       59.10623
      ],
      [
       18.09297,
       59.10773
      ],
      [
       18.10124,
       59.10931
      ],
      [
       18.10945,
       59.11096
      ],
      [
       18.1176,
       59.11268
      ],
      [
       18.1257,
       59.11447
      ],
      [
       18.13373,
       59.11634
      ],
      [
       18.1417,
       59.11828
      ],
      [
       18.14959,
       59.12028
      ],
      [
       18.15742,
       59.12236
      ],
      [
       18.16518,
       59.12451
      ],
      [
       18.17286,
       59.12673
      ],
      [
       18.18047,
       59.12901
      ],
      [
       18.18799,
       59.13136
      ],
      [
       18.19544,
       59.13378
      ],
      [
       18.2028,
       59.13626
      ],
      [
       18.21007,
       59.13881
      ],
      [
       18.21726,
       59.14142
      ],
      [
       18.22435,
       59.1441
      ],
      [
       18.23136,
       59.14684
      ],
      [
       18.23826,
       59.14964
      ],
      [
       18.24507,
       59.1525
      ],
      [
       18.25179,
       59.15542
      ],
      [
       18.2584,
       59.15841
      ],
      [
       18.2649,
       59.16145
      ],
      [
       18.27131,
       59.16454
      ],
      [
       18.2776,
       59.1677
      ],
      [
       18.28379,
       59.17091
      ],
      [
       18.28986,
       59.17417
      ],
      [
       18.29583,
       59.17749
      ],
      [
       18.30168,
       59.18086
      ],
      [
       18.30741,
       59.18428
      ],
      [
       18.31302,
       59.18775
      ],
      [
       18.31852,
       59.19127
      ],
      [
       18.32389,
       59.19484
      ],
      [
       18.32914,
       59.19846
      ],
      [
       18.33427,
       59.20212
      ],
      [
       18.33927,
       59.20583
      ],
      [
       18.34414,
       59.20958
      ],
      [
       18.34888,
       59.21338
      ],
      [
       18.35349,
       59.21722
      ],
      [
       18.35797,
       59.22109
      ],
      [
       18.36232,
       59.22501
      ],
      [
       18.36653,
       59.22896
      ],
      [
       18.37061,
       59.23295
      ],
      [
       18.37454,
       59.23698
      ],
      [
       18.37834,
       59.24104
      ],
      [
       18.382,
       59.24514
      ],
      [
       18.38552,
       59.24926
      ],
      [
       18.3889,
       59.25342
      ],
      [
       18.39214,
       59.25761
      ],
      [
       18.39523,
       59.26182
      ],
      [
       18.39817,
       59.26606
      ],
      [
       18.40097,
       59.27033
      ],
      [
       18.40363,
       59.27462
      ],
      [
       18.40614,
       59.27894
      ],
      [
       18.40849,
       59.28327
      ],
      [
       18.4107,
       59.28763
      ],
      [
       18.41276,
       59.292
      ],
      [
       18.41467,
       59.2964
      ],
      [
       18.41643,
       59.30081
      ],
      [
       18.41804,
       59.30523
      ],
      [
       18.4195,
       59.30967
      ],
      [
       18.4208,
       59.31412
      ],
      [
       18.42196,
       59.31858
      ],
      [
       18.42296,
       59.32305
      ],
      [
       18.4238,
       59.32753
      ],
      [
       18.42449,
       59.33202
      ],
      [
       18.42503,
       59.33651
      ],
      [
       18.42542,
       59.341
      ],
      [
       18.42565,
       59.3455
      ],
      [
       18.42573,
       59.35
      ]
     ]
    ]
   }
  }
 ]
}