<?xml version="1.0" encoding="UTF-8"?>
<kml xmlns="http://www.opengis.net/kml/2.2"><Document><name>Transit lines</name><Style id="line-blue"><LineStyle><color>ffd49200</color><width>4</width></LineStyle></Style><Style id="dot-blue"><IconStyle><color>ffd49200</color><scale>0.9</scale><Icon><href>http://maps.google.com/mapfiles/kml/shapes/placemark_circle.png</href></Icon></IconStyle></Style><Style id="line-red"><LineStyle><color>ff2521e0</color><width>4</width></LineStyle></Style><Style id="dot-red"><IconStyle><color>ff2521e0</color><scale>0.9</scale><Icon><href>http://maps.google.com/mapfiles/kml/shapes/placemark_circle.png</href></Icon></IconStyle></Style><Style id="line-green"><LineStyle><color>ff4ca200</color><width>4</width></LineStyle></Style><Style id="dot-green"><IconStyle><color>ff4ca200</color><scale>0.9</scale><Icon><href>http://maps.google.com/mapfiles/kml/shapes/placemark_circle.png</href></Icon></IconStyle></Style><Style id="line-pendel"><LineStyle><color>ff9b62e4</color><width>4</width></LineStyle></Style><Style id="dot-pendel"><IconStyle><color>ff9b62e4</color><scale>0.9</scale><Icon><href>http://maps.google.com/mapfiles/kml/shapes/placemark_circle.png</href></Icon></IconStyle></Style><Style id="line-city"><LineStyle><color>ff929ba3</color><width>4</width></LineStyle></Style><Style id="dot-city"><IconStyle><color>ff929ba3</color><scale>0.9</scale><Icon><href>http://maps.google.com/mapfiles/kml/shapes/placemark_circle.png</href></Icon></IconStyle></Style><Style id="line-nockeby"><LineStyle><color>ffcba08c</color><width>4</width></LineStyle></Style><Style id="dot-nockeby"><IconStyle><color>ffcba08c</color><scale>0.9</scale><Icon><href>http://maps.google.com/mapfiles/kml/shapes/placemark_circle.png</href></Icon></IconStyle></Style><Style id="line-orange"><LineStyle><color>ff227cef</color><width>4</width></LineStyle></Style><Style id="dot-orange"><IconStyle><color>ff227cef</color><scale>0.9</scale><Icon><href>http://maps.google.com/mapfiles/kml/shapes/placemark_circle.png</href></Icon></IconStyle></Style><Style id="line-roslag"><LineStyle><color>ffc887b5</color><width>4</width></LineStyle></Style><Style id="dot-roslag"><IconStyle><color>ffc887b5</color><scale>0.9</scale><Icon><href>http://maps.google.com/mapfiles/kml/shapes/placemark_circle.png</href></Icon></IconStyle></Style><Style id="line-saltsjo"><LineStyle><color>ffa4b010</color><width>4</width></LineStyle></Style><Style id="dot-saltsjo"><IconStyle><color>ffa4b010</color><scale>0.9</scale><Icon><href>http://maps.google.com/mapfiles/kml/shapes/placemark_circle.png</href></Icon></IconStyle></Style><Style id="zone"><LineStyle><color>ff0080ff</color><width>2</width></LineStyle><PolyStyle><color>260080ff</color></PolyStyle></Style><Style id="border"><LineStyle><color>ff0000ff</color><width>3</width></LineStyle><PolyStyle><color>00000000</color></PolyStyle></Style><Folder><name>Transit lines</name><Placemark><name>Blå linjen 10 · Kungsträdgården–Hjulsta</name><styleUrl>#line-blue</styleUrl><MultiGeometry><LineString><tessellate>1</tessellate><coordinates>17.888683,59.396570,0 17.889990,59.396021,0 17.891057,59.395830,0 17.894004,59.395514,0 17.898387,59.395068,0 17.901540,59.394499,0 17.902469,59.394295,0 17.903473,59.394092,0 17.903967,59.393991,0 17.904385,59.393904,0 17.905565,59.393730,0 17.907613,59.393319,0 17.909442,59.393042,0 17.911020,59.392900,0 17.912896,59.392877,0 17.914624,59.392855,0 17.916785,59.392636,0 17.919054,59.392220,0 17.921377,59.391495,0 17.923678,59.390573,0 17.927811,59.388633,0 17.927941,59.388587,0 17.928111,59.388527,0 17.929005,59.387830,0 17.929852,59.386945,0 17.930624,59.385651,0 17.931269,59.384246,0 17.931979,59.382712,0 17.932665,59.381452,0 17.933467,59.380474,0 17.933726,59.380237,0 17.936471,59.377727,0 17.937288,59.377091,0 17.938361,59.376507,0 17.940469,59.375746,0 17.941973,59.375260,0 17.942929,59.374926,0 17.943778,59.374656,0 17.945074,59.374256,0 17.953485,59.371003,0 17.959645,59.368918,0 17.963524,59.367830,0 17.963857,59.367736,0 17.964360,59.367594,0 17.964587,59.367526,0 17.964699,59.367491,0 17.968508,59.366205,0 17.969638,59.365615,0 17.970524,59.364665,0 17.970637,59.364470,0 17.971296,59.363330,0 17.972779,59.360837,0 17.973024,59.359372,0 17.972769,59.357948,0 17.972579,59.356409,0 17.972888,59.355204,0 17.973561,59.354428,0 17.973658,59.354342,0 17.976092,59.352205,0 17.976839,59.351520,0 17.977689,59.350929,0 17.979449,59.350260,0 17.981064,59.349949,0 17.982845,59.349750,0 17.985691,59.349664,0 17.993479,59.350117,0 17.993902,59.350152,0 17.994262,59.350175,0 17.994710,59.350191,0 17.995141,59.350193,0 17.995587,59.350184,0 17.996123,59.350158,0 17.996568,59.350124,0 17.996973,59.350083,0 17.997378,59.350034,0 17.997853,59.349956,0 17.998314,59.349870,0 17.998779,59.349765,0 17.999267,59.349629,0 17.999717,59.349495,0 18.000133,59.349353,0 18.000479,59.349221,0 18.000927,59.349019,0 18.001348,59.348814,0 18.001745,59.348594,0 18.002109,59.348401,0 18.002448,59.348216,0 18.002744,59.348053,0 18.003945,59.347398,0 18.005469,59.346567,0 18.007573,59.345412,0 18.008492,59.344907,0 18.008619,59.344838,0 18.008719,59.344791,0 18.008849,59.344736,0 18.008944,59.344691,0 18.009290,59.344474,0 18.009786,59.344157,0 18.010071,59.343968,0 18.010256,59.343831,0 18.010417,59.343701,0 18.010623,59.343515,0 18.010830,59.343305,0 18.011052,59.343043,0 18.011227,59.342829,0 18.011366,59.342610,0 18.011506,59.342338,0 18.011565,59.342163,0 18.011701,59.341754,0 18.011815,59.341465,0 18.012312,59.340322,0 18.012376,59.340210,0 18.012440,59.340103,0 18.012529,59.339961,0 18.012608,59.339861,0 18.013036,59.339403,0 18.013139,59.339312,0 18.013300,59.339191,0 18.013397,59.339127,0 18.013520,59.339056,0 18.014698,59.338420,0 18.015810,59.337833,0 18.016931,59.337241,0 18.018375,59.336483,0 18.018632,59.336362,0 18.018973,59.336226,0 18.019202,59.336145,0 18.019495,59.336055,0 18.019805,59.335978,0 18.024676,59.335179,0 18.025111,59.335100,0 18.025617,59.334991,0 18.026210,59.334839,0 18.026799,59.334654,0 18.028544,59.334032,0 18.031502,59.332963,0 18.036894,59.331017,0 18.037304,59.330882,0 18.037617,59.330782,0 18.038064,59.330666,0 18.038430,59.330578,0 18.038900,59.330485,0 18.039242,59.330428,0 18.039723,59.330361,0 18.040167,59.330315,0 18.040463,59.330287,0 18.040803,59.330267,0 18.041300,59.330262,0 18.041991,59.330262,0 18.044247,59.330291,0 18.047532,59.330345,0 18.047913,59.330362,0 18.048386,59.330404,0 18.048934,59.330481,0 18.049318,59.330547,0 18.049779,59.330637,0 18.050054,59.330710,0 18.053680,59.331800,0 18.054120,59.331945,0 18.054468,59.332047,0 18.054793,59.332133,0 18.055169,59.332214,0 18.055500,59.332284,0 18.055936,59.332356,0 18.056331,59.332409,0 18.056704,59.332451,0 18.057066,59.332476,0 18.057784,59.332514,0 18.058220,59.332520,0 18.059764,59.332554,0 18.062100,59.332590,0 18.062729,59.332573,0 18.063185,59.332542,0 18.063571,59.332502,0 18.063866,59.332466,0 18.064132,59.332429,0 18.064559,59.332354,0 18.067480,59.331741,0 18.067668,59.331686,0 18.067800,59.331641,0 18.067961,59.331577,0 18.068234,59.331432,0 18.068328,59.331388,0 18.068430,59.331341,0 18.068627,59.331257,0 18.068842,59.331179,0 18.069185,59.331067,0 18.070940,59.330711,0</coordinates></LineString></MultiGeometry></Placemark><Placemark><name>Blå linjen 11 · Kungsträdgården–Akalla</name><styleUrl>#line-blue</styleUrl><MultiGeometry><LineString><tessellate>1</tessellate><coordinates>17.913468,59.415871,0 17.913879,59.415684,0 17.914226,59.415521,0 17.914901,59.415181,0 17.915604,59.414863,0 17.916366,59.414509,0 17.917400,59.413915,0 17.917783,59.413751,0 17.919201,59.413149,0 17.921882,59.412317,0 17.926359,59.409629,0 17.926392,59.409609,0 17.928669,59.408241,0 17.928705,59.408220,0 17.928774,59.408201,0 17.936576,59.406003,0 17.937019,59.405913,0 17.937361,59.405833,0 17.937558,59.405784,0 17.937829,59.405714,0 17.938075,59.405646,0 17.938296,59.405581,0 17.938570,59.405496,0 17.938843,59.405402,0 17.939005,59.405344,0 17.939188,59.405277,0 17.939362,59.405210,0 17.939559,59.405130,0 17.939764,59.405042,0 17.939926,59.404969,0 17.940106,59.404886,0 17.940312,59.404784,0 17.940473,59.404701,0 17.940611,59.404627,0 17.940797,59.404522,0 17.940947,59.404433,0 17.941112,59.404332,0 17.941253,59.404241,0 17.941354,59.404172,0 17.941476,59.404088,0 17.941584,59.404008,0 17.941740,59.403892,0 17.941967,59.403717,0 17.942556,59.403265,0 17.944109,59.402072,0 17.944295,59.401929,0 17.944447,59.401817,0 17.944556,59.401738,0 17.944672,59.401661,0 17.944765,59.401598,0 17.944868,59.401533,0 17.944971,59.401469,0 17.945081,59.401405,0 17.945199,59.401337,0 17.945307,59.401277,0 17.945456,59.401197,0 17.945585,59.401132,0 17.945742,59.401054,0 17.945878,59.400991,0 17.946034,59.400920,0 17.946210,59.400845,0 17.946392,59.400770,0 17.946554,59.400706,0 17.946726,59.400642,0 17.946904,59.400579,0 17.947060,59.400525,0 17.947208,59.400476,0 17.947368,59.400425,0 17.947561,59.400368,0 17.947763,59.400311,0 17.947908,59.400272,0 17.948133,59.400214,0 17.948310,59.400170,0 17.948571,59.400112,0 17.948756,59.400072,0 17.948970,59.400030,0 17.949164,59.399994,0 17.949336,59.399964,0 17.949495,59.399938,0 17.949676,59.399910,0 17.949866,59.399884,0 17.950073,59.399856,0 17.950229,59.399837,0 17.950422,59.399814,0 17.953715,59.399428,0 17.956866,59.399059,0 17.957275,59.399001,0 17.957629,59.398952,0 17.957999,59.398888,0 17.958222,59.398844,0 17.958468,59.398791,0 17.958680,59.398741,0 17.958885,59.398690,0 17.959041,59.398648,0 17.960273,59.398243,0 17.961576,59.397603,0 17.964969,59.395155,0 17.966325,59.394213,0 17.967505,59.393380,0 17.968151,59.392834,0 17.968680,59.392292,0 17.969047,59.391869,0 17.969388,59.391288,0 17.969418,59.391225,0 17.969621,59.390784,0 17.969661,59.390252,0 17.969748,59.389621,0 17.969666,59.388880,0 17.969241,59.388286,0 17.968301,59.387172,0 17.962476,59.381953,0 17.961900,59.381006,0 17.961670,59.380136,0 17.961648,59.379272,0 17.961823,59.378743,0 17.962383,59.377929,0 17.963085,59.377466,0 17.964032,59.376877,0 17.964436,59.376696,0 17.965417,59.376263,0 17.966495,59.375799,0 17.967599,59.375323,0 17.968721,59.374843,0 17.971899,59.373386,0 17.972309,59.373156,0 17.972857,59.372789,0 17.973600,59.372324,0 17.974671,59.371738,0 17.976749,59.370486,0 17.980118,59.368654,0 17.981928,59.367649,0 17.982637,59.367256,0 17.986384,59.365176,0 17.986827,59.364930,0 17.987291,59.364692,0 17.987725,59.364500,0 17.988162,59.364322,0 17.988478,59.364199,0 17.991879,59.363127,0 17.993052,59.362759,0 17.993696,59.362527,0 17.994221,59.362305,0 17.994871,59.361986,0 17.995294,59.361759,0 17.995648,59.361529,0 17.996209,59.361116,0 17.997016,59.360463,0 17.998098,59.359571,0 17.999294,59.358586,0 17.999516,59.358386,0 17.999705,59.358188,0 17.999854,59.358039,0 18.000002,59.357833,0 18.000136,59.357632,0 18.000281,59.357388,0 18.000372,59.357163,0 18.000436,59.356941,0 18.000474,59.356791,0 18.000508,59.356606,0 18.000530,59.356408,0 18.000530,59.356199,0 18.000507,59.356015,0 18.000383,59.355275,0 18.000071,59.353452,0 17.999953,59.352774,0 17.999908,59.352378,0 17.999900,59.352125,0 17.999913,59.351842,0 17.999967,59.351549,0 18.000042,59.351270,0 18.000144,59.350958,0 18.000273,59.350690,0 18.000444,59.350409,0 18.000637,59.350154,0 18.000892,59.349848,0 18.001141,59.349581,0 18.001471,59.349288,0 18.001734,59.349080,0 18.002080,59.348847,0 18.002405,59.348644,0 18.002960,59.348329,0 18.004319,59.347594,0 18.005894,59.346744,0 18.006168,59.346586,0 18.006383,59.346435,0 18.008212,59.345174,0 18.008413,59.345040,0 18.008657,59.344877,0 18.008944,59.344691,0 18.009290,59.344474,0 18.009786,59.344157,0 18.010071,59.343968,0 18.010256,59.343831,0 18.010417,59.343701,0 18.010623,59.343515,0 18.010830,59.343305,0 18.011052,59.343043,0 18.011227,59.342829,0 18.011366,59.342610,0 18.011506,59.342338,0 18.011565,59.342163,0 18.011701,59.341754,0 18.011815,59.341465,0 18.012312,59.340322,0 18.012376,59.340210,0 18.012440,59.340103,0 18.012529,59.339961,0 18.012608,59.339861,0 18.013036,59.339403,0 18.013139,59.339312,0 18.013300,59.339191,0 18.013397,59.339127,0 18.013520,59.339056,0 18.014698,59.338420,0 18.015810,59.337833,0 18.016931,59.337241,0 18.018375,59.336483,0 18.018632,59.336362,0 18.018973,59.336226,0 18.019202,59.336145,0 18.019495,59.336055,0 18.019805,59.335978,0 18.024676,59.335179,0 18.025111,59.335100,0 18.025617,59.334991,0 18.026210,59.334839,0 18.026799,59.334654,0 18.028544,59.334032,0 18.031502,59.332963,0 18.036894,59.331017,0 18.037304,59.330882,0 18.037617,59.330782,0 18.038064,59.330666,0 18.038430,59.330578,0 18.038900,59.330485,0 18.039242,59.330428,0 18.039723,59.330361,0 18.040167,59.330315,0 18.040463,59.330287,0 18.040803,59.330267,0 18.041300,59.330262,0 18.041991,59.330262,0 18.044247,59.330291,0 18.047532,59.330345,0 18.047913,59.330362,0 18.048386,59.330404,0 18.048934,59.330481,0 18.049318,59.330547,0 18.049779,59.330637,0 18.050054,59.330710,0 18.053680,59.331800,0 18.054120,59.331945,0 18.054468,59.332047,0 18.054793,59.332133,0 18.055169,59.332214,0 18.055500,59.332284,0 18.055936,59.332356,0 18.056331,59.332409,0 18.056704,59.332451,0 18.057066,59.332476,0 18.057784,59.332514,0 18.058220,59.332520,0 18.059764,59.332554,0 18.062100,59.332590,0 18.062729,59.332573,0 18.063185,59.332542,0 18.063571,59.332502,0 18.063866,59.332466,0 18.064132,59.332429,0 18.064559,59.332354,0 18.067480,59.331741,0 18.069398,59.331339,0 18.071280,59.330955,0</coordinates></LineString></MultiGeometry></Placemark><Placemark><name>Röda linjen 13 · Norsborg–Ropsten</name><styleUrl>#line-red</styleUrl><MultiGeometry><LineString><tessellate>1</tessellate><coordinates>17.812720,59.243961,0 17.814647,59.243896,0 17.815081,59.243867,0 17.816136,59.243782,0 17.817527,59.243695,0 17.818150,59.243662,0 17.818276,59.243655,0 17.821304,59.243494,0 17.822402,59.243460,0 17.824591,59.243379,0 17.825122,59.243360,0 17.826065,59.243319,0 17.826526,59.243291,0 17.826978,59.243254,0 17.828268,59.243156,0 17.829305,59.243056,0 17.830938,59.242774,0 17.832186,59.242436,0 17.834824,59.241426,0 17.836794,59.240692,0 17.838597,59.240050,0 17.839785,59.239737,0 17.840323,59.239595,0 17.841260,59.239458,0 17.842214,59.239411,0 17.843370,59.239396,0 17.844156,59.239385,0 17.845524,59.239388,0 17.846808,59.239390,0 17.848479,59.239497,0 17.850151,59.239685,0 17.851957,59.239969,0 17.853493,59.240356,0 17.854832,59.240990,0 17.855741,59.241601,0 17.856647,59.242401,0 17.857120,59.243144,0 17.857317,59.243662,0 17.857564,59.244409,0 17.857730,59.244863,0 17.857999,59.245291,0 17.858486,59.245860,0 17.859196,59.246455,0 17.859907,59.246975,0 17.860717,59.247527,0 17.861010,59.247718,0 17.861327,59.247889,0 17.861920,59.248163,0 17.862547,59.248406,0 17.863285,59.248652,0 17.864007,59.248860,0 17.864596,59.249008,0 17.865510,59.249184,0 17.866393,59.249299,0 17.867260,59.249362,0 17.868205,59.249381,0 17.869137,59.249353,0 17.870846,59.249252,0 17.871437,59.249223,0 17.872375,59.249190,0 17.873568,59.249171,0 17.874876,59.249184,0 17.876299,59.249234,0 17.877899,59.249338,0 17.878379,59.249380,0 17.878871,59.249442,0 17.881464,59.249811,0 17.881965,59.249931,0 17.883275,59.250245,0 17.884054,59.250563,0 17.884393,59.250701,0 17.884776,59.250857,0 17.886663,59.251883,0 17.887694,59.252612,0 17.888830,59.253522,0 17.889411,59.254192,0 17.890153,59.255151,0 17.890741,59.256451,0 17.890765,59.257713,0 17.890398,59.258821,0 17.889665,59.259791,0 17.888924,59.260773,0 17.886449,59.263032,0 17.884889,59.264162,0 17.884574,59.264374,0 17.883331,59.265208,0 17.883020,59.265417,0 17.881175,59.266696,0 17.880617,59.267167,0 17.880122,59.267625,0 17.879889,59.267870,0 17.879520,59.268305,0 17.878862,59.269260,0 17.878467,59.270270,0 17.878386,59.271371,0 17.879154,59.272616,0 17.880814,59.273817,0 17.881566,59.274116,0 17.882759,59.274589,0 17.885767,59.275317,0 17.889628,59.275930,0 17.889950,59.275979,0 17.890209,59.276015,0 17.890482,59.276052,0 17.890746,59.276086,0 17.890977,59.276114,0 17.891235,59.276143,0 17.891587,59.276177,0 17.892301,59.276247,0 17.893299,59.276343,0 17.893892,59.276399,0 17.894105,59.276418,0 17.894635,59.276474,0 17.894839,59.276493,0 17.895036,59.276511,0 17.895308,59.276532,0 17.895551,59.276548,0 17.895814,59.276563,0 17.896259,59.276579,0 17.896734,59.276596,0 17.897674,59.276630,0 17.897754,59.276633,0 17.899252,59.276685,0 17.900881,59.276744,0 17.901608,59.276770,0 17.901925,59.276784,0 17.902210,59.276800,0 17.902435,59.276816,0 17.906705,59.276965,0 17.907492,59.277041,0 17.908147,59.277105,0 17.908850,59.277201,0 17.909479,59.277333,0 17.911170,59.277881,0 17.912578,59.278591,0 17.913745,59.279315,0 17.914569,59.279958,0 17.915397,59.280589,0 17.915707,59.280845,0 17.916032,59.281122,0 17.916151,59.281217,0 17.916328,59.281370,0 17.916605,59.281605,0 17.916999,59.281913,0 17.917663,59.282417,0 17.919916,59.283997,0 17.920393,59.284419,0 17.920753,59.284795,0 17.920790,59.284836,0 17.920800,59.284849,0 17.921083,59.285214,0 17.921136,59.285283,0 17.921281,59.285513,0 17.921410,59.285714,0 17.921601,59.286013,0 17.921803,59.286343,0 17.921922,59.286527,0 17.922030,59.286704,0 17.922174,59.286954,0 17.922661,59.288029,0 17.922861,59.288536,0 17.922989,59.288924,0 17.923069,59.289179,0 17.923209,59.289620,0 17.923344,59.290048,0 17.923541,59.290625,0 17.923648,59.290977,0 17.923744,59.291217,0 17.923952,59.291687,0 17.924090,59.291923,0 17.924220,59.292094,0 17.924415,59.292327,0 17.924519,59.292431,0 17.924826,59.292719,0 17.924941,59.292816,0 17.925118,59.292954,0 17.925458,59.293179,0 17.925803,59.293384,0 17.926084,59.293530,0 17.926429,59.293688,0 17.926733,59.293815,0 17.927107,59.293956,0 17.927433,59.294065,0 17.927821,59.294176,0 17.928090,59.294251,0 17.928512,59.294345,0 17.928861,59.294415,0 17.929215,59.294477,0 17.929492,59.294518,0 17.929876,59.294566,0 17.930310,59.294611,0 17.931123,59.294694,0 17.931531,59.294732,0 17.931747,59.294747,0 17.932544,59.294798,0 17.933460,59.294845,0 17.934692,59.294895,0 17.936557,59.294932,0 17.938994,59.295068,0 17.940883,59.295238,0 17.943779,59.295727,0 17.944996,59.295942,0 17.947026,59.296420,0 17.948639,59.296952,0 17.949787,59.297540,0 17.950618,59.298045,0 17.951853,59.298788,0 17.952961,59.299517,0 17.953314,59.299662,0 17.954262,59.300064,0 17.955508,59.300553,0 17.956409,59.300904,0 17.959371,59.301980,0 17.962300,59.302791,0 17.966795,59.303629,0 17.968086,59.303810,0 17.968930,59.303928,0 17.971221,59.304151,0 17.971721,59.304200,0 17.972102,59.304236,0 17.972675,59.304281,0 17.973297,59.304323,0 17.974397,59.304375,0 17.974590,59.304384,0 17.974949,59.304401,0 17.975825,59.304446,0 17.977981,59.304552,0 17.980773,59.304688,0 17.980821,59.304690,0 17.983769,59.304834,0 17.984316,59.304867,0 17.984644,59.304895,0 17.985080,59.304936,0 17.985461,59.304983,0 17.985786,59.305028,0 17.986157,59.305086,0 17.987309,59.305293,0 17.988265,59.305471,0 17.990751,59.305935,0 17.991397,59.306057,0 17.992011,59.306168,0 17.992591,59.306253,0 17.993366,59.306356,0 17.993993,59.306427,0 17.994771,59.306491,0 17.995450,59.306535,0 17.996040,59.306561,0 17.996646,59.306576,0 17.998363,59.306616,0 18.000447,59.306665,0 18.002492,59.306713,0 18.004953,59.306772,0 18.005835,59.306783,0 18.006466,59.306783,0 18.007418,59.306770,0 18.008309,59.306764,0 18.008746,59.306772,0 18.009175,59.306788,0 18.009620,59.306814,0 18.010033,59.306847,0 18.010358,59.306880,0 18.010822,59.306939,0 18.011393,59.307026,0 18.011822,59.307099,0 18.012101,59.307152,0 18.012310,59.307201,0 18.014951,59.307855,0 18.015195,59.307915,0 18.015776,59.308059,0 18.016151,59.308153,0 18.016721,59.308306,0 18.017197,59.308450,0 18.017618,59.308595,0 18.018018,59.308747,0 18.018428,59.308928,0 18.019825,59.309556,0 18.020226,59.309728,0 18.020496,59.309851,0 18.021472,59.310278,0 18.022993,59.310843,0 18.023650,59.311052,0 18.024286,59.311253,0 18.024835,59.311425,0 18.025770,59.311762,0 18.026081,59.311888,0 18.026483,59.312063,0 18.026843,59.312232,0 18.027186,59.312402,0 18.027679,59.312665,0 18.028098,59.312903,0 18.028835,59.313340,0 18.029965,59.314026,0 18.030257,59.314209,0 18.030852,59.314610,0 18.031091,59.314764,0 18.031397,59.314944,0 18.031620,59.315054,0 18.031973,59.315219,0 18.032400,59.315392,0 18.032851,59.315552,0 18.033409,59.315744,0 18.033964,59.315923,0 18.034404,59.316053,0 18.034723,59.316134,0 18.035149,59.316232,0 18.035533,59.316309,0 18.036565,59.316513,0 18.037754,59.316747,0 18.038373,59.316851,0 18.038883,59.316924,0 18.039272,59.316972,0 18.039679,59.317011,0 18.044384,59.317459,0 18.049140,59.317966,0 18.050663,59.318129,0 18.051108,59.318165,0 18.051575,59.318196,0 18.052130,59.318221,0 18.052605,59.318236,0 18.053251,59.318232,0 18.053828,59.318221,0 18.054413,59.318192,0 18.054982,59.318151,0 18.055580,59.318091,0 18.056111,59.318030,0 18.056792,59.317943,0 18.057366,59.317841,0 18.059201,59.317475,0 18.060632,59.317192,0 18.061869,59.316948,0 18.062462,59.316828,0 18.063036,59.316709,0 18.065503,59.316197,0 18.065995,59.316099,0 18.066483,59.316022,0 18.066866,59.315981,0 18.067313,59.315956,0 18.067661,59.315950,0 18.068095,59.315964,0 18.068485,59.315995,0 18.068893,59.316045,0 18.069234,59.316098,0 18.069707,59.316193,0 18.070196,59.316320,0 18.070616,59.316472,0 18.071019,59.316645,0 18.071316,59.316837,0 18.071592,59.317041,0 18.071883,59.317320,0 18.072035,59.317498,0 18.072164,59.317671,0 18.072258,59.317845,0 18.072334,59.318016,0 18.072376,59.318184,0 18.072396,59.318338,0 18.072402,59.318513,0 18.072388,59.318632,0 18.072369,59.318752,0 18.072327,59.318906,0 18.072264,59.319086,0 18.072179,59.319282,0 18.072105,59.319416,0 18.072039,59.319521,0 18.071952,59.319653,0 18.071841,59.319794,0 18.071770,59.319877,0 18.071579,59.320077,0 18.071115,59.320466,0 18.070970,59.320584,0 18.070594,59.320826,0 18.070524,59.320867,0 18.070329,59.320979,0 18.070089,59.321135,0 18.069897,59.321256,0 18.069502,59.321492,0 18.068702,59.321970,0 18.068568,59.322050,0 18.068001,59.322432,0 18.067857,59.322531,0 18.067701,59.322646,0 18.067650,59.322689,0 18.067477,59.322829,0 18.067234,59.323042,0 18.067037,59.323231,0 18.066912,59.323355,0 18.066649,59.323637,0 18.066516,59.323796,0 18.066403,59.323940,0 18.066011,59.324460,0 18.065683,59.324879,0 18.065471,59.325136,0 18.065278,59.325360,0 18.064921,59.325684,0 18.064649,59.325923,0 18.064325,59.326175,0 18.063948,59.326432,0 18.063582,59.326646,0 18.063086,59.326902,0 18.061904,59.327487,0 18.061584,59.327669,0 18.061220,59.327900,0 18.060971,59.328083,0 18.060630,59.328344,0 18.060349,59.328588,0 18.060147,59.328784,0 18.059939,59.329011,0 18.059796,59.329185,0 18.059665,59.329370,0 18.059573,59.329552,0 18.059516,59.329693,0 18.059484,59.329817,0 18.059461,59.329952,0 18.059471,59.330083,0 18.059474,59.330125,0 18.059489,59.330177,0 18.059531,59.330316,0 18.059582,59.330438,0 18.059591,59.330459,0 18.059753,59.330700,0 18.059847,59.330809,0 18.059886,59.330854,0 18.059894,59.330862,0 18.060029,59.330991,0 18.060048,59.331005,0 18.060134,59.331072,0 18.060206,59.331129,0 18.060267,59.331167,0 18.060520,59.331326,0 18.060704,59.331430,0 18.060779,59.331472,0 18.061253,59.331711,0 18.061517,59.331829,0 18.061736,59.331926,0 18.062131,59.332079,0 18.062323,59.332154,0 18.063082,59.332448,0 18.063151,59.332473,0 18.063310,59.332531,0 18.063442,59.332595,0 18.063563,59.332653,0 18.063627,59.332684,0 18.063680,59.332717,0 18.063729,59.332747,0 18.063817,59.332801,0 18.063996,59.332940,0 18.064125,59.333059,0 18.064544,59.333474,0 18.064826,59.333754,0 18.065118,59.334035,0 18.065450,59.334254,0 18.065794,59.334437,0 18.066078,59.334566,0 18.066561,59.334719,0 18.066990,59.334812,0 18.067301,59.334867,0 18.067687,59.334910,0 18.068084,59.334930,0 18.068822,59.334922,0 18.069737,59.334907,0 18.070510,59.334861,0 18.071163,59.334809,0 18.071629,59.334756,0 18.072488,59.334648,0 18.073014,59.334601,0 18.073325,59.334587,0 18.073725,59.334596,0 18.074039,59.334624,0 18.074358,59.334665,0 18.074655,59.334711,0 18.074980,59.334774,0 18.075302,59.334853,0 18.075514,59.334910,0 18.076529,59.335221,0 18.077663,59.335568,0 18.079184,59.336036,0 18.080157,59.336333,0 18.080723,59.336489,0 18.081420,59.336648,0 18.082015,59.336754,0 18.084488,59.337074,0 18.086466,59.337402,0 18.088088,59.337775,0 18.089634,59.338105,0 18.090604,59.338857,0 18.091766,59.339654,0 18.093040,59.340441,0 18.093135,59.340482,0 18.093236,59.340566,0 18.093283,59.340602,0 18.093358,59.340662,0 18.093461,59.340743,0 18.093769,59.340986,0 18.094121,59.341247,0 18.094425,59.341540,0 18.094667,59.341722,0 18.095466,59.342391,0 18.095917,59.342764,0 18.096807,59.343555,0 18.096915,59.343685,0 18.097006,59.343797,0 18.097030,59.343827,0 18.097832,59.344853,0 18.098609,59.345841,0 18.099007,59.346349,0 18.099200,59.346609,0 18.099324,59.346822,0 18.099402,59.347020,0 18.099458,59.347242,0 18.099490,59.347499,0 18.099474,59.347697,0 18.099415,59.347956,0 18.099329,59.348142,0 18.099200,59.348365,0 18.099093,59.348527,0 18.098504,59.349248,0 18.098466,59.349303,0 18.096964,59.351740,0 18.096867,59.351896,0 18.096700,59.352215,0 18.096609,59.352399,0 18.096537,59.352607,0 18.096518,59.352816,0 18.096503,59.353036,0 18.096535,59.353254,0 18.096598,59.353486,0 18.096761,59.353802,0 18.096907,59.353983,0 18.097116,59.354164,0 18.097339,59.354312,0 18.099113,59.355432,0 18.099685,59.355792,0 18.100711,59.356444,0 18.101288,59.356805,0 18.101776,59.357140,0 18.102224,59.357425,0</coordinates></LineString></MultiGeometry></Placemark><Placemark><name>Röda linjen 14 · Fruängen–Mörby centrum</name><styleUrl>#line-red</styleUrl><MultiGeometry><LineString><tessellate>1</tessellate><coordinates>17.964737,59.286460,0 17.964336,59.288570,0 17.964352,59.288789,0 17.964381,59.288962,0 17.964425,59.289136,0 17.964475,59.289290,0 17.964532,59.289418,0 17.964615,59.289590,0 17.964729,59.289792,0 17.964810,59.289921,0 17.964934,59.290075,0 17.965026,59.290186,0 17.965103,59.290273,0 17.965194,59.290365,0 17.965312,59.290468,0 17.965645,59.290774,0 17.965930,59.290977,0 17.966068,59.291069,0 17.966268,59.291192,0 17.966547,59.291347,0 17.966791,59.291476,0 17.967120,59.291633,0 17.967468,59.291780,0 17.967881,59.291936,0 17.968001,59.291982,0 17.968583,59.292164,0 17.968924,59.292260,0 17.969322,59.292363,0 17.970386,59.292619,0 17.971678,59.292932,0 17.972759,59.293195,0 17.973288,59.293336,0 17.973767,59.293472,0 17.974100,59.293571,0 17.974590,59.293735,0 17.974979,59.293870,0 17.975342,59.294002,0 17.975733,59.294151,0 17.977364,59.294834,0 17.978142,59.295164,0 17.979481,59.295603,0 17.980514,59.295847,0 17.981806,59.296087,0 17.984145,59.296521,0 17.986919,59.296964,0 17.987732,59.297089,0 17.987991,59.297125,0 17.988248,59.297156,0 17.988512,59.297187,0 17.988737,59.297208,0 17.989110,59.297244,0 17.989468,59.297280,0 17.989772,59.297316,0 17.990079,59.297354,0 17.990332,59.297387,0 17.991784,59.297603,0 17.992295,59.297675,0 17.992625,59.297721,0 17.993292,59.297803,0 17.993918,59.297881,0 17.996343,59.298182,0 17.996994,59.298269,0 17.997165,59.298293,0 17.997747,59.298361,0 17.998209,59.298421,0 17.998687,59.298486,0 17.999058,59.298542,0 17.999664,59.298638,0 18.000747,59.298809,0 18.001561,59.298921,0 18.003432,59.299222,0 18.004508,59.299397,0 18.005302,59.299538,0 18.005591,59.299597,0 18.005833,59.299649,0 18.006089,59.299708,0 18.006368,59.299774,0 18.006804,59.299891,0 18.007348,59.300050,0 18.007906,59.300246,0 18.008381,59.300438,0 18.008772,59.300603,0 18.009108,59.300768,0 18.009867,59.301191,0 18.010752,59.301687,0 18.011342,59.302018,0 18.011994,59.302378,0 18.012430,59.302624,0 18.012809,59.302842,0 18.013124,59.303033,0 18.013536,59.303322,0 18.014023,59.303730,0 18.014263,59.303969,0 18.016693,59.306594,0 18.017871,59.307917,0 18.018405,59.308518,0 18.018646,59.308739,0 18.018849,59.308909,0 18.019048,59.309061,0 18.019330,59.309248,0 18.019614,59.309409,0 18.019882,59.309529,0 18.020262,59.309701,0 18.020517,59.309807,0 18.020741,59.309894,0 18.020858,59.309938,0 18.021059,59.310009,0 18.021386,59.310131,0 18.021571,59.310201,0 18.023045,59.310725,0 18.023547,59.310901,0 18.023860,59.311019,0 18.024155,59.311144,0 18.024835,59.311425,0 18.025770,59.311762,0 18.026081,59.311888,0 18.026483,59.312063,0 18.026843,59.312232,0 18.027186,59.312402,0 18.027679,59.312665,0 18.028098,59.312903,0 18.028835,59.313340,0 18.029965,59.314026,0 18.030257,59.314209,0 18.030852,59.314610,0 18.031091,59.314764,0 18.031397,59.314944,0 18.031620,59.315054,0 18.031973,59.315219,0 18.032400,59.315392,0 18.032851,59.315552,0 18.033409,59.315744,0 18.033964,59.315923,0 18.034404,59.316053,0 18.034723,59.316134,0 18.035149,59.316232,0 18.035533,59.316309,0 18.036565,59.316513,0 18.037754,59.316747,0 18.038373,59.316851,0 18.038883,59.316924,0 18.039272,59.316972,0 18.039679,59.317011,0 18.044384,59.317459,0 18.049140,59.317966,0 18.050663,59.318129,0 18.051108,59.318165,0 18.051575,59.318196,0 18.052130,59.318221,0 18.052605,59.318236,0 18.053251,59.318232,0 18.053828,59.318221,0 18.054413,59.318192,0 18.054982,59.318151,0 18.055580,59.318091,0 18.056111,59.318030,0 18.056792,59.317943,0 18.057366,59.317841,0 18.059201,59.317475,0 18.060632,59.317192,0 18.061869,59.316948,0 18.062462,59.316828,0 18.063036,59.316709,0 18.065503,59.316197,0 18.065995,59.316099,0 18.066483,59.316022,0 18.066866,59.315981,0 18.067313,59.315956,0 18.067661,59.315950,0 18.068095,59.315964,0 18.068485,59.315995,0 18.068893,59.316045,0 18.069234,59.316098,0 18.069707,59.316193,0 18.070196,59.316320,0 18.070616,59.316472,0 18.071019,59.316645,0 18.071316,59.316837,0 18.071592,59.317041,0 18.071883,59.317320,0 18.072035,59.317498,0 18.072164,59.317671,0 18.072258,59.317845,0 18.072334,59.318016,0 18.072376,59.318184,0 18.072396,59.318338,0 18.072402,59.318513,0 18.072388,59.318632,0 18.072369,59.318752,0 18.072327,59.318906,0 18.072264,59.319086,0 18.072179,59.319282,0 18.072105,59.319416,0 18.072039,59.319521,0 18.071952,59.319653,0 18.071841,59.319794,0 18.071770,59.319877,0 18.071579,59.320077,0 18.071115,59.320466,0 18.070970,59.320584,0 18.070594,59.320826,0 18.070524,59.320867,0 18.070329,59.320979,0 18.070089,59.321135,0 18.069897,59.321256,0 18.069502,59.321492,0 18.068702,59.321970,0 18.068568,59.322050,0 18.068001,59.322432,0 18.067857,59.322531,0 18.067701,59.322646,0 18.067650,59.322689,0 18.067477,59.322829,0 18.067234,59.323042,0 18.067037,59.323231,0 18.066912,59.323355,0 18.066649,59.323637,0 18.066516,59.323796,0 18.066403,59.323940,0 18.066011,59.324460,0 18.065683,59.324879,0 18.065471,59.325136,0 18.065278,59.325360,0 18.064921,59.325684,0 18.064649,59.325923,0 18.064325,59.326175,0 18.063948,59.326432,0 18.063582,59.326646,0 18.063086,59.326902,0 18.061904,59.327487,0 18.061584,59.327669,0 18.061220,59.327900,0 18.060971,59.328083,0 18.060630,59.328344,0 18.060349,59.328588,0 18.060147,59.328784,0 18.059939,59.329011,0 18.059796,59.329185,0 18.059665,59.329370,0 18.059573,59.329552,0 18.059516,59.329693,0 18.059484,59.329817,0 18.059461,59.329952,0 18.059471,59.330083,0 18.059474,59.330125,0 18.059489,59.330177,0 18.059531,59.330316,0 18.059582,59.330438,0 18.059591,59.330459,0 18.059753,59.330700,0 18.059847,59.330809,0 18.059886,59.330854,0 18.059894,59.330862,0 18.060029,59.330991,0 18.060048,59.331005,0 18.060134,59.331072,0 18.060206,59.331129,0 18.060267,59.331167,0 18.060520,59.331326,0 18.060704,59.331430,0 18.060779,59.331472,0 18.061253,59.331711,0 18.061517,59.331829,0 18.061736,59.331926,0 18.062131,59.332079,0 18.062323,59.332154,0 18.063082,59.332448,0 18.063151,59.332473,0 18.063310,59.332531,0 18.063442,59.332595,0 18.063563,59.332653,0 18.063627,59.332684,0 18.063680,59.332717,0 18.063729,59.332747,0 18.063817,59.332801,0 18.063996,59.332940,0 18.064125,59.333059,0 18.064544,59.333474,0 18.064826,59.333754,0 18.065118,59.334035,0 18.065450,59.334254,0 18.065794,59.334437,0 18.066078,59.334566,0 18.066561,59.334719,0 18.066990,59.334812,0 18.067301,59.334867,0 18.067687,59.334910,0 18.068084,59.334930,0 18.068822,59.334922,0 18.069737,59.334907,0 18.070510,59.334861,0 18.071163,59.334809,0 18.071629,59.334756,0 18.072488,59.334648,0 18.073014,59.334601,0 18.073325,59.334587,0 18.073725,59.334596,0 18.074039,59.334624,0 18.074358,59.334665,0 18.074655,59.334711,0 18.074980,59.334774,0 18.075302,59.334853,0 18.075514,59.334910,0 18.076529,59.335221,0 18.077663,59.335568,0 18.079184,59.336036,0 18.079607,59.336192,0 18.080068,59.336370,0 18.080327,59.336474,0 18.080575,59.336583,0 18.080912,59.336756,0 18.081393,59.337061,0 18.081694,59.337336,0 18.081941,59.337626,0 18.082038,59.337820,0 18.082119,59.338014,0 18.082214,59.338253,0 18.082265,59.338453,0 18.082283,59.338678,0 18.082263,59.338904,0 18.082231,59.339131,0 18.082166,59.339352,0 18.082023,59.339663,0 18.081860,59.339970,0 18.081328,59.340550,0 18.080604,59.341710,0 18.080343,59.342260,0 18.080107,59.342590,0 18.079959,59.342757,0 18.079733,59.342983,0 18.079461,59.343191,0 18.079068,59.343421,0 18.078643,59.343639,0 18.078214,59.343853,0 18.077714,59.344031,0 18.077272,59.344148,0 18.071439,59.345592,0 18.070748,59.345726,0 18.067757,59.346737,0 18.063037,59.348756,0 18.060158,59.350994,0 18.059919,59.351615,0 18.059568,59.352561,0 18.058997,59.354058,0 18.058597,59.355026,0 18.057413,59.357796,0 18.055730,59.361863,0 18.055065,59.363447,0 18.054172,59.364972,0 18.053567,59.366462,0 18.050994,59.372805,0 18.048065,59.375467,0 18.047583,59.375786,0 18.047363,59.375915,0 18.047077,59.376082,0 18.046680,59.376273,0 18.046267,59.376462,0 18.045782,59.376653,0 18.045360,59.376794,0 18.045001,59.376905,0 18.044515,59.377040,0 18.042292,59.377608,0 18.042282,59.377611,0 18.041466,59.377823,0 18.041077,59.377921,0 18.040709,59.378023,0 18.040339,59.378140,0 18.039969,59.378275,0 18.039602,59.378428,0 18.039414,59.378520,0 18.039317,59.378567,0 18.039025,59.378720,0 18.038757,59.378881,0 18.038481,59.379062,0 18.038312,59.379194,0 18.038121,59.379356,0 18.037971,59.379500,0 18.037823,59.379652,0 18.037681,59.379834,0 18.037544,59.380024,0 18.037050,59.380741,0 18.036709,59.381228,0 18.036407,59.381708,0 18.036303,59.381916,0 18.036198,59.382140,0 18.036134,59.382338,0 18.036097,59.382576,0 18.036098,59.382617,0 18.036107,59.382860,0 18.036128,59.383078,0 18.036203,59.383379,0 18.036412,59.383698,0 18.036458,59.383849,0 18.036554,59.384043,0 18.036789,59.384418,0 18.037012,59.384701,0 18.037258,59.384978,0 18.037568,59.385277,0 18.038075,59.385696,0 18.038286,59.385852,0 18.038587,59.386053,0 18.038812,59.386184,0 18.040458,59.387034,0 18.041243,59.387662,0 18.041780,59.388092,0 18.041872,59.388349,0 18.042277,59.389485,0 18.041921,59.390951,0 18.041573,59.392351,0 18.039939,59.396022,0 18.036402,59.398579,0</coordinates></LineString></MultiGeometry></Placemark><Placemark><name>Gröna linjen 17 · Skarpnäck–Hässelby strand</name><styleUrl>#line-green</styleUrl><MultiGeometry><LineString><tessellate>1</tessellate><coordinates>18.133685,59.266075,0 18.133702,59.266810,0 18.133804,59.269680,0 18.134010,59.270525,0 18.134050,59.271436,0 18.133994,59.271747,0 18.133905,59.272214,0 18.133820,59.272580,0 18.133715,59.272914,0 18.133619,59.273223,0 18.133511,59.273456,0 18.133369,59.273666,0 18.133160,59.273966,0 18.133002,59.274196,0 18.132733,59.274580,0 18.132551,59.274837,0 18.132369,59.275213,0 18.132181,59.275420,0 18.131830,59.275723,0 18.131699,59.275827,0 18.131345,59.276107,0 18.131122,59.276326,0 18.130686,59.276718,0 18.130326,59.276956,0 18.130030,59.277155,0 18.129593,59.277353,0 18.129142,59.277503,0 18.128667,59.277621,0 18.128102,59.277734,0 18.127069,59.277903,0 18.126234,59.278041,0 18.125475,59.278159,0 18.124692,59.278314,0 18.123546,59.278571,0 18.123201,59.278650,0 18.122879,59.278733,0 18.122511,59.278831,0 18.122184,59.278936,0 18.121905,59.279033,0 18.121677,59.279114,0 18.121308,59.279262,0 18.121058,59.279367,0 18.120805,59.279483,0 18.120465,59.279651,0 18.120240,59.279773,0 18.120033,59.279891,0 18.119909,59.279967,0 18.119574,59.280187,0 18.119244,59.280417,0 18.118954,59.280632,0 18.118738,59.280791,0 18.118423,59.281010,0 18.118105,59.281232,0 18.117874,59.281394,0 18.117631,59.281565,0 18.117040,59.281978,0 18.116570,59.282305,0 18.116281,59.282511,0 18.116004,59.282716,0 18.115755,59.282897,0 18.115515,59.283087,0 18.115383,59.283198,0 18.115256,59.283311,0 18.114993,59.283544,0 18.114910,59.283630,0 18.114822,59.283746,0 18.114709,59.283890,0 18.114594,59.284050,0 18.114513,59.284184,0 18.114419,59.284356,0 18.114347,59.284495,0 18.114272,59.284674,0 18.114235,59.284768,0 18.114199,59.284862,0 18.114140,59.285079,0 18.114101,59.285260,0 18.114081,59.285380,0 18.114060,59.285611,0 18.114062,59.285737,0 18.114065,59.285956,0 18.114095,59.286150,0 18.114127,59.286317,0 18.114167,59.286452,0 18.114229,59.286633,0 18.114320,59.286869,0 18.114443,59.287149,0 18.114572,59.287432,0 18.114674,59.287667,0 18.114888,59.288131,0 18.115017,59.288408,0 18.115180,59.288786,0 18.115249,59.288955,0 18.115318,59.289167,0 18.115414,59.289451,0 18.115441,59.289604,0 18.115471,59.289815,0 18.115480,59.289959,0 18.115488,59.290073,0 18.115489,59.290097,0 18.115486,59.290345,0 18.115476,59.290538,0 18.115441,59.290796,0 18.115385,59.291044,0 18.115305,59.291329,0 18.115229,59.291654,0 18.115170,59.291915,0 18.115122,59.292099,0 18.115066,59.292288,0 18.115007,59.292438,0 18.114870,59.292707,0 18.114671,59.292978,0 18.114502,59.293163,0 18.114352,59.293304,0 18.114107,59.293481,0 18.113964,59.293581,0 18.113825,59.293665,0 18.113622,59.293780,0 18.113377,59.293901,0 18.113089,59.294028,0 18.112769,59.294151,0 18.112472,59.294252,0 18.112185,59.294333,0 18.111965,59.294389,0 18.111654,59.294460,0 18.111402,59.294508,0 18.111085,59.294568,0 18.110710,59.294619,0 18.110517,59.294639,0 18.110226,59.294667,0 18.109918,59.294693,0 18.109607,59.294714,0 18.109189,59.294735,0 18.108784,59.294753,0 18.107647,59.294773,0 18.106973,59.294778,0 18.106300,59.294772,0 18.106059,59.294769,0 18.105340,59.294764,0 18.104441,59.294762,0 18.103189,59.294746,0 18.102414,59.294741,0 18.101826,59.294739,0 18.101174,59.294732,0 18.100743,59.294719,0 18.100209,59.294698,0 18.099804,59.294674,0 18.098610,59.294598,0 18.097194,59.294506,0 18.096527,59.294462,0 18.096248,59.294443,0 18.095484,59.294393,0 18.094928,59.294358,0 18.094624,59.294343,0 18.094282,59.294330,0 18.094063,59.294327,0 18.093785,59.294328,0 18.093560,59.294333,0 18.093310,59.294345,0 18.093096,59.294361,0 18.092883,59.294382,0 18.092708,59.294402,0 18.092527,59.294429,0 18.092348,59.294459,0 18.092157,59.294495,0 18.091916,59.294550,0 18.091744,59.294591,0 18.091528,59.294654,0 18.091349,59.294711,0 18.091178,59.294771,0 18.091025,59.294829,0 18.090844,59.294904,0 18.090650,59.294990,0 18.090472,59.295074,0 18.090342,59.295139,0 18.090220,59.295200,0 18.090167,59.295226,0 18.090009,59.295305,0 18.089574,59.295544,0 18.089046,59.295844,0 18.088662,59.296050,0 18.088482,59.296154,0 18.088345,59.296224,0 18.088244,59.296267,0 18.088133,59.296317,0 18.087847,59.296433,0 18.087495,59.296568,0 18.087270,59.296644,0 18.086986,59.296736,0 18.086806,59.296793,0 18.086658,59.296836,0 18.086431,59.296887,0 18.086061,59.296966,0 18.085809,59.297012,0 18.085065,59.297135,0 18.084623,59.297210,0 18.084294,59.297274,0 18.083702,59.297397,0 18.083276,59.297472,0 18.082769,59.297580,0 18.082313,59.297675,0 18.081709,59.297881,0 18.081039,59.298300,0 18.080961,59.298382,0 18.080859,59.298519,0 18.080787,59.298664,0 18.080704,59.298831,0 18.080497,59.299390,0 18.080452,59.299512,0 18.080398,59.299645,0 18.080312,59.299859,0 18.080263,59.300002,0 18.080224,59.300139,0 18.080207,59.300216,0 18.080194,59.300297,0 18.080173,59.300507,0 18.080166,59.300583,0 18.080143,59.300680,0 18.080103,59.300798,0 18.080051,59.300960,0 18.080021,59.301048,0 18.079987,59.301143,0 18.079944,59.301245,0 18.079764,59.301643,0 18.079682,59.301791,0 18.079565,59.302050,0 18.079436,59.302340,0 18.079301,59.302629,0 18.079146,59.302916,0 18.078770,59.303530,0 18.078604,59.303784,0 18.078279,59.304307,0 18.077760,59.305129,0 18.077463,59.305598,0 18.077151,59.306098,0 18.076901,59.306497,0 18.076627,59.307075,0 18.075895,59.308754,0 18.074778,59.311609,0 18.073940,59.313430,0 18.073277,59.314870,0 18.072816,59.315813,0 18.072673,59.316333,0 18.072636,59.316581,0 18.072590,59.316884,0 18.072519,59.317191,0 18.072320,59.317640,0 18.072225,59.317971,0 18.072199,59.318146,0 18.072169,59.318484,0 18.072158,59.318585,0 18.072129,59.318801,0 18.072073,59.319001,0 18.072027,59.319138,0 18.071980,59.319245,0 18.071922,59.319361,0 18.071861,59.319475,0 18.071786,59.319595,0 18.071680,59.319754,0 18.071520,59.319951,0 18.071338,59.320144,0 18.070999,59.320433,0 18.070963,59.320459,0 18.070510,59.320792,0 18.070177,59.321018,0 18.069982,59.321149,0 18.069769,59.321286,0 18.069311,59.321558,0 18.068504,59.322041,0 18.067895,59.322405,0 18.067573,59.322612,0 18.067504,59.322656,0 18.067323,59.322785,0 18.067224,59.322864,0 18.067094,59.322971,0 18.066971,59.323079,0 18.066868,59.323175,0 18.066790,59.323259,0 18.066720,59.323334,0 18.066645,59.323418,0 18.066555,59.323537,0 18.066459,59.323673,0 18.066304,59.323913,0 18.066133,59.324191,0 18.065960,59.324451,0 18.065634,59.324869,0 18.065423,59.325125,0 18.065230,59.325348,0 18.064875,59.325670,0 18.064604,59.325909,0 18.064281,59.326160,0 18.063907,59.326415,0 18.063543,59.326628,0 18.063048,59.326883,0 18.061861,59.327460,0 18.061521,59.327651,0 18.061164,59.327889,0 18.060915,59.328072,0 18.060563,59.328339,0 18.060292,59.328575,0 18.060097,59.328770,0 18.059879,59.328999,0 18.059726,59.329200,0 18.059616,59.329359,0 18.059555,59.329482,0 18.059503,59.329626,0 18.059463,59.329766,0 18.059453,59.329929,0 18.059466,59.330059,0 18.059471,59.330083,0 18.059489,59.330177,0 18.059496,59.330208,0 18.059539,59.330342,0 18.059582,59.330438,0 18.059591,59.330459,0 18.059598,59.330472,0 18.059745,59.330693,0 18.059847,59.330809,0 18.059894,59.330862,0 18.060048,59.331005,0 18.060075,59.331031,0 18.060134,59.331072,0 18.060267,59.331167,0 18.060300,59.331191,0 18.060561,59.331352,0 18.060704,59.331430,0 18.060784,59.331473,0 18.061258,59.331712,0 18.061517,59.331829,0 18.061731,59.331925,0 18.062131,59.332079,0 18.062779,59.332329,0 18.063151,59.332473,0 18.063315,59.332537,0 18.063442,59.332595,0 18.063530,59.332635,0 18.063563,59.332653,0 18.063680,59.332717,0 18.063711,59.332734,0 18.063729,59.332747,0 18.063966,59.332921,0 18.064265,59.333213,0 18.064403,59.333447,0 18.064474,59.333616,0 18.064501,59.333802,0 18.064496,59.334013,0 18.064442,59.334254,0 18.064292,59.334538,0 18.063910,59.335086,0 18.063091,59.335914,0 18.059408,59.339799,0 18.058869,59.340368,0 18.058102,59.341191,0 18.057059,59.342272,0 18.056807,59.342487,0 18.056500,59.342712,0 18.056219,59.342848,0 18.055938,59.342934,0 18.055615,59.343003,0 18.055297,59.343048,0 18.054998,59.343076,0 18.054695,59.343094,0 18.053110,59.343147,0 18.052053,59.343152,0 18.051033,59.343117,0 18.050789,59.343104,0 18.050505,59.343080,0 18.050098,59.343040,0 18.049679,59.343004,0 18.049354,59.342984,0 18.047948,59.342934,0 18.046506,59.342883,0 18.045559,59.342837,0 18.044542,59.342773,0 18.044151,59.342757,0 18.043643,59.342738,0 18.042811,59.342709,0 18.042473,59.342701,0 18.042025,59.342697,0 18.041658,59.342695,0 18.041329,59.342691,0 18.041055,59.342683,0 18.040818,59.342670,0 18.040625,59.342658,0 18.040432,59.342639,0 18.040272,59.342621,0 18.040079,59.342592,0 18.039916,59.342565,0 18.039734,59.342528,0 18.039536,59.342480,0 18.039321,59.342418,0 18.039140,59.342357,0 18.038979,59.342298,0 18.038754,59.342198,0 18.038586,59.342115,0 18.038485,59.342057,0 18.038373,59.341987,0 18.038283,59.341926,0 18.038175,59.341841,0 18.038068,59.341747,0 18.037960,59.341642,0 18.037764,59.341402,0 18.037571,59.341089,0 18.037248,59.340454,0 18.036662,59.339540,0 18.035467,59.337975,0 18.034419,59.336722,0 18.033238,59.335258,0 18.033040,59.334993,0 18.032943,59.334834,0 18.032841,59.334602,0 18.032781,59.334415,0 18.032702,59.334200,0 18.032612,59.334038,0 18.032515,59.333893,0 18.032404,59.333751,0 18.032244,59.333574,0 18.032042,59.333404,0 18.031796,59.333221,0 18.031566,59.333066,0 18.031180,59.332861,0 18.030734,59.332662,0 18.030332,59.332510,0 18.029884,59.332349,0 18.029313,59.332195,0 18.028961,59.332121,0 18.028533,59.332035,0 18.028162,59.331976,0 18.027757,59.331923,0 18.027175,59.331868,0 18.026341,59.331816,0 18.025770,59.331808,0 18.025120,59.331808,0 18.024445,59.331816,0 18.023801,59.331813,0 18.020204,59.331695,0 18.019077,59.331654,0 18.017987,59.331609,0 18.017359,59.331580,0 18.016930,59.331553,0 18.015978,59.331475,0 18.015400,59.331435,0 18.015054,59.331421,0 18.014572,59.331401,0 18.014074,59.331390,0 18.013477,59.331387,0 18.012830,59.331386,0 18.012339,59.331387,0 18.012033,59.331390,0 18.011751,59.331394,0 18.011230,59.331408,0 18.010874,59.331425,0 18.010530,59.331456,0 18.010224,59.331495,0 18.009566,59.331600,0 18.008609,59.331754,0 18.005989,59.332182,0 18.003950,59.332516,0 18.002208,59.332823,0 18.000437,59.333134,0 17.999149,59.333364,0 17.998458,59.333484,0 17.998114,59.333538,0 17.997763,59.333582,0 17.997259,59.333635,0 17.996693,59.333669,0 17.995534,59.333719,0 17.994681,59.333755,0 17.993828,59.333792,0 17.993308,59.333815,0 17.992789,59.333829,0 17.992545,59.333830,0 17.992303,59.333823,0 17.992063,59.333815,0 17.991819,59.333795,0 17.991453,59.333760,0 17.991086,59.333714,0 17.990757,59.333674,0 17.990444,59.333625,0 17.989661,59.333496,0 17.988696,59.333330,0 17.988265,59.333257,0 17.987334,59.333133,0 17.986826,59.333084,0 17.986295,59.333047,0 17.985905,59.333040,0 17.985597,59.333045,0 17.985242,59.333061,0 17.984963,59.333078,0 17.984687,59.333099,0 17.984169,59.333136,0 17.983567,59.333193,0 17.982456,59.333289,0 17.982138,59.333317,0 17.981828,59.333350,0 17.980310,59.333508,0 17.979843,59.333559,0 17.979365,59.333612,0 17.978353,59.333726,0 17.977244,59.333858,0 17.977012,59.333879,0 17.976786,59.333899,0 17.976607,59.333908,0 17.976374,59.333914,0 17.976091,59.333913,0 17.975856,59.333908,0 17.975706,59.333900,0 17.975550,59.333890,0 17.975427,59.333878,0 17.975307,59.333862,0 17.975189,59.333842,0 17.975087,59.333821,0 17.974975,59.333794,0 17.974880,59.333769,0 17.974789,59.333741,0 17.974693,59.333708,0 17.974609,59.333675,0 17.974502,59.333629,0 17.974431,59.333597,0 17.974262,59.333520,0 17.974178,59.333482,0 17.974107,59.333451,0 17.974034,59.333419,0 17.973949,59.333385,0 17.973649,59.333287,0 17.973330,59.333210,0 17.973024,59.333166,0 17.972651,59.333147,0 17.972345,59.333158,0 17.971970,59.333200,0 17.971712,59.333254,0 17.971441,59.333330,0 17.970127,59.333791,0 17.969478,59.333995,0 17.968811,59.334147,0 17.967903,59.334281,0 17.967483,59.334338,0 17.966799,59.334414,0 17.965909,59.334528,0 17.964867,59.334689,0 17.963807,59.334877,0 17.961608,59.335237,0 17.957879,59.335804,0 17.955524,59.336152,0 17.953753,59.336422,0 17.952716,59.336603,0 17.952149,59.336693,0 17.950953,59.336906,0 17.949621,59.337213,0 17.948152,59.337627,0 17.947628,59.337765,0 17.947067,59.337884,0 17.945673,59.338058,0 17.944080,59.338098,0 17.941568,59.338100,0 17.940721,59.338140,0 17.939861,59.338209,0 17.939355,59.338276,0 17.938889,59.338376,0 17.938389,59.338488,0 17.937879,59.338628,0 17.937306,59.338804,0 17.936670,59.339018,0 17.935289,59.339591,0 17.934837,59.339753,0 17.934379,59.339897,0 17.933596,59.340111,0 17.932585,59.340371,0 17.931798,59.340574,0 17.930584,59.340883,0 17.929357,59.341198,0 17.929048,59.341277,0 17.927657,59.341613,0 17.927109,59.341721,0 17.926464,59.341832,0 17.926154,59.341874,0 17.925742,59.341917,0 17.925118,59.341964,0 17.924000,59.342024,0 17.923375,59.342054,0 17.922745,59.342080,0 17.922183,59.342096,0 17.921608,59.342103,0 17.920442,59.342112,0 17.919526,59.342111,0 17.918181,59.342119,0 17.918059,59.342117,0 17.917765,59.342106,0 17.917293,59.342092,0 17.916244,59.342045,0 17.915307,59.342012,0 17.914358,59.341955,0 17.913204,59.341845,0 17.911995,59.341720,0 17.911157,59.341641,0 17.910752,59.341606,0 17.910327,59.341596,0 17.909833,59.341589,0 17.909492,59.341592,0 17.909064,59.341613,0 17.908629,59.341652,0 17.908137,59.341710,0 17.907729,59.341774,0 17.907281,59.341857,0 17.906976,59.341928,0 17.906690,59.342005,0 17.906284,59.342120,0 17.905744,59.342261,0 17.905021,59.342464,0 17.904358,59.342676,0 17.903725,59.342924,0 17.902860,59.343274,0 17.902065,59.343577,0 17.901181,59.343914,0 17.900163,59.344294,0 17.899375,59.344590,0 17.898610,59.344868,0 17.897896,59.345111,0 17.897345,59.345272,0 17.896935,59.345369,0 17.896509,59.345451,0 17.895835,59.345563,0 17.895131,59.345672,0 17.894338,59.345792,0 17.893658,59.345898,0 17.893201,59.345960,0 17.892283,59.346059,0 17.891526,59.346140,0 17.890109,59.346249,0 17.888891,59.346335,0 17.887700,59.346503,0 17.886176,59.346873,0 17.885223,59.347206,0 17.884932,59.347330,0 17.884566,59.347453,0 17.884301,59.347565,0 17.883772,59.347810,0 17.883149,59.348126,0 17.882717,59.348383,0 17.882253,59.348675,0 17.881990,59.348882,0 17.881780,59.349063,0 17.881662,59.349177,0 17.881410,59.349448,0 17.881258,59.349629,0 17.881142,59.349873,0 17.881083,59.349993,0 17.880987,59.350267,0 17.880930,59.350540,0 17.880915,59.350900,0 17.880911,59.351093,0 17.880951,59.351335,0 17.881042,59.351716,0 17.881161,59.352081,0 17.881308,59.352416,0 17.881490,59.352907,0 17.881671,59.353388,0 17.881739,59.353796,0 17.881760,59.353915,0 17.881774,59.354062,0 17.881778,59.354279,0 17.881779,59.354431,0 17.881780,59.354545,0 17.881773,59.354784,0 17.881761,59.354907,0 17.881744,59.355096,0 17.881702,59.355450,0 17.881686,59.355638,0 17.881667,59.355783,0 17.881665,59.355807,0 17.881647,59.355961,0 17.881620,59.356184,0 17.881600,59.356311,0 17.881571,59.356447,0 17.881530,59.356631,0 17.881490,59.356757,0 17.881452,59.356869,0 17.881401,59.357004,0 17.881335,59.357160,0 17.881286,59.357268,0 17.881205,59.357427,0 17.881023,59.357736,0 17.880854,59.357981,0 17.880656,59.358234,0 17.880521,59.358389,0 17.880374,59.358548,0 17.880259,59.358664,0 17.880111,59.358803,0 17.879912,59.358981,0 17.879732,59.359132,0 17.879588,59.359243,0 17.879410,59.359376,0 17.879210,59.359517,0 17.879056,59.359621,0 17.878899,59.359721,0 17.878758,59.359808,0 17.878613,59.359895,0 17.878473,59.359974,0 17.878297,59.360070,0 17.878178,59.360132,0 17.877962,59.360242,0 17.877784,59.360331,0 17.877572,59.360432,0 17.877361,59.360528,0 17.877112,59.360643,0 17.876676,59.360835,0 17.876223,59.361033,0 17.875860,59.361207,0 17.875543,59.361350,0 17.872908,59.362701,0 17.872103,59.363110,0 17.870419,59.363966,0 17.869850,59.364281,0 17.869357,59.364565,0 17.868930,59.364815,0 17.868846,59.364865,0 17.868488,59.365077,0 17.868141,59.365289,0 17.867825,59.365465,0 17.867521,59.365630,0 17.867133,59.365839,0 17.866592,59.366109,0 17.865866,59.366448,0 17.865189,59.366731,0 17.864826,59.366850,0 17.864301,59.367023,0 17.863858,59.367156,0 17.863561,59.367231,0 17.863241,59.367306,0 17.862801,59.367403,0 17.862300,59.367496,0 17.861786,59.367569,0 17.861224,59.367643,0 17.860615,59.367711,0 17.859955,59.367775,0 17.859409,59.367824,0 17.858956,59.367862,0 17.858522,59.367897,0 17.857712,59.367939,0 17.856835,59.367972,0 17.856291,59.367981,0 17.854490,59.367998,0 17.853942,59.367990,0 17.853379,59.367977,0 17.852689,59.367947,0 17.852115,59.367919,0 17.851163,59.367848,0 17.850114,59.367770,0 17.849098,59.367688,0 17.848395,59.367625,0 17.847738,59.367550,0 17.846896,59.367432,0 17.845850,59.367294,0 17.844814,59.367085,0 17.843888,59.366894,0 17.842548,59.366643,0 17.841549,59.366439,0 17.840649,59.366223,0 17.840155,59.366094,0 17.839777,59.365974,0 17.839504,59.365888,0 17.839041,59.365735,0 17.838578,59.365561,0 17.838154,59.365393,0 17.837837,59.365261,0 17.837325,59.365032,0 17.836706,59.364748,0 17.835941,59.364402,0 17.835325,59.364082,0 17.835062,59.363925,0 17.834660,59.363665,0 17.834303,59.363399,0 17.834048,59.363183,0 17.833699,59.362889,0 17.833485,59.362666,0 17.833254,59.362368,0 17.832924,59.361895,0 17.832748,59.361661,0 17.832422,59.361227,0</coordinates></LineString></MultiGeometry></Placemark><Placemark><name>Gröna linjen 18 · Farsta strand–Hässelby strand</name><styleUrl>#line-green</styleUrl><MultiGeometry><LineString><tessellate>1</tessellate><coordinates>17.832195,59.361304,0 17.842470,59.366748,0 17.843571,59.366966,0 17.844151,59.367083,0 17.844621,59.367183,0 17.845201,59.367275,0 17.845793,59.367360,0 17.846486,59.367427,0 17.847304,59.367523,0 17.848654,59.367682,0 17.850898,59.367866,0 17.852749,59.367991,0 17.854449,59.368038,0 17.856227,59.368019,0 17.857070,59.368003,0 17.857816,59.367964,0 17.858968,59.367901,0 17.859428,59.367864,0 17.859960,59.367813,0 17.860615,59.367751,0 17.861119,59.367695,0 17.861788,59.367604,0 17.862350,59.367519,0 17.862819,59.367432,0 17.863250,59.367344,0 17.863585,59.367263,0 17.863888,59.367188,0 17.864331,59.367051,0 17.864860,59.366880,0 17.865225,59.366753,0 17.865908,59.366475,0 17.866623,59.366143,0 17.869550,59.364652,0 17.870059,59.364404,0 17.870656,59.364107,0 17.872456,59.363164,0 17.873020,59.362890,0 17.873898,59.362461,0 17.875805,59.361501,0 17.876047,59.361378,0 17.876269,59.361260,0 17.876490,59.361140,0 17.876909,59.360908,0 17.877299,59.360692,0 17.877718,59.360456,0 17.877981,59.360309,0 17.878283,59.360140,0 17.878503,59.360013,0 17.878662,59.359920,0 17.878805,59.359834,0 17.878956,59.359744,0 17.879107,59.359645,0 17.879264,59.359540,0 17.879468,59.359397,0 17.879645,59.359263,0 17.879796,59.359146,0 17.879966,59.359003,0 17.880162,59.358829,0 17.880313,59.358685,0 17.880432,59.358567,0 17.880585,59.358404,0 17.880715,59.358252,0 17.880821,59.358121,0 17.880919,59.357994,0 17.881036,59.357827,0 17.881148,59.357654,0 17.881264,59.357445,0 17.881352,59.357273,0 17.881400,59.357168,0 17.881465,59.357008,0 17.881513,59.356877,0 17.881563,59.356724,0 17.881591,59.356631,0 17.881632,59.356479,0 17.881665,59.356350,0 17.881696,59.356215,0 17.881871,59.355468,0 17.881934,59.355103,0 17.881956,59.354821,0 17.881958,59.354542,0 17.881950,59.354343,0 17.881937,59.354204,0 17.881917,59.354028,0 17.881892,59.353880,0 17.881869,59.353778,0 17.881738,59.353333,0 17.881614,59.353005,0 17.881469,59.352633,0 17.881359,59.352374,0 17.881258,59.352122,0 17.881150,59.351849,0 17.881094,59.351650,0 17.881035,59.351411,0 17.880992,59.351120,0 17.880982,59.350913,0 17.880997,59.350628,0 17.881011,59.350431,0 17.881083,59.350180,0 17.881188,59.349960,0 17.881316,59.349732,0 17.881505,59.349486,0 17.881780,59.349223,0 17.882074,59.349003,0 17.882876,59.348453,0 17.883342,59.348183,0 17.883903,59.347900,0 17.884458,59.347642,0 17.885295,59.347240,0 17.886234,59.346924,0 17.887734,59.346557,0 17.888936,59.346397,0 17.891540,59.346201,0 17.893216,59.346045,0 17.894386,59.345886,0 17.895267,59.345748,0 17.896165,59.345584,0 17.897228,59.345345,0 17.898307,59.345036,0 17.899083,59.344744,0 17.899273,59.344673,0 17.901239,59.343943,0 17.902565,59.343463,0 17.904557,59.342657,0 17.905741,59.342306,0 17.906336,59.342165,0 17.906744,59.342074,0 17.907227,59.341980,0 17.908747,59.341736,0 17.909559,59.341674,0 17.910393,59.341655,0 17.911092,59.341669,0 17.911911,59.341735,0 17.913371,59.341913,0 17.914278,59.341986,0 17.915603,59.342049,0 17.917630,59.342141,0 17.918067,59.342152,0 17.918174,59.342154,0 17.919093,59.342182,0 17.921348,59.342247,0 17.921816,59.342258,0 17.922197,59.342264,0 17.922576,59.342262,0 17.923224,59.342241,0 17.924068,59.342203,0 17.924770,59.342152,0 17.925365,59.342097,0 17.925790,59.342044,0 17.926206,59.341982,0 17.926705,59.341889,0 17.927284,59.341761,0 17.927930,59.341596,0 17.929067,59.341305,0 17.929389,59.341225,0 17.930614,59.340911,0 17.931818,59.340603,0 17.932608,59.340398,0 17.933617,59.340139,0 17.934408,59.339927,0 17.934866,59.339785,0 17.935325,59.339620,0 17.935997,59.339327,0 17.936698,59.339050,0 17.937142,59.338895,0 17.937479,59.338786,0 17.937887,59.338668,0 17.938190,59.338593,0 17.938659,59.338493,0 17.938933,59.338438,0 17.939304,59.338379,0 17.940032,59.338289,0 17.940764,59.338229,0 17.941549,59.338179,0 17.942145,59.338158,0 17.942619,59.338145,0 17.943494,59.338132,0 17.944087,59.338141,0 17.944705,59.338130,0 17.945366,59.338107,0 17.945838,59.338082,0 17.946462,59.338003,0 17.947010,59.337938,0 17.947496,59.337838,0 17.948017,59.337704,0 17.948875,59.337468,0 17.949367,59.337329,0 17.949885,59.337191,0 17.950880,59.336971,0 17.951740,59.336806,0 17.952195,59.336745,0 17.952769,59.336668,0 17.953834,59.336516,0 17.955567,59.336215,0 17.957897,59.335831,0 17.961632,59.335263,0 17.963848,59.334935,0 17.964932,59.334776,0 17.965945,59.334618,0 17.966828,59.334487,0 17.967550,59.334381,0 17.967992,59.334312,0 17.968837,59.334180,0 17.969234,59.334097,0 17.969628,59.333997,0 17.970068,59.333861,0 17.970645,59.333649,0 17.971412,59.333376,0 17.971763,59.333277,0 17.972034,59.333221,0 17.972364,59.333190,0 17.972689,59.333179,0 17.972965,59.333198,0 17.973281,59.333241,0 17.973480,59.333283,0 17.973697,59.333341,0 17.973876,59.333399,0 17.973969,59.333434,0 17.974086,59.333482,0 17.974192,59.333529,0 17.974544,59.333689,0 17.974666,59.333744,0 17.974799,59.333799,0 17.974918,59.333845,0 17.975046,59.333888,0 17.975153,59.333921,0 17.975277,59.333956,0 17.975396,59.333987,0 17.975482,59.334006,0 17.975583,59.334027,0 17.975695,59.334047,0 17.975816,59.334067,0 17.975925,59.334083,0 17.976019,59.334096,0 17.976158,59.334111,0 17.976311,59.334123,0 17.976436,59.334130,0 17.976577,59.334135,0 17.976730,59.334137,0 17.976885,59.334135,0 17.977061,59.334129,0 17.977197,59.334120,0 17.977326,59.334109,0 17.977712,59.334068,0 17.978450,59.333979,0 17.978824,59.333931,0 17.979936,59.333794,0 17.980408,59.333736,0 17.982103,59.333527,0 17.982390,59.333493,0 17.982775,59.333447,0 17.982972,59.333420,0 17.983143,59.333393,0 17.983649,59.333312,0 17.984163,59.333219,0 17.984783,59.333137,0 17.984982,59.333117,0 17.985256,59.333095,0 17.985604,59.333079,0 17.985917,59.333075,0 17.986287,59.333082,0 17.986813,59.333114,0 17.987318,59.333166,0 17.988232,59.333300,0 17.988657,59.333380,0 17.989615,59.333548,0 17.990409,59.333672,0 17.990723,59.333716,0 17.991065,59.333755,0 17.991437,59.333799,0 17.991812,59.333832,0 17.992058,59.333849,0 17.992300,59.333856,0 17.992545,59.333862,0 17.992787,59.333861,0 17.993315,59.333846,0 17.993834,59.333821,0 17.994686,59.333785,0 17.995550,59.333748,0 17.996691,59.333701,0 17.997264,59.333667,0 17.997780,59.333615,0 17.998132,59.333568,0 17.998484,59.333515,0 17.999175,59.333401,0 18.000473,59.333188,0 18.002256,59.332897,0 18.002790,59.332812,0 18.003082,59.332766,0 18.005621,59.332310,0 18.006363,59.332174,0 18.006616,59.332129,0 18.007123,59.332039,0 18.008187,59.331857,0 18.008639,59.331780,0 18.009589,59.331626,0 18.010243,59.331523,0 18.010582,59.331482,0 18.010915,59.331452,0 18.011242,59.331438,0 18.011754,59.331427,0 18.012021,59.331428,0 18.012317,59.331431,0 18.012742,59.331443,0 18.014192,59.331497,0 18.015651,59.331553,0 18.016982,59.331604,0 18.017981,59.331644,0 18.019074,59.331687,0 18.020205,59.331729,0 18.025002,59.331903,0 18.026032,59.331969,0 18.026740,59.332040,0 18.027891,59.332185,0 18.028479,59.332273,0 18.029071,59.332385,0 18.029546,59.332511,0 18.029999,59.332671,0 18.030421,59.332839,0 18.030810,59.333011,0 18.031245,59.333227,0 18.031494,59.333372,0 18.031734,59.333516,0 18.031995,59.333700,0 18.032201,59.333859,0 18.032328,59.333975,0 18.032435,59.334108,0 18.032534,59.334241,0 18.032640,59.334434,0 18.032764,59.334646,0 18.032873,59.334842,0 18.032973,59.335005,0 18.033173,59.335271,0 18.034318,59.336741,0 18.035300,59.338009,0 18.036573,59.339549,0 18.037137,59.340461,0 18.037347,59.341079,0 18.037566,59.341414,0 18.037730,59.341620,0 18.037874,59.341766,0 18.038059,59.341923,0 18.038196,59.342016,0 18.038345,59.342109,0 18.038496,59.342190,0 18.038632,59.342256,0 18.038752,59.342309,0 18.039038,59.342421,0 18.039250,59.342488,0 18.039426,59.342538,0 18.039602,59.342580,0 18.039752,59.342615,0 18.039956,59.342654,0 18.040268,59.342702,0 18.040499,59.342731,0 18.040811,59.342766,0 18.041023,59.342781,0 18.041277,59.342799,0 18.041560,59.342814,0 18.042559,59.342849,0 18.043424,59.342877,0 18.044485,59.342914,0 18.044970,59.342931,0 18.045527,59.342950,0 18.045602,59.342953,0 18.046486,59.342984,0 18.047912,59.343036,0 18.049324,59.343087,0 18.049891,59.343111,0 18.050500,59.343128,0 18.052047,59.343190,0 18.053117,59.343202,0 18.054723,59.343164,0 18.055025,59.343149,0 18.055328,59.343122,0 18.055659,59.343077,0 18.055994,59.343009,0 18.056296,59.342922,0 18.056616,59.342772,0 18.056975,59.342537,0 18.057249,59.342319,0 18.058244,59.341237,0 18.059018,59.340417,0 18.063226,59.335947,0 18.064604,59.334509,0 18.064725,59.334288,0 18.064777,59.334099,0 18.064817,59.333890,0 18.064826,59.333754,0 18.064833,59.333630,0 18.064825,59.333415,0 18.064753,59.333257,0 18.064597,59.333088,0 18.064364,59.332906,0 18.063996,59.332672,0 18.063613,59.332484,0 18.063419,59.332398,0 18.062738,59.332150,0 18.062309,59.331988,0 18.061903,59.331827,0 18.061462,59.331634,0 18.061105,59.331462,0 18.060737,59.331260,0 18.060485,59.331103,0 18.060300,59.330965,0 18.060118,59.330797,0 18.059962,59.330609,0 18.059834,59.330408,0 18.059745,59.330237,0 18.059710,59.330121,0 18.059691,59.329972,0 18.059702,59.329822,0 18.059716,59.329688,0 18.059753,59.329576,0 18.059823,59.329422,0 18.059906,59.329279,0 18.060088,59.329048,0 18.060282,59.328826,0 18.060480,59.328634,0 18.060762,59.328386,0 18.061057,59.328160,0 18.061290,59.327984,0 18.061692,59.327719,0 18.062044,59.327512,0 18.063192,59.326956,0 18.063692,59.326698,0 18.064064,59.326480,0 18.064447,59.326219,0 18.064776,59.325963,0 18.065051,59.325722,0 18.065412,59.325395,0 18.065609,59.325166,0 18.065821,59.324908,0 18.066153,59.324500,0 18.066353,59.324252,0 18.066578,59.323986,0 18.067167,59.323403,0 18.067693,59.322889,0 18.067856,59.322736,0 18.067944,59.322659,0 18.068075,59.322550,0 18.068192,59.322466,0 18.068399,59.322319,0 18.068503,59.322249,0 18.068583,59.322195,0 18.068736,59.322100,0 18.069966,59.321368,0 18.070190,59.321227,0 18.070404,59.321090,0 18.070729,59.320881,0 18.070935,59.320743,0 18.071003,59.320697,0 18.071272,59.320512,0 18.071992,59.319945,0 18.072161,59.319768,0 18.072333,59.319543,0 18.072456,59.319336,0 18.072569,59.319115,0 18.072668,59.318874,0 18.072727,59.318658,0 18.072746,59.318402,0 18.072724,59.318127,0 18.072709,59.317837,0 18.072705,59.317569,0 18.072708,59.317237,0 18.072726,59.316786,0 18.072757,59.316583,0 18.072794,59.316334,0 18.072970,59.315817,0 18.073392,59.314887,0 18.074835,59.311613,0 18.075960,59.308758,0 18.076696,59.307079,0 18.076962,59.306504,0 18.077206,59.306113,0 18.077522,59.305607,0 18.077810,59.305140,0 18.078333,59.304313,0 18.078654,59.303796,0 18.078820,59.303544,0 18.079214,59.302923,0 18.079568,59.302358,0 18.079730,59.302091,0 18.079845,59.301902,0 18.080055,59.301418,0 18.080216,59.301035,0 18.080269,59.300898,0 18.080328,59.300746,0 18.080388,59.300609,0 18.080438,59.300504,0 18.080489,59.300413,0 18.080586,59.300259,0 18.080669,59.300116,0 18.080835,59.299869,0 18.080865,59.299823,0 18.080980,59.299639,0 18.081095,59.299474,0 18.081449,59.298868,0 18.081945,59.298043,0 18.082228,59.297861,0 18.082466,59.297751,0 18.082911,59.297604,0 18.083247,59.297521,0 18.083723,59.297435,0 18.084656,59.297278,0 18.085111,59.297199,0 18.085865,59.297070,0 18.086121,59.297023,0 18.086468,59.296952,0 18.086712,59.296898,0 18.086874,59.296856,0 18.087046,59.296811,0 18.087196,59.296769,0 18.087484,59.296679,0 18.087550,59.296658,0 18.087691,59.296611,0 18.087833,59.296560,0 18.088260,59.296399,0 18.088525,59.296294,0 18.088681,59.296232,0 18.088909,59.296133,0 18.089104,59.296048,0 18.089156,59.296025,0 18.089432,59.295901,0 18.089802,59.295710,0 18.090178,59.295524,0 18.090366,59.295439,0 18.090469,59.295393,0 18.090527,59.295367,0 18.090893,59.295188,0 18.090985,59.295136,0 18.091086,59.295076,0 18.091174,59.295021,0 18.091262,59.294959,0 18.091380,59.294866,0 18.091412,59.294837,0 18.091485,59.294771,0 18.091558,59.294698,0 18.091647,59.294591,0 18.091698,59.294524,0 18.091747,59.294453,0 18.091800,59.294360,0 18.091839,59.294283,0 18.091878,59.294174,0 18.091897,59.294114,0 18.091919,59.294032,0 18.091930,59.293963,0 18.091936,59.293885,0 18.091938,59.293799,0 18.091921,59.293583,0 18.091891,59.293448,0 18.091833,59.293173,0 18.091827,59.293145,0 18.091687,59.292463,0 18.091435,59.291269,0 18.091249,59.290388,0 18.091226,59.290273,0 18.091191,59.290124,0 18.091113,59.289770,0 18.091084,59.289457,0 18.091078,59.289325,0 18.091081,59.289218,0 18.091089,59.289105,0 18.091107,59.288806,0 18.091163,59.288323,0 18.091213,59.287702,0 18.091231,59.287531,0 18.091260,59.287363,0 18.091299,59.287206,0 18.091337,59.287091,0 18.091401,59.286919,0 18.091453,59.286801,0 18.091536,59.286626,0 18.091800,59.286156,0 18.092003,59.285790,0 18.092385,59.284969,0 18.092498,59.284711,0 18.092582,59.284532,0 18.092719,59.284281,0 18.092841,59.284072,0 18.092992,59.283834,0 18.093315,59.283371,0 18.093549,59.283032,0 18.093692,59.282830,0 18.093722,59.282788,0 18.093937,59.282482,0 18.094282,59.281972,0 18.094754,59.281247,0 18.094916,59.280999,0 18.095120,59.280678,0 18.095200,59.280541,0 18.095279,59.280374,0 18.095332,59.280257,0 18.095389,59.280088,0 18.095424,59.279967,0 18.095471,59.279720,0 18.095498,59.279475,0 18.095520,59.279225,0 18.095518,59.278966,0 18.095504,59.278782,0 18.095451,59.278377,0 18.095362,59.277930,0 18.095308,59.277642,0 18.095228,59.277172,0 18.095156,59.276811,0 18.095094,59.276583,0 18.095016,59.276404,0 18.094898,59.276180,0 18.094815,59.276068,0 18.094731,59.275959,0 18.094635,59.275857,0 18.094482,59.275709,0 18.094305,59.275555,0 18.094126,59.275420,0 18.093902,59.275281,0 18.093729,59.275182,0 18.093525,59.275077,0 18.093255,59.274951,0 18.092944,59.274816,0 18.092606,59.274668,0 18.092146,59.274469,0 18.091632,59.274242,0 18.090797,59.273879,0 18.090404,59.273706,0 18.090078,59.273545,0 18.089515,59.273261,0 18.089110,59.273051,0 18.088776,59.272878,0 18.088547,59.272762,0 18.087640,59.272283,0 18.086945,59.271922,0 18.086076,59.271465,0 18.085418,59.271130,0 18.085138,59.270982,0 18.085001,59.270910,0 18.084893,59.270846,0 18.084771,59.270780,0 18.084582,59.270672,0 18.084265,59.270466,0 18.084043,59.270309,0 18.083879,59.270181,0 18.083719,59.270048,0 18.083550,59.269895,0 18.083384,59.269725,0 18.083248,59.269580,0 18.083124,59.269428,0 18.083020,59.269294,0 18.082934,59.269157,0 18.082826,59.268980,0 18.082650,59.268661,0 18.082510,59.268403,0 18.082341,59.268053,0 18.082215,59.267777,0 18.082133,59.267588,0 18.082056,59.267388,0 18.081989,59.267201,0 18.081934,59.267014,0 18.081884,59.266817,0 18.081838,59.266605,0 18.081803,59.266425,0 18.081784,59.266226,0 18.081769,59.266046,0 18.081765,59.265903,0 18.081768,59.265752,0 18.081778,59.265613,0 18.081794,59.265458,0 18.081817,59.265274,0 18.081876,59.264902,0 18.081971,59.264425,0 18.082028,59.264217,0 18.082076,59.264040,0 18.082092,59.263972,0 18.082107,59.263919,0 18.082184,59.263562,0 18.082297,59.263050,0 18.082402,59.262587,0 18.082433,59.262377,0 18.082445,59.262264,0 18.082460,59.261966,0 18.082460,59.261684,0 18.082447,59.261295,0 18.082442,59.260835,0 18.082430,59.260075,0 18.082428,59.259715,0 18.082421,59.259205,0 18.082407,59.258938,0 18.082411,59.258726,0 18.082418,59.258544,0 18.082439,59.258393,0 18.082485,59.258195,0 18.082530,59.258053,0 18.082590,59.257904,0 18.082734,59.257637,0 18.082919,59.257355,0 18.083179,59.257031,0 18.083450,59.256752,0 18.083761,59.256492,0 18.084073,59.256259,0 18.084328,59.256071,0 18.084625,59.255867,0 18.084827,59.255744,0 18.084942,59.255674,0 18.085167,59.255561,0 18.085738,59.255295,0 18.086433,59.254998,0 18.086764,59.254838,0 18.087080,59.254685,0 18.087570,59.254438,0 18.088093,59.254131,0 18.088533,59.253817,0 18.088869,59.253532,0 18.089145,59.253254,0 18.089354,59.253001,0 18.089523,59.252746,0 18.089719,59.252434,0 18.089941,59.252028,0 18.090161,59.251575,0 18.090381,59.251049,0 18.090510,59.250693,0 18.090663,59.250201,0 18.090751,59.249857,0 18.090834,59.249495,0 18.090958,59.248891,0 18.091007,59.248630,0 18.091054,59.248398,0 18.091119,59.248070,0 18.091231,59.247469,0 18.091285,59.247209,0 18.091349,59.246930,0 18.091454,59.246571,0 18.091580,59.246258,0 18.091720,59.245976,0 18.091897,59.245671,0 18.092031,59.245441,0 18.092227,59.245194,0 18.092469,59.244897,0 18.092500,59.244865,0 18.092780,59.244568,0 18.093007,59.244352,0 18.093278,59.244090,0 18.093568,59.243830,0 18.093852,59.243562,0 18.094091,59.243330,0 18.094332,59.243103,0 18.094563,59.242885,0 18.094799,59.242664,0 18.094992,59.242485,0 18.095260,59.242236,0 18.095485,59.242013,0 18.095719,59.241796,0 18.095896,59.241634,0 18.096062,59.241481,0 18.096171,59.241380,0 18.096385,59.241164,0 18.096720,59.240747,0 18.097115,59.240255,0 18.097450,59.239658,0 18.097570,59.239316,0 18.097630,59.238934,0 18.097630,59.238631,0 18.097561,59.238289,0 18.097570,59.238139,0 18.097638,59.238008,0 18.097784,59.237757,0 18.097913,59.237604,0 18.098111,59.237459,0 18.099129,59.236736,0 18.099224,59.236664,0 18.099383,59.236556,0 18.099545,59.236450,0 18.099838,59.236281,0 18.100178,59.236100,0 18.100685,59.235831,0 18.101087,59.235611,0 18.102101,59.235045,0</coordinates></LineString></MultiGeometry></Placemark><Placemark><name>Gröna linjen 19 · Hagsätra–Hässelby strand</name><styleUrl>#line-green</styleUrl><MultiGeometry><LineString><tessellate>1</tessellate><coordinates>18.012747,59.262715,0 18.013094,59.262394,0 18.013356,59.262138,0 18.013555,59.261915,0 18.013686,59.261744,0 18.013826,59.261566,0 18.013930,59.261420,0 18.014026,59.261271,0 18.014105,59.261143,0 18.014241,59.260884,0 18.014374,59.260645,0 18.014411,59.260587,0 18.014494,59.260432,0 18.014789,59.259882,0 18.014821,59.259821,0 18.014934,59.259613,0 18.015068,59.259400,0 18.015149,59.259277,0 18.015266,59.259121,0 18.015404,59.258948,0 18.015636,59.258697,0 18.015882,59.258454,0 18.016080,59.258278,0 18.016282,59.258111,0 18.016517,59.257935,0 18.016796,59.257738,0 18.017039,59.257583,0 18.017311,59.257419,0 18.017584,59.257268,0 18.017854,59.257131,0 18.018369,59.256886,0 18.018908,59.256662,0 18.019526,59.256443,0 18.020153,59.256258,0 18.020486,59.256175,0 18.020620,59.256144,0 18.020769,59.256113,0 18.020936,59.256081,0 18.021181,59.256039,0 18.021437,59.256000,0 18.021792,59.255954,0 18.021988,59.255932,0 18.022446,59.255890,0 18.022918,59.255867,0 18.023308,59.255854,0 18.023613,59.255852,0 18.024034,59.255863,0 18.024739,59.255910,0 18.025343,59.255974,0 18.025944,59.256069,0 18.026596,59.256203,0 18.027145,59.256349,0 18.027391,59.256428,0 18.028043,59.256644,0 18.028576,59.256831,0 18.030125,59.257406,0 18.030858,59.257720,0 18.031173,59.257865,0 18.032316,59.258381,0 18.032622,59.258509,0 18.032990,59.258657,0 18.033299,59.258771,0 18.033630,59.258885,0 18.033923,59.258981,0 18.034203,59.259068,0 18.034570,59.259175,0 18.034975,59.259285,0 18.035466,59.259419,0 18.035812,59.259509,0 18.037109,59.259866,0 18.037786,59.260063,0 18.038175,59.260200,0 18.038398,59.260280,0 18.038649,59.260380,0 18.038961,59.260513,0 18.039251,59.260651,0 18.039480,59.260766,0 18.039700,59.260890,0 18.039925,59.261023,0 18.040140,59.261162,0 18.040365,59.261315,0 18.040540,59.261450,0 18.040710,59.261583,0 18.040899,59.261748,0 18.041059,59.261900,0 18.041724,59.262612,0 18.042178,59.263104,0 18.042641,59.263593,0 18.043494,59.264499,0 18.043994,59.264940,0 18.044272,59.265164,0 18.044480,59.265323,0 18.044754,59.265516,0 18.045047,59.265713,0 18.045532,59.266042,0 18.046121,59.266438,0 18.046285,59.266548,0 18.046792,59.266894,0 18.047093,59.267117,0 18.047324,59.267303,0 18.047508,59.267461,0 18.047686,59.267626,0 18.047817,59.267759,0 18.048001,59.267958,0 18.048137,59.268125,0 18.048260,59.268286,0 18.048429,59.268535,0 18.048537,59.268697,0 18.048929,59.269392,0 18.049149,59.269783,0 18.049455,59.270319,0 18.050222,59.271690,0 18.050594,59.272332,0 18.050700,59.272511,0 18.050828,59.272706,0 18.050962,59.272888,0 18.051104,59.273051,0 18.051236,59.273191,0 18.051406,59.273345,0 18.051535,59.273447,0 18.051688,59.273557,0 18.051959,59.273731,0 18.052254,59.273890,0 18.052439,59.273974,0 18.052648,59.274064,0 18.052885,59.274153,0 18.053128,59.274238,0 18.053301,59.274293,0 18.053585,59.274377,0 18.053961,59.274459,0 18.053995,59.274465,0 18.054284,59.274514,0 18.054638,59.274567,0 18.055438,59.274661,0 18.056411,59.274736,0 18.057299,59.274822,0 18.058042,59.274921,0 18.058327,59.274957,0 18.058478,59.274978,0 18.058970,59.275060,0 18.059163,59.275095,0 18.059365,59.275135,0 18.059957,59.275254,0 18.060791,59.275451,0 18.061768,59.275686,0 18.062663,59.275898,0 18.063243,59.276058,0 18.063758,59.276221,0 18.064750,59.276557,0 18.065600,59.276872,0 18.066011,59.277052,0 18.066577,59.277300,0 18.067018,59.277499,0 18.067394,59.277722,0 18.067547,59.277810,0 18.067653,59.277873,0 18.067684,59.277892,0 18.067832,59.277980,0 18.067874,59.278008,0 18.068095,59.278166,0 18.068320,59.278359,0 18.068511,59.278559,0 18.068602,59.278674,0 18.068683,59.278791,0 18.068751,59.278900,0 18.068818,59.279027,0 18.068873,59.279153,0 18.068905,59.279258,0 18.068959,59.279468,0 18.068977,59.279676,0 18.068977,59.279921,0 18.068945,59.280297,0 18.068911,59.280600,0 18.068900,59.280900,0 18.068917,59.281074,0 18.068951,59.281239,0 18.068984,59.281391,0 18.069025,59.281528,0 18.069085,59.281678,0 18.069135,59.281779,0 18.069204,59.281904,0 18.069292,59.282048,0 18.069415,59.282213,0 18.069573,59.282407,0 18.069656,59.282501,0 18.069930,59.282757,0 18.070302,59.283105,0 18.070390,59.283194,0 18.071177,59.283884,0 18.071658,59.284315,0 18.071735,59.284389,0 18.072099,59.284714,0 18.072286,59.284889,0 18.072429,59.285033,0 18.072551,59.285167,0 18.072665,59.285309,0 18.072746,59.285431,0 18.072834,59.285592,0 18.072893,59.285739,0 18.072931,59.285918,0 18.072931,59.286143,0 18.072912,59.286300,0 18.072848,59.286495,0 18.072743,59.286691,0 18.072652,59.286836,0 18.072609,59.286896,0 18.072480,59.287036,0 18.072300,59.287220,0 18.072113,59.287395,0 18.071896,59.287581,0 18.071716,59.287750,0 18.071489,59.287949,0 18.071327,59.288091,0 18.071147,59.288254,0 18.070734,59.288619,0 18.070458,59.288865,0 18.070214,59.289125,0 18.070077,59.289304,0 18.069964,59.289460,0 18.069908,59.289593,0 18.069849,59.289732,0 18.069825,59.289809,0 18.069798,59.289898,0 18.069750,59.290128,0 18.069747,59.290267,0 18.069755,59.290395,0 18.069777,59.290584,0 18.069801,59.290681,0 18.069855,59.290830,0 18.069895,59.290934,0 18.069965,59.291076,0 18.070037,59.291202,0 18.070126,59.291335,0 18.070233,59.291478,0 18.070351,59.291614,0 18.070493,59.291782,0 18.070638,59.291933,0 18.070788,59.292082,0 18.070954,59.292226,0 18.071099,59.292336,0 18.071289,59.292473,0 18.071499,59.292604,0 18.071697,59.292725,0 18.071922,59.292844,0 18.072091,59.292930,0 18.072317,59.293036,0 18.072507,59.293114,0 18.072869,59.293246,0 18.073199,59.293362,0 18.073341,59.293401,0 18.073566,59.293465,0 18.073806,59.293528,0 18.074068,59.293588,0 18.074342,59.293642,0 18.074760,59.293723,0 18.075476,59.293853,0 18.075865,59.293924,0 18.076353,59.294023,0 18.076809,59.294131,0 18.077271,59.294256,0 18.077622,59.294357,0 18.077834,59.294438,0 18.078291,59.294638,0 18.078401,59.294697,0 18.078516,59.294769,0 18.078625,59.294842,0 18.078787,59.294970,0 18.078862,59.295037,0 18.078920,59.295094,0 18.078978,59.295160,0 18.079026,59.295217,0 18.079081,59.295291,0 18.079118,59.295346,0 18.079173,59.295436,0 18.079213,59.295518,0 18.079369,59.295886,0 18.079459,59.296110,0 18.079516,59.296236,0 18.079596,59.296390,0 18.079679,59.296518,0 18.079741,59.296600,0 18.079870,59.296769,0 18.079949,59.296860,0 18.080063,59.296983,0 18.080149,59.297063,0 18.080266,59.297170,0 18.080479,59.297348,0 18.080665,59.297501,0 18.080838,59.297660,0 18.080916,59.297740,0 18.080984,59.297817,0 18.081048,59.297898,0 18.081111,59.297993,0 18.081141,59.298059,0 18.081189,59.298245,0 18.081179,59.298466,0 18.081108,59.298691,0 18.080932,59.299036,0 18.080731,59.299405,0 18.080637,59.299557,0 18.080531,59.299725,0 18.080458,59.299850,0 18.080403,59.299962,0 18.080363,59.300063,0 18.080327,59.300155,0 18.080255,59.300350,0 18.080195,59.300518,0 18.080143,59.300680,0 18.080103,59.300798,0 18.080051,59.300960,0 18.080021,59.301048,0 18.079987,59.301143,0 18.079944,59.301245,0 18.079764,59.301643,0 18.079682,59.301791,0 18.079565,59.302050,0 18.079436,59.302340,0 18.079301,59.302629,0 18.079146,59.302916,0 18.078770,59.303530,0 18.078604,59.303784,0 18.078279,59.304307,0 18.077760,59.305129,0 18.077463,59.305598,0 18.077151,59.306098,0 18.076901,59.306497,0 18.076627,59.307075,0 18.075895,59.308754,0 18.074778,59.311609,0 18.073940,59.313430,0 18.073277,59.314870,0 18.072816,59.315813,0 18.072673,59.316333,0 18.072636,59.316581,0 18.072590,59.316884,0 18.072519,59.317191,0 18.072320,59.317640,0 18.072225,59.317971,0 18.072199,59.318146,0 18.072169,59.318484,0 18.072158,59.318585,0 18.072129,59.318801,0 18.072073,59.319001,0 18.072027,59.319138,0 18.071980,59.319245,0 18.071922,59.319361,0 18.071861,59.319475,0 18.071786,59.319595,0 18.071680,59.319754,0 18.071520,59.319951,0 18.071338,59.320144,0 18.070999,59.320433,0 18.070963,59.320459,0 18.070510,59.320792,0 18.070177,59.321018,0 18.069982,59.321149,0 18.069769,59.321286,0 18.069311,59.321558,0 18.068504,59.322041,0 18.067895,59.322405,0 18.067573,59.322612,0 18.067504,59.322656,0 18.067323,59.322785,0 18.067224,59.322864,0 18.067094,59.322971,0 18.066971,59.323079,0 18.066868,59.323175,0 18.066790,59.323259,0 18.066720,59.323334,0 18.066645,59.323418,0 18.066555,59.323537,0 18.066459,59.323673,0 18.066304,59.323913,0 18.066133,59.324191,0 18.065960,59.324451,0 18.065634,59.324869,0 18.065423,59.325125,0 18.065230,59.325348,0 18.064875,59.325670,0 18.064604,59.325909,0 18.064281,59.326160,0 18.063907,59.326415,0 18.063543,59.326628,0 18.063048,59.326883,0 18.061861,59.327460,0 18.061521,59.327651,0 18.061164,59.327889,0 18.060915,59.328072,0 18.060563,59.328339,0 18.060292,59.328575,0 18.060097,59.328770,0 18.059879,59.328999,0 18.059726,59.329200,0 18.059616,59.329359,0 18.059555,59.329482,0 18.059503,59.329626,0 18.059463,59.329766,0 18.059453,59.329929,0 18.059466,59.330059,0 18.059471,59.330083,0 18.059489,59.330177,0 18.059496,59.330208,0 18.059539,59.330342,0 18.059582,59.330438,0 18.059591,59.330459,0 18.059598,59.330472,0 18.059745,59.330693,0 18.059847,59.330809,0 18.059894,59.330862,0 18.060048,59.331005,0 18.060075,59.331031,0 18.060134,59.331072,0 18.060267,59.331167,0 18.060300,59.331191,0 18.060561,59.331352,0 18.060704,59.331430,0 18.060784,59.331473,0 18.061258,59.331712,0 18.061517,59.331829,0 18.061731,59.331925,0 18.062131,59.332079,0 18.062779,59.332329,0 18.063151,59.332473,0 18.063315,59.332537,0 18.063442,59.332595,0 18.063530,59.332635,0 18.063563,59.332653,0 18.063680,59.332717,0 18.063711,59.332734,0 18.063729,59.332747,0 18.063966,59.332921,0 18.064265,59.333213,0 18.064403,59.333447,0 18.064474,59.333616,0 18.064501,59.333802,0 18.064496,59.334013,0 18.064442,59.334254,0 18.064292,59.334538,0 18.063910,59.335086,0 18.063091,59.335914,0 18.059408,59.339799,0 18.058869,59.340368,0 18.058102,59.341191,0 18.057059,59.342272,0 18.056807,59.342487,0 18.056500,59.342712,0 18.056219,59.342848,0 18.055938,59.342934,0 18.055615,59.343003,0 18.055297,59.343048,0 18.054998,59.343076,0 18.054695,59.343094,0 18.053110,59.343147,0 18.052053,59.343152,0 18.051033,59.343117,0 18.050789,59.343104,0 18.050505,59.343080,0 18.050098,59.343040,0 18.049679,59.343004,0 18.049354,59.342984,0 18.047948,59.342934,0 18.046506,59.342883,0 18.045559,59.342837,0 18.044542,59.342773,0 18.044151,59.342757,0 18.043643,59.342738,0 18.042811,59.342709,0 18.042473,59.342701,0 18.042025,59.342697,0 18.041658,59.342695,0 18.041329,59.342691,0 18.041055,59.342683,0 18.040818,59.342670,0 18.040625,59.342658,0 18.040432,59.342639,0 18.040272,59.342621,0 18.040079,59.342592,0 18.039916,59.342565,0 18.039734,59.342528,0 18.039536,59.342480,0 18.039321,59.342418,0 18.039140,59.342357,0 18.038979,59.342298,0 18.038754,59.342198,0 18.038586,59.342115,0 18.038485,59.342057,0 18.038373,59.341987,0 18.038283,59.341926,0 18.038175,59.341841,0 18.038068,59.341747,0 18.037960,59.341642,0 18.037764,59.341402,0 18.037571,59.341089,0 18.037248,59.340454,0 18.036662,59.339540,0 18.035467,59.337975,0 18.034419,59.336722,0 18.033238,59.335258,0 18.033040,59.334993,0 18.032943,59.334834,0 18.032841,59.334602,0 18.032781,59.334415,0 18.032702,59.334200,0 18.032612,59.334038,0 18.032515,59.333893,0 18.032404,59.333751,0 18.032244,59.333574,0 18.032042,59.333404,0 18.031796,59.333221,0 18.031566,59.333066,0 18.031180,59.332861,0 18.030734,59.332662,0 18.030332,59.332510,0 18.029884,59.332349,0 18.029313,59.332195,0 18.028961,59.332121,0 18.028533,59.332035,0 18.028162,59.331976,0 18.027757,59.331923,0 18.027175,59.331868,0 18.026341,59.331816,0 18.025770,59.331808,0 18.025120,59.331808,0 18.024445,59.331816,0 18.023801,59.331813,0 18.020204,59.331695,0 18.019077,59.331654,0 18.017987,59.331609,0 18.017359,59.331580,0 18.016930,59.331553,0 18.015978,59.331475,0 18.015400,59.331435,0 18.015054,59.331421,0 18.014572,59.331401,0 18.014074,59.331390,0 18.013477,59.331387,0 18.012830,59.331386,0 18.012339,59.331387,0 18.012033,59.331390,0 18.011751,59.331394,0 18.011230,59.331408,0 18.010874,59.331425,0 18.010530,59.331456,0 18.010224,59.331495,0 18.009566,59.331600,0 18.008609,59.331754,0 18.005989,59.332182,0 18.003950,59.332516,0 18.002208,59.332823,0 18.000437,59.333134,0 17.999149,59.333364,0 17.998458,59.333484,0 17.998114,59.333538,0 17.997763,59.333582,0 17.997259,59.333635,0 17.996693,59.333669,0 17.995534,59.333719,0 17.994681,59.333755,0 17.993828,59.333792,0 17.993308,59.333815,0 17.992789,59.333829,0 17.992545,59.333830,0 17.992303,59.333823,0 17.992063,59.333815,0 17.991819,59.333795,0 17.991453,59.333760,0 17.991086,59.333714,0 17.990757,59.333674,0 17.990444,59.333625,0 17.989661,59.333496,0 17.988696,59.333330,0 17.988265,59.333257,0 17.987334,59.333133,0 17.986826,59.333084,0 17.986295,59.333047,0 17.985905,59.333040,0 17.985597,59.333045,0 17.985242,59.333061,0 17.984963,59.333078,0 17.984687,59.333099,0 17.984169,59.333136,0 17.983567,59.333193,0 17.982456,59.333289,0 17.982138,59.333317,0 17.981828,59.333350,0 17.980310,59.333508,0 17.979843,59.333559,0 17.979365,59.333612,0 17.978353,59.333726,0 17.977244,59.333858,0 17.977012,59.333879,0 17.976786,59.333899,0 17.976607,59.333908,0 17.976374,59.333914,0 17.976091,59.333913,0 17.975856,59.333908,0 17.975706,59.333900,0 17.975550,59.333890,0 17.975427,59.333878,0 17.975307,59.333862,0 17.975189,59.333842,0 17.975087,59.333821,0 17.974975,59.333794,0 17.974880,59.333769,0 17.974789,59.333741,0 17.974693,59.333708,0 17.974609,59.333675,0 17.974502,59.333629,0 17.974431,59.333597,0 17.974262,59.333520,0 17.974178,59.333482,0 17.974107,59.333451,0 17.974034,59.333419,0 17.973949,59.333385,0 17.973649,59.333287,0 17.973330,59.333210,0 17.973024,59.333166,0 17.972651,59.333147,0 17.972345,59.333158,0 17.971970,59.333200,0 17.971712,59.333254,0 17.971441,59.333330,0 17.970127,59.333791,0 17.969478,59.333995,0 17.968811,59.334147,0 17.967903,59.334281,0 17.967483,59.334338,0 17.966799,59.334414,0 17.965909,59.334528,0 17.964867,59.334689,0 17.963807,59.334877,0 17.961608,59.335237,0 17.957879,59.335804,0 17.955524,59.336152,0 17.953753,59.336422,0 17.952716,59.336603,0 17.952149,59.336693,0 17.950953,59.336906,0 17.949621,59.337213,0 17.948152,59.337627,0 17.947628,59.337765,0 17.947067,59.337884,0 17.945673,59.338058,0 17.944080,59.338098,0 17.941568,59.338100,0 17.940721,59.338140,0 17.939861,59.338209,0 17.939355,59.338276,0 17.938889,59.338376,0 17.938389,59.338488,0 17.937879,59.338628,0 17.937306,59.338804,0 17.936670,59.339018,0 17.935289,59.339591,0 17.934837,59.339753,0 17.934379,59.339897,0 17.933596,59.340111,0 17.932585,59.340371,0 17.931798,59.340574,0 17.930584,59.340883,0 17.929357,59.341198,0 17.929048,59.341277,0 17.927657,59.341613,0 17.927109,59.341721,0 17.926464,59.341832,0 17.926154,59.341874,0 17.925742,59.341917,0 17.925118,59.341964,0 17.924000,59.342024,0 17.923375,59.342054,0 17.922745,59.342080,0 17.922183,59.342096,0 17.921608,59.342103,0 17.920442,59.342112,0 17.919526,59.342111,0 17.918181,59.342119,0 17.918059,59.342117,0 17.917765,59.342106,0 17.917293,59.342092,0 17.916244,59.342045,0 17.915307,59.342012,0 17.914358,59.341955,0 17.913204,59.341845,0 17.911995,59.341720,0 17.911157,59.341641,0 17.910752,59.341606,0 17.910327,59.341596,0 17.909833,59.341589,0 17.909492,59.341592,0 17.909064,59.341613,0 17.908629,59.341652,0 17.908137,59.341710,0 17.907729,59.341774,0 17.907281,59.341857,0 17.906976,59.341928,0 17.906690,59.342005,0 17.906284,59.342120,0 17.905744,59.342261,0 17.905021,59.342464,0 17.904358,59.342676,0 17.903725,59.342924,0 17.902860,59.343274,0 17.902065,59.343577,0 17.901181,59.343914,0 17.900163,59.344294,0 17.899375,59.344590,0 17.898610,59.344868,0 17.897896,59.345111,0 17.897345,59.345272,0 17.896935,59.345369,0 17.896509,59.345451,0 17.895835,59.345563,0 17.895131,59.345672,0 17.894338,59.345792,0 17.893658,59.345898,0 17.893201,59.345960,0 17.892283,59.346059,0 17.891526,59.346140,0 17.890109,59.346249,0 17.888891,59.346335,0 17.887700,59.346503,0 17.886176,59.346873,0 17.885223,59.347206,0 17.884932,59.347330,0 17.884566,59.347453,0 17.884301,59.347565,0 17.883772,59.347810,0 17.883149,59.348126,0 17.882717,59.348383,0 17.882253,59.348675,0 17.881990,59.348882,0 17.881780,59.349063,0 17.881662,59.349177,0 17.881410,59.349448,0 17.881258,59.349629,0 17.881142,59.349873,0 17.881083,59.349993,0 17.880987,59.350267,0 17.880930,59.350540,0 17.880915,59.350900,0 17.880911,59.351093,0 17.880951,59.351335,0 17.881042,59.351716,0 17.881161,59.352081,0 17.881308,59.352416,0 17.881490,59.352907,0 17.881671,59.353388,0 17.881739,59.353796,0 17.881760,59.353915,0 17.881774,59.354062,0 17.881778,59.354279,0 17.881779,59.354431,0 17.881780,59.354545,0 17.881773,59.354784,0 17.881761,59.354907,0 17.881744,59.355096,0 17.881702,59.355450,0 17.881686,59.355638,0 17.881667,59.355783,0 17.881665,59.355807,0 17.881647,59.355961,0 17.881620,59.356184,0 17.881600,59.356311,0 17.881571,59.356447,0 17.881530,59.356631,0 17.881490,59.356757,0 17.881452,59.356869,0 17.881401,59.357004,0 17.881335,59.357160,0 17.881286,59.357268,0 17.881205,59.357427,0 17.881023,59.357736,0 17.880854,59.357981,0 17.880656,59.358234,0 17.880521,59.358389,0 17.880374,59.358548,0 17.880259,59.358664,0 17.880111,59.358803,0 17.879912,59.358981,0 17.879732,59.359132,0 17.879588,59.359243,0 17.879410,59.359376,0 17.879210,59.359517,0 17.879056,59.359621,0 17.878899,59.359721,0 17.878758,59.359808,0 17.878613,59.359895,0 17.878473,59.359974,0 17.878297,59.360070,0 17.878178,59.360132,0 17.877962,59.360242,0 17.877784,59.360331,0 17.877572,59.360432,0 17.877361,59.360528,0 17.877112,59.360643,0 17.876676,59.360835,0 17.876223,59.361033,0 17.875860,59.361207,0 17.875543,59.361350,0 17.872908,59.362701,0 17.872103,59.363110,0 17.870419,59.363966,0 17.869850,59.364281,0 17.869357,59.364565,0 17.868930,59.364815,0 17.868846,59.364865,0 17.868488,59.365077,0 17.868141,59.365289,0 17.867825,59.365465,0 17.867521,59.365630,0 17.867133,59.365839,0 17.866592,59.366109,0 17.865866,59.366448,0 17.865189,59.366731,0 17.864826,59.366850,0 17.864301,59.367023,0 17.863858,59.367156,0 17.863561,59.367231,0 17.863241,59.367306,0 17.862801,59.367403,0 17.862300,59.367496,0 17.861786,59.367569,0 17.861224,59.367643,0 17.860615,59.367711,0 17.859955,59.367775,0 17.859409,59.367824,0 17.858956,59.367862,0 17.858522,59.367897,0 17.857712,59.367939,0 17.856835,59.367972,0 17.856291,59.367981,0 17.854490,59.367998,0 17.853942,59.367990,0 17.853379,59.367977,0 17.852689,59.367947,0 17.852115,59.367919,0 17.851163,59.367848,0 17.850114,59.367770,0 17.849098,59.367688,0 17.848395,59.367625,0 17.847738,59.367550,0 17.846896,59.367432,0 17.845850,59.367294,0 17.844814,59.367085,0 17.843888,59.366894,0 17.842548,59.366643,0 17.841549,59.366439,0 17.840649,59.366223,0 17.840155,59.366094,0 17.839777,59.365974,0 17.839504,59.365888,0 17.839041,59.365735,0 17.838578,59.365561,0 17.838154,59.365393,0 17.837837,59.365261,0 17.837325,59.365032,0 17.836706,59.364748,0 17.835941,59.364402,0 17.835325,59.364082,0 17.835062,59.363925,0 17.834660,59.363665,0 17.834303,59.363399,0 17.834048,59.363183,0 17.833699,59.362889,0 17.833485,59.362666,0 17.833254,59.362368,0 17.832924,59.361895,0 17.832748,59.361661,0 17.832422,59.361227,0</coordinates></LineString></MultiGeometry></Placemark><Placemark><name>Pendeltåg 40 · Upplands Väsby–Södertälje centrum</name><styleUrl>#line-pendel</styleUrl><MultiGeometry><LineString><tessellate>1</tessellate><coordinates>17.899374,59.520854,0 17.898351,59.519129,0 17.897731,59.518096,0 17.897663,59.517980,0 17.897118,59.517122,0 17.896381,59.515858,0 17.895952,59.515163,0 17.895486,59.514394,0 17.895276,59.514040,0 17.894225,59.512190,0 17.893801,59.511452,0 17.893600,59.511102,0 17.893304,59.510582,0 17.892748,59.509557,0 17.892719,59.509495,0 17.892317,59.508535,0 17.891985,59.507537,0 17.891824,59.506973,0 17.891744,59.506440,0 17.891663,59.505378,0 17.891636,59.504793,0 17.891684,59.504253,0 17.891915,59.502990,0 17.892124,59.502160,0 17.892511,59.501188,0 17.892675,59.500786,0 17.892701,59.500723,0 17.892897,59.500320,0 17.893219,59.499813,0 17.893551,59.499288,0 17.894275,59.498261,0 17.894707,59.497753,0 17.895122,59.497262,0 17.895583,59.496755,0 17.896019,59.496276,0 17.897022,59.495214,0 17.897961,59.494190,0 17.898881,59.493167,0 17.899494,59.492500,0 17.899774,59.492194,0 17.900691,59.491206,0 17.901582,59.490206,0 17.902483,59.489218,0 17.903443,59.488180,0 17.904725,59.486783,0 17.905174,59.486272,0 17.905975,59.485391,0 17.906427,59.484892,0 17.906739,59.484550,0 17.906928,59.484341,0 17.907155,59.484092,0 17.908180,59.482991,0 17.908833,59.482258,0 17.909208,59.481837,0 17.909687,59.481327,0 17.910438,59.480512,0 17.911441,59.479411,0 17.912386,59.478387,0 17.913092,59.477639,0 17.913864,59.476805,0 17.914775,59.475848,0 17.915946,59.474630,0 17.916371,59.474155,0 17.916936,59.473548,0 17.917493,59.472967,0 17.918265,59.472119,0 17.918635,59.471690,0 17.918997,59.471239,0 17.919378,59.470735,0 17.919727,59.470233,0 17.920006,59.469793,0 17.920239,59.469406,0 17.920529,59.468921,0 17.920794,59.468484,0 17.921116,59.467937,0 17.921534,59.467207,0 17.921870,59.466635,0 17.922144,59.466184,0 17.922324,59.465862,0 17.922640,59.465320,0 17.922904,59.464813,0 17.923160,59.464286,0 17.923391,59.463753,0 17.923579,59.463227,0 17.923748,59.462701,0 17.923876,59.462164,0 17.923989,59.461631,0 17.924072,59.461120,0 17.924183,59.460494,0 17.924391,59.459113,0 17.924505,59.458448,0 17.924625,59.457790,0 17.924705,59.457204,0 17.924799,59.456615,0 17.924893,59.456029,0 17.924976,59.455488,0 17.925067,59.454938,0 17.925158,59.454405,0 17.925268,59.453897,0 17.925405,59.453371,0 17.925563,59.452850,0 17.925746,59.452373,0 17.925917,59.451986,0 17.926092,59.451601,0 17.926296,59.451215,0 17.926556,59.450755,0 17.926960,59.450137,0 17.927213,59.449769,0 17.927594,59.449259,0 17.927980,59.448790,0 17.928398,59.448318,0 17.928884,59.447818,0 17.929356,59.447347,0 17.929895,59.446824,0 17.930399,59.446329,0 17.930890,59.445845,0 17.931298,59.445458,0 17.931663,59.445094,0 17.932065,59.444713,0 17.932469,59.444308,0 17.932998,59.443815,0 17.933463,59.443367,0 17.933961,59.442872,0 17.934502,59.442350,0 17.934981,59.441885,0 17.935455,59.441423,0 17.935663,59.441216,0 17.936063,59.440824,0 17.936837,59.440075,0 17.937306,59.439616,0 17.937684,59.439241,0 17.938188,59.438770,0 17.938588,59.438369,0 17.938990,59.437981,0 17.939471,59.437518,0 17.940007,59.436997,0 17.940525,59.436486,0 17.941053,59.435968,0 17.941565,59.435481,0 17.942088,59.434964,0 17.942612,59.434435,0 17.942752,59.434292,0 17.943121,59.433918,0 17.943623,59.433403,0 17.944159,59.432878,0 17.944666,59.432357,0 17.945090,59.431939,0 17.945610,59.431413,0 17.946552,59.430467,0 17.947565,59.429443,0 17.947694,59.429313,0 17.948081,59.428924,0 17.948584,59.428425,0 17.949085,59.427897,0 17.949608,59.427381,0 17.950125,59.426861,0 17.950571,59.426411,0 17.950736,59.426238,0 17.951043,59.425919,0 17.951547,59.425361,0 17.952006,59.424825,0 17.952302,59.424453,0 17.952706,59.423943,0 17.953076,59.423433,0 17.953430,59.422927,0 17.953709,59.422504,0 17.954023,59.421993,0 17.954353,59.421445,0 17.954645,59.420924,0 17.954962,59.420375,0 17.955294,59.419837,0 17.955533,59.419417,0 17.955847,59.418881,0 17.956043,59.418548,0 17.956445,59.417855,0 17.956482,59.417797,0 17.956562,59.417660,0 17.956866,59.417141,0 17.957303,59.416408,0 17.957513,59.416049,0 17.957789,59.415551,0 17.958071,59.415090,0 17.958323,59.414634,0 17.958674,59.414045,0 17.959001,59.413486,0 17.959329,59.412925,0 17.959658,59.412385,0 17.960010,59.411840,0 17.960364,59.411333,0 17.960715,59.410878,0 17.961107,59.410418,0 17.961485,59.410004,0 17.961921,59.409586,0 17.962177,59.409348,0 17.962390,59.409148,0 17.962877,59.408731,0 17.963400,59.408315,0 17.963950,59.407913,0 17.964325,59.407655,0 17.964527,59.407519,0 17.965047,59.407182,0 17.965514,59.406896,0 17.966098,59.406556,0 17.966767,59.406190,0 17.967437,59.405848,0 17.968145,59.405501,0 17.968920,59.405130,0 17.969773,59.404734,0 17.970596,59.404346,0 17.971449,59.403946,0 17.972273,59.403561,0 17.973115,59.403167,0 17.974017,59.402747,0 17.974043,59.402735,0 17.974695,59.402431,0 17.975508,59.402034,0 17.976291,59.401670,0 17.976953,59.401373,0 17.977648,59.401042,0 17.978139,59.400809,0 17.978785,59.400495,0 17.979533,59.400145,0 17.980185,59.399818,0 17.980826,59.399489,0 17.981439,59.399141,0 17.981921,59.398859,0 17.982489,59.398492,0 17.983040,59.398113,0 17.983568,59.397714,0 17.984064,59.397308,0 17.984533,59.396885,0 17.984946,59.396490,0 17.985355,59.396050,0 17.985397,59.396004,0 17.985724,59.395608,0 17.986073,59.395157,0 17.986381,59.394701,0 17.986715,59.394148,0 17.987050,59.393543,0 17.987437,59.392749,0 17.987839,59.391965,0 17.988091,59.391493,0 17.988346,59.391053,0 17.988633,59.390617,0 17.988955,59.390183,0 17.989283,59.389764,0 17.989663,59.389346,0 17.989979,59.389004,0 17.990400,59.388593,0 17.990851,59.388186,0 17.991428,59.387708,0 17.991511,59.387645,0 17.992055,59.387237,0 17.992715,59.386782,0 17.993394,59.386331,0 17.994075,59.385882,0 17.994716,59.385482,0 17.995357,59.385083,0 17.995953,59.384698,0 17.996553,59.384293,0 17.997154,59.383885,0 17.997612,59.383541,0 17.998125,59.383157,0 17.998383,59.382934,0 17.998704,59.382669,0 17.999201,59.382216,0 17.999678,59.381755,0 17.999979,59.381430,0 18.000535,59.380777,0 18.000928,59.380285,0 18.001061,59.380110,0 18.001314,59.379776,0 18.001690,59.379267,0 18.002020,59.378826,0 18.002438,59.378277,0 18.002792,59.377810,0 18.003135,59.377351,0 18.003572,59.376754,0 18.004047,59.376140,0 18.004430,59.375614,0 18.004848,59.375043,0 18.005216,59.374589,0 18.005579,59.374115,0 18.005975,59.373606,0 18.006337,59.373099,0 18.006563,59.372769,0 18.006691,59.372579,0 18.007024,59.372038,0 18.007314,59.371521,0 18.007593,59.370979,0 18.007866,59.370432,0 18.007961,59.370225,0 18.008094,59.369943,0 18.008378,59.369357,0 18.008604,59.368918,0 18.008859,59.368411,0 18.009001,59.368072,0 18.009185,59.367708,0 18.009363,59.367357,0 18.009615,59.366838,0 18.009862,59.366324,0 18.010122,59.365781,0 18.010361,59.365243,0 18.010460,59.365002,0 18.010469,59.364982,0 18.010567,59.364685,0 18.010631,59.364481,0 18.010718,59.364198,0 18.010757,59.364042,0 18.011226,59.362135,0 18.011366,59.361547,0 18.011664,59.360288,0 18.011774,59.359882,0 18.011931,59.359348,0 18.011935,59.359333,0 18.011992,59.359126,0 18.012112,59.358812,0 18.012206,59.358556,0 18.012319,59.358278,0 18.012550,59.357715,0 18.012777,59.357185,0 18.012903,59.356880,0 18.013013,59.356649,0 18.013149,59.356321,0 18.013223,59.356143,0 18.013448,59.355637,0 18.013561,59.355367,0 18.013610,59.355249,0 18.013665,59.355119,0 18.013791,59.354867,0 18.013915,59.354646,0 18.014059,59.354418,0 18.014082,59.354383,0 18.014212,59.354192,0 18.014419,59.353932,0 18.014655,59.353651,0 18.015106,59.353187,0 18.015355,59.352949,0 18.015567,59.352710,0 18.015926,59.352334,0 18.015933,59.352327,0 18.016329,59.351839,0 18.016519,59.351589,0 18.016677,59.351326,0 18.016986,59.350811,0 18.017702,59.349485,0 18.017920,59.349064,0 18.017963,59.348994,0 18.018171,59.348649,0 18.018354,59.348400,0 18.018559,59.348151,0 18.019388,59.347286,0 18.019657,59.347058,0 18.019989,59.346779,0 18.020244,59.346562,0 18.020255,59.346553,0 18.020432,59.346403,0 18.020622,59.346274,0 18.020872,59.346120,0 18.021270,59.345911,0 18.021811,59.345677,0 18.022346,59.345490,0 18.022833,59.345341,0 18.023210,59.345245,0 18.023616,59.345155,0 18.023997,59.345078,0 18.024513,59.344990,0 18.024968,59.344940,0 18.025077,59.344928,0 18.025468,59.344898,0 18.025871,59.344875,0 18.025953,59.344869,0 18.026481,59.344855,0 18.027016,59.344848,0 18.034738,59.344869,0 18.035731,59.344870,0 18.037622,59.344874,0 18.038554,59.344873,0 18.039098,59.344856,0 18.039633,59.344830,0 18.040155,59.344787,0 18.040669,59.344721,0 18.041111,59.344661,0 18.041530,59.344590,0 18.041955,59.344507,0 18.042346,59.344422,0 18.042446,59.344399,0 18.042804,59.344307,0 18.043297,59.344168,0 18.043425,59.344133,0 18.045983,59.343406,0 18.047831,59.342874,0 18.048611,59.342651,0 18.049472,59.342406,0 18.049830,59.342303,0 18.050398,59.342145,0 18.050937,59.341983,0 18.051327,59.341868,0 18.051697,59.341747,0 18.052025,59.341630,0 18.052329,59.341514,0 18.052773,59.341338,0 18.053040,59.341215,0 18.053306,59.341093,0 18.053729,59.340891,0 18.054169,59.340667,0 18.054407,59.340534,0 18.054747,59.340328,0 18.055090,59.340089,0 18.055325,59.339928,0 18.055703,59.339638,0 18.055993,59.339381,0 18.056231,59.339150,0 18.056624,59.338718,0 18.056808,59.338476,0 18.056915,59.338323,0 18.056974,59.338239,0 18.057219,59.337905,0 18.057446,59.337491,0 18.057491,59.337410,0 18.057682,59.337057,0 18.057930,59.336424,0 18.058133,59.335638,0 18.058342,59.334891,0 18.058597,59.333827,0 18.058709,59.333383,0 18.058867,59.332794,0 18.059111,59.331816,0 18.059342,59.330905,0 18.059392,59.330730,0 18.059541,59.330294,0 18.059641,59.330005,0 18.059812,59.329679,0 18.060097,59.329225,0 18.060510,59.328696,0 18.061143,59.327892,0 18.061585,59.327362,0 18.061917,59.326835,0 18.063519,59.324271,0 18.064460,59.322793,0 18.064805,59.322251,0 18.065477,59.321221,0 18.065644,59.320980,0 18.065686,59.320931,0 18.065887,59.320695,0 18.066015,59.320560,0 18.066200,59.320372,0 18.066402,59.320195,0 18.066677,59.319965,0 18.067633,59.319249,0 18.068017,59.318945,0 18.068210,59.318749,0 18.068382,59.318563,0 18.068556,59.318302,0 18.068645,59.318138,0 18.068731,59.317917,0 18.068746,59.317827,0 18.068784,59.317646,0 18.068803,59.317393,0 18.068806,59.317321,0 18.068776,59.317127,0 18.068706,59.316876,0 18.068604,59.316601,0 18.068497,59.316378,0 18.068315,59.316080,0 18.068081,59.315774,0 18.067945,59.315650,0 18.067778,59.315500,0 18.067564,59.315325,0 18.067285,59.315150,0 18.067120,59.315053,0 18.066855,59.314925,0 18.065858,59.314515,0 18.065459,59.314377,0 18.065053,59.314259,0 18.064571,59.314135,0 18.064563,59.314133,0 18.064358,59.314086,0 18.063557,59.313922,0 18.061810,59.313595,0 18.058144,59.312912,0 18.057383,59.312771,0 18.057280,59.312753,0 18.056851,59.312678,0 18.056457,59.312609,0 18.056135,59.312556,0 18.055526,59.312470,0 18.054051,59.312254,0 18.052470,59.312020,0 18.052240,59.311987,0 18.051797,59.311916,0 18.050733,59.311761,0 18.050340,59.311698,0 18.050070,59.311660,0 18.048807,59.311472,0 18.048285,59.311391,0 18.047861,59.311321,0 18.047518,59.311262,0 18.047247,59.311213,0 18.047037,59.311173,0 18.046842,59.311135,0 18.046544,59.311067,0 18.046394,59.311031,0 18.046192,59.310979,0 18.046051,59.310939,0 18.045904,59.310899,0 18.045714,59.310842,0 18.045588,59.310803,0 18.045459,59.310761,0 18.045332,59.310720,0 18.045195,59.310673,0 18.045104,59.310641,0 18.044926,59.310575,0 18.044840,59.310544,0 18.044654,59.310469,0 18.044479,59.310394,0 18.044305,59.310312,0 18.044218,59.310270,0 18.044049,59.310187,0 18.043919,59.310121,0 18.043803,59.310062,0 18.043662,59.309983,0 18.043549,59.309917,0 18.043439,59.309850,0 18.043312,59.309770,0 18.043218,59.309709,0 18.043087,59.309618,0 18.042958,59.309530,0 18.042779,59.309397,0 18.042608,59.309264,0 18.042457,59.309143,0 18.042278,59.308997,0 18.039204,59.306468,0 18.038957,59.306266,0 18.038855,59.306181,0 18.037888,59.305385,0 18.037242,59.304854,0 18.036765,59.304460,0 18.036519,59.304262,0 18.036303,59.304085,0 18.036217,59.304012,0 18.036132,59.303940,0 18.035949,59.303790,0 18.035694,59.303576,0 18.035447,59.303380,0 18.034996,59.303033,0 18.034644,59.302792,0 18.034154,59.302468,0 18.033757,59.302229,0 18.033484,59.302066,0 18.032853,59.301698,0 18.032360,59.301410,0 18.032050,59.301245,0 18.031996,59.301216,0 18.031673,59.301044,0 18.031236,59.300818,0 18.030917,59.300669,0 18.030568,59.300521,0 18.030352,59.300431,0 18.030228,59.300382,0 18.029444,59.300091,0 18.028888,59.299883,0 18.028369,59.299679,0 18.027731,59.299419,0 18.026464,59.298858,0 18.025888,59.298586,0 18.025254,59.298265,0 18.024815,59.298018,0 18.024284,59.297692,0 18.023985,59.297500,0 18.023707,59.297314,0 18.023055,59.296805,0 18.022690,59.296491,0 18.022302,59.296125,0 18.022033,59.295857,0 18.021781,59.295587,0 18.021569,59.295332,0 18.021464,59.295199,0 18.021237,59.294906,0 18.021057,59.294630,0 18.020909,59.294404,0 18.020775,59.294176,0 18.020690,59.294008,0 18.020615,59.293863,0 18.020381,59.293328,0 18.020319,59.293158,0 18.020262,59.292988,0 18.020167,59.292657,0 18.020057,59.292216,0 18.020026,59.292074,0 18.019967,59.291723,0 18.019929,59.291487,0 18.019922,59.291442,0 18.019787,59.290245,0 18.019691,59.289379,0 18.019653,59.289049,0 18.019636,59.288884,0 18.019625,59.288761,0 18.019602,59.288532,0 18.019593,59.288412,0 18.019594,59.288243,0 18.019572,59.287975,0 18.019551,59.287740,0 18.019488,59.287112,0 18.019457,59.286963,0 18.019348,59.286210,0 18.019181,59.285221,0 18.019065,59.284703,0 18.019018,59.284535,0 18.018929,59.284268,0 18.018846,59.284056,0 18.018746,59.283845,0 18.018525,59.283423,0 18.018346,59.283161,0 18.018247,59.283024,0 18.018133,59.282867,0 18.018064,59.282781,0 18.017959,59.282648,0 18.017834,59.282514,0 18.017567,59.282234,0 18.017286,59.281966,0 18.017035,59.281744,0 18.016774,59.281528,0 18.016500,59.281324,0 18.016214,59.281123,0 18.015958,59.280949,0 18.015647,59.280749,0 18.015097,59.280427,0 18.014762,59.280243,0 18.014367,59.280040,0 18.013946,59.279841,0 18.013790,59.279771,0 18.013250,59.279533,0 18.012607,59.279261,0 18.011752,59.278913,0 18.011251,59.278709,0 18.010484,59.278373,0 18.009860,59.278093,0 18.009520,59.277928,0 18.008784,59.277542,0 18.008239,59.277236,0 18.008082,59.277145,0 18.007402,59.276757,0 18.006918,59.276466,0 18.006357,59.276107,0 18.005798,59.275724,0 18.005269,59.275348,0 18.004629,59.274897,0 18.004056,59.274507,0 18.002974,59.273773,0 18.002426,59.273401,0 18.002236,59.273272,0 18.001298,59.272643,0 18.000384,59.272041,0 17.999732,59.271613,0 17.999408,59.271395,0 17.999099,59.271168,0 17.998797,59.270938,0 17.998320,59.270519,0 17.998030,59.270226,0 17.997816,59.269983,0 17.997606,59.269733,0 17.997451,59.269514,0 17.997298,59.269291,0 17.997153,59.269030,0 17.997022,59.268769,0 17.996909,59.268506,0 17.996817,59.268240,0 17.996749,59.267977,0 17.996698,59.267714,0 17.996665,59.267446,0 17.996657,59.267177,0 17.996657,59.266957,0 17.996681,59.266737,0 17.996729,59.266417,0 17.996808,59.266099,0 17.996877,59.265874,0 17.997014,59.265534,0 17.997277,59.264992,0 17.997569,59.264420,0 17.997667,59.264228,0 17.997872,59.263805,0 17.997924,59.263693,0 17.998105,59.263269,0 17.998210,59.262998,0 17.998345,59.262563,0 17.998410,59.262329,0 17.998464,59.262092,0 17.998519,59.261806,0 17.998536,59.261696,0 17.998594,59.261218,0 17.998607,59.261018,0 17.998617,59.260757,0 17.998615,59.260584,0 17.998614,59.260300,0 17.998573,59.259822,0 17.998521,59.259440,0 17.998440,59.258978,0 17.998359,59.258541,0 17.998218,59.257790,0 17.998162,59.257510,0 17.998043,59.256988,0 17.997886,59.256469,0 17.997706,59.255949,0 17.997492,59.255438,0 17.997262,59.254927,0 17.996865,59.254208,0 17.996154,59.253072,0 17.995917,59.252741,0 17.995472,59.252141,0 17.995122,59.251686,0 17.995107,59.251667,0 17.994760,59.251215,0 17.993172,59.249151,0 17.992515,59.248296,0 17.990582,59.245782,0 17.990207,59.245289,0 17.989821,59.244788,0 17.989430,59.244283,0 17.989019,59.243783,0 17.988802,59.243535,0 17.988577,59.243290,0 17.988294,59.242998,0 17.988084,59.242806,0 17.987918,59.242652,0 17.987457,59.242252,0 17.986999,59.241893,0 17.986669,59.241656,0 17.985851,59.241087,0 17.984940,59.240485,0 17.984226,59.240007,0 17.983819,59.239746,0 17.983188,59.239309,0 17.982473,59.238803,0 17.982044,59.238502,0 17.981312,59.237977,0 17.980596,59.237461,0 17.979869,59.236955,0 17.979302,59.236548,0 17.979226,59.236495,0 17.978844,59.236232,0 17.978356,59.235906,0 17.978126,59.235755,0 17.977511,59.235371,0 17.976874,59.234994,0 17.976175,59.234612,0 17.975835,59.234430,0 17.975486,59.234251,0 17.975067,59.234038,0 17.974793,59.233903,0 17.974079,59.233567,0 17.973344,59.233239,0 17.972904,59.233051,0 17.972411,59.232830,0 17.971565,59.232469,0 17.971327,59.232371,0 17.970726,59.232112,0 17.970011,59.231806,0 17.969695,59.231669,0 17.969293,59.231490,0 17.968515,59.231132,0 17.967766,59.230756,0 17.967456,59.230596,0 17.967032,59.230372,0 17.966303,59.229985,0 17.965570,59.229593,0 17.964827,59.229206,0 17.964072,59.228836,0 17.964048,59.228824,0 17.963277,59.228467,0 17.962144,59.227955,0 17.961702,59.227754,0 17.960921,59.227404,0 17.960129,59.227047,0 17.959341,59.226687,0 17.958571,59.226324,0 17.957812,59.225951,0 17.957077,59.225569,0 17.956365,59.225175,0 17.955795,59.224837,0 17.955437,59.224612,0 17.954646,59.224105,0 17.954294,59.223867,0 17.953747,59.223486,0 17.953340,59.223200,0 17.952741,59.222775,0 17.952163,59.222359,0 17.951714,59.222034,0 17.951299,59.221747,0 17.950944,59.221487,0 17.950658,59.221286,0 17.949872,59.220729,0 17.949340,59.220352,0 17.948578,59.219818,0 17.947924,59.219380,0 17.946934,59.218719,0 17.945861,59.217997,0 17.945727,59.217908,0 17.945603,59.217827,0 17.945573,59.217809,0 17.944685,59.217213,0 17.944177,59.216875,0 17.943555,59.216467,0 17.942927,59.216072,0 17.942695,59.215934,0 17.942475,59.215805,0 17.941951,59.215508,0 17.941418,59.215212,0 17.940867,59.214922,0 17.940376,59.214679,0 17.940020,59.214508,0 17.939607,59.214322,0 17.939191,59.214146,0 17.938788,59.213989,0 17.938342,59.213828,0 17.938062,59.213731,0 17.937774,59.213638,0 17.937220,59.213473,0 17.936816,59.213363,0 17.936297,59.213233,0 17.935629,59.213078,0 17.935090,59.212959,0 17.933854,59.212700,0 17.929542,59.211794,0 17.928668,59.211610,0 17.927481,59.211353,0 17.926563,59.211140,0 17.925605,59.210907,0 17.923702,59.210442,0 17.921425,59.209886,0 17.917309,59.208878,0 17.912182,59.207624,0 17.911264,59.207398,0 17.910732,59.207258,0 17.910693,59.207248,0 17.910290,59.207141,0 17.909737,59.206989,0 17.908981,59.206769,0 17.908160,59.206522,0 17.908016,59.206480,0 17.907199,59.206238,0 17.906015,59.205908,0 17.904575,59.205513,0 17.902411,59.204919,0 17.901797,59.204750,0 17.901089,59.204555,0 17.901035,59.204540,0 17.900333,59.204343,0 17.899719,59.204165,0 17.899058,59.203961,0 17.897675,59.203527,0 17.894961,59.202655,0 17.894420,59.202482,0 17.894099,59.202380,0 17.893473,59.202168,0 17.893219,59.202072,0 17.892952,59.201963,0 17.892836,59.201920,0 17.892585,59.201817,0 17.892082,59.201571,0 17.891574,59.201305,0 17.891069,59.201040,0 17.890564,59.200789,0 17.889880,59.200505,0 17.889082,59.200213,0 17.888170,59.199907,0 17.887403,59.199712,0 17.887049,59.199638,0 17.886729,59.199577,0 17.886376,59.199516,0 17.886071,59.199468,0 17.885826,59.199433,0 17.885405,59.199375,0 17.885009,59.199328,0 17.884636,59.199293,0 17.884211,59.199262,0 17.883816,59.199244,0 17.883359,59.199236,0 17.883042,59.199236,0 17.882723,59.199244,0 17.882302,59.199260,0 17.881916,59.199287,0 17.881547,59.199321,0 17.881153,59.199365,0 17.880890,59.199401,0 17.880478,59.199465,0 17.879970,59.199559,0 17.879464,59.199667,0 17.878926,59.199787,0 17.877851,59.200032,0 17.877417,59.200129,0 17.877077,59.200201,0 17.876742,59.200269,0 17.876438,59.200324,0 17.876301,59.200348,0 17.875860,59.200417,0 17.875140,59.200498,0 17.874647,59.200545,0 17.874103,59.200573,0 17.873492,59.200586,0 17.873232,59.200592,0 17.873071,59.200592,0 17.872828,59.200587,0 17.872581,59.200580,0 17.872225,59.200561,0 17.871857,59.200529,0 17.871554,59.200504,0 17.870915,59.200429,0 17.870021,59.200297,0 17.869569,59.200218,0 17.867670,59.199891,0 17.867047,59.199789,0 17.866215,59.199668,0 17.865583,59.199586,0 17.864881,59.199503,0 17.864236,59.199438,0 17.863567,59.199376,0 17.862954,59.199329,0 17.862277,59.199283,0 17.861527,59.199244,0 17.860738,59.199213,0 17.860172,59.199200,0 17.859649,59.199190,0 17.859133,59.199189,0 17.858262,59.199193,0 17.856397,59.199212,0 17.856371,59.199212,0 17.854641,59.199232,0 17.852204,59.199264,0 17.849757,59.199301,0 17.845258,59.199371,0 17.844037,59.199387,0 17.842839,59.199404,0 17.840038,59.199439,0 17.837841,59.199463,0 17.836519,59.199478,0 17.835696,59.199487,0 17.834428,59.199503,0 17.833499,59.199514,0 17.831347,59.199559,0 17.830612,59.199592,0 17.830088,59.199626,0 17.829545,59.199670,0 17.828782,59.199746,0 17.828209,59.199808,0 17.827639,59.199876,0 17.827140,59.199934,0 17.827099,59.199938,0 17.825388,59.200139,0 17.824865,59.200193,0 17.824074,59.200266,0 17.823573,59.200303,0 17.823035,59.200333,0 17.822486,59.200356,0 17.821947,59.200371,0 17.820770,59.200396,0 17.819585,59.200419,0 17.818693,59.200430,0 17.818229,59.200429,0 17.817767,59.200422,0 17.817341,59.200410,0 17.816912,59.200392,0 17.816462,59.200364,0 17.816082,59.200335,0 17.815729,59.200306,0 17.815171,59.200253,0 17.814823,59.200216,0 17.814451,59.200169,0 17.813921,59.200097,0 17.813037,59.199977,0 17.812318,59.199883,0 17.811753,59.199806,0 17.811655,59.199792,0 17.811577,59.199780,0 17.811161,59.199719,0 17.810746,59.199652,0 17.810430,59.199593,0 17.810088,59.199524,0 17.809729,59.199443,0 17.809373,59.199355,0 17.808968,59.199243,0 17.808611,59.199132,0 17.808354,59.199048,0 17.807967,59.198912,0 17.807455,59.198719,0 17.806947,59.198528,0 17.806631,59.198411,0 17.806295,59.198295,0 17.805915,59.198173,0 17.805483,59.198046,0 17.805165,59.197962,0 17.804664,59.197843,0 17.804277,59.197764,0 17.803746,59.197670,0 17.803322,59.197606,0 17.802957,59.197559,0 17.802571,59.197514,0 17.801724,59.197430,0 17.799385,59.197218,0 17.798835,59.197165,0 17.798316,59.197113,0 17.798073,59.197084,0 17.798000,59.197077,0 17.797663,59.197035,0 17.797366,59.196998,0 17.797071,59.196956,0 17.796406,59.196857,0 17.795758,59.196750,0 17.792046,59.196131,0 17.786792,59.195256,0 17.786756,59.195250,0 17.785451,59.195031,0 17.784099,59.194809,0 17.783464,59.194711,0 17.782998,59.194648,0 17.782682,59.194608,0 17.782503,59.194586,0 17.782071,59.194539,0 17.781628,59.194496,0 17.780744,59.194415,0 17.778696,59.194228,0 17.777611,59.194129,0 17.775534,59.193938,0 17.775105,59.193897,0 17.774282,59.193804,0 17.771338,59.193421,0 17.770059,59.193254,0 17.768119,59.192992,0 17.766871,59.192827,0 17.765673,59.192668,0 17.765210,59.192607,0 17.765005,59.192580,0 17.764284,59.192494,0 17.763892,59.192452,0 17.763461,59.192413,0 17.763071,59.192385,0 17.762691,59.192364,0 17.762334,59.192350,0 17.761974,59.192343,0 17.761590,59.192340,0 17.761250,59.192343,0 17.760859,59.192353,0 17.760472,59.192369,0 17.760154,59.192387,0 17.759812,59.192412,0 17.759497,59.192439,0 17.759218,59.192465,0 17.758795,59.192515,0 17.758374,59.192572,0 17.758050,59.192621,0 17.757800,59.192660,0 17.757236,59.192755,0 17.755613,59.193051,0 17.755306,59.193105,0 17.754814,59.193189,0 17.754407,59.193252,0 17.754249,59.193274,0 17.753954,59.193316,0 17.753530,59.193366,0 17.753179,59.193401,0 17.752825,59.193432,0 17.752465,59.193458,0 17.752022,59.193478,0 17.751576,59.193493,0 17.751082,59.193501,0 17.750693,59.193497,0 17.750391,59.193490,0 17.750081,59.193479,0 17.749491,59.193444,0 17.749215,59.193423,0 17.749097,59.193412,0 17.748692,59.193371,0 17.748323,59.193328,0 17.747948,59.193276,0 17.747543,59.193214,0 17.747147,59.193143,0 17.746776,59.193072,0 17.746305,59.192970,0 17.746046,59.192910,0 17.744084,59.192427,0 17.743624,59.192324,0 17.743151,59.192226,0 17.742807,59.192162,0 17.742464,59.192105,0 17.742159,59.192061,0 17.741778,59.192012,0 17.741379,59.191969,0 17.741040,59.191939,0 17.740742,59.191918,0 17.740315,59.191894,0 17.739952,59.191880,0 17.739593,59.191875,0 17.739144,59.191877,0 17.738717,59.191888,0 17.738327,59.191907,0 17.737946,59.191930,0 17.737523,59.191964,0 17.737097,59.192000,0 17.733724,59.192327,0 17.731530,59.192543,0 17.730684,59.192627,0 17.730169,59.192678,0 17.729305,59.192763,0 17.727317,59.192982,0 17.726401,59.193061,0 17.725502,59.193102,0 17.724787,59.193104,0 17.724297,59.193095,0 17.724033,59.193083,0 17.723833,59.193073,0 17.723628,59.193060,0 17.723331,59.193038,0 17.723115,59.193020,0 17.722812,59.192989,0 17.722463,59.192949,0 17.722189,59.192912,0 17.721906,59.192869,0 17.721572,59.192813,0 17.721271,59.192757,0 17.720886,59.192679,0 17.720530,59.192596,0 17.720303,59.192539,0 17.719915,59.192433,0 17.719545,59.192322,0 17.719193,59.192208,0 17.719039,59.192154,0 17.718865,59.192091,0 17.718838,59.192080,0 17.718683,59.192021,0 17.718277,59.191855,0 17.718009,59.191735,0 17.717748,59.191611,0 17.717215,59.191345,0 17.715900,59.190664,0 17.713170,59.189244,0 17.710732,59.187977,0 17.710705,59.187964,0 17.710487,59.187851,0 17.708852,59.187001,0 17.708352,59.186747,0 17.707793,59.186487,0 17.707459,59.186344,0 17.707133,59.186217,0 17.706823,59.186106,0 17.706487,59.185992,0 17.706110,59.185877,0 17.705725,59.185771,0 17.705365,59.185682,0 17.704953,59.185590,0 17.704527,59.185506,0 17.704110,59.185435,0 17.703725,59.185378,0 17.703373,59.185332,0 17.703018,59.185294,0 17.702694,59.185266,0 17.702365,59.185241,0 17.701983,59.185221,0 17.701320,59.185195,0 17.700612,59.185189,0 17.699900,59.185184,0 17.695353,59.185165,0 17.695310,59.185165,0 17.694640,59.185163,0 17.692133,59.185153,0 17.689582,59.185141,0 17.689011,59.185135,0 17.688441,59.185123,0 17.687962,59.185106,0 17.687361,59.185075,0 17.687026,59.185046,0 17.686688,59.185014,0 17.685575,59.184863,0 17.684954,59.184761,0 17.684335,59.184646,0 17.680760,59.183940,0 17.678839,59.183560,0 17.677819,59.183359,0 17.675424,59.182887,0 17.674151,59.182632,0 17.673474,59.182499,0 17.672906,59.182391,0 17.672417,59.182305,0 17.671961,59.182233,0 17.671539,59.182176,0 17.671118,59.182132,0 17.670768,59.182099,0 17.670401,59.182073,0 17.669963,59.182050,0 17.669522,59.182038,0 17.669123,59.182033,0 17.668597,59.182042,0 17.668220,59.182056,0 17.668007,59.182067,0 17.667735,59.182085,0 17.667430,59.182108,0 17.667003,59.182150,0 17.666583,59.182202,0 17.666160,59.182260,0 17.665775,59.182323,0 17.665446,59.182384,0 17.665119,59.182451,0 17.664692,59.182547,0 17.664261,59.182657,0 17.663816,59.182784,0 17.663334,59.182937,0 17.662823,59.183118,0 17.662098,59.183397,0 17.661338,59.183705,0 17.660610,59.184015,0 17.660425,59.184093,0 17.659212,59.184619,0 17.658091,59.185150,0 17.657414,59.185471,0 17.656683,59.185832,0 17.656249,59.186045,0 17.655939,59.186197,0 17.655665,59.186324,0 17.655381,59.186446,0 17.655289,59.186484,0 17.655018,59.186589,0 17.654751,59.186683,0 17.654479,59.186770,0 17.654266,59.186830,0 17.654034,59.186892,0 17.653741,59.186960,0 17.653377,59.187037,0 17.653032,59.187097,0 17.652815,59.187128,0 17.652583,59.187159,0 17.652237,59.187199,0 17.651840,59.187230,0 17.651518,59.187247,0 17.651104,59.187258,0 17.650742,59.187256,0 17.650443,59.187248,0 17.650127,59.187233,0 17.649753,59.187206,0 17.649562,59.187187,0 17.649305,59.187158,0 17.648930,59.187105,0 17.648455,59.187024,0 17.648023,59.186933,0 17.647596,59.186830,0 17.647266,59.186745,0 17.646946,59.186657,0 17.646639,59.186566,0 17.646407,59.186492,0 17.646184,59.186415,0 17.645959,59.186329,0 17.645786,59.186258,0 17.645623,59.186182,0 17.645454,59.186104,0 17.645298,59.186017,0 17.645030,59.185854,0 17.644788,59.185681,0 17.644644,59.185562,0 17.644424,59.185349,0 17.644078,59.184949,0 17.643677,59.184432,0 17.643457,59.184127,0 17.643255,59.183753,0 17.643196,59.183585,0 17.643161,59.183393,0 17.643150,59.183250,0 17.643148,59.183013,0 17.643181,59.182799,0 17.643275,59.182480,0 17.643354,59.182305,0 17.643417,59.182181,0 17.643429,59.182160,0 17.643562,59.181948,0 17.643695,59.181770,0 17.643858,59.181593,0 17.643966,59.181472,0 17.644280,59.181168,0 17.644873,59.180620,0 17.645030,59.180468,0 17.645652,59.179883,0 17.645893,59.179671,0 17.646225,59.179393,0 17.646534,59.179124,0 17.646717,59.178951,0 17.646926,59.178739,0 17.648345,59.177174,0 17.648608,59.176883,0 17.649767,59.175600,0 17.649853,59.175506,0 17.650649,59.174621,0 17.649853,59.175506,0 17.649767,59.175600,0 17.648608,59.176883,0 17.648345,59.177174,0 17.646926,59.178739,0 17.646717,59.178951,0 17.646534,59.179124,0 17.646225,59.179393,0 17.645893,59.179671,0 17.645652,59.179883,0 17.645272,59.180169,0 17.645065,59.180318,0 17.644913,59.180440,0 17.644802,59.180543,0 17.644641,59.180692,0 17.644233,59.181080,0 17.643837,59.181462,0 17.643711,59.181596,0 17.643489,59.181861,0 17.643315,59.182132,0 17.643066,59.182472,0 17.642941,59.182640,0 17.642725,59.182860,0 17.642571,59.182996,0 17.642436,59.183111,0 17.642291,59.183219,0 17.642011,59.183398,0 17.641709,59.183567,0 17.641423,59.183710,0 17.641187,59.183824,0 17.640446,59.184123,0 17.639759,59.184333,0 17.639118,59.184492,0 17.638445,59.184652,0 17.637969,59.184762,0 17.637854,59.184789,0 17.634320,59.185613,0 17.633923,59.185715,0 17.633547,59.185819,0 17.633306,59.185895,0 17.633147,59.185949,0 17.633101,59.185966,0 17.632916,59.186035,0 17.632685,59.186130,0 17.632447,59.186239,0 17.632272,59.186329,0 17.632099,59.186427,0 17.631918,59.186539,0 17.631783,59.186628,0 17.631658,59.186720,0 17.631565,59.186791,0 17.631495,59.186851,0 17.631435,59.186906,0 17.631364,59.186972,0 17.631217,59.187118,0 17.631135,59.187211,0 17.631048,59.187311,0 17.630930,59.187495,0 17.630820,59.187697,0 17.630735,59.187837,0 17.630512,59.188246,0 17.630391,59.188460,0 17.630306,59.188630,0 17.630126,59.188952,0 17.629852,59.189481,0 17.629791,59.189594,0 17.629447,59.190228,0 17.629338,59.190384,0 17.629261,59.190475,0 17.629176,59.190575,0 17.629103,59.190659,0 17.628915,59.190830,0 17.628717,59.190985,0 17.628695,59.191003,0 17.628160,59.191456,0 17.627849,59.191722,0 17.627556,59.191969,0</coordinates></LineString></MultiGeometry></Placemark><Placemark><name>Pendeltåg 41 · Rosersberg–Södertälje centrum</name><styleUrl>#line-pendel</styleUrl><MultiGeometry><LineString><tessellate>1</tessellate><coordinates>17.880103,59.583780,0 17.880540,59.582811,0 17.880990,59.581876,0 17.881606,59.580880,0 17.881965,59.580384,0 17.882239,59.580023,0 17.882839,59.579344,0 17.883083,59.579073,0 17.884495,59.577728,0 17.885311,59.576953,0 17.885802,59.576479,0 17.886675,59.575629,0 17.887245,59.574986,0 17.887287,59.574929,0 17.887775,59.574290,0 17.888276,59.573520,0 17.888610,59.572884,0 17.889526,59.571076,0 17.889601,59.570940,0 17.890696,59.568749,0 17.890984,59.568166,0 17.891499,59.567140,0 17.891842,59.566446,0 17.892775,59.564578,0 17.893887,59.562381,0 17.894072,59.562016,0 17.894398,59.561128,0 17.894639,59.560386,0 17.894804,59.559752,0 17.894973,59.558582,0 17.895179,59.556478,0 17.895312,59.555307,0 17.895462,59.554011,0 17.895510,59.553458,0 17.895581,59.552663,0 17.895655,59.551697,0 17.895724,59.551071,0 17.895902,59.549594,0 17.896016,59.548130,0 17.896144,59.547106,0 17.896216,59.546488,0 17.896277,59.545947,0 17.896353,59.545405,0 17.896419,59.544915,0 17.896523,59.544503,0 17.896607,59.544165,0 17.896897,59.543292,0 17.897510,59.541634,0 17.898016,59.540249,0 17.898564,59.538641,0 17.898718,59.538226,0 17.899123,59.537089,0 17.899659,59.535713,0 17.899863,59.535190,0 17.900538,59.533457,0 17.901048,59.532092,0 17.901472,59.530764,0 17.901809,59.529265,0 17.901900,59.528213,0 17.901868,59.527323,0 17.901855,59.526865,0 17.901783,59.526260,0 17.901654,59.525702,0 17.901338,59.524853,0 17.900839,59.523740,0 17.900627,59.523311,0 17.900251,59.522476,0 17.899794,59.521625,0 17.899374,59.520854,0 17.898351,59.519129,0 17.897731,59.518096,0 17.897663,59.517980,0 17.897118,59.517122,0 17.896381,59.515858,0 17.895952,59.515163,0 17.895486,59.514394,0 17.895276,59.514040,0 17.894225,59.512190,0 17.893801,59.511452,0 17.893600,59.511102,0 17.893304,59.510582,0 17.892748,59.509557,0 17.892719,59.509495,0 17.892317,59.508535,0 17.891985,59.507537,0 17.891824,59.506973,0 17.891744,59.506440,0 17.891663,59.505378,0 17.891636,59.504793,0 17.891684,59.504253,0 17.891915,59.502990,0 17.892124,59.502160,0 17.892511,59.501188,0 17.892675,59.500786,0 17.892701,59.500723,0 17.892897,59.500320,0 17.893219,59.499813,0 17.893551,59.499288,0 17.894275,59.498261,0 17.894707,59.497753,0 17.895122,59.497262,0 17.895583,59.496755,0 17.896019,59.496276,0 17.897022,59.495214,0 17.897961,59.494190,0 17.898881,59.493167,0 17.899494,59.492500,0 17.899774,59.492194,0 17.900691,59.491206,0 17.901582,59.490206,0 17.902483,59.489218,0 17.903443,59.488180,0 17.904725,59.486783,0 17.905174,59.486272,0 17.905975,59.485391,0 17.906427,59.484892,0 17.906739,59.484550,0 17.906928,59.484341,0 17.907155,59.484092,0 17.908180,59.482991,0 17.908833,59.482258,0 17.909208,59.481837,0 17.909687,59.481327,0 17.910438,59.480512,0 17.911441,59.479411,0 17.912386,59.478387,0 17.913092,59.477639,0 17.913864,59.476805,0 17.914775,59.475848,0 17.915946,59.474630,0 17.916371,59.474155,0 17.916936,59.473548,0 17.917493,59.472967,0 17.918265,59.472119,0 17.918635,59.471690,0 17.918997,59.471239,0 17.919378,59.470735,0 17.919727,59.470233,0 17.920006,59.469793,0 17.920239,59.469406,0 17.920529,59.468921,0 17.920794,59.468484,0 17.921116,59.467937,0 17.921534,59.467207,0 17.921870,59.466635,0 17.922144,59.466184,0 17.922324,59.465862,0 17.922640,59.465320,0 17.922904,59.464813,0 17.923160,59.464286,0 17.923391,59.463753,0 17.923579,59.463227,0 17.923748,59.462701,0 17.923876,59.462164,0 17.923989,59.461631,0 17.924072,59.461120,0 17.924183,59.460494,0 17.924391,59.459113,0 17.924505,59.458448,0 17.924625,59.457790,0 17.924705,59.457204,0 17.924799,59.456615,0 17.924893,59.456029,0 17.924976,59.455488,0 17.925067,59.454938,0 17.925158,59.454405,0 17.925268,59.453897,0 17.925405,59.453371,0 17.925563,59.452850,0 17.925746,59.452373,0 17.925917,59.451986,0 17.926092,59.451601,0 17.926296,59.451215,0 17.926556,59.450755,0 17.926960,59.450137,0 17.927213,59.449769,0 17.927594,59.449259,0 17.927980,59.448790,0 17.928398,59.448318,0 17.928884,59.447818,0 17.929356,59.447347,0 17.929895,59.446824,0 17.930399,59.446329,0 17.930890,59.445845,0 17.931298,59.445458,0 17.931663,59.445094,0 17.932065,59.444713,0 17.932469,59.444308,0 17.932998,59.443815,0 17.933463,59.443367,0 17.933961,59.442872,0 17.934502,59.442350,0 17.934981,59.441885,0 17.935455,59.441423,0 17.935663,59.441216,0 17.936063,59.440824,0 17.936837,59.440075,0 17.937306,59.439616,0 17.937684,59.439241,0 17.938188,59.438770,0 17.938588,59.438369,0 17.938990,59.437981,0 17.939471,59.437518,0 17.940007,59.436997,0 17.940525,59.436486,0 17.941053,59.435968,0 17.941565,59.435481,0 17.942088,59.434964,0 17.942612,59.434435,0 17.942752,59.434292,0 17.943121,59.433918,0 17.943623,59.433403,0 17.944159,59.432878,0 17.944666,59.432357,0 17.945090,59.431939,0 17.945610,59.431413,0 17.946552,59.430467,0 17.947565,59.429443,0 17.947694,59.429313,0 17.948081,59.428924,0 17.948584,59.428425,0 17.949085,59.427897,0 17.949608,59.427381,0 17.950125,59.426861,0 17.950571,59.426411,0 17.950736,59.426238,0 17.951043,59.425919,0 17.951547,59.425361,0 17.952006,59.424825,0 17.952302,59.424453,0 17.952706,59.423943,0 17.953076,59.423433,0 17.953430,59.422927,0 17.953709,59.422504,0 17.954023,59.421993,0 17.954353,59.421445,0 17.954645,59.420924,0 17.954962,59.420375,0 17.955294,59.419837,0 17.955533,59.419417,0 17.955847,59.418881,0 17.956043,59.418548,0 17.956445,59.417855,0 17.956482,59.417797,0 17.956562,59.417660,0 17.956866,59.417141,0 17.957303,59.416408,0 17.957513,59.416049,0 17.957789,59.415551,0 17.958071,59.415090,0 17.958323,59.414634,0 17.958674,59.414045,0 17.959001,59.413486,0 17.959329,59.412925,0 17.959658,59.412385,0 17.960010,59.411840,0 17.960364,59.411333,0 17.960715,59.410878,0 17.961107,59.410418,0 17.961485,59.410004,0 17.961921,59.409586,0 17.962177,59.409348,0 17.962390,59.409148,0 17.962877,59.408731,0 17.963400,59.408315,0 17.963950,59.407913,0 17.964325,59.407655,0 17.964527,59.407519,0 17.965047,59.407182,0 17.965514,59.406896,0 17.966098,59.406556,0 17.966767,59.406190,0 17.967437,59.405848,0 17.968145,59.405501,0 17.968920,59.405130,0 17.969773,59.404734,0 17.970596,59.404346,0 17.971449,59.403946,0 17.972273,59.403561,0 17.973115,59.403167,0 17.974017,59.402747,0 17.974043,59.402735,0 17.974695,59.402431,0 17.975508,59.402034,0 17.976291,59.401670,0 17.976953,59.401373,0 17.977648,59.401042,0 17.978139,59.400809,0 17.978785,59.400495,0 17.979533,59.400145,0 17.980185,59.399818,0 17.980826,59.399489,0 17.981439,59.399141,0 17.981921,59.398859,0 17.982489,59.398492,0 17.983040,59.398113,0 17.983568,59.397714,0 17.984064,59.397308,0 17.984533,59.396885,0 17.984946,59.396490,0 17.985355,59.396050,0 17.985397,59.396004,0 17.985724,59.395608,0 17.986073,59.395157,0 17.986381,59.394701,0 17.986715,59.394148,0 17.987050,59.393543,0 17.987437,59.392749,0 17.987839,59.391965,0 17.988091,59.391493,0 17.988346,59.391053,0 17.988633,59.390617,0 17.988955,59.390183,0 17.989283,59.389764,0 17.989663,59.389346,0 17.989979,59.389004,0 17.990400,59.388593,0 17.990851,59.388186,0 17.991428,59.387708,0 17.991511,59.387645,0 17.992055,59.387237,0 17.992715,59.386782,0 17.993394,59.386331,0 17.994075,59.385882,0 17.994716,59.385482,0 17.995357,59.385083,0 17.995953,59.384698,0 17.996553,59.384293,0 17.997154,59.383885,0 17.997612,59.383541,0 17.998125,59.383157,0 17.998383,59.382934,0 17.998704,59.382669,0 17.999201,59.382216,0 17.999678,59.381755,0 17.999979,59.381430,0 18.000535,59.380777,0 18.000928,59.380285,0 18.001061,59.380110,0 18.001314,59.379776,0 18.001690,59.379267,0 18.002020,59.378826,0 18.002438,59.378277,0 18.002792,59.377810,0 18.003135,59.377351,0 18.003572,59.376754,0 18.004047,59.376140,0 18.004430,59.375614,0 18.004848,59.375043,0 18.005216,59.374589,0 18.005579,59.374115,0 18.005975,59.373606,0 18.006337,59.373099,0 18.006563,59.372769,0 18.006691,59.372579,0 18.007024,59.372038,0 18.007314,59.371521,0 18.007593,59.370979,0 18.007866,59.370432,0 18.007961,59.370225,0 18.008094,59.369943,0 18.008378,59.369357,0 18.008604,59.368918,0 18.008859,59.368411,0 18.009001,59.368072,0 18.009185,59.367708,0 18.009363,59.367357,0 18.009615,59.366838,0 18.009862,59.366324,0 18.010122,59.365781,0 18.010361,59.365243,0 18.010460,59.365002,0 18.010469,59.364982,0 18.010567,59.364685,0 18.010631,59.364481,0 18.010718,59.364198,0 18.010757,59.364042,0 18.011226,59.362135,0 18.011366,59.361547,0 18.011664,59.360288,0 18.011774,59.359882,0 18.011931,59.359348,0 18.011935,59.359333,0 18.011992,59.359126,0 18.012112,59.358812,0 18.012206,59.358556,0 18.012319,59.358278,0 18.012550,59.357715,0 18.012777,59.357185,0 18.012903,59.356880,0 18.013013,59.356649,0 18.013149,59.356321,0 18.013223,59.356143,0 18.013448,59.355637,0 18.013561,59.355367,0 18.013610,59.355249,0 18.013665,59.355119,0 18.013791,59.354867,0 18.013915,59.354646,0 18.014059,59.354418,0 18.014082,59.354383,0 18.014212,59.354192,0 18.014419,59.353932,0 18.014655,59.353651,0 18.015106,59.353187,0 18.015355,59.352949,0 18.015567,59.352710,0 18.015926,59.352334,0 18.015933,59.352327,0 18.016329,59.351839,0 18.016519,59.351589,0 18.016677,59.351326,0 18.016986,59.350811,0 18.017702,59.349485,0 18.017920,59.349064,0 18.017963,59.348994,0 18.018171,59.348649,0 18.018354,59.348400,0 18.018559,59.348151,0 18.019388,59.347286,0 18.019657,59.347058,0 18.019989,59.346779,0 18.020244,59.346562,0 18.020255,59.346553,0 18.020432,59.346403,0 18.020622,59.346274,0 18.020872,59.346120,0 18.021270,59.345911,0 18.021811,59.345677,0 18.022346,59.345490,0 18.022833,59.345341,0 18.023210,59.345245,0 18.023616,59.345155,0 18.023997,59.345078,0 18.024513,59.344990,0 18.024968,59.344940,0 18.025077,59.344928,0 18.025468,59.344898,0 18.025871,59.344875,0 18.025953,59.344869,0 18.026481,59.344855,0 18.027016,59.344848,0 18.034738,59.344869,0 18.035731,59.344870,0 18.037622,59.344874,0 18.038554,59.344873,0 18.039098,59.344856,0 18.039633,59.344830,0 18.040155,59.344787,0 18.040669,59.344721,0 18.041111,59.344661,0 18.041530,59.344590,0 18.041955,59.344507,0 18.042346,59.344422,0 18.042446,59.344399,0 18.042804,59.344307,0 18.043297,59.344168,0 18.043425,59.344133,0 18.045983,59.343406,0 18.047831,59.342874,0 18.048611,59.342651,0 18.049472,59.342406,0 18.049830,59.342303,0 18.050398,59.342145,0 18.050937,59.341983,0 18.051327,59.341868,0 18.051697,59.341747,0 18.052025,59.341630,0 18.052329,59.341514,0 18.052773,59.341338,0 18.053040,59.341215,0 18.053306,59.341093,0 18.053729,59.340891,0 18.054169,59.340667,0 18.054407,59.340534,0 18.054747,59.340328,0 18.055090,59.340089,0 18.055325,59.339928,0 18.055703,59.339638,0 18.055993,59.339381,0 18.056231,59.339150,0 18.056624,59.338718,0 18.056808,59.338476,0 18.056915,59.338323,0 18.056974,59.338239,0 18.057219,59.337905,0 18.057446,59.337491,0 18.057491,59.337410,0 18.057682,59.337057,0 18.057930,59.336424,0 18.058133,59.335638,0 18.058342,59.334891,0 18.058597,59.333827,0 18.058709,59.333383,0 18.058867,59.332794,0 18.059111,59.331816,0 18.059342,59.330905,0 18.059392,59.330730,0 18.059541,59.330294,0 18.059641,59.330005,0 18.059812,59.329679,0 18.060097,59.329225,0 18.060510,59.328696,0 18.061143,59.327892,0 18.061585,59.327362,0 18.061917,59.326835,0 18.063519,59.324271,0 18.064460,59.322793,0 18.064805,59.322251,0 18.065477,59.321221,0 18.065644,59.320980,0 18.065686,59.320931,0 18.065887,59.320695,0 18.066015,59.320560,0 18.066200,59.320372,0 18.066402,59.320195,0 18.066677,59.319965,0 18.067633,59.319249,0 18.068017,59.318945,0 18.068210,59.318749,0 18.068382,59.318563,0 18.068556,59.318302,0 18.068645,59.318138,0 18.068731,59.317917,0 18.068746,59.317827,0 18.068784,59.317646,0 18.068803,59.317393,0 18.068806,59.317321,0 18.068776,59.317127,0 18.068706,59.316876,0 18.068604,59.316601,0 18.068497,59.316378,0 18.068315,59.316080,0 18.068081,59.315774,0 18.067945,59.315650,0 18.067778,59.315500,0 18.067564,59.315325,0 18.067285,59.315150,0 18.067120,59.315053,0 18.066855,59.314925,0 18.065858,59.314515,0 18.065459,59.314377,0 18.065053,59.314259,0 18.064571,59.314135,0 18.064563,59.314133,0 18.064358,59.314086,0 18.063557,59.313922,0 18.061810,59.313595,0 18.058144,59.312912,0 18.057383,59.312771,0 18.057280,59.312753,0 18.056851,59.312678,0 18.056457,59.312609,0 18.056135,59.312556,0 18.055526,59.312470,0 18.054051,59.312254,0 18.052470,59.312020,0 18.052240,59.311987,0 18.051797,59.311916,0 18.050733,59.311761,0 18.050340,59.311698,0 18.050070,59.311660,0 18.048807,59.311472,0 18.048285,59.311391,0 18.047861,59.311321,0 18.047518,59.311262,0 18.047247,59.311213,0 18.047037,59.311173,0 18.046842,59.311135,0 18.046544,59.311067,0 18.046394,59.311031,0 18.046192,59.310979,0 18.046051,59.310939,0 18.045904,59.310899,0 18.045714,59.310842,0 18.045588,59.310803,0 18.045459,59.310761,0 18.045332,59.310720,0 18.045195,59.310673,0 18.045104,59.310641,0 18.044926,59.310575,0 18.044840,59.310544,0 18.044654,59.310469,0 18.044479,59.310394,0 18.044305,59.310312,0 18.044218,59.310270,0 18.044049,59.310187,0 18.043919,59.310121,0 18.043803,59.310062,0 18.043662,59.309983,0 18.043549,59.309917,0 18.043439,59.309850,0 18.043312,59.309770,0 18.043218,59.309709,0 18.043087,59.309618,0 18.042958,59.309530,0 18.042779,59.309397,0 18.042608,59.309264,0 18.042457,59.309143,0 18.042278,59.308997,0 18.039204,59.306468,0 18.038957,59.306266,0 18.038855,59.306181,0 18.037888,59.305385,0 18.037242,59.304854,0 18.036765,59.304460,0 18.036519,59.304262,0 18.036303,59.304085,0 18.036217,59.304012,0 18.036132,59.303940,0 18.035949,59.303790,0 18.035694,59.303576,0 18.035447,59.303380,0 18.034996,59.303033,0 18.034644,59.302792,0 18.034154,59.302468,0 18.033757,59.302229,0 18.033484,59.302066,0 18.032853,59.301698,0 18.032360,59.301410,0 18.032050,59.301245,0 18.031996,59.301216,0 18.031673,59.301044,0 18.031236,59.300818,0 18.030917,59.300669,0 18.030568,59.300521,0 18.030352,59.300431,0 18.030228,59.300382,0 18.029444,59.300091,0 18.028888,59.299883,0 18.028369,59.299679,0 18.027731,59.299419,0 18.026464,59.298858,0 18.025888,59.298586,0 18.025254,59.298265,0 18.024815,59.298018,0 18.024284,59.297692,0 18.023985,59.297500,0 18.023707,59.297314,0 18.023055,59.296805,0 18.022690,59.296491,0 18.022302,59.296125,0 18.022033,59.295857,0 18.021781,59.295587,0 18.021569,59.295332,0 18.021464,59.295199,0 18.021237,59.294906,0 18.021057,59.294630,0 18.020909,59.294404,0 18.020775,59.294176,0 18.020690,59.294008,0 18.020615,59.293863,0 18.020381,59.293328,0 18.020319,59.293158,0 18.020262,59.292988,0 18.020167,59.292657,0 18.020057,59.292216,0 18.020026,59.292074,0 18.019967,59.291723,0 18.019929,59.291487,0 18.019922,59.291442,0 18.019787,59.290245,0 18.019691,59.289379,0 18.019653,59.289049,0 18.019636,59.288884,0 18.019625,59.288761,0 18.019602,59.288532,0 18.019593,59.288412,0 18.019594,59.288243,0 18.019572,59.287975,0 18.019551,59.287740,0 18.019488,59.287112,0 18.019457,59.286963,0 18.019348,59.286210,0 18.019181,59.285221,0 18.019065,59.284703,0 18.019018,59.284535,0 18.018929,59.284268,0 18.018846,59.284056,0 18.018746,59.283845,0 18.018525,59.283423,0 18.018346,59.283161,0 18.018247,59.283024,0 18.018133,59.282867,0 18.018064,59.282781,0 18.017959,59.282648,0 18.017834,59.282514,0 18.017567,59.282234,0 18.017286,59.281966,0 18.017035,59.281744,0 18.016774,59.281528,0 18.016500,59.281324,0 18.016214,59.281123,0 18.015958,59.280949,0 18.015647,59.280749,0 18.015097,59.280427,0 18.014762,59.280243,0 18.014367,59.280040,0 18.013946,59.279841,0 18.013790,59.279771,0 18.013250,59.279533,0 18.012607,59.279261,0 18.011752,59.278913,0 18.011251,59.278709,0 18.010484,59.278373,0 18.009860,59.278093,0 18.009520,59.277928,0 18.008784,59.277542,0 18.008239,59.277236,0 18.008082,59.277145,0 18.007402,59.276757,0 18.006918,59.276466,0 18.006357,59.276107,0 18.005798,59.275724,0 18.005269,59.275348,0 18.004629,59.274897,0 18.004056,59.274507,0 18.002974,59.273773,0 18.002426,59.273401,0 18.002236,59.273272,0 18.001298,59.272643,0 18.000384,59.272041,0 17.999732,59.271613,0 17.999408,59.271395,0 17.999099,59.271168,0 17.998797,59.270938,0 17.998320,59.270519,0 17.998030,59.270226,0 17.997816,59.269983,0 17.997606,59.269733,0 17.997451,59.269514,0 17.997298,59.269291,0 17.997153,59.269030,0 17.997022,59.268769,0 17.996909,59.268506,0 17.996817,59.268240,0 17.996749,59.267977,0 17.996698,59.267714,0 17.996665,59.267446,0 17.996657,59.267177,0 17.996657,59.266957,0 17.996681,59.266737,0 17.996729,59.266417,0 17.996808,59.266099,0 17.996877,59.265874,0 17.997014,59.265534,0 17.997277,59.264992,0 17.997569,59.264420,0 17.997667,59.264228,0 17.997872,59.263805,0 17.997924,59.263693,0 17.998105,59.263269,0 17.998210,59.262998,0 17.998345,59.262563,0 17.998410,59.262329,0 17.998464,59.262092,0 17.998519,59.261806,0 17.998536,59.261696,0 17.998594,59.261218,0 17.998607,59.261018,0 17.998617,59.260757,0 17.998615,59.260584,0 17.998614,59.260300,0 17.998573,59.259822,0 17.998521,59.259440,0 17.998440,59.258978,0 17.998359,59.258541,0 17.998218,59.257790,0 17.998162,59.257510,0 17.998043,59.256988,0 17.997886,59.256469,0 17.997706,59.255949,0 17.997492,59.255438,0 17.997262,59.254927,0 17.996865,59.254208,0 17.996154,59.253072,0 17.995917,59.252741,0 17.995472,59.252141,0 17.995122,59.251686,0 17.995107,59.251667,0 17.994760,59.251215,0 17.993172,59.249151,0 17.992515,59.248296,0 17.990582,59.245782,0 17.990207,59.245289,0 17.989821,59.244788,0 17.989430,59.244283,0 17.989019,59.243783,0 17.988802,59.243535,0 17.988577,59.243290,0 17.988294,59.242998,0 17.988084,59.242806,0 17.987918,59.242652,0 17.987457,59.242252,0 17.986999,59.241893,0 17.986669,59.241656,0 17.985851,59.241087,0 17.984940,59.240485,0 17.984226,59.240007,0 17.983819,59.239746,0 17.983188,59.239309,0 17.982473,59.238803,0 17.982044,59.238502,0 17.981312,59.237977,0 17.980596,59.237461,0 17.979869,59.236955,0 17.979302,59.236548,0 17.979226,59.236495,0 17.978844,59.236232,0 17.978356,59.235906,0 17.978126,59.235755,0 17.977511,59.235371,0 17.976874,59.234994,0 17.976175,59.234612,0 17.975835,59.234430,0 17.975486,59.234251,0 17.975067,59.234038,0 17.974793,59.233903,0 17.974079,59.233567,0 17.973344,59.233239,0 17.972904,59.233051,0 17.972411,59.232830,0 17.971565,59.232469,0 17.971327,59.232371,0 17.970726,59.232112,0 17.970011,59.231806,0 17.969695,59.231669,0 17.969293,59.231490,0 17.968515,59.231132,0 17.967766,59.230756,0 17.967456,59.230596,0 17.967032,59.230372,0 17.966303,59.229985,0 17.965570,59.229593,0 17.964827,59.229206,0 17.964072,59.228836,0 17.964048,59.228824,0 17.963277,59.228467,0 17.962144,59.227955,0 17.961702,59.227754,0 17.960921,59.227404,0 17.960129,59.227047,0 17.959341,59.226687,0 17.958571,59.226324,0 17.957812,59.225951,0 17.957077,59.225569,0 17.956365,59.225175,0 17.955795,59.224837,0 17.955437,59.224612,0 17.954646,59.224105,0 17.954294,59.223867,0 17.953747,59.223486,0 17.953340,59.223200,0 17.952741,59.222775,0 17.952163,59.222359,0 17.951714,59.222034,0 17.951299,59.221747,0 17.950944,59.221487,0 17.950658,59.221286,0 17.949872,59.220729,0 17.949340,59.220352,0 17.948578,59.219818,0 17.947924,59.219380,0 17.946934,59.218719,0 17.945861,59.217997,0 17.945727,59.217908,0 17.945603,59.217827,0 17.945573,59.217809,0 17.944685,59.217213,0 17.944177,59.216875,0 17.943555,59.216467,0 17.942927,59.216072,0 17.942695,59.215934,0 17.942475,59.215805,0 17.941951,59.215508,0 17.941418,59.215212,0 17.940867,59.214922,0 17.940376,59.214679,0 17.940020,59.214508,0 17.939607,59.214322,0 17.939191,59.214146,0 17.938788,59.213989,0 17.938342,59.213828,0 17.938062,59.213731,0 17.937774,59.213638,0 17.937220,59.213473,0 17.936816,59.213363,0 17.936297,59.213233,0 17.935629,59.213078,0 17.935090,59.212959,0 17.933854,59.212700,0 17.929542,59.211794,0 17.928668,59.211610,0 17.927481,59.211353,0 17.926563,59.211140,0 17.925605,59.210907,0 17.923702,59.210442,0 17.921425,59.209886,0 17.917309,59.208878,0 17.912182,59.207624,0 17.911264,59.207398,0 17.910732,59.207258,0 17.910693,59.207248,0 17.910290,59.207141,0 17.909737,59.206989,0 17.908981,59.206769,0 17.908160,59.206522,0 17.908016,59.206480,0 17.907199,59.206238,0 17.906015,59.205908,0 17.904575,59.205513,0 17.902411,59.204919,0 17.901797,59.204750,0 17.901089,59.204555,0 17.901035,59.204540,0 17.900333,59.204343,0 17.899719,59.204165,0 17.899058,59.203961,0 17.897675,59.203527,0 17.894961,59.202655,0 17.894420,59.202482,0 17.894099,59.202380,0 17.893473,59.202168,0 17.893219,59.202072,0 17.892952,59.201963,0 17.892836,59.201920,0 17.892585,59.201817,0 17.892082,59.201571,0 17.891574,59.201305,0 17.891069,59.201040,0 17.890564,59.200789,0 17.889880,59.200505,0 17.889082,59.200213,0 17.888170,59.199907,0 17.887403,59.199712,0 17.887049,59.199638,0 17.886729,59.199577,0 17.886376,59.199516,0 17.886071,59.199468,0 17.885826,59.199433,0 17.885405,59.199375,0 17.885009,59.199328,0 17.884636,59.199293,0 17.884211,59.199262,0 17.883816,59.199244,0 17.883359,59.199236,0 17.883042,59.199236,0 17.882723,59.199244,0 17.882302,59.199260,0 17.881916,59.199287,0 17.881547,59.199321,0 17.881153,59.199365,0 17.880890,59.199401,0 17.880478,59.199465,0 17.879970,59.199559,0 17.879464,59.199667,0 17.878926,59.199787,0 17.877851,59.200032,0 17.877417,59.200129,0 17.877077,59.200201,0 17.876742,59.200269,0 17.876438,59.200324,0 17.876301,59.200348,0 17.875860,59.200417,0 17.875140,59.200498,0 17.874647,59.200545,0 17.874103,59.200573,0 17.873492,59.200586,0 17.873232,59.200592,0 17.873071,59.200592,0 17.872828,59.200587,0 17.872581,59.200580,0 17.872225,59.200561,0 17.871857,59.200529,0 17.871554,59.200504,0 17.870915,59.200429,0 17.870021,59.200297,0 17.869569,59.200218,0 17.867670,59.199891,0 17.867047,59.199789,0 17.866215,59.199668,0 17.865583,59.199586,0 17.864881,59.199503,0 17.864236,59.199438,0 17.863567,59.199376,0 17.862954,59.199329,0 17.862277,59.199283,0 17.861527,59.199244,0 17.860738,59.199213,0 17.860172,59.199200,0 17.859649,59.199190,0 17.859133,59.199189,0 17.858262,59.199193,0 17.856397,59.199212,0 17.856371,59.199212,0 17.854641,59.199232,0 17.852204,59.199264,0 17.849757,59.199301,0 17.845258,59.199371,0 17.844037,59.199387,0 17.842839,59.199404,0 17.840038,59.199439,0 17.837841,59.199463,0 17.836519,59.199478,0 17.835696,59.199487,0 17.834428,59.199503,0 17.833499,59.199514,0 17.831347,59.199559,0 17.830612,59.199592,0 17.830088,59.199626,0 17.829545,59.199670,0 17.828782,59.199746,0 17.828209,59.199808,0 17.827639,59.199876,0 17.827140,59.199934,0 17.827099,59.199938,0 17.825388,59.200139,0 17.824865,59.200193,0 17.824074,59.200266,0 17.823573,59.200303,0 17.823035,59.200333,0 17.822486,59.200356,0 17.821947,59.200371,0 17.820770,59.200396,0 17.819585,59.200419,0 17.818693,59.200430,0 17.818229,59.200429,0 17.817767,59.200422,0 17.817341,59.200410,0 17.816912,59.200392,0 17.816462,59.200364,0 17.816082,59.200335,0 17.815729,59.200306,0 17.815171,59.200253,0 17.814823,59.200216,0 17.814451,59.200169,0 17.813921,59.200097,0 17.813037,59.199977,0 17.812318,59.199883,0 17.811753,59.199806,0 17.811655,59.199792,0 17.811577,59.199780,0 17.811161,59.199719,0 17.810746,59.199652,0 17.810430,59.199593,0 17.810088,59.199524,0 17.809729,59.199443,0 17.809373,59.199355,0 17.808968,59.199243,0 17.808611,59.199132,0 17.808354,59.199048,0 17.807967,59.198912,0 17.807455,59.198719,0 17.806947,59.198528,0 17.806631,59.198411,0 17.806295,59.198295,0 17.805915,59.198173,0 17.805483,59.198046,0 17.805165,59.197962,0 17.804664,59.197843,0 17.804277,59.197764,0 17.803746,59.197670,0 17.803322,59.197606,0 17.802957,59.197559,0 17.802571,59.197514,0 17.801724,59.197430,0 17.799385,59.197218,0 17.798835,59.197165,0 17.798316,59.197113,0 17.798073,59.197084,0 17.798000,59.197077,0 17.797663,59.197035,0 17.797366,59.196998,0 17.797071,59.196956,0 17.796406,59.196857,0 17.795758,59.196750,0 17.792046,59.196131,0 17.786792,59.195256,0 17.786756,59.195250,0 17.785451,59.195031,0 17.784099,59.194809,0 17.783464,59.194711,0 17.782998,59.194648,0 17.782682,59.194608,0 17.782503,59.194586,0 17.782071,59.194539,0 17.781628,59.194496,0 17.780744,59.194415,0 17.778696,59.194228,0 17.777611,59.194129,0 17.775534,59.193938,0 17.775105,59.193897,0 17.774282,59.193804,0 17.771338,59.193421,0 17.770059,59.193254,0 17.768119,59.192992,0 17.766871,59.192827,0 17.765673,59.192668,0 17.765210,59.192607,0 17.765005,59.192580,0 17.764284,59.192494,0 17.763892,59.192452,0 17.763461,59.192413,0 17.763071,59.192385,0 17.762691,59.192364,0 17.762334,59.192350,0 17.761974,59.192343,0 17.761590,59.192340,0 17.761250,59.192343,0 17.760859,59.192353,0 17.760472,59.192369,0 17.760154,59.192387,0 17.759812,59.192412,0 17.759497,59.192439,0 17.759218,59.192465,0 17.758795,59.192515,0 17.758374,59.192572,0 17.758050,59.192621,0 17.757800,59.192660,0 17.757236,59.192755,0 17.755613,59.193051,0 17.755306,59.193105,0 17.754814,59.193189,0 17.754407,59.193252,0 17.754249,59.193274,0 17.753954,59.193316,0 17.753530,59.193366,0 17.753179,59.193401,0 17.752825,59.193432,0 17.752465,59.193458,0 17.752022,59.193478,0 17.751576,59.193493,0 17.751082,59.193501,0 17.750693,59.193497,0 17.750391,59.193490,0 17.750081,59.193479,0 17.749491,59.193444,0 17.749215,59.193423,0 17.749097,59.193412,0 17.748692,59.193371,0 17.748323,59.193328,0 17.747948,59.193276,0 17.747543,59.193214,0 17.747147,59.193143,0 17.746776,59.193072,0 17.746305,59.192970,0 17.746046,59.192910,0 17.744084,59.192427,0 17.743624,59.192324,0 17.743151,59.192226,0 17.742807,59.192162,0 17.742464,59.192105,0 17.742159,59.192061,0 17.741778,59.192012,0 17.741379,59.191969,0 17.741040,59.191939,0 17.740742,59.191918,0 17.740315,59.191894,0 17.739952,59.191880,0 17.739593,59.191875,0 17.739144,59.191877,0 17.738717,59.191888,0 17.738327,59.191907,0 17.737946,59.191930,0 17.737523,59.191964,0 17.737097,59.192000,0 17.733724,59.192327,0 17.731530,59.192543,0 17.730684,59.192627,0 17.730169,59.192678,0 17.729305,59.192763,0 17.727317,59.192982,0 17.726401,59.193061,0 17.725502,59.193102,0 17.724787,59.193104,0 17.724297,59.193095,0 17.724033,59.193083,0 17.723833,59.193073,0 17.723628,59.193060,0 17.723331,59.193038,0 17.723115,59.193020,0 17.722812,59.192989,0 17.722463,59.192949,0 17.722189,59.192912,0 17.721906,59.192869,0 17.721572,59.192813,0 17.721271,59.192757,0 17.720886,59.192679,0 17.720530,59.192596,0 17.720303,59.192539,0 17.719915,59.192433,0 17.719545,59.192322,0 17.719193,59.192208,0 17.719039,59.192154,0 17.718865,59.192091,0 17.718838,59.192080,0 17.718683,59.192021,0 17.718277,59.191855,0 17.718009,59.191735,0 17.717748,59.191611,0 17.717215,59.191345,0 17.715900,59.190664,0 17.713170,59.189244,0 17.710732,59.187977,0 17.710705,59.187964,0 17.710487,59.187851,0 17.708852,59.187001,0 17.708352,59.186747,0 17.707793,59.186487,0 17.707459,59.186344,0 17.707133,59.186217,0 17.706823,59.186106,0 17.706487,59.185992,0 17.706110,59.185877,0 17.705725,59.185771,0 17.705365,59.185682,0 17.704953,59.185590,0 17.704527,59.185506,0 17.704110,59.185435,0 17.703725,59.185378,0 17.703373,59.185332,0 17.703018,59.185294,0 17.702694,59.185266,0 17.702365,59.185241,0 17.701983,59.185221,0 17.701320,59.185195,0 17.700612,59.185189,0 17.699900,59.185184,0 17.695353,59.185165,0 17.695310,59.185165,0 17.694640,59.185163,0 17.692133,59.185153,0 17.689582,59.185141,0 17.689011,59.185135,0 17.688441,59.185123,0 17.687962,59.185106,0 17.687361,59.185075,0 17.687026,59.185046,0 17.686688,59.185014,0 17.685575,59.184863,0 17.684954,59.184761,0 17.684335,59.184646,0 17.680760,59.183940,0 17.678839,59.183560,0 17.677819,59.183359,0 17.675424,59.182887,0 17.674151,59.182632,0 17.673474,59.182499,0 17.672906,59.182391,0 17.672417,59.182305,0 17.671961,59.182233,0 17.671539,59.182176,0 17.671118,59.182132,0 17.670768,59.182099,0 17.670401,59.182073,0 17.669963,59.182050,0 17.669522,59.182038,0 17.669123,59.182033,0 17.668597,59.182042,0 17.668220,59.182056,0 17.668007,59.182067,0 17.667735,59.182085,0 17.667430,59.182108,0 17.667003,59.182150,0 17.666583,59.182202,0 17.666160,59.182260,0 17.665775,59.182323,0 17.665446,59.182384,0 17.665119,59.182451,0 17.664692,59.182547,0 17.664261,59.182657,0 17.663816,59.182784,0 17.663334,59.182937,0 17.662823,59.183118,0 17.662098,59.183397,0 17.661338,59.183705,0 17.660610,59.184015,0 17.660425,59.184093,0 17.659212,59.184619,0 17.658091,59.185150,0 17.657414,59.185471,0 17.656683,59.185832,0 17.656249,59.186045,0 17.655939,59.186197,0 17.655665,59.186324,0 17.655381,59.186446,0 17.655289,59.186484,0 17.655018,59.186589,0 17.654751,59.186683,0 17.654479,59.186770,0 17.654266,59.186830,0 17.654034,59.186892,0 17.653741,59.186960,0 17.653377,59.187037,0 17.653032,59.187097,0 17.652815,59.187128,0 17.652583,59.187159,0 17.652237,59.187199,0 17.651840,59.187230,0 17.651518,59.187247,0 17.651104,59.187258,0 17.650742,59.187256,0 17.650443,59.187248,0 17.650127,59.187233,0 17.649753,59.187206,0 17.649562,59.187187,0 17.649305,59.187158,0 17.648930,59.187105,0 17.648455,59.187024,0 17.648023,59.186933,0 17.647596,59.186830,0 17.647266,59.186745,0 17.646946,59.186657,0 17.646639,59.186566,0 17.646407,59.186492,0 17.646184,59.186415,0 17.645959,59.186329,0 17.645786,59.186258,0 17.645623,59.186182,0 17.645454,59.186104,0 17.645298,59.186017,0 17.645030,59.185854,0 17.644788,59.185681,0 17.644644,59.185562,0 17.644424,59.185349,0 17.644078,59.184949,0 17.643677,59.184432,0 17.643457,59.184127,0 17.643255,59.183753,0 17.643196,59.183585,0 17.643161,59.183393,0 17.643150,59.183250,0 17.643148,59.183013,0 17.643181,59.182799,0 17.643275,59.182480,0 17.643354,59.182305,0 17.643417,59.182181,0 17.643429,59.182160,0 17.643562,59.181948,0 17.643695,59.181770,0 17.643858,59.181593,0 17.643966,59.181472,0 17.644280,59.181168,0 17.644873,59.180620,0 17.645030,59.180468,0 17.645652,59.179883,0 17.645893,59.179671,0 17.646225,59.179393,0 17.646534,59.179124,0 17.646717,59.178951,0 17.646926,59.178739,0 17.648345,59.177174,0 17.648608,59.176883,0 17.649767,59.175600,0 17.649853,59.175506,0 17.650649,59.174621,0 17.649853,59.175506,0 17.649767,59.175600,0 17.648608,59.176883,0 17.648345,59.177174,0 17.646926,59.178739,0 17.646717,59.178951,0 17.646534,59.179124,0 17.646225,59.179393,0 17.645893,59.179671,0 17.645652,59.179883,0 17.645272,59.180169,0 17.645065,59.180318,0 17.644913,59.180440,0 17.644802,59.180543,0 17.644641,59.180692,0 17.644233,59.181080,0 17.643837,59.181462,0 17.643711,59.181596,0 17.643489,59.181861,0 17.643315,59.182132,0 17.643066,59.182472,0 17.642941,59.182640,0 17.642725,59.182860,0 17.642571,59.182996,0 17.642436,59.183111,0 17.642291,59.183219,0 17.642011,59.183398,0 17.641709,59.183567,0 17.641423,59.183710,0 17.641187,59.183824,0 17.640446,59.184123,0 17.639759,59.184333,0 17.639118,59.184492,0 17.638445,59.184652,0 17.637969,59.184762,0 17.637854,59.184789,0 17.634320,59.185613,0 17.633923,59.185715,0 17.633547,59.185819,0 17.633306,59.185895,0 17.633147,59.185949,0 17.633101,59.185966,0 17.632916,59.186035,0 17.632685,59.186130,0 17.632447,59.186239,0 17.632272,59.186329,0 17.632099,59.186427,0 17.631918,59.186539,0 17.631783,59.186628,0 17.631658,59.186720,0 17.631565,59.186791,0 17.631495,59.186851,0 17.631435,59.186906,0 17.631364,59.186972,0 17.631217,59.187118,0 17.631135,59.187211,0 17.631048,59.187311,0 17.630930,59.187495,0 17.630820,59.187697,0 17.630735,59.187837,0 17.630512,59.188246,0 17.630391,59.188460,0 17.630306,59.188630,0 17.630126,59.188952,0 17.629852,59.189481,0 17.629791,59.189594,0 17.629447,59.190228,0 17.629338,59.190384,0 17.629261,59.190475,0 17.629176,59.190575,0 17.629103,59.190659,0 17.628915,59.190830,0 17.628717,59.190985,0 17.628695,59.191003,0 17.628160,59.191456,0 17.627849,59.191722,0 17.627556,59.191969,0</coordinates></LineString></MultiGeometry></Placemark><Placemark><name>Pendeltåg 43 · Bro–Tungelsta</name><styleUrl>#line-pendel</styleUrl><MultiGeometry><LineString><tessellate>1</tessellate><coordinates>17.632897,59.512344,0 17.634905,59.511762,0 17.635079,59.511713,0 17.635827,59.511496,0 17.638914,59.510607,0 17.647358,59.508170,0 17.649684,59.507498,0 17.652627,59.506648,0 17.653480,59.506402,0 17.654243,59.506180,0 17.655371,59.505849,0 17.656216,59.505593,0 17.657054,59.505328,0 17.658070,59.504995,0 17.659031,59.504654,0 17.659987,59.504300,0 17.660911,59.503937,0 17.661803,59.503568,0 17.662600,59.503220,0 17.663385,59.502857,0 17.663800,59.502663,0 17.664207,59.502466,0 17.664935,59.502099,0 17.665375,59.501868,0 17.665807,59.501632,0 17.666238,59.501396,0 17.666658,59.501155,0 17.667016,59.500943,0 17.667672,59.500546,0 17.668304,59.500143,0 17.676072,59.495076,0 17.677877,59.493899,0 17.678542,59.493462,0 17.679108,59.493093,0 17.687953,59.487303,0 17.689352,59.486390,0 17.690196,59.485852,0 17.690777,59.485499,0 17.691478,59.485087,0 17.691870,59.484865,0 17.692064,59.484759,0 17.692506,59.484521,0 17.693096,59.484215,0 17.693688,59.483922,0 17.694306,59.483629,0 17.694923,59.483347,0 17.697745,59.482181,0 17.701311,59.481028,0 17.703704,59.480398,0 17.705796,59.479937,0 17.706277,59.479837,0 17.706640,59.479765,0 17.707480,59.479610,0 17.708342,59.479459,0 17.708881,59.479371,0 17.709431,59.479287,0 17.710360,59.479151,0 17.711440,59.479009,0 17.712502,59.478877,0 17.723340,59.477589,0 17.724931,59.477399,0 17.726482,59.477216,0 17.728019,59.477048,0 17.728688,59.476981,0 17.729904,59.476866,0 17.733241,59.476560,0 17.734817,59.476416,0 17.737477,59.476173,0 17.738775,59.476057,0 17.740118,59.475952,0 17.740712,59.475922,0 17.740987,59.475910,0 17.741468,59.475892,0 17.742310,59.475897,0 17.742627,59.475906,0 17.742892,59.475913,0 17.743476,59.475940,0 17.743948,59.475972,0 17.744417,59.476012,0 17.745060,59.476077,0 17.745392,59.476118,0 17.745804,59.476174,0 17.746584,59.476304,0 17.747167,59.476414,0 17.747673,59.476524,0 17.748177,59.476645,0 17.748950,59.476854,0 17.749327,59.476962,0 17.750186,59.477205,0 17.750504,59.477296,0 17.751034,59.477466,0 17.751331,59.477565,0 17.751843,59.477751,0 17.753850,59.478447,0 17.754610,59.478681,0 17.755003,59.478794,0 17.755280,59.478868,0 17.755592,59.478947,0 17.756059,59.479059,0 17.756600,59.479171,0 17.757005,59.479252,0 17.757287,59.479301,0 17.758018,59.479417,0 17.758399,59.479470,0 17.759348,59.479576,0 17.760450,59.479689,0 17.761768,59.479838,0 17.762708,59.479917,0 17.763030,59.479945,0 17.764581,59.480094,0 17.765260,59.480122,0 17.766234,59.480161,0 17.767694,59.480135,0 17.768884,59.480050,0 17.770314,59.479842,0 17.772389,59.479432,0 17.773802,59.479122,0 17.773955,59.479090,0 17.775551,59.478752,0 17.777808,59.478263,0 17.778928,59.478019,0 17.780552,59.477668,0 17.780586,59.477661,0 17.783245,59.477084,0 17.784008,59.476921,0 17.787388,59.476179,0 17.789548,59.475665,0 17.789993,59.475537,0 17.790125,59.475498,0 17.790374,59.475427,0 17.790832,59.475286,0 17.791283,59.475138,0 17.791692,59.474997,0 17.792097,59.474850,0 17.792761,59.474590,0 17.793157,59.474432,0 17.793543,59.474262,0 17.794223,59.473949,0 17.794572,59.473774,0 17.795000,59.473541,0 17.796087,59.472914,0 17.797419,59.471995,0 17.798358,59.471167,0 17.799215,59.470295,0 17.800334,59.468825,0 17.800504,59.468590,0 17.800855,59.467933,0 17.801133,59.467235,0 17.801224,59.466896,0 17.801343,59.466498,0 17.801413,59.466047,0 17.801442,59.465810,0 17.801460,59.465573,0 17.801467,59.465129,0 17.801443,59.464893,0 17.801405,59.464492,0 17.801306,59.463961,0 17.801196,59.463378,0 17.801146,59.463141,0 17.801072,59.462792,0 17.801018,59.462538,0 17.800965,59.462286,0 17.800732,59.460904,0 17.800696,59.460420,0 17.800696,59.459937,0 17.800722,59.459648,0 17.800750,59.459468,0 17.800885,59.458916,0 17.801077,59.458368,0 17.801277,59.457887,0 17.801572,59.457321,0 17.801853,59.456872,0 17.801993,59.456667,0 17.802214,59.456370,0 17.802454,59.456076,0 17.802850,59.455633,0 17.803287,59.455201,0 17.803333,59.455159,0 17.803545,59.454962,0 17.804132,59.454447,0 17.804434,59.454195,0 17.804754,59.453946,0 17.805265,59.453595,0 17.805653,59.453357,0 17.806085,59.453102,0 17.806131,59.453075,0 17.807265,59.452457,0 17.808235,59.451949,0 17.808881,59.451611,0 17.809389,59.451355,0 17.809490,59.451301,0 17.809732,59.451176,0 17.810108,59.450984,0 17.810483,59.450785,0 17.810819,59.450608,0 17.811634,59.450188,0 17.812423,59.449779,0 17.813223,59.449357,0 17.814079,59.448905,0 17.814703,59.448533,0 17.815262,59.448163,0 17.815960,59.447666,0 17.816285,59.447408,0 17.816615,59.447137,0 17.817045,59.446746,0 17.817314,59.446487,0 17.817530,59.446253,0 17.817753,59.446005,0 17.818155,59.445511,0 17.818431,59.445140,0 17.818485,59.445047,0 17.818519,59.444990,0 17.818767,59.444590,0 17.819025,59.444112,0 17.819611,59.442929,0 17.819840,59.442452,0 17.820076,59.441980,0 17.820613,59.441170,0 17.820951,59.440780,0 17.821499,59.440175,0 17.821667,59.439996,0 17.822361,59.439281,0 17.822772,59.438861,0 17.823735,59.437870,0 17.824661,59.436779,0 17.824753,59.436660,0 17.825178,59.436083,0 17.825663,59.435386,0 17.827169,59.433204,0 17.827816,59.432262,0 17.828269,59.431638,0 17.828723,59.431017,0 17.829686,59.429617,0 17.830612,59.428228,0 17.831148,59.427435,0 17.831292,59.427224,0 17.831647,59.426705,0 17.831849,59.426402,0 17.832071,59.426065,0 17.832315,59.425705,0 17.832379,59.425604,0 17.832476,59.425456,0 17.832650,59.425176,0 17.832692,59.425101,0 17.832766,59.424962,0 17.832915,59.424604,0 17.833042,59.424260,0 17.833143,59.423919,0 17.833212,59.423567,0 17.833245,59.423212,0 17.833250,59.422902,0 17.833238,59.422671,0 17.833217,59.422504,0 17.833162,59.422160,0 17.833048,59.421665,0 17.832902,59.421103,0 17.832742,59.420486,0 17.832558,59.419817,0 17.832478,59.419499,0 17.832469,59.419469,0 17.832422,59.419279,0 17.832360,59.418967,0 17.832321,59.418727,0 17.832308,59.418515,0 17.832307,59.418293,0 17.832333,59.418033,0 17.832357,59.417850,0 17.832383,59.417700,0 17.832438,59.417505,0 17.832483,59.417366,0 17.832551,59.417181,0 17.832629,59.417004,0 17.832717,59.416822,0 17.832846,59.416598,0 17.832975,59.416406,0 17.833180,59.416138,0 17.833423,59.415864,0 17.833667,59.415624,0 17.833847,59.415467,0 17.834053,59.415295,0 17.834332,59.415081,0 17.834509,59.414962,0 17.834802,59.414775,0 17.835152,59.414570,0 17.835616,59.414327,0 17.836040,59.414130,0 17.836537,59.413923,0 17.836812,59.413820,0 17.837214,59.413682,0 17.837663,59.413540,0 17.838169,59.413396,0 17.838715,59.413252,0 17.839312,59.413106,0 17.839869,59.412972,0 17.841186,59.412652,0 17.841286,59.412629,0 17.842236,59.412399,0 17.843128,59.412183,0 17.844107,59.411945,0 17.845064,59.411714,0 17.845975,59.411494,0 17.846933,59.411263,0 17.847953,59.411016,0 17.848920,59.410780,0 17.849722,59.410571,0 17.850534,59.410346,0 17.851015,59.410204,0 17.851754,59.409971,0 17.852559,59.409697,0 17.853231,59.409457,0 17.854806,59.408866,0 17.856542,59.408212,0 17.856667,59.408166,0 17.857050,59.408024,0 17.858258,59.407569,0 17.859915,59.406966,0 17.860776,59.406626,0 17.861488,59.406346,0 17.861809,59.406222,0 17.863096,59.405733,0 17.864295,59.405277,0 17.865493,59.404839,0 17.865681,59.404768,0 17.866404,59.404496,0 17.866970,59.404287,0 17.868186,59.403820,0 17.869339,59.403385,0 17.870046,59.403119,0 17.870730,59.402844,0 17.870797,59.402816,0 17.871116,59.402678,0 17.871449,59.402547,0 17.872093,59.402255,0 17.872252,59.402178,0 17.872742,59.401934,0 17.873297,59.401648,0 17.873851,59.401330,0 17.874360,59.401023,0 17.875008,59.400603,0 17.875604,59.400170,0 17.876187,59.399728,0 17.876695,59.399346,0 17.877237,59.398923,0 17.877812,59.398468,0 17.878387,59.398023,0 17.878964,59.397573,0 17.879462,59.397184,0 17.879600,59.397079,0 17.879917,59.396835,0 17.880261,59.396558,0 17.880647,59.396257,0 17.881270,59.395773,0 17.881387,59.395680,0 17.881848,59.395321,0 17.882431,59.394868,0 17.883041,59.394399,0 17.883599,59.393957,0 17.884173,59.393500,0 17.884736,59.393049,0 17.885306,59.392608,0 17.885871,59.392151,0 17.886406,59.391704,0 17.887046,59.391147,0 17.887377,59.390856,0 17.887640,59.390619,0 17.887735,59.390539,0 17.887959,59.390346,0 17.888204,59.390127,0 17.888446,59.389911,0 17.888682,59.389706,0 17.888785,59.389615,0 17.888957,59.389465,0 17.889479,59.389017,0 17.889923,59.388640,0 17.890374,59.388251,0 17.890616,59.388063,0 17.890876,59.387863,0 17.891343,59.387519,0 17.891736,59.387244,0 17.892200,59.386943,0 17.892689,59.386626,0 17.893117,59.386358,0 17.893589,59.386081,0 17.894040,59.385839,0 17.894414,59.385644,0 17.894980,59.385352,0 17.895169,59.385256,0 17.895424,59.385121,0 17.896146,59.384749,0 17.896713,59.384451,0 17.897304,59.384155,0 17.898070,59.383778,0 17.898789,59.383419,0 17.898906,59.383359,0 17.899536,59.383042,0 17.899939,59.382846,0 17.900300,59.382675,0 17.901114,59.382284,0 17.902029,59.381858,0 17.902614,59.381596,0 17.902663,59.381574,0 17.903171,59.381331,0 17.903930,59.380979,0 17.904693,59.380631,0 17.905342,59.380325,0 17.905971,59.380030,0 17.906578,59.379754,0 17.907341,59.379399,0 17.908005,59.379088,0 17.908632,59.378802,0 17.910203,59.378068,0 17.910979,59.377709,0 17.912538,59.376982,0 17.913863,59.376362,0 17.914893,59.375889,0 17.915670,59.375525,0 17.915697,59.375513,0 17.916470,59.375161,0 17.917280,59.374815,0 17.918098,59.374502,0 17.918951,59.374196,0 17.919839,59.373903,0 17.920759,59.373632,0 17.921692,59.373387,0 17.921845,59.373348,0 17.922542,59.373170,0 17.923577,59.372913,0 17.924753,59.372623,0 17.925597,59.372413,0 17.926582,59.372170,0 17.926743,59.372130,0 17.926806,59.372115,0 17.927429,59.371960,0 17.928961,59.371576,0 17.930608,59.371163,0 17.931003,59.371065,0 17.932246,59.370760,0 17.932734,59.370640,0 17.933574,59.370429,0 17.934141,59.370290,0 17.934204,59.370274,0 17.934236,59.370266,0 17.935256,59.370010,0 17.937046,59.369569,0 17.938906,59.369112,0 17.940795,59.368647,0 17.942712,59.368172,0 17.944287,59.367776,0 17.945539,59.367477,0 17.946417,59.367267,0 17.946627,59.367220,0 17.947315,59.367064,0 17.948230,59.366853,0 17.949164,59.366620,0 17.950898,59.366187,0 17.953089,59.365623,0 17.953589,59.365504,0 17.954230,59.365360,0 17.954954,59.365232,0 17.955630,59.365151,0 17.956284,59.365094,0 17.956979,59.365039,0 17.957765,59.364969,0 17.958098,59.364931,0 17.958436,59.364876,0 17.958910,59.364790,0 17.959347,59.364694,0 17.959755,59.364592,0 17.960190,59.364465,0 17.961051,59.364202,0 17.961804,59.363966,0 17.962708,59.363684,0 17.964457,59.363133,0 17.965427,59.362825,0 17.965523,59.362797,0 17.965588,59.362777,0 17.965789,59.362716,0 17.966561,59.362473,0 17.967164,59.362291,0 17.967499,59.362180,0 17.968837,59.361746,0 17.969073,59.361671,0 17.969744,59.361464,0 17.970610,59.361208,0 17.971453,59.360957,0 17.971925,59.360810,0 17.972356,59.360676,0 17.973062,59.360456,0 17.973587,59.360291,0 17.973883,59.360198,0 17.974213,59.360093,0 17.974575,59.359975,0 17.975050,59.359803,0 17.975372,59.359686,0 17.975753,59.359538,0 17.976201,59.359363,0 17.976464,59.359247,0 17.977273,59.358891,0 17.977425,59.358825,0 17.978059,59.358550,0 17.978835,59.358205,0 17.979644,59.357858,0 17.980508,59.357490,0 17.980993,59.357273,0 17.981130,59.357213,0 17.981873,59.356893,0 17.982340,59.356685,0 17.982602,59.356570,0 17.982879,59.356451,0 17.983609,59.356139,0 17.983663,59.356118,0 17.984234,59.355906,0 17.984682,59.355764,0 17.985108,59.355649,0 17.985572,59.355541,0 17.986098,59.355441,0 17.986554,59.355373,0 17.987133,59.355307,0 17.987286,59.355292,0 17.987627,59.355267,0 17.988517,59.355222,0 17.989480,59.355185,0 17.990486,59.355147,0 17.991532,59.355105,0 17.992551,59.355066,0 17.993571,59.355032,0 17.994627,59.354989,0 17.995678,59.354947,0 17.995689,59.354946,0 17.996736,59.354913,0 17.997485,59.354886,0 17.997995,59.354862,0 17.998434,59.354847,0 17.999120,59.354818,0 18.000036,59.354781,0 18.000588,59.354760,0 18.000865,59.354749,0 18.002064,59.354703,0 18.003339,59.354687,0 18.003570,59.354687,0 18.003859,59.354690,0 18.004267,59.354710,0 18.004679,59.354737,0 18.005105,59.354774,0 18.005520,59.354820,0 18.006450,59.354926,0 18.007243,59.355012,0 18.007594,59.355046,0 18.007991,59.355072,0 18.008370,59.355086,0 18.008765,59.355089,0 18.009148,59.355081,0 18.009519,59.355062,0 18.009901,59.355036,0 18.010278,59.354997,0 18.010361,59.354987,0 18.010635,59.354954,0 18.010986,59.354891,0 18.011352,59.354827,0 18.011689,59.354747,0 18.011939,59.354687,0 18.012043,59.354661,0 18.012364,59.354567,0 18.012374,59.354564,0 18.012621,59.354483,0 18.012871,59.354393,0 18.013264,59.354243,0 18.013601,59.354096,0 18.013888,59.353963,0 18.014064,59.353874,0 18.014302,59.353749,0 18.014498,59.353642,0 18.014727,59.353504,0 18.015013,59.353313,0 18.015190,59.353190,0 18.015397,59.353033,0 18.015638,59.352837,0 18.015823,59.352645,0 18.016103,59.352374,0 18.016374,59.352048,0 18.016501,59.351859,0 18.016678,59.351592,0 18.016816,59.351360,0 18.017104,59.350838,0 18.017385,59.350220,0 18.017702,59.349485,0 18.017920,59.349064,0 18.017963,59.348994,0 18.018171,59.348649,0 18.018354,59.348400,0 18.018559,59.348151,0 18.019388,59.347286,0 18.019657,59.347058,0 18.019989,59.346779,0 18.020244,59.346562,0 18.020255,59.346553,0 18.020432,59.346403,0 18.020622,59.346274,0 18.020872,59.346120,0 18.021270,59.345911,0 18.021811,59.345677,0 18.022346,59.345490,0 18.022833,59.345341,0 18.023210,59.345245,0 18.023616,59.345155,0 18.023997,59.345078,0 18.024513,59.344990,0 18.024968,59.344940,0 18.025077,59.344928,0 18.025468,59.344898,0 18.025871,59.344875,0 18.025953,59.344869,0 18.026481,59.344855,0 18.027016,59.344848,0 18.034738,59.344869,0 18.035731,59.344870,0 18.037622,59.344874,0 18.038554,59.344873,0 18.039098,59.344856,0 18.039633,59.344830,0 18.040155,59.344787,0 18.040669,59.344721,0 18.041111,59.344661,0 18.041530,59.344590,0 18.041955,59.344507,0 18.042346,59.344422,0 18.042446,59.344399,0 18.042804,59.344307,0 18.043297,59.344168,0 18.043425,59.344133,0 18.045983,59.343406,0 18.047831,59.342874,0 18.048611,59.342651,0 18.049472,59.342406,0 18.049830,59.342303,0 18.050398,59.342145,0 18.050937,59.341983,0 18.051327,59.341868,0 18.051697,59.341747,0 18.052025,59.341630,0 18.052329,59.341514,0 18.052773,59.341338,0 18.053040,59.341215,0 18.053306,59.341093,0 18.053729,59.340891,0 18.054169,59.340667,0 18.054407,59.340534,0 18.054747,59.340328,0 18.055090,59.340089,0 18.055325,59.339928,0 18.055703,59.339638,0 18.055993,59.339381,0 18.056231,59.339150,0 18.056624,59.338718,0 18.056808,59.338476,0 18.056915,59.338323,0 18.056974,59.338239,0 18.057219,59.337905,0 18.057446,59.337491,0 18.057491,59.337410,0 18.057682,59.337057,0 18.057930,59.336424,0 18.058133,59.335638,0 18.058342,59.334891,0 18.058597,59.333827,0 18.058709,59.333383,0 18.058867,59.332794,0 18.059111,59.331816,0 18.059342,59.330905,0 18.059392,59.330730,0 18.059541,59.330294,0 18.059641,59.330005,0 18.059812,59.329679,0 18.060097,59.329225,0 18.060510,59.328696,0 18.061143,59.327892,0 18.061585,59.327362,0 18.061917,59.326835,0 18.063519,59.324271,0 18.064460,59.322793,0 18.064805,59.322251,0 18.065477,59.321221,0 18.065644,59.320980,0 18.065686,59.320931,0 18.065887,59.320695,0 18.066015,59.320560,0 18.066200,59.320372,0 18.066402,59.320195,0 18.066677,59.319965,0 18.067633,59.319249,0 18.068017,59.318945,0 18.068210,59.318749,0 18.068382,59.318563,0 18.068556,59.318302,0 18.068645,59.318138,0 18.068731,59.317917,0 18.068746,59.317827,0 18.068784,59.317646,0 18.068803,59.317393,0 18.068806,59.317321,0 18.068776,59.317127,0 18.068706,59.316876,0 18.068604,59.316601,0 18.068497,59.316378,0 18.068315,59.316080,0 18.068081,59.315774,0 18.067945,59.315650,0 18.067778,59.315500,0 18.067564,59.315325,0 18.067285,59.315150,0 18.067120,59.315053,0 18.066855,59.314925,0 18.065858,59.314515,0 18.065459,59.314377,0 18.065053,59.314259,0 18.064571,59.314135,0 18.064563,59.314133,0 18.064358,59.314086,0 18.063557,59.313922,0 18.061810,59.313595,0 18.058144,59.312912,0 18.057383,59.312771,0 18.057280,59.312753,0 18.056851,59.312678,0 18.056457,59.312609,0 18.056135,59.312556,0 18.055526,59.312470,0 18.054051,59.312254,0 18.052470,59.312020,0 18.052240,59.311987,0 18.051797,59.311916,0 18.050733,59.311761,0 18.050340,59.311698,0 18.050070,59.311660,0 18.048807,59.311472,0 18.048285,59.311391,0 18.047861,59.311321,0 18.047518,59.311262,0 18.047247,59.311213,0 18.047037,59.311173,0 18.046842,59.311135,0 18.046544,59.311067,0 18.046394,59.311031,0 18.046192,59.310979,0 18.046051,59.310939,0 18.045904,59.310899,0 18.045714,59.310842,0 18.045588,59.310803,0 18.045459,59.310761,0 18.045332,59.310720,0 18.045195,59.310673,0 18.045104,59.310641,0 18.044926,59.310575,0 18.044840,59.310544,0 18.044654,59.310469,0 18.044479,59.310394,0 18.044305,59.310312,0 18.044218,59.310270,0 18.044049,59.310187,0 18.043919,59.310121,0 18.043803,59.310062,0 18.043662,59.309983,0 18.043549,59.309917,0 18.043439,59.309850,0 18.043312,59.309770,0 18.043218,59.309709,0 18.043087,59.309618,0 18.042958,59.309530,0 18.042779,59.309397,0 18.042608,59.309264,0 18.042457,59.309143,0 18.042278,59.308997,0 18.039204,59.306468,0 18.038957,59.306266,0 18.038855,59.306181,0 18.037888,59.305385,0 18.037242,59.304854,0 18.036765,59.304460,0 18.036519,59.304262,0 18.036303,59.304085,0 18.036217,59.304012,0 18.036132,59.303940,0 18.035949,59.303790,0 18.035694,59.303576,0 18.035447,59.303380,0 18.034996,59.303033,0 18.034644,59.302792,0 18.034154,59.302468,0 18.033757,59.302229,0 18.033484,59.302066,0 18.032853,59.301698,0 18.032360,59.301410,0 18.032050,59.301245,0 18.031996,59.301216,0 18.031673,59.301044,0 18.031236,59.300818,0 18.030917,59.300669,0 18.030568,59.300521,0 18.030352,59.300431,0 18.030228,59.300382,0 18.029444,59.300091,0 18.028888,59.299883,0 18.028369,59.299679,0 18.027731,59.299419,0 18.026464,59.298858,0 18.025888,59.298586,0 18.025254,59.298265,0 18.024815,59.298018,0 18.024284,59.297692,0 18.023985,59.297500,0 18.023707,59.297314,0 18.023055,59.296805,0 18.022690,59.296491,0 18.022302,59.296125,0 18.022033,59.295857,0 18.021781,59.295587,0 18.021569,59.295332,0 18.021464,59.295199,0 18.021237,59.294906,0 18.021057,59.294630,0 18.020909,59.294404,0 18.020775,59.294176,0 18.020690,59.294008,0 18.020615,59.293863,0 18.020381,59.293328,0 18.020319,59.293158,0 18.020262,59.292988,0 18.020167,59.292657,0 18.020057,59.292216,0 18.020026,59.292074,0 18.019967,59.291723,0 18.019929,59.291487,0 18.019922,59.291442,0 18.019787,59.290245,0 18.019691,59.289379,0 18.019653,59.289049,0 18.019614,59.288736,0 18.019562,59.288432,0 18.019498,59.288026,0 18.019114,59.285598,0 18.019058,59.285227,0 18.018952,59.284708,0 18.018887,59.284443,0 18.018632,59.283529,0 18.018516,59.283155,0 18.018446,59.282912,0 18.018267,59.282571,0 18.018155,59.282393,0 18.018015,59.282197,0 18.017875,59.282020,0 18.017720,59.281844,0 18.017423,59.281542,0 18.017137,59.281299,0 18.016980,59.281175,0 18.016828,59.281063,0 18.016695,59.280971,0 18.016581,59.280895,0 18.016464,59.280818,0 18.016385,59.280769,0 18.016338,59.280739,0 18.016240,59.280680,0 18.016163,59.280634,0 18.016049,59.280570,0 18.015858,59.280464,0 18.015708,59.280382,0 18.015444,59.280246,0 18.015240,59.280146,0 18.014907,59.279990,0 18.014724,59.279906,0 18.014225,59.279686,0 18.013303,59.279278,0 18.012693,59.279009,0 18.012686,59.279006,0 18.011661,59.278555,0 18.010819,59.278185,0 18.010495,59.278047,0 18.009950,59.277805,0 18.009406,59.277550,0 18.009289,59.277494,0 18.009226,59.277463,0 18.008958,59.277329,0 18.008624,59.277154,0 18.008300,59.276970,0 18.007828,59.276671,0 18.007641,59.276552,0 18.007430,59.276392,0 18.007293,59.276280,0 18.007143,59.276145,0 18.006997,59.275989,0 18.006877,59.275844,0 18.006802,59.275730,0 18.006723,59.275599,0 18.006653,59.275457,0 18.006600,59.275311,0 18.006567,59.275181,0 18.006546,59.275048,0 18.006535,59.274926,0 18.006536,59.274833,0 18.006540,59.274763,0 18.006549,59.274702,0 18.006569,59.274582,0 18.006606,59.274446,0 18.006648,59.274328,0 18.006694,59.274219,0 18.006761,59.274099,0 18.006840,59.273977,0 18.006912,59.273875,0 18.006995,59.273777,0 18.007140,59.273622,0 18.007239,59.273531,0 18.007285,59.273489,0 18.007459,59.273351,0 18.007610,59.273245,0 18.007756,59.273150,0 18.007993,59.273013,0 18.008145,59.272933,0 18.008296,59.272863,0 18.008548,59.272749,0 18.008850,59.272629,0 18.009188,59.272502,0 18.009604,59.272360,0 18.010015,59.272220,0 18.010427,59.272080,0 18.011478,59.271721,0 18.012004,59.271540,0 18.012524,59.271356,0 18.012823,59.271247,0 18.013121,59.271132,0 18.013529,59.270966,0 18.013926,59.270795,0 18.014448,59.270557,0 18.014807,59.270390,0 18.015141,59.270232,0 18.017896,59.268918,0 18.018526,59.268607,0 18.018966,59.268378,0 18.019424,59.268124,0 18.019823,59.267894,0 18.020237,59.267638,0 18.020821,59.267246,0 18.021106,59.267041,0 18.021339,59.266866,0 18.021528,59.266726,0 18.022361,59.266075,0 18.022692,59.265816,0 18.023242,59.265391,0 18.023723,59.265047,0 18.024063,59.264812,0 18.024337,59.264631,0 18.024665,59.264427,0 18.025300,59.264060,0 18.025925,59.263726,0 18.026300,59.263543,0 18.027221,59.263113,0 18.028615,59.262504,0 18.029350,59.262188,0 18.030431,59.261723,0 18.032285,59.260924,0 18.034189,59.260100,0 18.035372,59.259592,0 18.035806,59.259417,0 18.036622,59.259081,0 18.037491,59.258759,0 18.038073,59.258563,0 18.038436,59.258439,0 18.039119,59.258223,0 18.040481,59.257812,0 18.043401,59.256941,0 18.043719,59.256845,0 18.044968,59.256471,0 18.046431,59.256034,0 18.047054,59.255847,0 18.048184,59.255507,0 18.048826,59.255317,0 18.049378,59.255151,0 18.050320,59.254869,0 18.051226,59.254598,0 18.052179,59.254314,0 18.053113,59.254035,0 18.053659,59.253862,0 18.054196,59.253687,0 18.054361,59.253630,0 18.054691,59.253516,0 18.055076,59.253378,0 18.055683,59.253150,0 18.056551,59.252805,0 18.057575,59.252395,0 18.058112,59.252180,0 18.058291,59.252107,0 18.058889,59.251869,0 18.059622,59.251574,0 18.059888,59.251465,0 18.060047,59.251401,0 18.060115,59.251374,0 18.060308,59.251294,0 18.060636,59.251150,0 18.060973,59.250998,0 18.061346,59.250816,0 18.061658,59.250653,0 18.061864,59.250539,0 18.062131,59.250386,0 18.062514,59.250150,0 18.062742,59.250001,0 18.062929,59.249869,0 18.063283,59.249624,0 18.063744,59.249280,0 18.064016,59.249083,0 18.064700,59.248577,0 18.065604,59.247907,0 18.066499,59.247246,0 18.067304,59.246653,0 18.068130,59.246058,0 18.068376,59.245890,0 18.068662,59.245707,0 18.068887,59.245577,0 18.069199,59.245405,0 18.069476,59.245263,0 18.069816,59.245098,0 18.070146,59.244949,0 18.070566,59.244777,0 18.071005,59.244616,0 18.071443,59.244468,0 18.071839,59.244345,0 18.072241,59.244229,0 18.072691,59.244113,0 18.073249,59.243983,0 18.073567,59.243914,0 18.074227,59.243777,0 18.074763,59.243673,0 18.075393,59.243546,0 18.076533,59.243316,0 18.077393,59.243136,0 18.078148,59.242972,0 18.078978,59.242776,0 18.079406,59.242673,0 18.080100,59.242501,0 18.080678,59.242344,0 18.081077,59.242237,0 18.081670,59.242069,0 18.082375,59.241861,0 18.083595,59.241485,0 18.084357,59.241236,0 18.084763,59.241108,0 18.085142,59.240986,0 18.085351,59.240919,0 18.085784,59.240780,0 18.087048,59.240372,0 18.088366,59.239946,0 18.088507,59.239900,0 18.089541,59.239565,0 18.090370,59.239298,0 18.091202,59.239029,0 18.091903,59.238806,0 18.092251,59.238689,0 18.095001,59.237802,0 18.095832,59.237538,0 18.096371,59.237377,0 18.096736,59.237278,0 18.097092,59.237188,0 18.097347,59.237130,0 18.097632,59.237070,0 18.097962,59.237006,0 18.098236,59.236959,0 18.098544,59.236912,0 18.099017,59.236849,0 18.099390,59.236811,0 18.099740,59.236778,0 18.099976,59.236762,0 18.100161,59.236748,0 18.100700,59.236723,0 18.101441,59.236711,0 18.103285,59.236703,0 18.104501,59.236700,0 18.105612,59.236701,0 18.106029,59.236697,0 18.106134,59.236697,0 18.107478,59.236697,0 18.109196,59.236691,0 18.110211,59.236690,0 18.110691,59.236682,0 18.111185,59.236664,0 18.111378,59.236655,0 18.111962,59.236613,0 18.112290,59.236582,0 18.112794,59.236526,0 18.113021,59.236494,0 18.113252,59.236460,0 18.113456,59.236430,0 18.113998,59.236332,0 18.114569,59.236206,0 18.115269,59.236026,0 18.115809,59.235863,0 18.116388,59.235661,0 18.116992,59.235416,0 18.117482,59.235188,0 18.117996,59.234914,0 18.118194,59.234799,0 18.118464,59.234631,0 18.118982,59.234292,0 18.119596,59.233872,0 18.120583,59.233186,0 18.121022,59.232886,0 18.121254,59.232727,0 18.122434,59.231918,0 18.123346,59.231293,0 18.124115,59.230763,0 18.125033,59.230143,0 18.125275,59.229993,0 18.126138,59.229505,0 18.126582,59.229286,0 18.127187,59.229016,0 18.127575,59.228857,0 18.128273,59.228599,0 18.128522,59.228507,0 18.129297,59.228238,0 18.130491,59.227855,0 18.130831,59.227749,0 18.132890,59.227095,0 18.134440,59.226606,0 18.134919,59.226461,0 18.135389,59.226309,0 18.135850,59.226154,0 18.136319,59.225990,0 18.136979,59.225747,0 18.138031,59.225319,0 18.138927,59.224962,0 18.139643,59.224678,0 18.140198,59.224454,0 18.140533,59.224328,0 18.140938,59.224194,0 18.141434,59.224043,0 18.141612,59.223995,0 18.141936,59.223912,0 18.142788,59.223716,0 18.142810,59.223711,0 18.143471,59.223562,0 18.144350,59.223372,0 18.145597,59.223096,0 18.146480,59.222900,0 18.147271,59.222727,0 18.148041,59.222540,0 18.148550,59.222411,0 18.149038,59.222256,0 18.149503,59.222102,0 18.149705,59.222027,0 18.149961,59.221928,0 18.150447,59.221718,0 18.150886,59.221508,0 18.151376,59.221234,0 18.151831,59.220948,0 18.152152,59.220737,0 18.152199,59.220699,0 18.152427,59.220521,0 18.152523,59.220440,0 18.152826,59.220181,0 18.153140,59.219847,0 18.153356,59.219606,0 18.153579,59.219357,0 18.154247,59.218577,0 18.154757,59.217967,0 18.154902,59.217786,0 18.155173,59.217427,0 18.155398,59.217126,0 18.155598,59.216864,0 18.155761,59.216670,0 18.156223,59.216124,0 18.156687,59.215582,0 18.157053,59.215162,0 18.157361,59.214790,0 18.157605,59.214419,0 18.157742,59.214183,0 18.157793,59.214089,0 18.157890,59.213898,0 18.157989,59.213630,0 18.158067,59.213309,0 18.158088,59.213202,0 18.158126,59.213016,0 18.158169,59.212761,0 18.158371,59.211547,0 18.158691,59.209625,0 18.158756,59.209093,0 18.158800,59.208741,0 18.158810,59.208279,0 18.158796,59.208046,0 18.158775,59.207819,0 18.158724,59.207551,0 18.158644,59.207289,0 18.158542,59.207031,0 18.158423,59.206772,0 18.158133,59.206367,0 18.157822,59.205968,0 18.157576,59.205712,0 18.157308,59.205464,0 18.157007,59.205209,0 18.156678,59.204966,0 18.155415,59.204221,0 18.154280,59.203742,0 18.153371,59.203452,0 18.151977,59.203064,0 18.150152,59.202556,0 18.149341,59.202329,0 18.145621,59.201284,0 18.145369,59.201200,0 18.144970,59.201058,0 18.144675,59.200942,0 18.144389,59.200813,0 18.143436,59.200292,0 18.143225,59.200164,0 18.143016,59.200030,0 18.142812,59.199890,0 18.142612,59.199741,0 18.142412,59.199583,0 18.142226,59.199414,0 18.142039,59.199226,0 18.141874,59.199038,0 18.141616,59.198702,0 18.141477,59.198521,0 18.141359,59.198343,0 18.141257,59.198146,0 18.141169,59.197948,0 18.141016,59.197544,0 18.140461,59.195331,0 18.140129,59.193991,0 18.140098,59.193882,0 18.139975,59.193531,0 18.139803,59.193196,0 18.139581,59.192825,0 18.139437,59.192599,0 18.139041,59.192114,0 18.137368,59.190065,0 18.136945,59.189418,0 18.136637,59.188859,0 18.136315,59.187997,0 18.136224,59.187738,0 18.135914,59.186717,0 18.135897,59.186662,0 18.135657,59.185840,0 18.135489,59.185296,0 18.135320,59.184567,0 18.135263,59.184279,0 18.135183,59.183931,0 18.135123,59.183502,0 18.135179,59.182390,0 18.135454,59.181334,0 18.136510,59.177839,0 18.136742,59.177069,0 18.137514,59.174681,0 18.137561,59.174412,0 18.137591,59.174136,0 18.137598,59.173554,0 18.137600,59.173324,0 18.137584,59.173097,0 18.137517,59.172718,0 18.137445,59.172445,0 18.137341,59.172158,0 18.137227,59.171869,0 18.136922,59.171263,0 18.136316,59.170092,0 18.135745,59.169032,0 18.135645,59.168845,0 18.135056,59.167860,0 18.134185,59.166411,0 18.133266,59.164893,0 18.133129,59.164666,0 18.132593,59.163794,0 18.132286,59.163169,0 18.132157,59.162875,0 18.131843,59.162071,0 18.131728,59.161783,0 18.131203,59.160340,0 18.130837,59.159301,0 18.129936,59.156598,0 18.129842,59.156218,0 18.129779,59.155837,0 18.129590,59.154386,0 18.129450,59.153367,0 18.129303,59.152316,0 18.129182,59.151468,0 18.129127,59.151025,0 18.128999,59.149519,0 18.128981,59.149324,0 18.128804,59.147794,0 18.128674,59.146840,0 18.128603,59.146508,0 18.128504,59.146185,0 18.128298,59.145625,0 18.127909,59.144752,0 18.127511,59.143984,0 18.127357,59.143671,0 18.126782,59.142600,0 18.126585,59.142233,0 18.125992,59.141104,0 18.125183,59.139690,0 18.124693,59.138827,0 18.124409,59.138314,0 18.123979,59.137540,0 18.123398,59.136425,0 18.122887,59.135452,0 18.122029,59.133939,0 18.121893,59.133709,0 18.121567,59.133285,0 18.121189,59.132873,0 18.116770,59.128869,0 18.116074,59.128279,0 18.115786,59.128055,0 18.115480,59.127832,0 18.115140,59.127619,0 18.114786,59.127412,0 18.114351,59.127197,0 18.113814,59.126955,0 18.113404,59.126791,0 18.112881,59.126593,0 18.112678,59.126516,0 18.110405,59.125672,0 18.108666,59.125026,0 18.108630,59.125012,0 18.107772,59.124693,0 18.107430,59.124566,0 18.105510,59.123843,0 18.105069,59.123677,0 18.104413,59.123427,0 18.103389,59.123037,0 18.101622,59.122368,0 18.100881,59.122078,0 18.098656,59.121239,0 18.098608,59.121220,0 18.098364,59.121128,0 18.094635,59.119716,0 18.093299,59.119215,0 18.090073,59.118041,0 18.087945,59.117221,0 18.087075,59.116885,0 18.086340,59.116610,0 18.084588,59.115950,0 18.080060,59.114263,0 18.072601,59.111474,0 18.070118,59.110551,0 18.068531,59.109961,0 18.067100,59.109429,0 18.066079,59.109049,0 18.065682,59.108896,0 18.065284,59.108741,0 18.062479,59.107700,0 18.057380,59.105853,0 18.055981,59.105397,0 18.055755,59.105324,0 18.054860,59.105063,0 18.054725,59.105024,0 18.052681,59.104482,0 18.050107,59.103805,0 18.049460,59.103625,0 18.048311,59.103326,0 18.045640,59.102611,0</coordinates></LineString></MultiGeometry></Placemark><Placemark><name>Pendeltåg 48 · Södertälje centrum–Södertälje syd</name><styleUrl>#line-pendel</styleUrl><MultiGeometry><LineString><tessellate>1</tessellate><coordinates>17.645541,59.163516,0 17.646222,59.163913,0 17.646911,59.164314,0 17.647348,59.164567,0 17.647421,59.164611,0 17.647582,59.164704,0 17.648053,59.164977,0 17.649206,59.165644,0 17.650078,59.166149,0 17.650190,59.166214,0 17.651042,59.166720,0 17.651364,59.166937,0 17.651681,59.167162,0 17.652025,59.167442,0 17.652171,59.167575,0 17.652294,59.167685,0 17.652424,59.167821,0 17.652550,59.167961,0 17.652740,59.168195,0 17.652845,59.168340,0 17.652948,59.168489,0 17.653107,59.168736,0 17.653254,59.169083,0 17.653372,59.169460,0 17.653437,59.169786,0 17.653458,59.170054,0 17.653461,59.170215,0 17.653448,59.170371,0 17.653433,59.170511,0 17.653412,59.170651,0 17.653380,59.170799,0 17.653347,59.170930,0 17.653295,59.171087,0 17.653243,59.171232,0 17.653126,59.171493,0 17.653058,59.171618,0 17.652886,59.171911,0 17.652774,59.172080,0 17.652656,59.172249,0 17.652464,59.172498,0 17.652112,59.172911,0 17.651867,59.173180,0 17.651393,59.173707,0 17.651186,59.173939,0 17.650781,59.174380,0 17.650576,59.174600,0 17.650167,59.175009,0 17.649765,59.175410,0 17.649279,59.175895,0 17.648829,59.176336,0 17.648464,59.176710,0 17.648397,59.176779,0 17.648113,59.177087,0 17.646767,59.178575,0 17.646464,59.178882,0 17.646338,59.179008,0 17.646137,59.179203,0 17.645968,59.179405,0 17.645776,59.179624,0 17.645539,59.179851,0 17.645150,59.180208,0 17.644913,59.180440,0 17.644802,59.180543,0 17.644641,59.180692,0 17.644233,59.181080,0 17.643837,59.181462,0 17.643711,59.181596,0 17.643489,59.181861,0 17.643315,59.182132,0 17.643066,59.182472,0 17.642941,59.182640,0 17.642725,59.182860,0 17.642571,59.182996,0 17.642436,59.183111,0 17.642291,59.183219,0 17.642011,59.183398,0 17.641709,59.183567,0 17.641423,59.183710,0 17.641187,59.183824,0 17.640446,59.184123,0 17.639759,59.184333,0 17.639118,59.184492,0 17.638445,59.184652,0 17.637969,59.184762,0 17.637854,59.184789,0 17.634320,59.185613,0 17.633923,59.185715,0 17.633547,59.185819,0 17.633306,59.185895,0 17.633147,59.185949,0 17.633101,59.185966,0 17.632916,59.186035,0 17.632685,59.186130,0 17.632447,59.186239,0 17.632272,59.186329,0 17.632099,59.186427,0 17.631918,59.186539,0 17.631783,59.186628,0 17.631658,59.186720,0 17.631565,59.186791,0 17.631495,59.186851,0 17.631435,59.186906,0 17.631364,59.186972,0 17.631217,59.187118,0 17.631135,59.187211,0 17.631048,59.187311,0 17.630930,59.187495,0 17.630820,59.187697,0 17.630735,59.187837,0 17.630512,59.188246,0 17.630391,59.188460,0 17.630306,59.188630,0 17.630126,59.188952,0 17.629832,59.189379,0 17.629660,59.189569,0 17.629500,59.189749,0 17.629396,59.189891,0 17.629277,59.190072,0 17.629146,59.190235,0 17.629061,59.190333,0 17.628983,59.190433,0 17.628860,59.190570,0 17.628612,59.190809,0 17.628485,59.190920,0 17.628466,59.190938,0 17.628355,59.191033,0 17.628115,59.191234,0 17.627924,59.191388,0 17.627314,59.191897,0</coordinates></LineString></MultiGeometry></Placemark><Placemark><name>Spårväg City 7 · T-Centralen–Waldemarsudde</name><styleUrl>#line-city</styleUrl><MultiGeometry><LineString><tessellate>1</tessellate><coordinates>18.061657,59.331972,0 18.061907,59.332034,0 18.062855,59.332268,0 18.062987,59.332301,0 18.063946,59.332531,0 18.064061,59.332552,0 18.064167,59.332565,0 18.064265,59.332567,0 18.064330,59.332564,0 18.064421,59.332552,0 18.064505,59.332533,0 18.064624,59.332495,0 18.064695,59.332467,0 18.064812,59.332416,0 18.064856,59.332391,0 18.064907,59.332369,0 18.064953,59.332356,0 18.065008,59.332347,0 18.065103,59.332341,0 18.065210,59.332348,0 18.065299,59.332359,0 18.065391,59.332378,0 18.065471,59.332398,0 18.065556,59.332421,0 18.065735,59.332467,0 18.065793,59.332478,0 18.065889,59.332497,0 18.065984,59.332511,0 18.066066,59.332519,0 18.066174,59.332526,0 18.067845,59.332593,0 18.068077,59.332601,0 18.068328,59.332618,0 18.069822,59.332696,0 18.069874,59.332700,0 18.069948,59.332704,0 18.070699,59.332741,0 18.071141,59.332768,0 18.071326,59.332777,0 18.071578,59.332790,0 18.071838,59.332818,0 18.072197,59.332882,0 18.072370,59.332904,0 18.072564,59.332914,0 18.073433,59.332933,0 18.073545,59.332930,0 18.073687,59.332926,0 18.074394,59.332928,0 18.075068,59.332945,0 18.075189,59.332951,0 18.075254,59.332950,0 18.075435,59.332946,0 18.075499,59.332945,0 18.075598,59.332933,0 18.075639,59.332927,0 18.075799,59.332900,0 18.075848,59.332889,0 18.075895,59.332878,0 18.076037,59.332849,0 18.076602,59.332694,0 18.077184,59.332540,0 18.077236,59.332526,0 18.077296,59.332510,0 18.077539,59.332450,0 18.077929,59.332353,0 18.079376,59.331967,0 18.079520,59.331927,0 18.081157,59.331477,0 18.081278,59.331449,0 18.081440,59.331421,0 18.081602,59.331403,0 18.081884,59.331400,0 18.084029,59.331444,0 18.084453,59.331452,0 18.084549,59.331456,0 18.084746,59.331461,0 18.091440,59.331635,0 18.091998,59.331714,0 18.092181,59.331728,0 18.092641,59.331736,0 18.092957,59.331743,0 18.093026,59.331741,0 18.093117,59.331738,0 18.093212,59.331725,0 18.093272,59.331714,0 18.093385,59.331676,0 18.093475,59.331609,0 18.093518,59.331571,0 18.093645,59.331379,0 18.093931,59.330871,0 18.094109,59.330544,0 18.094195,59.330402,0 18.094241,59.330344,0 18.094308,59.330269,0 18.094495,59.330094,0 18.095389,59.329312,0 18.096351,59.328470,0 18.096439,59.328380,0 18.096512,59.328288,0 18.096585,59.328171,0 18.096624,59.328082,0 18.096638,59.327989,0 18.096636,59.327905,0 18.096619,59.327816,0 18.096528,59.327590,0 18.096477,59.327491,0 18.096324,59.327231,0 18.096251,59.327102,0 18.096202,59.326980,0 18.096165,59.326842,0 18.096146,59.326702,0 18.096157,59.326583,0 18.096186,59.326465,0 18.096239,59.326355,0 18.096311,59.326246,0 18.096339,59.326208,0 18.096451,59.326055,0 18.096479,59.326017,0 18.096523,59.325959,0 18.096695,59.325736,0 18.096880,59.325465,0 18.097043,59.325273,0 18.097267,59.325009,0 18.097351,59.324930,0 18.097439,59.324840,0 18.097575,59.324735,0 18.097859,59.324559,0 18.097901,59.324538,0 18.098054,59.324462,0 18.098233,59.324389,0 18.098399,59.324331,0 18.098582,59.324278,0 18.098880,59.324211,0 18.099023,59.324185,0 18.099259,59.324140,0 18.099593,59.324076,0 18.100227,59.323960,0 18.100696,59.323906,0 18.101370,59.323785,0 18.101789,59.323708,0 18.102029,59.323666,0 18.102450,59.323581,0 18.103029,59.323456,0 18.103154,59.323434,0 18.103475,59.323380,0 18.103648,59.323355,0 18.104048,59.323307,0 18.104603,59.323247,0 18.104890,59.323218,0 18.106091,59.323084,0 18.106439,59.323064,0 18.106704,59.323059,0 18.107043,59.323063,0 18.107396,59.323075,0 18.107839,59.323095,0 18.108276,59.323129,0 18.108653,59.323157,0 18.108808,59.323167,0 18.109067,59.323187,0 18.109325,59.323214,0 18.109626,59.323256,0 18.109945,59.323296,0 18.110035,59.323300,0 18.110123,59.323294,0 18.110204,59.323280,0 18.110284,59.323262,0 18.110370,59.323224,0 18.110426,59.323186,0 18.110457,59.323141,0 18.110497,59.323058,0 18.110534,59.322954,0 18.110578,59.322863,0 18.110651,59.322792,0 18.110695,59.322763,0 18.110750,59.322738,0 18.110811,59.322716,0 18.110872,59.322699,0 18.110959,59.322680,0 18.111051,59.322667,0 18.111260,59.322646,0</coordinates></LineString></MultiGeometry></Placemark><Placemark><name>Nockebybanan 12 · Alvik–Nockeby</name><styleUrl>#line-nockeby</styleUrl><MultiGeometry><LineString><tessellate>1</tessellate><coordinates>17.981340,59.333487,0 17.980499,59.333582,0 17.979879,59.333650,0 17.979819,59.333658,0 17.979325,59.333711,0 17.979077,59.333742,0 17.978816,59.333779,0 17.978160,59.333872,0 17.977965,59.333898,0 17.977819,59.333914,0 17.977633,59.333930,0 17.977490,59.333939,0 17.977294,59.333946,0 17.977064,59.333946,0 17.977057,59.333946,0 17.976869,59.333941,0 17.976679,59.333932,0 17.976533,59.333921,0 17.976385,59.333907,0 17.976214,59.333886,0 17.976059,59.333862,0 17.975893,59.333832,0 17.975751,59.333805,0 17.975619,59.333774,0 17.975466,59.333736,0 17.975305,59.333688,0 17.975152,59.333640,0 17.974973,59.333577,0 17.974732,59.333475,0 17.974554,59.333388,0 17.974411,59.333306,0 17.974264,59.333207,0 17.974161,59.333129,0 17.974073,59.333045,0 17.973992,59.332947,0 17.973943,59.332870,0 17.973904,59.332782,0 17.973881,59.332695,0 17.973874,59.332630,0 17.973878,59.332525,0 17.973900,59.332441,0 17.973928,59.332359,0 17.973988,59.332254,0 17.974059,59.332162,0 17.974187,59.332041,0 17.974401,59.331866,0 17.974639,59.331673,0 17.974764,59.331552,0 17.974867,59.331424,0 17.974941,59.331294,0 17.974974,59.331222,0 17.974999,59.331119,0 17.975037,59.330884,0 17.975105,59.330210,0 17.975112,59.330114,0 17.975109,59.330045,0 17.975100,59.329987,0 17.975080,59.329921,0 17.975040,59.329840,0 17.974980,59.329760,0 17.974929,59.329708,0 17.974868,59.329652,0 17.974707,59.329506,0 17.974514,59.329334,0 17.974462,59.329287,0 17.974337,59.329190,0 17.974266,59.329141,0 17.974202,59.329091,0 17.974183,59.329066,0 17.974103,59.328962,0 17.974020,59.328829,0 17.973982,59.328734,0 17.973715,59.328020,0 17.973580,59.327664,0 17.973511,59.327485,0 17.973481,59.327394,0 17.973454,59.327305,0 17.973438,59.327212,0 17.973436,59.327117,0 17.973460,59.326999,0 17.973506,59.326891,0 17.973637,59.326661,0 17.973754,59.326433,0 17.973786,59.326240,0 17.973786,59.326063,0 17.973756,59.325613,0 17.973731,59.325250,0 17.973729,59.325160,0 17.973733,59.325067,0 17.973748,59.324973,0 17.973780,59.324865,0 17.973793,59.324822,0 17.973913,59.324509,0 17.974110,59.323986,0 17.974182,59.323790,0 17.974254,59.323561,0 17.974273,59.323445,0 17.974273,59.323330,0 17.974244,59.323211,0 17.974203,59.323094,0 17.974049,59.322874,0 17.973813,59.322671,0 17.973538,59.322506,0 17.973190,59.322359,0 17.972845,59.322254,0 17.972373,59.322157,0 17.969853,59.321668,0 17.968432,59.321393,0 17.965789,59.320880,0 17.965290,59.320801,0 17.965141,59.320794,0 17.964993,59.320796,0 17.964635,59.320836,0 17.964437,59.320864,0 17.964137,59.320910,0 17.963681,59.320976,0 17.963019,59.321098,0 17.962584,59.321204,0 17.962188,59.321328,0 17.961830,59.321497,0 17.960241,59.322410,0 17.959676,59.322739,0 17.959506,59.322838,0 17.959117,59.323005,0 17.958678,59.323134,0 17.958175,59.323236,0 17.956804,59.323449,0 17.956546,59.323467,0 17.956382,59.323462,0 17.956124,59.323439,0 17.955878,59.323386,0 17.955575,59.323282,0 17.955274,59.323111,0 17.954812,59.322818,0 17.953954,59.322274,0 17.953611,59.322020,0 17.953416,59.321828,0 17.952633,59.320996,0 17.952394,59.320816,0 17.952145,59.320685,0 17.952004,59.320638,0 17.951870,59.320591,0 17.951629,59.320553,0 17.951379,59.320528,0 17.951137,59.320523,0 17.950780,59.320542,0 17.950091,59.320572,0 17.949470,59.320606,0 17.948866,59.320655,0 17.948276,59.320751,0 17.947750,59.320885,0 17.947234,59.321059,0 17.946794,59.321249,0 17.946415,59.321484,0 17.945903,59.321855,0 17.945358,59.322261,0 17.944920,59.322549,0 17.944831,59.322583,0 17.944648,59.322653,0 17.944260,59.322774,0 17.943920,59.322847,0 17.943573,59.322892,0 17.943145,59.322913,0 17.942694,59.322905,0 17.942304,59.322895,0 17.941799,59.322881,0 17.941667,59.322889,0 17.941510,59.322899,0 17.941412,59.322905,0 17.941077,59.322956,0 17.940731,59.323051,0 17.940458,59.323167,0 17.940388,59.323207,0 17.940250,59.323269,0 17.939953,59.323409,0 17.939707,59.323519,0 17.939328,59.323710,0 17.939023,59.323900,0 17.939004,59.323925,0 17.938793,59.324079,0 17.938533,59.324419,0 17.938196,59.324957,0 17.937863,59.325441,0 17.936887,59.326925,0 17.936691,59.327205,0 17.936644,59.327272,0 17.936409,59.327486,0 17.936182,59.327613,0 17.936130,59.327643,0 17.935764,59.327790,0 17.935411,59.327896,0 17.935269,59.327936,0 17.934731,59.328027,0 17.930298,59.328732,0 17.928744,59.328982,0 17.928670,59.328994,0 17.928342,59.329051,0 17.928164,59.329076,0 17.928061,59.329092,0 17.927615,59.329161,0 17.926064,59.329411,0 17.925181,59.329554,0 17.924505,59.329643,0 17.924243,59.329660,0 17.923978,59.329666,0 17.923369,59.329658,0 17.922582,59.329621,0 17.921782,59.329594,0 17.921295,59.329551,0 17.920813,59.329479,0 17.920351,59.329366,0 17.919886,59.329212,0 17.919455,59.329062,0 17.919261,59.328999,0 17.918426,59.328713,0</coordinates></LineString></MultiGeometry></Placemark><Placemark><name>Lidingöbanan 21 · Ropsten–Gåshaga brygga</name><styleUrl>#line-orange</styleUrl><MultiGeometry><LineString><tessellate>1</tessellate><coordinates>18.103845,59.358102,0 18.104125,59.358190,0 18.104528,59.358323,0 18.104597,59.358355,0 18.104642,59.358383,0 18.104684,59.358415,0 18.104721,59.358453,0 18.104750,59.358498,0 18.104869,59.358743,0 18.104937,59.358843,0 18.105001,59.358906,0 18.105064,59.358957,0 18.105242,59.359053,0 18.105444,59.359148,0 18.113088,59.362823,0 18.113243,59.362889,0 18.113364,59.362934,0 18.113511,59.362976,0 18.113657,59.363014,0 18.113830,59.363044,0 18.114022,59.363067,0 18.114167,59.363076,0 18.114327,59.363077,0 18.114462,59.363073,0 18.114594,59.363062,0 18.114715,59.363046,0 18.114857,59.363020,0 18.115008,59.362984,0 18.115213,59.362926,0 18.115858,59.362743,0 18.115940,59.362722,0 18.116609,59.362555,0 18.116800,59.362499,0 18.116978,59.362436,0 18.117114,59.362373,0 18.117293,59.362281,0 18.117321,59.362267,0 18.117457,59.362184,0 18.117575,59.362098,0 18.117690,59.362007,0 18.117748,59.361947,0 18.117795,59.361899,0 18.117873,59.361804,0 18.117936,59.361710,0 18.117986,59.361622,0 18.118033,59.361502,0 18.118053,59.361417,0 18.118071,59.361332,0 18.118078,59.361226,0 18.118073,59.361131,0 18.118064,59.360994,0 18.118018,59.360659,0 18.117988,59.360567,0 18.117927,59.360370,0 18.117909,59.360280,0 18.117906,59.360197,0 18.117912,59.360128,0 18.117923,59.360034,0 18.117951,59.359946,0 18.117988,59.359862,0 18.118049,59.359760,0 18.118125,59.359667,0 18.118208,59.359580,0 18.118317,59.359484,0 18.118475,59.359376,0 18.118663,59.359266,0 18.118899,59.359147,0 18.119396,59.358922,0 18.120153,59.358631,0 18.121710,59.358086,0 18.122231,59.357921,0 18.122724,59.357797,0 18.122940,59.357751,0 18.123366,59.357670,0 18.123928,59.357595,0 18.124370,59.357547,0 18.124878,59.357519,0 18.125261,59.357509,0 18.125593,59.357504,0 18.126349,59.357526,0 18.126820,59.357533,0 18.127279,59.357518,0 18.127750,59.357486,0 18.128298,59.357439,0 18.128650,59.357405,0 18.129228,59.357358,0 18.129637,59.357324,0 18.130116,59.357284,0 18.130848,59.357221,0 18.131558,59.357162,0 18.132239,59.357099,0 18.132622,59.357055,0 18.132800,59.357035,0 18.133373,59.356956,0 18.133579,59.356922,0 18.133931,59.356857,0 18.134396,59.356748,0 18.134753,59.356642,0 18.135122,59.356512,0 18.135511,59.356351,0 18.135991,59.356077,0 18.136317,59.355853,0 18.136496,59.355711,0 18.136831,59.355373,0 18.137551,59.354602,0 18.138017,59.354108,0 18.138162,59.353954,0 18.138512,59.353573,0 18.138675,59.353409,0 18.138887,59.353219,0 18.139235,59.352945,0 18.139571,59.352717,0 18.140123,59.352409,0 18.140418,59.352268,0 18.140724,59.352135,0 18.141011,59.352023,0 18.141306,59.351916,0 18.141636,59.351811,0 18.141962,59.351718,0 18.142484,59.351585,0 18.143865,59.351296,0 18.144209,59.351210,0 18.144601,59.351097,0 18.145173,59.350903,0 18.145663,59.350707,0 18.146009,59.350563,0 18.146264,59.350459,0 18.146562,59.350338,0 18.147296,59.350036,0 18.147601,59.349914,0 18.147954,59.349767,0 18.148196,59.349660,0 18.148425,59.349547,0 18.148673,59.349410,0 18.148847,59.349305,0 18.149343,59.348972,0 18.149524,59.348852,0 18.149750,59.348717,0 18.150049,59.348562,0 18.150383,59.348418,0 18.150699,59.348303,0 18.151091,59.348181,0 18.151635,59.348025,0 18.152784,59.347694,0 18.153174,59.347575,0 18.153359,59.347509,0 18.153589,59.347407,0 18.153792,59.347289,0 18.154299,59.346961,0 18.154437,59.346885,0 18.154653,59.346795,0 18.154819,59.346739,0 18.155017,59.346682,0 18.155120,59.346653,0 18.155334,59.346600,0 18.155714,59.346499,0 18.156505,59.346293,0 18.157146,59.346126,0 18.157458,59.346037,0 18.157707,59.345958,0 18.158116,59.345813,0 18.158843,59.345501,0 18.159445,59.345244,0 18.159638,59.345170,0 18.159833,59.345103,0 18.160041,59.345040,0 18.160330,59.344961,0 18.160587,59.344904,0 18.160858,59.344852,0 18.161263,59.344794,0 18.162532,59.344636,0 18.163089,59.344553,0 18.163636,59.344453,0 18.164219,59.344325,0 18.164997,59.344144,0 18.165469,59.344047,0 18.166169,59.343909,0 18.166479,59.343851,0 18.167903,59.343609,0 18.168529,59.343531,0 18.168851,59.343496,0 18.169342,59.343449,0 18.169550,59.343434,0 18.170259,59.343388,0 18.170990,59.343367,0 18.171115,59.343363,0 18.171350,59.343363,0 18.171654,59.343366,0 18.171955,59.343375,0 18.172276,59.343400,0 18.172633,59.343433,0 18.173413,59.343537,0 18.173964,59.343607,0 18.174557,59.343688,0 18.174835,59.343734,0 18.175202,59.343808,0 18.175446,59.343865,0 18.175853,59.343969,0 18.176253,59.344076,0 18.176779,59.344214,0 18.177064,59.344283,0 18.177353,59.344343,0 18.177675,59.344400,0 18.178025,59.344442,0 18.178383,59.344469,0 18.178743,59.344482,0 18.179179,59.344473,0 18.179794,59.344444,0 18.180407,59.344397,0 18.180550,59.344382,0 18.180671,59.344369,0 18.180949,59.344335,0 18.181292,59.344273,0 18.181592,59.344205,0 18.181872,59.344129,0 18.182251,59.344013,0 18.182713,59.343899,0 18.183982,59.343575,0 18.184967,59.343322,0 18.185429,59.343221,0 18.185848,59.343140,0 18.186419,59.343054,0 18.186587,59.343032,0 18.187004,59.342992,0 18.187466,59.342959,0 18.187847,59.342946,0 18.188315,59.342941,0 18.189043,59.342963,0 18.189632,59.343007,0 18.190020,59.343057,0 18.190495,59.343128,0 18.190928,59.343212,0 18.191319,59.343296,0 18.191602,59.343371,0 18.192000,59.343492,0 18.192477,59.343663,0 18.193037,59.343945,0 18.193309,59.344082,0 18.193471,59.344170,0 18.193714,59.344283,0 18.194474,59.344658,0 18.194548,59.344695,0 18.194934,59.344874,0 18.195302,59.345048,0 18.195607,59.345205,0 18.197405,59.346145,0 18.197817,59.346354,0 18.199259,59.347075,0 18.200375,59.347616,0 18.200728,59.347778,0 18.200842,59.347827,0 18.200993,59.347888,0 18.201178,59.347953,0 18.201573,59.348070,0 18.201811,59.348135,0 18.202039,59.348183,0 18.202291,59.348227,0 18.202496,59.348261,0 18.202770,59.348310,0 18.202912,59.348329,0 18.203624,59.348411,0 18.204412,59.348502,0 18.204720,59.348529,0 18.205223,59.348565,0 18.205339,59.348578,0 18.205477,59.348595,0 18.205830,59.348639,0 18.206391,59.348707,0 18.206727,59.348760,0 18.206979,59.348810,0 18.207286,59.348876,0 18.207577,59.348952,0 18.207929,59.349062,0 18.208202,59.349159,0 18.208457,59.349263,0 18.208690,59.349375,0 18.208943,59.349502,0 18.209188,59.349648,0 18.209384,59.349765,0 18.209550,59.349871,0 18.209652,59.349925,0 18.209900,59.350057,0 18.210213,59.350187,0 18.210473,59.350286,0 18.210695,59.350361,0 18.210938,59.350432,0 18.211250,59.350502,0 18.211908,59.350631,0 18.213603,59.350955,0 18.214481,59.351138,0 18.214798,59.351223,0 18.215142,59.351334,0 18.215639,59.351535,0 18.216002,59.351715,0 18.216228,59.351837,0 18.216413,59.351943,0 18.216717,59.352137,0 18.216852,59.352218,0 18.216956,59.352283,0 18.217133,59.352375,0 18.217321,59.352465,0 18.217560,59.352572,0 18.217733,59.352648,0 18.217861,59.352704,0 18.217947,59.352739,0 18.218166,59.352827,0 18.218297,59.352877,0 18.218414,59.352923,0 18.218483,59.352950,0 18.218638,59.353008,0 18.219083,59.353168,0 18.219720,59.353370,0 18.220052,59.353487,0 18.220350,59.353610,0 18.220635,59.353742,0 18.220942,59.353924,0 18.221129,59.354051,0 18.221305,59.354178,0 18.221454,59.354311,0 18.221614,59.354471,0 18.221747,59.354629,0 18.221894,59.354823,0 18.222010,59.354977,0 18.222130,59.355113,0 18.222291,59.355265,0 18.222375,59.355336,0 18.222467,59.355410,0 18.222618,59.355516,0 18.222836,59.355657,0 18.223061,59.355785,0 18.223222,59.355865,0 18.223432,59.355962,0 18.223632,59.356047,0 18.223823,59.356118,0 18.224100,59.356210,0 18.224453,59.356307,0 18.224747,59.356378,0 18.225055,59.356440,0 18.225405,59.356494,0 18.225755,59.356538,0 18.226262,59.356596,0 18.227214,59.356704,0 18.229212,59.356929,0 18.229637,59.356977,0 18.229747,59.356987,0 18.229870,59.356999,0 18.230110,59.357015,0 18.230359,59.357024,0 18.230584,59.357027,0 18.230829,59.357026,0 18.231203,59.357008,0 18.231433,59.356996,0 18.231998,59.356965,0 18.232529,59.356936,0 18.233177,59.356913,0 18.233862,59.356893,0</coordinates></LineString></MultiGeometry></Placemark><Placemark><name>Tvärbanan 30 · Sickla–Solna station</name><styleUrl>#line-orange</styleUrl><MultiGeometry><LineString><tessellate>1</tessellate><coordinates>18.120768,59.306855,0 18.121381,59.306725,0 18.121451,59.306709,0 18.120438,59.306925,0 18.120250,59.306964,0 18.120214,59.306971,0 18.120148,59.306983,0 18.119132,59.307170,0 18.119109,59.307174,0 18.117354,59.307508,0 18.117221,59.307527,0 18.117099,59.307539,0 18.116965,59.307547,0 18.116833,59.307544,0 18.116715,59.307537,0 18.116595,59.307522,0 18.116479,59.307502,0 18.116358,59.307472,0 18.116260,59.307439,0 18.116162,59.307400,0 18.116077,59.307359,0 18.115997,59.307310,0 18.115921,59.307252,0 18.115859,59.307198,0 18.115782,59.307118,0 18.115728,59.307064,0 18.115118,59.306423,0 18.115015,59.306313,0 18.114915,59.306209,0 18.114836,59.306139,0 18.114761,59.306083,0 18.114670,59.306030,0 18.114541,59.305972,0 18.114426,59.305931,0 18.114250,59.305887,0 18.114088,59.305863,0 18.113928,59.305849,0 18.113790,59.305846,0 18.113619,59.305850,0 18.113389,59.305867,0 18.113113,59.305890,0 18.111540,59.306030,0 18.111434,59.306039,0 18.111347,59.306047,0 18.111266,59.306054,0 18.110001,59.306163,0 18.109587,59.306199,0 18.109471,59.306210,0 18.108543,59.306290,0 18.108084,59.306325,0 18.108003,59.306326,0 18.107925,59.306325,0 18.107850,59.306316,0 18.107761,59.306301,0 18.107691,59.306283,0 18.107628,59.306255,0 18.107567,59.306228,0 18.107524,59.306194,0 18.107475,59.306151,0 18.107438,59.306097,0 18.107363,59.305947,0 18.107333,59.305891,0 18.107265,59.305776,0 18.107190,59.305662,0 18.107073,59.305511,0 18.106892,59.305320,0 18.106779,59.305214,0 18.106653,59.305109,0 18.106454,59.304952,0 18.106162,59.304732,0 18.105866,59.304502,0 18.105810,59.304457,0 18.105757,59.304418,0 18.105530,59.304245,0 18.104755,59.303659,0 18.104276,59.303298,0 18.104009,59.303092,0 18.103391,59.302626,0 18.103153,59.302434,0 18.103066,59.302386,0 18.102934,59.302333,0 18.102867,59.302308,0 18.102771,59.302289,0 18.102682,59.302279,0 18.102598,59.302276,0 18.102511,59.302279,0 18.102404,59.302293,0 18.102243,59.302333,0 18.101572,59.302556,0 18.100195,59.303029,0 18.100101,59.303062,0 18.098800,59.303512,0 18.097416,59.303990,0 18.097283,59.304034,0 18.097159,59.304067,0 18.097059,59.304087,0 18.096959,59.304107,0 18.096836,59.304125,0 18.096667,59.304143,0 18.096526,59.304154,0 18.095853,59.304196,0 18.095274,59.304235,0 18.094985,59.304251,0 18.094784,59.304257,0 18.094697,59.304256,0 18.094604,59.304253,0 18.094495,59.304246,0 18.094420,59.304238,0 18.094293,59.304219,0 18.094171,59.304197,0 18.094067,59.304174,0 18.092909,59.303892,0 18.092805,59.303866,0 18.092691,59.303838,0 18.091978,59.303670,0 18.091456,59.303553,0 18.089589,59.303097,0 18.089173,59.302987,0 18.088746,59.302875,0 18.088604,59.302839,0 18.088025,59.302698,0 18.087424,59.302546,0 18.086989,59.302441,0 18.084517,59.301836,0 18.084264,59.301774,0 18.084057,59.301724,0 18.083894,59.301687,0 18.083770,59.301660,0 18.083628,59.301634,0 18.083494,59.301614,0 18.083352,59.301596,0 18.083235,59.301584,0 18.083139,59.301577,0 18.083027,59.301572,0 18.082894,59.301568,0 18.082743,59.301570,0 18.082632,59.301575,0 18.082492,59.301583,0 18.082384,59.301594,0 18.082271,59.301606,0 18.082154,59.301622,0 18.081915,59.301657,0 18.081667,59.301693,0 18.081530,59.301710,0 18.081370,59.301726,0 18.081216,59.301737,0 18.081062,59.301743,0 18.080904,59.301744,0 18.080722,59.301740,0 18.080573,59.301731,0 18.080446,59.301719,0 18.080306,59.301704,0 18.080085,59.301671,0 18.079827,59.301615,0 18.079669,59.301568,0 18.079622,59.301551,0 18.079564,59.301529,0 18.079498,59.301500,0 18.079433,59.301468,0 18.079381,59.301440,0 18.079318,59.301400,0 18.079256,59.301355,0 18.079201,59.301308,0 18.079157,59.301263,0 18.079121,59.301219,0 18.079089,59.301168,0 18.079063,59.301113,0 18.079054,59.301082,0 18.079042,59.301042,0 18.079036,59.301003,0 18.079034,59.300958,0 18.079039,59.300912,0 18.079046,59.300876,0 18.079061,59.300829,0 18.079083,59.300781,0 18.079112,59.300735,0 18.079149,59.300687,0 18.079182,59.300652,0 18.079213,59.300619,0 18.079266,59.300575,0 18.079325,59.300533,0 18.079375,59.300502,0 18.079430,59.300471,0 18.079580,59.300375,0 18.079653,59.300333,0 18.079713,59.300295,0 18.079755,59.300267,0 18.079821,59.300215,0 18.079864,59.300180,0 18.079904,59.300136,0 18.079947,59.300088,0 18.079975,59.300049,0 18.080000,59.300008,0 18.080020,59.299966,0 18.080035,59.299926,0 18.080085,59.299750,0 18.080108,59.299675,0 18.080144,59.299560,0 18.080205,59.299383,0 18.080447,59.298918,0 18.080521,59.298767,0 18.080617,59.298537,0 18.080718,59.298358,0 18.080751,59.298307,0 18.080776,59.298263,0 18.080798,59.298223,0 18.080813,59.298184,0 18.080828,59.298140,0 18.080836,59.298092,0 18.080842,59.298048,0 18.080840,59.298003,0 18.080832,59.297943,0 18.080812,59.297889,0 18.080786,59.297834,0 18.080749,59.297772,0 18.080701,59.297714,0 18.080636,59.297652,0 18.080517,59.297545,0 18.080383,59.297429,0 18.080217,59.297284,0 18.080092,59.297169,0 18.079934,59.297022,0 18.079821,59.296907,0 18.079730,59.296809,0 18.079658,59.296713,0 18.079564,59.296592,0 18.079489,59.296479,0 18.079395,59.296318,0 18.079306,59.296135,0 18.079223,59.295939,0 18.079145,59.295734,0 18.079060,59.295527,0 18.078971,59.295354,0 18.078904,59.295256,0 18.078794,59.295130,0 18.078680,59.295029,0 18.078516,59.294884,0 18.078367,59.294780,0 18.078169,59.294674,0 18.077692,59.294511,0 18.077042,59.294347,0 18.076568,59.294236,0 18.075905,59.294079,0 18.075621,59.294012,0 18.074875,59.293841,0 18.074760,59.293818,0 18.074505,59.293765,0 18.073773,59.293629,0 18.073483,59.293582,0 18.073301,59.293555,0 18.073014,59.293520,0 18.072529,59.293498,0 18.072402,59.293498,0 18.072067,59.293516,0 18.071839,59.293540,0 18.071560,59.293582,0 18.071214,59.293649,0 18.070659,59.293764,0 18.070297,59.293835,0 18.069951,59.293901,0 18.069693,59.293938,0 18.069380,59.293978,0 18.069025,59.294005,0 18.068599,59.294020,0 18.068124,59.294012,0 18.067762,59.293990,0 18.067422,59.293959,0 18.067062,59.293908,0 18.066638,59.293838,0 18.066048,59.293719,0 18.065431,59.293600,0 18.065130,59.293541,0 18.064726,59.293463,0 18.064031,59.293342,0 18.063601,59.293285,0 18.063052,59.293218,0 18.062460,59.293157,0 18.062284,59.293145,0 18.061802,59.293119,0 18.061218,59.293093,0 18.060660,59.293082,0 18.060209,59.293081,0 18.059629,59.293105,0 18.058731,59.293155,0 18.058220,59.293198,0 18.057648,59.293255,0 18.057469,59.293277,0 18.057157,59.293316,0 18.056853,59.293355,0 18.056223,59.293442,0 18.055824,59.293512,0 18.055397,59.293589,0 18.054171,59.293845,0 18.053306,59.294027,0 18.052819,59.294129,0 18.051980,59.294305,0 18.050175,59.294690,0 18.048480,59.295053,0 18.046814,59.295391,0 18.046233,59.295509,0 18.045446,59.295669,0 18.044997,59.295764,0 18.044073,59.295951,0 18.042992,59.296168,0 18.042539,59.296265,0 18.042252,59.296317,0 18.042024,59.296347,0 18.041761,59.296365,0 18.041560,59.296373,0 18.041152,59.296373,0 18.040421,59.296368,0 18.039524,59.296363,0 18.038532,59.296358,0 18.038218,59.296366,0 18.037871,59.296416,0 18.037596,59.296488,0 18.037429,59.296543,0 18.037292,59.296603,0 18.036989,59.296770,0 18.036603,59.296984,0 18.036480,59.297046,0 18.036276,59.297121,0 18.036134,59.297171,0 18.035911,59.297224,0 18.034964,59.297441,0 18.033763,59.297721,0 18.033115,59.297869,0 18.032644,59.297977,0 18.032259,59.298074,0 18.031898,59.298185,0 18.031648,59.298274,0 18.031416,59.298366,0 18.030983,59.298546,0 18.030707,59.298671,0 18.030448,59.298800,0 18.030295,59.298889,0 18.030214,59.298937,0 18.030152,59.298970,0 18.030091,59.299008,0 18.029713,59.299254,0 18.029354,59.299498,0 18.028433,59.300096,0 18.026829,59.301141,0 18.026527,59.301382,0 18.026012,59.302015,0 18.025813,59.302530,0 18.025892,59.303466,0 18.026083,59.304917,0 18.025979,59.305231,0 18.025728,59.305658,0 18.025612,59.305878,0 18.025514,59.306072,0 18.025478,59.306142,0 18.025087,59.306893,0 18.025014,59.307034,0 18.024957,59.307187,0 18.024947,59.307286,0 18.024954,59.307378,0 18.024965,59.307469,0 18.025002,59.307571,0 18.025085,59.307705,0 18.025174,59.307814,0 18.025332,59.307951,0 18.025834,59.308374,0 18.026184,59.308697,0 18.026535,59.308988,0 18.026692,59.309121,0 18.026954,59.309344,0 18.027204,59.309558,0 18.027282,59.309627,0 18.027325,59.309691,0 18.027349,59.309741,0 18.027344,59.309796,0 18.027340,59.309826,0 18.027333,59.309851,0 18.027298,59.309900,0 18.027280,59.309916,0 18.027264,59.309931,0 18.027184,59.309986,0 18.027106,59.310022,0 18.026527,59.310224,0 18.026368,59.310268,0 18.026204,59.310307,0 18.026082,59.310332,0 18.025954,59.310356,0 18.025855,59.310370,0 18.025579,59.310402,0 18.025383,59.310421,0 18.025259,59.310441,0 18.025167,59.310464,0 18.025056,59.310507,0 18.024966,59.310555,0 18.024748,59.310678,0 18.024469,59.310846,0 18.024352,59.310917,0 18.024177,59.311033,0 18.024128,59.311066,0 18.024086,59.311098,0 18.024049,59.311137,0 18.024023,59.311174,0 18.024008,59.311209,0 18.024002,59.311237,0 18.024000,59.311274,0 18.024004,59.311307,0 18.024027,59.311373,0 18.024189,59.311707,0 18.024465,59.312033,0 18.024586,59.312177,0 18.024610,59.312230,0 18.024621,59.312281,0 18.024605,59.312336,0 18.024588,59.312373,0 18.024530,59.312441,0 18.024484,59.312474,0 18.024420,59.312508,0 18.024252,59.312567,0 18.022660,59.312956,0 18.022594,59.312973,0 18.022374,59.313030,0 18.022104,59.313106,0 18.021146,59.313388,0 18.020439,59.313601,0 18.019939,59.313751,0 18.019157,59.313964,0 18.018802,59.314060,0 18.017902,59.314271,0 18.017646,59.314329,0 18.016981,59.314499,0 18.016912,59.314517,0 18.016841,59.314537,0 18.016766,59.314556,0 18.016633,59.314593,0 18.016463,59.314639,0 18.016244,59.314708,0 18.015931,59.314820,0 18.015642,59.314943,0 18.014564,59.315540,0 18.014491,59.315581,0 18.014439,59.315610,0 18.014278,59.315699,0 18.013758,59.315987,0 18.013489,59.316102,0 18.013347,59.316130,0 18.013190,59.316145,0 18.013031,59.316145,0 18.012775,59.316117,0 18.011300,59.315940,0 18.010651,59.315848,0 18.010586,59.315838,0 18.010417,59.315812,0 18.010262,59.315785,0 18.010118,59.315766,0 18.008756,59.315529,0 18.007638,59.315272,0 18.007566,59.315255,0 18.007340,59.315204,0 18.007181,59.315187,0 18.007007,59.315172,0 18.006952,59.315168,0 18.006796,59.315162,0 18.006713,59.315163,0 18.006646,59.315163,0 18.006458,59.315170,0 18.006287,59.315182,0 18.005920,59.315219,0 18.005598,59.315252,0 18.004846,59.315333,0 18.004167,59.315406,0 18.003663,59.315462,0 18.003159,59.315504,0 18.002787,59.315535,0 18.002381,59.315574,0 18.002014,59.315626,0 18.001825,59.315659,0 18.001671,59.315692,0 18.001546,59.315727,0 18.001442,59.315760,0 18.001277,59.315834,0 18.001150,59.315908,0 18.001039,59.315987,0 18.000941,59.316073,0 18.000479,59.316511,0 17.999948,59.317006,0 17.999410,59.317463,0 17.998441,59.318205,0 17.997453,59.318953,0 17.996934,59.319359,0 17.996740,59.319522,0 17.996575,59.319686,0 17.996403,59.319891,0 17.996272,59.320085,0 17.996181,59.320286,0 17.996097,59.320490,0 17.996066,59.320596,0 17.996045,59.320724,0 17.996026,59.320857,0 17.996032,59.320988,0 17.996042,59.321128,0 17.996075,59.321284,0 17.996131,59.321473,0 17.996336,59.321933,0 17.996475,59.322356,0 17.996460,59.322551,0 17.996403,59.322812,0 17.996359,59.322908,0 17.996255,59.323068,0 17.996115,59.323225,0 17.995725,59.323548,0 17.994796,59.324224,0 17.994288,59.324495,0 17.993898,59.324633,0 17.993389,59.324749,0 17.993094,59.324809,0 17.992337,59.324948,0 17.992051,59.324995,0 17.991714,59.325066,0 17.991425,59.325136,0 17.990731,59.325343,0 17.990410,59.325441,0 17.988980,59.325874,0 17.986736,59.326547,0 17.984856,59.327111,0 17.984346,59.327280,0 17.983999,59.327416,0 17.983666,59.327564,0 17.983442,59.327681,0 17.983260,59.327786,0 17.983011,59.327951,0 17.982842,59.328088,0 17.982681,59.328251,0 17.982558,59.328414,0 17.982479,59.328562,0 17.982380,59.328751,0 17.982249,59.328972,0 17.982068,59.329239,0 17.981821,59.329562,0 17.981539,59.329917,0 17.981474,59.330004,0 17.981311,59.330220,0 17.981111,59.330431,0 17.980939,59.330591,0 17.980745,59.330747,0 17.980416,59.330987,0 17.980186,59.331164,0 17.980017,59.331311,0 17.979903,59.331432,0 17.979834,59.331532,0 17.979759,59.331650,0 17.979720,59.331751,0 17.979690,59.331860,0 17.979673,59.331946,0 17.979669,59.332025,0 17.979686,59.332125,0 17.979713,59.332239,0 17.979743,59.332336,0 17.979834,59.332587,0 17.979876,59.332704,0 17.979896,59.332745,0 17.979920,59.332812,0 17.980048,59.333132,0 17.980106,59.333265,0 17.980226,59.333562,0 17.980269,59.333672,0 17.980315,59.333794,0 17.980381,59.333979,0 17.980417,59.334089,0 17.980601,59.334659,0 17.980662,59.334926,0 17.980765,59.335344,0 17.980833,59.335835,0 17.980742,59.336274,0 17.980500,59.336655,0 17.979676,59.337247,0 17.974793,59.340028,0 17.974299,59.340304,0 17.973783,59.340583,0 17.972757,59.341137,0 17.970330,59.342453,0 17.969715,59.342785,0 17.969382,59.342972,0 17.969202,59.343078,0 17.969042,59.343169,0 17.968581,59.343438,0 17.968451,59.343513,0 17.968289,59.343624,0 17.968158,59.343740,0 17.967562,59.344525,0 17.967210,59.345015,0 17.966960,59.345355,0 17.966880,59.345449,0 17.966806,59.345521,0 17.966652,59.345650,0 17.966532,59.345729,0 17.966372,59.345821,0 17.965836,59.346078,0 17.965214,59.346377,0 17.965009,59.346486,0 17.964809,59.346622,0 17.964532,59.346822,0 17.964392,59.346994,0 17.963163,59.348814,0 17.962645,59.349625,0 17.962499,59.349942,0 17.962433,59.350109,0 17.962312,59.350318,0 17.962149,59.350531,0 17.961990,59.350702,0 17.961557,59.351175,0 17.960889,59.352073,0 17.960539,59.352543,0 17.959956,59.353412,0 17.959893,59.353694,0 17.959922,59.353844,0 17.959977,59.353974,0 17.960075,59.354117,0 17.960600,59.354725,0 17.960721,59.354865,0 17.961124,59.355567,0 17.961331,59.355927,0 17.961566,59.356335,0 17.961619,59.356430,0 17.961817,59.356769,0 17.961974,59.357068,0 17.962041,59.357279,0 17.962064,59.357469,0 17.962027,59.357824,0 17.961959,59.358007,0 17.961883,59.358156,0 17.961832,59.358230,0 17.961581,59.358565,0 17.961365,59.358848,0 17.960903,59.359449,0 17.960785,59.359619,0 17.960766,59.359664,0 17.960754,59.359709,0 17.960744,59.359769,0 17.960749,59.359814,0 17.960764,59.359859,0 17.960786,59.359903,0 17.960818,59.359946,0 17.960859,59.359985,0 17.960905,59.360022,0 17.960956,59.360057,0 17.961022,59.360089,0 17.961102,59.360121,0 17.961160,59.360143,0 17.961236,59.360169,0 17.961375,59.360209,0 17.962185,59.360419,0 17.962282,59.360449,0 17.963531,59.360844,0 17.963691,59.360889,0 17.963950,59.360965,0 17.965139,59.361253,0 17.965323,59.361297,0 17.965731,59.361392,0 17.965985,59.361432,0 17.966231,59.361457,0 17.966378,59.361466,0 17.966527,59.361472,0 17.966724,59.361473,0 17.966898,59.361466,0 17.967074,59.361455,0 17.967447,59.361423,0 17.967778,59.361395,0 17.967987,59.361376,0 17.968685,59.361316,0 17.968829,59.361299,0 17.968946,59.361277,0 17.969047,59.361254,0 17.969185,59.361214,0 17.969238,59.361197,0 17.969416,59.361140,0 17.969728,59.361029,0 17.970210,59.360850,0 17.970669,59.360656,0 17.970826,59.360595,0 17.971652,59.360193,0 17.972331,59.359898,0 17.972558,59.359812,0 17.972620,59.359793,0 17.972724,59.359773,0 17.972819,59.359760,0 17.972913,59.359754,0 17.972974,59.359754,0 17.973032,59.359757,0 17.973130,59.359766,0 17.973228,59.359780,0 17.973291,59.359793,0 17.973351,59.359810,0 17.973452,59.359841,0 17.976282,59.360994,0 17.976405,59.361033,0 17.976501,59.361054,0 17.976622,59.361067,0 17.976724,59.361072,0 17.976846,59.361068,0 17.976955,59.361056,0 17.977073,59.361032,0 17.977185,59.360993,0 17.977329,59.360915,0 17.977411,59.360856,0 17.977470,59.360816,0 17.977516,59.360782,0 17.977770,59.360599,0 17.978342,59.360194,0 17.978586,59.360014,0 17.978862,59.359830,0 17.979139,59.359652,0 17.979560,59.359381,0 17.979812,59.359215,0 17.980342,59.358909,0 17.980599,59.358776,0 17.981493,59.358310,0 17.981641,59.358233,0 17.982003,59.358043,0 17.982284,59.357911,0 17.982383,59.357871,0 17.982503,59.357838,0 17.982612,59.357815,0 17.982718,59.357798,0 17.982841,59.357791,0 17.982927,59.357789,0 17.983082,59.357799,0 17.983211,59.357818,0 17.983327,59.357844,0 17.983516,59.357902,0 17.985747,59.358636,0 17.985993,59.358721,0 17.986177,59.358787,0 17.986362,59.358858,0 17.987261,59.359194,0 17.987643,59.359339,0 17.988054,59.359485,0 17.988479,59.359624,0 17.988843,59.359731,0 17.989292,59.359853,0 17.989746,59.359963,0 17.990132,59.360050,0 17.990598,59.360147,0 17.991457,59.360319,0 17.993086,59.360647,0 17.993496,59.360727,0 17.994705,59.360973,0 17.994753,59.360983,0 17.995015,59.361041,0 17.995524,59.361155,0 17.995610,59.361175,0 17.996147,59.361299,0 17.996964,59.361488,0 17.997405,59.361586,0 17.997684,59.361635,0 17.997932,59.361673,0 17.998300,59.361717,0 17.998569,59.361741,0 17.999164,59.361783,0 18.001600,59.361964,0 18.001825,59.361968,0 18.002088,59.361958,0 18.002324,59.361937,0 18.003028,59.361822,0 18.003251,59.361788,0 18.003477,59.361759,0 18.003710,59.361736,0 18.003962,59.361723,0 18.004182,59.361726,0 18.004437,59.361741,0 18.004643,59.361773,0 18.004792,59.361799,0 18.004953,59.361842,0 18.005095,59.361887,0 18.005247,59.361949,0 18.005389,59.362025,0 18.005520,59.362101,0 18.005832,59.362288,0 18.006217,59.362513,0 18.006294,59.362560,0 18.007402,59.363220,0 18.007415,59.363228,0 18.007939,59.363546,0 18.008156,59.363673,0 18.008508,59.363863,0</coordinates></LineString></MultiGeometry></Placemark><Placemark><name>Tvärbanan 31 · Alviks strand–Bromma flygplats</name><styleUrl>#line-orange</styleUrl><MultiGeometry><LineString><tessellate>1</tessellate><coordinates>17.946746,59.357027,0 17.946882,59.356721,0 17.946929,59.356613,0 17.947010,59.356500,0 17.947118,59.356403,0 17.947334,59.356278,0 17.947690,59.356163,0 17.948102,59.356088,0 17.950342,59.355677,0 17.950915,59.355551,0 17.951469,59.355404,0 17.952000,59.355238,0 17.953084,59.354846,0 17.954313,59.354461,0 17.955024,59.354278,0 17.956123,59.354020,0 17.956965,59.353822,0 17.957527,59.353690,0 17.958894,59.353369,0 17.959359,59.353242,0 17.959839,59.353039,0 17.960147,59.352835,0 17.960458,59.352539,0 17.961011,59.351812,0 17.961391,59.351312,0 17.961501,59.351168,0 17.961869,59.350682,0 17.962128,59.350288,0 17.962375,59.349916,0 17.962793,59.349225,0 17.962829,59.349165,0 17.964303,59.346967,0 17.964465,59.346795,0 17.964731,59.346601,0 17.964968,59.346453,0 17.965180,59.346334,0 17.965794,59.346016,0 17.966281,59.345757,0 17.966427,59.345672,0 17.966545,59.345590,0 17.966690,59.345467,0 17.966790,59.345350,0 17.967445,59.344468,0 17.967580,59.344290,0 17.967910,59.343828,0 17.968003,59.343713,0 17.968070,59.343641,0 17.968149,59.343576,0 17.968238,59.343513,0 17.968357,59.343440,0 17.968669,59.343269,0 17.968827,59.343184,0 17.969132,59.343022,0 17.969314,59.342928,0 17.969733,59.342722,0 17.970283,59.342429,0 17.972711,59.341112,0 17.973738,59.340557,0 17.974254,59.340278,0 17.974745,59.340004,0 17.979627,59.337224,0 17.979902,59.337013,0 17.980373,59.336672,0 17.980605,59.336240,0 17.980735,59.335754,0 17.980667,59.335340,0 17.980558,59.334864,0 17.980504,59.334689,0 17.980303,59.334029,0 17.980272,59.333939,0 17.980233,59.333829,0 17.980121,59.333579,0 17.980008,59.333272,0 17.979849,59.332826,0 17.979827,59.332755,0 17.979806,59.332711,0 17.979768,59.332589,0 17.979675,59.332337,0 17.979638,59.332243,0 17.979611,59.332128,0 17.979602,59.332007,0 17.979609,59.331937,0 17.979621,59.331838,0 17.979650,59.331752,0 17.979692,59.331650,0 17.979764,59.331524,0 17.979843,59.331419,0 17.979944,59.331310,0 17.980129,59.331148,0 17.980372,59.330969,0 17.980703,59.330715,0 17.980887,59.330567,0 17.981054,59.330411,0 17.981239,59.330203,0 17.981391,59.329999,0 17.981569,59.329716,0 17.981887,59.329374,0 17.982003,59.329227,0 17.982190,59.328953,0</coordinates></LineString></MultiGeometry></Placemark><Placemark><name>Roslagsbanan 27 · Tekniska högskolan–Lindholmen</name><styleUrl>#line-roslag</styleUrl><MultiGeometry><LineString><tessellate>1</tessellate><coordinates>18.070835,59.346402,0 18.070028,59.346777,0 18.069756,59.346907,0 18.069641,59.346962,0 18.069560,59.347004,0 18.069476,59.347049,0 18.069387,59.347099,0 18.069289,59.347155,0 18.069179,59.347225,0 18.069174,59.347228,0 18.068931,59.347385,0 18.068691,59.347543,0 18.068565,59.347625,0 18.068444,59.347703,0 18.068239,59.347837,0 18.067981,59.348004,0 18.067603,59.348250,0 18.067449,59.348350,0 18.066982,59.348656,0 18.066971,59.348663,0 18.066667,59.348860,0 18.066371,59.349053,0 18.066364,59.349058,0 18.066347,59.349069,0 18.066238,59.349140,0 18.066136,59.349214,0 18.066050,59.349280,0 18.065977,59.349341,0 18.065907,59.349403,0 18.065849,59.349456,0 18.065817,59.349489,0 18.065814,59.349492,0 18.065799,59.349508,0 18.065749,59.349561,0 18.065708,59.349606,0 18.065669,59.349654,0 18.065626,59.349708,0 18.065584,59.349764,0 18.065543,59.349827,0 18.065498,59.349900,0 18.065460,59.349973,0 18.065421,59.350056,0 18.065322,59.350283,0 18.065295,59.350345,0 18.065126,59.350746,0 18.065118,59.350766,0 18.065098,59.350814,0 18.065025,59.350983,0 18.064955,59.351127,0 18.064867,59.351281,0 18.064777,59.351409,0 18.064688,59.351521,0 18.064590,59.351630,0 18.064495,59.351722,0 18.064395,59.351810,0 18.064321,59.351871,0 18.064245,59.351930,0 18.064167,59.351989,0 18.064085,59.352047,0 18.063942,59.352138,0 18.063793,59.352227,0 18.063615,59.352322,0 18.063432,59.352415,0 18.063235,59.352500,0 18.063058,59.352572,0 18.062857,59.352645,0 18.062638,59.352717,0 18.062406,59.352792,0 18.062156,59.352870,0 18.061926,59.352944,0 18.061703,59.353022,0 18.061495,59.353103,0 18.061296,59.353191,0 18.061125,59.353272,0 18.060965,59.353360,0 18.060792,59.353463,0 18.060635,59.353570,0 18.060505,59.353670,0 18.060390,59.353765,0 18.060290,59.353861,0 18.060205,59.353951,0 18.060125,59.354042,0 18.060008,59.354200,0 18.059933,59.354321,0 18.059858,59.354475,0 18.059802,59.354626,0 18.059764,59.354781,0 18.059742,59.354945,0 18.059742,59.355105,0 18.059757,59.355254,0 18.059768,59.355308,0 18.059799,59.355429,0 18.059833,59.355548,0 18.059910,59.355755,0 18.060019,59.356036,0 18.060062,59.356172,0 18.060086,59.356275,0 18.060099,59.356342,0 18.060115,59.356436,0 18.060113,59.356597,0 18.060101,59.356742,0 18.060075,59.356886,0 18.060034,59.357027,0 18.059979,59.357166,0 18.059892,59.357331,0 18.059817,59.357449,0 18.059773,59.357511,0 18.059726,59.357572,0 18.059675,59.357633,0 18.059622,59.357694,0 18.059543,59.357778,0 18.059466,59.357856,0 18.059365,59.357954,0 18.059215,59.358089,0 18.059061,59.358221,0 18.058785,59.358452,0 18.058509,59.358683,0 18.058004,59.359105,0 18.057426,59.359589,0 18.057243,59.359745,0 18.057071,59.359895,0 18.056963,59.359995,0 18.056863,59.360090,0 18.056527,59.360418,0 18.056422,59.360521,0 18.056022,59.360915,0 18.055138,59.361786,0 18.054720,59.362193,0 18.054598,59.362312,0 18.054522,59.362383,0 18.054381,59.362510,0 18.054290,59.362588,0 18.054069,59.362767,0 18.053843,59.362945,0 18.053299,59.363353,0 18.052888,59.363657,0 18.052350,59.364056,0 18.052134,59.364215,0 18.051788,59.364473,0 18.051559,59.364641,0 18.050844,59.365172,0 18.050325,59.365557,0 18.050098,59.365733,0 18.049879,59.365913,0 18.049742,59.366044,0 18.049608,59.366180,0 18.049491,59.366315,0 18.049381,59.366453,0 18.049287,59.366589,0 18.049201,59.366728,0 18.049103,59.366918,0 18.049020,59.367110,0 18.048932,59.367349,0 18.048862,59.367594,0 18.048810,59.367836,0 18.048777,59.368083,0 18.048763,59.368327,0 18.048765,59.368561,0 18.048783,59.368789,0 18.048819,59.369020,0 18.048871,59.369245,0 18.048937,59.369471,0 18.049020,59.369693,0 18.049118,59.369915,0 18.049178,59.370032,0 18.049237,59.370145,0 18.049279,59.370222,0 18.049323,59.370298,0 18.049415,59.370453,0 18.049540,59.370683,0 18.049618,59.370839,0 18.049692,59.371009,0 18.049745,59.371170,0 18.049782,59.371319,0 18.049809,59.371482,0 18.049820,59.371633,0 18.049817,59.371793,0 18.049803,59.371945,0 18.049774,59.372109,0 18.049735,59.372251,0 18.049682,59.372409,0 18.049618,59.372552,0 18.049540,59.372705,0 18.049455,59.372845,0 18.049350,59.372991,0 18.049240,59.373130,0 18.049114,59.373270,0 18.048978,59.373406,0 18.048840,59.373533,0 18.048692,59.373654,0 18.048540,59.373774,0 18.048373,59.373888,0 18.048127,59.374047,0 18.047878,59.374201,0 18.047556,59.374405,0 18.047458,59.374475,0 18.047359,59.374544,0 18.047280,59.374601,0 18.047201,59.374657,0 18.047086,59.374752,0 18.046974,59.374850,0 18.046841,59.374975,0 18.046709,59.375108,0 18.046646,59.375172,0 18.046474,59.375354,0 18.046347,59.375481,0 18.046127,59.375704,0 18.046012,59.375821,0 18.045488,59.376362,0 18.045404,59.376448,0 18.045179,59.376679,0 18.045063,59.376800,0 18.044953,59.376916,0 18.044737,59.377145,0 18.044637,59.377257,0 18.044535,59.377368,0 18.044417,59.377518,0 18.044298,59.377670,0 18.044201,59.377809,0 18.044194,59.377819,0 18.043923,59.378273,0 18.043660,59.378729,0 18.043652,59.378742,0 18.043123,59.379654,0 18.042948,59.379937,0 18.042783,59.380221,0 18.042684,59.380427,0 18.042589,59.380657,0 18.042507,59.380897,0 18.042419,59.381170,0 18.042386,59.381368,0 18.042363,59.381531,0 18.042349,59.381694,0 18.042341,59.381840,0 18.042345,59.382065,0 18.042360,59.382291,0 18.042395,59.382506,0 18.042442,59.382724,0 18.042506,59.382927,0 18.042584,59.383129,0 18.042675,59.383321,0 18.042786,59.383518,0 18.042898,59.383686,0 18.043128,59.383994,0 18.043338,59.384260,0 18.043537,59.384524,0 18.043623,59.384644,0 18.043681,59.384732,0 18.043735,59.384820,0 18.043786,59.384909,0 18.043834,59.384997,0 18.043881,59.385091,0 18.043928,59.385193,0 18.043970,59.385294,0 18.044012,59.385405,0 18.044040,59.385486,0 18.044080,59.385632,0 18.044095,59.385690,0 18.044129,59.385829,0 18.044157,59.385969,0 18.044195,59.386227,0 18.044219,59.386448,0 18.044228,59.386503,0 18.044267,59.386878,0 18.044280,59.386997,0 18.044320,59.387276,0 18.044355,59.387452,0 18.044393,59.387633,0 18.044455,59.387811,0 18.044526,59.387988,0 18.044608,59.388161,0 18.044701,59.388332,0 18.045146,59.389088,0 18.045527,59.389731,0 18.045752,59.390111,0 18.046059,59.390626,0 18.046370,59.391140,0 18.046452,59.391264,0 18.046494,59.391324,0 18.046594,59.391463,0 18.046700,59.391602,0 18.046847,59.391773,0 18.047007,59.391951,0 18.047179,59.392123,0 18.047363,59.392293,0 18.047557,59.392460,0 18.047782,59.392639,0 18.047962,59.392772,0 18.048128,59.392887,0 18.048325,59.393022,0 18.048532,59.393151,0 18.048792,59.393305,0 18.049077,59.393462,0 18.049376,59.393614,0 18.049571,59.393709,0 18.049769,59.393799,0 18.050078,59.393932,0 18.050397,59.394060,0 18.050673,59.394162,0 18.050954,59.394261,0 18.051113,59.394312,0 18.051374,59.394394,0 18.051792,59.394520,0 18.052836,59.394825,0 18.053306,59.394960,0 18.053626,59.395043,0 18.053958,59.395122,0 18.054217,59.395186,0 18.054572,59.395270,0 18.054987,59.395372,0 18.055228,59.395438,0 18.055421,59.395496,0 18.055576,59.395545,0 18.055727,59.395597,0 18.055879,59.395656,0 18.056029,59.395716,0 18.056106,59.395750,0 18.056180,59.395784,0 18.056291,59.395836,0 18.056442,59.395912,0 18.056588,59.395991,0 18.056730,59.396075,0 18.056908,59.396190,0 18.057069,59.396310,0 18.057223,59.396431,0 18.057369,59.396569,0 18.057509,59.396710,0 18.057763,59.396995,0 18.057893,59.397145,0 18.058020,59.397295,0 18.058273,59.397633,0 18.058399,59.397819,0 18.058523,59.398062,0 18.058586,59.398180,0 18.058644,59.398298,0 18.058696,59.398422,0 18.058744,59.398552,0 18.058778,59.398666,0 18.058816,59.398789,0 18.058886,59.399113,0 18.058981,59.399661,0 18.059036,59.399969,0 18.059079,59.400194,0 18.059138,59.400518,0 18.059222,59.400999,0 18.059254,59.401224,0 18.059292,59.401463,0 18.059294,59.401493,0 18.059316,59.401720,0 18.059319,59.401967,0 18.059308,59.402461,0 18.059316,59.402672,0 18.059335,59.402895,0 18.059364,59.403101,0 18.059421,59.403281,0 18.059506,59.403527,0 18.059607,59.403797,0 18.059801,59.404335,0 18.059879,59.404508,0 18.059969,59.404677,0 18.060112,59.404890,0 18.060259,59.405102,0 18.060404,59.405305,0 18.060553,59.405528,0 18.060575,59.405563,0 18.060640,59.405682,0 18.060676,59.405758,0 18.060707,59.405834,0 18.060733,59.405909,0 18.060771,59.406043,0 18.060794,59.406178,0 18.060799,59.406312,0 18.060796,59.406446,0 18.060776,59.406580,0 18.060745,59.406715,0 18.060688,59.406869,0 18.060618,59.407024,0 18.060450,59.407364,0 18.060356,59.407544,0 18.060092,59.408066,0 18.059587,59.409039,0 18.059311,59.409576,0 18.059103,59.409983,0 18.059078,59.410032,0 18.059018,59.410145,0 18.058792,59.410587,0 18.058332,59.411483,0 18.057887,59.412350,0 18.057647,59.412817,0 18.057394,59.413309,0 18.057290,59.413504,0 18.057178,59.413698,0 18.057081,59.413840,0 18.056976,59.413975,0 18.056843,59.414122,0 18.056726,59.414237,0 18.056573,59.414364,0 18.056403,59.414489,0 18.056221,59.414608,0 18.056030,59.414724,0 18.055840,59.414830,0 18.055642,59.414927,0 18.055310,59.415079,0 18.054971,59.415230,0 18.054356,59.415499,0 18.053726,59.415782,0 18.053213,59.416059,0 18.052992,59.416199,0 18.052765,59.416346,0 18.052543,59.416505,0 18.052343,59.416667,0 18.052137,59.416855,0 18.051938,59.417043,0 18.051099,59.417907,0 18.050679,59.418350,0 18.050358,59.418710,0 18.050231,59.418867,0 18.050112,59.419027,0 18.050006,59.419195,0 18.049915,59.419362,0 18.049840,59.419540,0 18.049776,59.419716,0 18.049745,59.419886,0 18.049723,59.420064,0 18.049722,59.420239,0 18.049730,59.420413,0 18.049758,59.420588,0 18.049790,59.420764,0 18.049836,59.420971,0 18.049888,59.421178,0 18.049939,59.421369,0 18.049995,59.421561,0 18.050069,59.421756,0 18.050153,59.421970,0 18.050242,59.422144,0 18.050338,59.422318,0 18.050458,59.422513,0 18.050586,59.422709,0 18.050845,59.423087,0 18.050957,59.423263,0 18.051050,59.423437,0 18.051126,59.423616,0 18.051187,59.423799,0 18.051233,59.423977,0 18.051262,59.424167,0 18.051277,59.424377,0 18.051279,59.424586,0 18.051269,59.425117,0 18.051256,59.425357,0 18.051233,59.425653,0 18.051214,59.425810,0 18.051189,59.425992,0 18.051176,59.426080,0 18.051127,59.426440,0 18.051096,59.426750,0 18.051095,59.426765,0 18.051074,59.427096,0 18.051028,59.428538,0 18.051012,59.429016,0 18.051012,59.429244,0 18.051018,59.429472,0 18.051030,59.429682,0 18.051052,59.429890,0 18.051094,59.430096,0 18.051141,59.430305,0 18.051219,59.430508,0 18.051311,59.430710,0 18.051415,59.430900,0 18.051528,59.431089,0 18.051659,59.431285,0 18.051803,59.431484,0 18.051974,59.431678,0 18.052140,59.431858,0 18.052361,59.432059,0 18.052591,59.432254,0 18.052792,59.432417,0 18.052985,59.432574,0 18.053196,59.432715,0 18.053413,59.432853,0 18.053781,59.433063,0 18.054081,59.433231,0 18.054774,59.433636,0 18.055340,59.433954,0 18.055618,59.434109,0 18.055814,59.434224,0 18.056004,59.434341,0 18.056302,59.434541,0 18.056436,59.434639,0 18.056562,59.434738,0 18.057085,59.435129,0 18.057682,59.435581,0 18.058119,59.435918,0 18.058374,59.436133,0 18.058592,59.436320,0 18.058793,59.436513,0 18.058931,59.436658,0 18.059099,59.436841,0 18.059173,59.436923,0 18.059550,59.437375,0 18.059649,59.437500,0 18.059751,59.437641,0 18.059932,59.437891,0 18.060159,59.438241,0 18.060757,59.439221,0 18.061146,59.439877,0 18.061435,59.440378,0 18.061788,59.440962,0 18.062511,59.442188,0 18.062773,59.442627,0 18.062821,59.442708,0 18.062941,59.442906,0 18.063018,59.443061,0 18.063052,59.443122,0 18.063079,59.443186,0 18.063124,59.443300,0 18.063163,59.443413,0 18.063196,59.443509,0 18.063228,59.443615,0 18.063253,59.443731,0 18.063272,59.443851,0 18.063286,59.443966,0 18.063301,59.444203,0 18.063307,59.444440,0 18.063317,59.444944,0 18.063319,59.445482,0 18.063316,59.446028,0 18.063303,59.446550,0 18.063281,59.447561,0 18.063222,59.449364,0 18.063205,59.449807,0 18.063214,59.450044,0 18.063235,59.450313,0 18.063255,59.450544,0 18.063296,59.450803,0 18.063321,59.450927,0 18.063350,59.451049,0 18.063466,59.451646,0 18.063561,59.452010,0 18.063630,59.452308,0 18.063696,59.452594,0 18.063727,59.452805,0 18.063741,59.452910,0 18.063756,59.453073,0 18.063757,59.453260,0 18.063745,59.453435,0 18.063712,59.453614,0 18.063668,59.453793,0 18.063605,59.453982,0 18.063523,59.454167,0 18.063415,59.454380,0 18.063286,59.454588,0 18.063125,59.454818,0 18.062953,59.455046,0 18.062790,59.455252,0 18.062638,59.455461,0 18.062507,59.455649,0 18.062396,59.455835,0 18.062291,59.456024,0 18.062209,59.456207,0 18.062144,59.456395,0 18.062092,59.456584,0 18.062053,59.456775,0 18.062033,59.456966,0 18.062041,59.457155,0 18.062058,59.457345,0 18.062089,59.457546,0 18.062124,59.457745,0 18.062448,59.459358,0 18.062592,59.460007,0 18.062616,59.460136,0 18.062765,59.460878,0 18.062810,59.461067,0 18.062955,59.461769,0 18.063056,59.462279,0 18.063162,59.462814,0 18.063286,59.463370,0 18.063327,59.463584,0 18.063356,59.463799,0 18.063375,59.464053,0 18.063374,59.464230,0 18.063358,59.464443,0 18.063326,59.464657,0 18.063279,59.464869,0 18.063216,59.465079,0 18.063117,59.465330,0 18.063033,59.465519,0 18.062842,59.465849,0 18.062795,59.465922,0 18.062661,59.466109,0 18.062518,59.466295,0 18.062437,59.466391,0 18.062351,59.466488,0 18.062265,59.466580,0 18.062173,59.466671,0 18.062080,59.466762,0 18.061986,59.466852,0 18.061888,59.466938,0 18.061788,59.467023,0 18.061687,59.467108,0 18.061581,59.467193,0 18.061472,59.467277,0 18.061359,59.467360,0 18.061241,59.467442,0 18.061120,59.467525,0 18.060996,59.467606,0 18.060870,59.467685,0 18.060740,59.467764,0 18.060610,59.467841,0 18.060479,59.467917,0 18.060345,59.467992,0 18.059755,59.468321,0 18.059459,59.468489,0 18.059183,59.468659,0 18.058998,59.468777,0 18.058822,59.468898,0 18.058650,59.469021,0 18.058433,59.469188,0 18.058226,59.469361,0 18.058029,59.469538,0 18.057845,59.469721,0 18.057757,59.469812,0 18.057670,59.469909,0 18.057519,59.470087,0 18.057377,59.470278,0 18.057240,59.470471,0 18.057134,59.470648,0 18.057035,59.470828,0 18.056945,59.471012,0 18.056861,59.471198,0 18.056663,59.471680,0 18.056566,59.471924,0 18.056476,59.472169,0 18.056418,59.472355,0 18.056367,59.472540,0 18.056324,59.472727,0 18.056290,59.472914,0 18.056264,59.473102,0 18.056248,59.473290,0 18.056243,59.473518,0 18.056247,59.473744,0 18.056255,59.474013,0 18.056262,59.474281,0 18.056287,59.474819,0 18.056331,59.475355,0 18.056382,59.475760,0 18.056436,59.476134,0 18.056500,59.476506,0 18.056601,59.476987,0 18.056717,59.477464,0 18.056881,59.478057,0 18.056955,59.478287,0 18.057044,59.478557,0 18.057214,59.479029,0 18.057319,59.479276,0 18.057432,59.479524,0 18.057703,59.480054,0 18.059023,59.482572,0 18.059606,59.483680,0 18.060923,59.486191,0 18.061403,59.487110,0 18.061975,59.488210,0 18.062302,59.488824,0 18.062532,59.489249,0 18.062664,59.489467,0 18.062804,59.489683,0 18.062972,59.489913,0 18.063146,59.490135,0 18.063226,59.490232,0 18.063381,59.490414,0 18.063582,59.490633,0 18.063796,59.490846,0 18.064023,59.491066,0 18.064122,59.491157,0 18.065497,59.492394,0 18.065981,59.492830,0 18.066360,59.493168,0 18.066812,59.493574,0 18.067419,59.494117,0 18.067664,59.494335,0 18.067877,59.494523,0 18.068303,59.494905,0 18.068723,59.495286,0 18.069546,59.496024,0 18.069983,59.496415,0 18.070852,59.497195,0 18.072364,59.498555,0 18.073263,59.499365,0 18.073695,59.499770,0 18.073912,59.499986,0 18.074129,59.500205,0 18.074335,59.500422,0 18.074543,59.500642,0 18.076030,59.502212,0 18.077027,59.503268,0 18.077405,59.503668,0 18.077537,59.503809,0 18.077666,59.503952,0 18.077801,59.504116,0 18.077918,59.504286,0 18.077984,59.504399,0 18.078049,59.504538,0 18.078103,59.504693,0 18.078139,59.504851,0 18.078157,59.505007,0 18.078156,59.505163,0 18.078136,59.505321,0 18.078099,59.505475,0 18.078045,59.505627,0 18.077973,59.505777,0 18.077942,59.505829,0 18.077870,59.505944,0 18.077791,59.506059,0 18.077605,59.506297,0 18.077412,59.506534,0 18.076745,59.507342,0 18.076482,59.507669,0 18.076354,59.507835,0 18.076236,59.508003,0 18.076131,59.508175,0 18.076035,59.508349,0 18.075957,59.508526,0 18.075889,59.508702,0 18.075845,59.508857,0 18.075798,59.509059,0 18.075777,59.509246,0 18.075765,59.509432,0 18.075747,59.509805,0 18.075723,59.510397,0 18.075703,59.510783,0 18.075680,59.511380,0 18.075671,59.511658,0 18.075634,59.512489,0 18.075629,59.512588,0 18.075621,59.512798,0 18.075581,59.513724,0 18.075577,59.513855,0 18.075573,59.514055,0 18.075573,59.514232,0 18.075590,59.514616,0 18.075629,59.515152,0 18.075637,59.515428,0 18.075622,59.515690,0 18.075591,59.515946,0 18.075542,59.516201,0 18.075488,59.516405,0 18.075419,59.516613,0 18.075321,59.516861,0 18.075230,59.517062,0 18.075150,59.517215,0 18.075067,59.517368,0 18.074797,59.517804,0 18.074534,59.518232,0 18.073892,59.519261,0 18.073780,59.519446,0 18.073674,59.519632,0 18.073592,59.519778,0 18.073317,59.520299,0 18.072809,59.521261,0 18.072563,59.521745,0 18.072215,59.522460,0 18.071960,59.522982,0 18.071699,59.523521,0 18.071628,59.523671,0 18.071556,59.523837,0 18.071493,59.524004,0 18.071451,59.524153,0 18.071421,59.524301,0 18.071413,59.524402,0 18.071410,59.524454,0 18.071410,59.524596,0 18.071421,59.524712,0 18.071439,59.524828,0 18.071477,59.524961,0 18.071522,59.525094,0 18.071579,59.525226,0 18.071645,59.525354,0 18.071726,59.525483,0 18.071817,59.525609,0 18.071918,59.525733,0 18.072029,59.525854,0 18.072153,59.525971,0 18.072286,59.526088,0 18.072430,59.526200,0 18.072581,59.526308,0 18.072745,59.526415,0 18.072915,59.526518,0 18.073158,59.526647,0 18.073409,59.526774,0 18.073722,59.526923,0 18.074037,59.527069,0 18.074317,59.527202,0 18.074594,59.527338,0 18.074839,59.527467,0 18.075061,59.527592,0 18.075281,59.527725,0 18.075437,59.527827,0 18.075478,59.527855,0 18.075674,59.527997,0 18.075852,59.528134,0 18.076053,59.528306,0 18.076247,59.528491,0 18.076429,59.528689,0 18.076607,59.528903,0 18.076730,59.529066,0 18.076815,59.529187,0 18.076897,59.529309,0 18.078771,59.532247,0 18.078917,59.532477,0 18.079451,59.533319,0 18.079493,59.533384,0 18.079796,59.533858,0 18.080160,59.534432,0 18.080475,59.534928,0 18.080631,59.535191,0 18.080806,59.535467,0 18.080993,59.535796,0 18.081073,59.535955,0 18.081129,59.536104,0 18.081177,59.536252,0 18.081188,59.536294,0 18.081216,59.536395,0 18.081239,59.536504,0 18.081258,59.536612,0 18.081274,59.536713,0 18.081282,59.536815,0 18.081291,59.537014,0 18.081288,59.537215,0 18.081267,59.537422,0 18.081232,59.537627,0 18.081196,59.537781,0 18.081142,59.537969,0 18.081082,59.538159,0 18.080490,59.539931,0 18.079835,59.541876,0 18.079751,59.542148,0 18.079697,59.542385,0 18.079664,59.542612,0 18.079650,59.542850,0 18.079659,59.543040,0 18.079679,59.543228,0 18.079802,59.544115,0 18.079807,59.544178,0 18.079808,59.544242,0 18.079808,59.544309,0 18.079788,59.544459,0 18.079759,59.544611,0 18.079671,59.544992,0 18.079580,59.545377,0 18.079523,59.545633,0 18.079494,59.545783,0 18.079477,59.545919,0 18.079466,59.546056,0 18.079466,59.546147,0 18.079467,59.546288,0 18.079478,59.546441,0 18.079487,59.546530,0 18.079502,59.546639,0 18.079520,59.546748,0 18.079546,59.546847,0 18.079589,59.546999,0 18.079641,59.547151,0 18.079687,59.547250,0 18.079730,59.547338,0 18.079777,59.547415,0 18.079870,59.547546,0 18.079964,59.547666,0 18.080066,59.547792,0 18.080151,59.547914,0 18.080206,59.547998,0 18.080254,59.548083,0 18.080752,59.549039,0 18.081309,59.550118,0 18.082779,59.552968,0 18.083226,59.553843,0 18.083673,59.554706,0 18.084041,59.555417,0 18.084925,59.557100,0 18.085273,59.557788,0 18.085525,59.558244,0 18.085776,59.558622,0 18.085951,59.558847,0 18.086012,59.558923,0 18.086217,59.559176,0 18.086547,59.559539,0 18.086796,59.559777,0 18.087138,59.560091,0 18.087433,59.560338,0 18.087893,59.560696,0 18.088357,59.561049,0 18.089839,59.562133,0 18.090329,59.562489,0 18.091694,59.563436,0 18.092993,59.564286,0 18.095988,59.566230,0 18.096239,59.566398,0 18.096812,59.566764,0 18.097282,59.567082,0 18.097708,59.567409,0 18.097989,59.567669,0 18.098295,59.567998,0 18.098517,59.568293,0 18.098662,59.568521,0 18.098795,59.568774,0 18.098983,59.569255,0 18.099076,59.569646,0 18.099313,59.570796,0 18.099841,59.573022,0 18.100183,59.574363,0 18.100261,59.574614,0 18.100366,59.574869,0 18.100460,59.575055,0 18.100577,59.575271,0 18.100734,59.575488,0 18.100901,59.575707,0 18.101121,59.575964,0 18.101336,59.576170,0 18.101719,59.576528,0 18.102855,59.577558,0 18.103596,59.578230,0 18.105872,59.580293,0 18.107081,59.581396,0 18.107868,59.582121,0 18.108150,59.582398,0 18.108493,59.582758,0 18.108597,59.582880,0 18.108872,59.583316,0 18.108956,59.583471,0 18.108990,59.583535,0 18.109099,59.583803,0 18.109203,59.584123,0 18.109250,59.584287,0</coordinates></LineString></MultiGeometry></Placemark><Placemark><name>Roslagsbanan 28 · Tekniska högskolan–Österskär</name><styleUrl>#line-roslag</styleUrl><MultiGeometry><LineString><tessellate>1</tessellate><coordinates>18.070028,59.346777,0 18.065295,59.350345,0 18.065126,59.350746,0 18.065118,59.350766,0 18.065098,59.350814,0 18.065025,59.350983,0 18.064955,59.351127,0 18.064867,59.351281,0 18.064777,59.351409,0 18.064688,59.351521,0 18.064590,59.351630,0 18.064495,59.351722,0 18.064395,59.351810,0 18.064321,59.351871,0 18.064245,59.351930,0 18.064167,59.351989,0 18.064085,59.352047,0 18.063942,59.352138,0 18.063793,59.352227,0 18.063615,59.352322,0 18.063432,59.352415,0 18.063235,59.352500,0 18.063058,59.352572,0 18.062857,59.352645,0 18.062638,59.352717,0 18.062406,59.352792,0 18.062156,59.352870,0 18.061926,59.352944,0 18.061703,59.353022,0 18.061495,59.353103,0 18.061296,59.353191,0 18.061125,59.353272,0 18.060965,59.353360,0 18.060792,59.353463,0 18.060635,59.353570,0 18.060505,59.353670,0 18.060390,59.353765,0 18.060290,59.353861,0 18.060205,59.353951,0 18.060125,59.354042,0 18.060008,59.354200,0 18.059933,59.354321,0 18.059858,59.354475,0 18.059802,59.354626,0 18.059764,59.354781,0 18.059742,59.354945,0 18.059742,59.355105,0 18.059757,59.355254,0 18.059768,59.355308,0 18.059799,59.355429,0 18.059833,59.355548,0 18.059910,59.355755,0 18.060019,59.356036,0 18.060062,59.356172,0 18.060086,59.356275,0 18.060099,59.356342,0 18.060115,59.356436,0 18.060113,59.356597,0 18.060101,59.356742,0 18.060075,59.356886,0 18.060034,59.357027,0 18.059979,59.357166,0 18.059892,59.357331,0 18.059817,59.357449,0 18.059773,59.357511,0 18.059726,59.357572,0 18.059675,59.357633,0 18.059622,59.357694,0 18.059543,59.357778,0 18.059466,59.357856,0 18.059365,59.357954,0 18.059215,59.358089,0 18.059061,59.358221,0 18.058785,59.358452,0 18.058509,59.358683,0 18.058004,59.359105,0 18.057426,59.359589,0 18.057243,59.359745,0 18.057071,59.359895,0 18.056963,59.359995,0 18.056863,59.360090,0 18.056527,59.360418,0 18.056422,59.360521,0 18.056022,59.360915,0 18.055138,59.361786,0 18.054720,59.362193,0 18.054598,59.362312,0 18.054522,59.362383,0 18.054381,59.362510,0 18.054290,59.362588,0 18.054069,59.362767,0 18.053843,59.362945,0 18.053299,59.363353,0 18.052888,59.363657,0 18.052350,59.364056,0 18.052134,59.364215,0 18.051788,59.364473,0 18.051559,59.364641,0 18.050844,59.365172,0 18.050325,59.365557,0 18.050098,59.365733,0 18.049879,59.365913,0 18.049742,59.366044,0 18.049608,59.366180,0 18.049491,59.366315,0 18.049381,59.366453,0 18.049287,59.366589,0 18.049201,59.366728,0 18.049103,59.366918,0 18.049020,59.367110,0 18.048932,59.367349,0 18.048862,59.367594,0 18.048810,59.367836,0 18.048777,59.368083,0 18.048763,59.368327,0 18.048765,59.368561,0 18.048783,59.368789,0 18.048819,59.369020,0 18.048871,59.369245,0 18.048937,59.369471,0 18.049020,59.369693,0 18.049118,59.369915,0 18.049178,59.370032,0 18.049237,59.370145,0 18.049279,59.370222,0 18.049323,59.370298,0 18.049415,59.370453,0 18.049540,59.370683,0 18.049618,59.370839,0 18.049692,59.371009,0 18.049745,59.371170,0 18.049782,59.371319,0 18.049809,59.371482,0 18.049820,59.371633,0 18.049817,59.371793,0 18.049803,59.371945,0 18.049774,59.372109,0 18.049735,59.372251,0 18.049682,59.372409,0 18.049618,59.372552,0 18.049540,59.372705,0 18.049455,59.372845,0 18.049350,59.372991,0 18.049240,59.373130,0 18.049114,59.373270,0 18.048978,59.373406,0 18.048840,59.373533,0 18.048692,59.373654,0 18.048540,59.373774,0 18.048373,59.373888,0 18.048127,59.374047,0 18.047878,59.374201,0 18.047556,59.374405,0 18.047458,59.374475,0 18.047359,59.374544,0 18.047280,59.374601,0 18.047201,59.374657,0 18.047086,59.374752,0 18.046974,59.374850,0 18.046841,59.374975,0 18.046709,59.375108,0 18.046646,59.375172,0 18.046474,59.375354,0 18.046347,59.375481,0 18.046127,59.375704,0 18.046012,59.375821,0 18.045488,59.376362,0 18.045404,59.376448,0 18.045179,59.376679,0 18.045063,59.376800,0 18.044953,59.376916,0 18.044737,59.377145,0 18.044637,59.377257,0 18.044535,59.377368,0 18.044417,59.377518,0 18.044298,59.377670,0 18.044201,59.377809,0 18.044194,59.377819,0 18.043923,59.378273,0 18.043660,59.378729,0 18.043652,59.378742,0 18.043123,59.379654,0 18.042948,59.379937,0 18.042783,59.380221,0 18.042684,59.380427,0 18.042589,59.380657,0 18.042507,59.380897,0 18.042419,59.381170,0 18.042386,59.381368,0 18.042363,59.381531,0 18.042349,59.381694,0 18.042341,59.381840,0 18.042345,59.382065,0 18.042360,59.382291,0 18.042395,59.382506,0 18.042442,59.382724,0 18.042506,59.382927,0 18.042584,59.383129,0 18.042675,59.383321,0 18.042786,59.383518,0 18.042898,59.383686,0 18.043128,59.383994,0 18.043338,59.384260,0 18.043537,59.384524,0 18.043623,59.384644,0 18.043681,59.384732,0 18.043735,59.384820,0 18.043786,59.384909,0 18.043834,59.384997,0 18.043881,59.385091,0 18.043928,59.385193,0 18.043970,59.385294,0 18.044012,59.385405,0 18.044040,59.385486,0 18.044080,59.385632,0 18.044095,59.385690,0 18.044129,59.385829,0 18.044157,59.385969,0 18.044195,59.386227,0 18.044219,59.386448,0 18.044228,59.386503,0 18.044267,59.386878,0 18.044280,59.386997,0 18.044320,59.387276,0 18.044355,59.387452,0 18.044393,59.387633,0 18.044455,59.387811,0 18.044526,59.387988,0 18.044608,59.388161,0 18.044701,59.388332,0 18.045146,59.389088,0 18.045527,59.389731,0 18.045752,59.390111,0 18.046059,59.390626,0 18.046370,59.391140,0 18.046452,59.391264,0 18.046494,59.391324,0 18.046594,59.391463,0 18.046700,59.391602,0 18.046847,59.391773,0 18.047007,59.391951,0 18.047179,59.392123,0 18.047363,59.392293,0 18.047557,59.392460,0 18.047782,59.392639,0 18.047962,59.392772,0 18.048128,59.392887,0 18.048325,59.393022,0 18.048532,59.393151,0 18.048792,59.393305,0 18.049077,59.393462,0 18.049376,59.393614,0 18.049571,59.393709,0 18.049769,59.393799,0 18.050078,59.393932,0 18.050397,59.394060,0 18.050673,59.394162,0 18.050954,59.394261,0 18.051113,59.394312,0 18.051374,59.394394,0 18.051792,59.394520,0 18.052836,59.394825,0 18.053306,59.394960,0 18.053626,59.395043,0 18.053958,59.395122,0 18.054217,59.395186,0 18.054572,59.395270,0 18.054987,59.395372,0 18.055228,59.395438,0 18.055421,59.395496,0 18.055576,59.395545,0 18.055727,59.395597,0 18.055879,59.395656,0 18.056029,59.395716,0 18.056106,59.395750,0 18.056180,59.395784,0 18.056291,59.395836,0 18.056442,59.395912,0 18.056588,59.395991,0 18.056730,59.396075,0 18.056908,59.396190,0 18.057069,59.396310,0 18.057223,59.396431,0 18.057369,59.396569,0 18.057509,59.396710,0 18.057763,59.396995,0 18.057893,59.397145,0 18.058020,59.397295,0 18.058273,59.397633,0 18.058399,59.397819,0 18.058523,59.398062,0 18.058586,59.398180,0 18.058644,59.398298,0 18.058696,59.398422,0 18.058744,59.398552,0 18.058778,59.398666,0 18.058816,59.398789,0 18.058886,59.399113,0 18.058981,59.399661,0 18.059036,59.399969,0 18.059079,59.400194,0 18.059138,59.400518,0 18.059222,59.400999,0 18.059254,59.401224,0 18.059292,59.401463,0 18.059294,59.401493,0 18.059316,59.401720,0 18.059319,59.401967,0 18.059308,59.402461,0 18.059316,59.402672,0 18.059335,59.402895,0 18.059364,59.403101,0 18.059421,59.403281,0 18.059506,59.403527,0 18.059607,59.403797,0 18.059801,59.404335,0 18.059879,59.404508,0 18.059969,59.404677,0 18.060112,59.404890,0 18.060259,59.405102,0 18.060404,59.405305,0 18.060553,59.405528,0 18.060575,59.405563,0 18.060640,59.405682,0 18.060676,59.405758,0 18.060707,59.405834,0 18.060733,59.405909,0 18.060771,59.406043,0 18.060794,59.406178,0 18.060799,59.406312,0 18.060796,59.406446,0 18.060776,59.406580,0 18.060745,59.406715,0 18.060688,59.406869,0 18.060618,59.407024,0 18.060450,59.407364,0 18.060356,59.407544,0 18.060092,59.408066,0 18.059587,59.409039,0 18.059311,59.409576,0 18.059103,59.409983,0 18.059078,59.410032,0 18.059018,59.410145,0 18.058792,59.410587,0 18.058332,59.411483,0 18.057887,59.412350,0 18.057647,59.412817,0 18.057394,59.413309,0 18.057290,59.413504,0 18.057178,59.413698,0 18.057081,59.413840,0 18.056976,59.413975,0 18.056843,59.414122,0 18.056726,59.414237,0 18.056573,59.414364,0 18.056403,59.414489,0 18.056221,59.414608,0 18.056030,59.414724,0 18.055840,59.414830,0 18.055642,59.414927,0 18.055310,59.415079,0 18.054971,59.415230,0 18.054356,59.415499,0 18.053726,59.415782,0 18.053213,59.416059,0 18.052992,59.416199,0 18.052765,59.416346,0 18.052543,59.416505,0 18.052343,59.416667,0 18.052137,59.416855,0 18.051938,59.417043,0 18.051099,59.417907,0 18.050679,59.418350,0 18.050358,59.418710,0 18.050231,59.418867,0 18.050112,59.419027,0 18.050006,59.419195,0 18.049915,59.419362,0 18.049840,59.419540,0 18.049776,59.419716,0 18.049745,59.419886,0 18.049723,59.420064,0 18.049722,59.420239,0 18.049730,59.420413,0 18.049758,59.420588,0 18.049790,59.420764,0 18.049836,59.420971,0 18.049888,59.421178,0 18.049939,59.421369,0 18.049995,59.421561,0 18.050069,59.421756,0 18.050153,59.421970,0 18.050242,59.422144,0 18.050338,59.422318,0 18.050458,59.422513,0 18.050586,59.422709,0 18.050845,59.423087,0 18.050957,59.423263,0 18.051050,59.423437,0 18.051126,59.423616,0 18.051187,59.423799,0 18.051233,59.423977,0 18.051262,59.424167,0 18.051277,59.424377,0 18.051279,59.424586,0 18.051269,59.425117,0 18.051256,59.425357,0 18.051233,59.425653,0 18.051214,59.425810,0 18.051189,59.425992,0 18.051176,59.426080,0 18.051127,59.426440,0 18.051096,59.426750,0 18.051095,59.426765,0 18.051074,59.427096,0 18.051028,59.428538,0 18.051012,59.429016,0 18.051012,59.429244,0 18.051018,59.429472,0 18.051030,59.429682,0 18.051052,59.429890,0 18.051094,59.430096,0 18.051141,59.430305,0 18.051219,59.430508,0 18.051311,59.430710,0 18.051415,59.430900,0 18.051528,59.431089,0 18.051659,59.431285,0 18.051803,59.431484,0 18.051974,59.431678,0 18.052140,59.431858,0 18.052361,59.432059,0 18.052591,59.432254,0 18.052792,59.432417,0 18.052985,59.432574,0 18.053196,59.432715,0 18.053413,59.432853,0 18.053781,59.433063,0 18.054081,59.433231,0 18.054774,59.433636,0 18.055340,59.433954,0 18.055618,59.434109,0 18.056342,59.434525,0 18.056495,59.434620,0 18.056642,59.434717,0 18.057198,59.435077,0 18.057645,59.435380,0 18.057928,59.435588,0 18.058284,59.435870,0 18.058534,59.436084,0 18.058747,59.436284,0 18.058941,59.436477,0 18.059077,59.436621,0 18.059209,59.436763,0 18.059269,59.436826,0 18.059331,59.436882,0 18.059638,59.437147,0 18.059811,59.437288,0 18.059976,59.437416,0 18.060161,59.437549,0 18.060324,59.437646,0 18.060412,59.437695,0 18.060498,59.437743,0 18.060662,59.437825,0 18.060830,59.437906,0 18.061598,59.438265,0 18.062523,59.438702,0 18.064103,59.439442,0 18.065757,59.440215,0 18.067222,59.440902,0 18.067455,59.441011,0 18.068180,59.441355,0 18.069243,59.441852,0 18.069835,59.442129,0 18.073470,59.443837,0 18.073633,59.443915,0 18.074101,59.444130,0 18.074493,59.444307,0 18.074734,59.444410,0 18.074977,59.444509,0 18.075092,59.444555,0 18.075481,59.444699,0 18.075837,59.444819,0 18.076093,59.444899,0 18.076360,59.444977,0 18.076733,59.445077,0 18.077107,59.445176,0 18.077841,59.445364,0 18.078574,59.445549,0 18.080409,59.446019,0 18.081357,59.446261,0 18.081826,59.446379,0 18.082302,59.446496,0 18.082576,59.446558,0 18.083025,59.446652,0 18.083167,59.446678,0 18.083442,59.446728,0 18.083762,59.446780,0 18.084049,59.446822,0 18.084314,59.446856,0 18.084670,59.446895,0 18.085027,59.446931,0 18.085833,59.447004,0 18.086799,59.447090,0 18.088662,59.447252,0 18.092922,59.447649,0 18.093725,59.447723,0 18.096244,59.447953,0 18.098940,59.448174,0 18.099836,59.448247,0 18.100068,59.448270,0 18.100455,59.448315,0 18.100664,59.448343,0 18.100876,59.448375,0 18.101095,59.448410,0 18.101317,59.448450,0 18.101586,59.448503,0 18.101845,59.448560,0 18.102048,59.448610,0 18.102242,59.448660,0 18.102429,59.448710,0 18.102690,59.448787,0 18.102942,59.448867,0 18.103049,59.448904,0 18.103288,59.448991,0 18.103573,59.449098,0 18.103856,59.449205,0 18.104362,59.449406,0 18.104791,59.449579,0 18.105024,59.449682,0 18.105232,59.449778,0 18.105406,59.449872,0 18.105682,59.450023,0 18.105947,59.450179,0 18.106469,59.450495,0 18.107289,59.450989,0 18.108255,59.451580,0 18.109186,59.452143,0 18.109351,59.452238,0 18.109520,59.452327,0 18.109758,59.452444,0 18.109881,59.452497,0 18.110076,59.452574,0 18.110276,59.452641,0 18.110496,59.452714,0 18.110730,59.452774,0 18.110968,59.452829,0 18.111213,59.452876,0 18.111420,59.452912,0 18.111641,59.452943,0 18.111882,59.452968,0 18.112128,59.452988,0 18.112375,59.453002,0 18.112625,59.453007,0 18.112866,59.453004,0 18.113106,59.452995,0 18.113356,59.452977,0 18.113591,59.452956,0 18.113690,59.452944,0 18.113898,59.452916,0 18.114080,59.452887,0 18.114303,59.452845,0 18.114528,59.452797,0 18.114808,59.452734,0 18.115091,59.452667,0 18.115456,59.452580,0 18.115827,59.452494,0 18.116316,59.452393,0 18.116806,59.452295,0 18.117020,59.452256,0 18.117405,59.452190,0 18.117799,59.452127,0 18.118305,59.452054,0 18.118820,59.451983,0 18.120279,59.451776,0 18.121733,59.451569,0 18.122281,59.451486,0 18.122700,59.451421,0 18.122994,59.451373,0 18.123292,59.451322,0 18.123556,59.451271,0 18.124066,59.451167,0 18.124449,59.451084,0 18.125053,59.450942,0 18.125619,59.450797,0 18.126063,59.450675,0 18.126828,59.450456,0 18.127053,59.450392,0 18.127945,59.450125,0 18.128267,59.450039,0 18.128613,59.449965,0 18.128956,59.449908,0 18.129302,59.449866,0 18.129564,59.449842,0 18.129861,59.449827,0 18.130222,59.449820,0 18.130495,59.449827,0 18.130960,59.449852,0 18.131260,59.449884,0 18.131534,59.449925,0 18.131805,59.449970,0 18.132076,59.450031,0 18.132361,59.450106,0 18.132627,59.450188,0 18.132872,59.450273,0 18.133198,59.450411,0 18.133401,59.450511,0 18.133574,59.450611,0 18.133790,59.450745,0 18.134001,59.450907,0 18.134186,59.451074,0 18.134424,59.451336,0 18.137347,59.454789,0 18.138049,59.455607,0 18.138976,59.456712,0 18.139073,59.456826,0 18.139230,59.457013,0 18.139394,59.457206,0 18.139592,59.457430,0 18.139767,59.457601,0 18.139980,59.457792,0 18.140172,59.457944,0 18.140364,59.458091,0 18.140838,59.458435,0 18.141552,59.458946,0 18.142408,59.459559,0 18.143707,59.460493,0 18.144192,59.460836,0 18.144458,59.461008,0 18.144726,59.461181,0 18.145001,59.461337,0 18.145329,59.461515,0 18.145637,59.461657,0 18.145983,59.461814,0 18.146312,59.461946,0 18.146645,59.462074,0 18.147054,59.462213,0 18.147407,59.462323,0 18.147812,59.462438,0 18.148212,59.462540,0 18.148629,59.462635,0 18.149032,59.462716,0 18.149483,59.462795,0 18.149933,59.462869,0 18.150968,59.463027,0 18.152459,59.463253,0 18.152878,59.463326,0 18.153689,59.463463,0 18.154137,59.463544,0 18.154584,59.463629,0 18.155014,59.463714,0 18.155436,59.463801,0 18.155877,59.463898,0 18.156313,59.463999,0 18.156971,59.464155,0 18.157470,59.464280,0 18.158391,59.464509,0 18.160290,59.465007,0 18.161203,59.465252,0 18.161403,59.465311,0 18.161553,59.465359,0 18.161821,59.465451,0 18.162125,59.465566,0 18.162417,59.465689,0 18.162707,59.465834,0 18.162943,59.465963,0 18.163253,59.466151,0 18.163546,59.466348,0 18.163844,59.466551,0 18.164135,59.466758,0 18.164434,59.466948,0 18.164723,59.467123,0 18.165007,59.467269,0 18.165305,59.467407,0 18.165627,59.467542,0 18.165957,59.467668,0 18.166269,59.467774,0 18.166595,59.467873,0 18.166957,59.467962,0 18.167324,59.468045,0 18.167689,59.468111,0 18.168058,59.468170,0 18.168447,59.468216,0 18.168835,59.468254,0 18.169230,59.468277,0 18.169629,59.468294,0 18.170030,59.468295,0 18.170431,59.468289,0 18.170826,59.468267,0 18.171221,59.468240,0 18.171702,59.468188,0 18.172178,59.468133,0 18.172679,59.468063,0 18.173179,59.467990,0 18.173672,59.467908,0 18.174159,59.467817,0 18.174666,59.467716,0 18.175128,59.467616,0 18.175591,59.467503,0 18.176060,59.467379,0 18.176521,59.467250,0 18.176982,59.467117,0 18.179022,59.466507,0 18.179663,59.466320,0 18.179928,59.466246,0 18.180195,59.466175,0 18.180482,59.466100,0 18.180796,59.466024,0 18.181114,59.465953,0 18.181432,59.465887,0 18.181870,59.465805,0 18.182079,59.465768,0 18.182289,59.465732,0 18.182550,59.465692,0 18.182813,59.465654,0 18.183095,59.465616,0 18.183386,59.465581,0 18.183646,59.465551,0 18.184159,59.465498,0 18.184537,59.465466,0 18.184890,59.465442,0 18.185240,59.465420,0 18.185626,59.465402,0 18.186088,59.465386,0 18.186432,59.465378,0 18.186732,59.465376,0 18.187033,59.465377,0 18.187311,59.465382,0 18.187624,59.465391,0 18.187990,59.465407,0 18.188343,59.465425,0 18.188640,59.465444,0 18.188938,59.465466,0 18.189319,59.465502,0 18.189699,59.465542,0 18.190139,59.465595,0 18.190576,59.465655,0 18.191087,59.465735,0 18.191553,59.465819,0 18.192012,59.465907,0 18.192451,59.466006,0 18.192897,59.466112,0 18.193337,59.466226,0 18.193782,59.466352,0 18.198169,59.467688,0 18.199196,59.467988,0 18.199764,59.468141,0 18.200249,59.468259,0 18.200716,59.468361,0 18.201220,59.468465,0 18.201702,59.468556,0 18.202420,59.468679,0 18.203049,59.468770,0 18.203740,59.468856,0 18.205505,59.469073,0 18.207233,59.469283,0 18.208054,59.469377,0 18.208686,59.469433,0 18.209291,59.469479,0 18.210266,59.469526,0 18.211047,59.469544,0 18.211802,59.469547,0 18.212720,59.469526,0 18.213435,59.469495,0 18.214133,59.469463,0 18.216995,59.469331,0 18.219395,59.469215,0 18.219911,59.469194,0 18.220457,59.469179,0 18.221028,59.469177,0 18.221571,59.469180,0 18.222178,59.469199,0 18.222928,59.469239,0 18.223620,59.469292,0 18.224296,59.469363,0 18.224754,59.469419,0 18.225095,59.469465,0 18.225562,59.469536,0 18.226101,59.469629,0 18.226596,59.469726,0 18.227046,59.469822,0 18.227625,59.469958,0 18.228411,59.470169,0 18.229013,59.470353,0 18.229485,59.470509,0 18.230010,59.470701,0 18.230417,59.470863,0 18.230817,59.471030,0 18.231441,59.471317,0 18.232328,59.471753,0 18.233793,59.472475,0 18.234307,59.472724,0 18.235597,59.473363,0 18.236189,59.473656,0 18.237458,59.474280,0 18.237932,59.474512,0 18.238333,59.474701,0 18.238786,59.474895,0 18.239089,59.475015,0 18.239618,59.475205,0 18.239975,59.475321,0 18.240421,59.475444,0 18.240831,59.475551,0 18.241598,59.475722,0 18.242124,59.475819,0 18.242930,59.475936,0 18.244069,59.476051,0 18.245614,59.476203,0 18.246948,59.476334,0 18.247627,59.476402,0 18.253549,59.476993,0 18.255637,59.477205,0 18.256286,59.477292,0 18.256889,59.477400,0 18.257541,59.477547,0 18.258119,59.477707,0 18.258690,59.477894,0 18.259187,59.478084,0 18.259431,59.478190,0 18.259979,59.478455,0 18.260495,59.478723,0 18.261630,59.479326,0 18.262375,59.479718,0 18.263069,59.480081,0 18.263419,59.480237,0 18.263665,59.480343,0 18.263903,59.480423,0 18.264160,59.480510,0 18.264457,59.480594,0 18.264770,59.480673,0 18.265062,59.480734,0 18.265539,59.480815,0 18.266092,59.480879,0 18.266640,59.480919,0 18.267118,59.480933,0 18.267555,59.480925,0 18.267835,59.480909,0 18.268234,59.480882,0 18.268715,59.480838,0 18.269661,59.480747,0 18.270944,59.480625,0 18.271922,59.480531,0 18.272842,59.480452,0 18.273269,59.480423,0 18.273765,59.480398,0 18.274629,59.480367,0 18.275022,59.480358,0 18.278115,59.480290,0 18.280075,59.480249,0 18.283241,59.480180,0 18.284368,59.480156,0 18.289527,59.480038,0 18.289915,59.480022,0 18.290454,59.479992,0 18.291002,59.479947,0 18.292206,59.479825,0 18.293052,59.479738,0 18.293794,59.479665,0 18.294199,59.479625,0 18.295423,59.479500,0 18.295790,59.479463,0 18.296532,59.479388,0 18.298640,59.479172,0 18.299288,59.479106,0 18.299605,59.479064,0 18.299800,59.479033,0 18.300002,59.478997,0 18.300400,59.478907,0 18.300693,59.478831,0 18.300943,59.478753,0 18.301192,59.478665,0 18.301423,59.478575,0 18.301782,59.478408,0 18.301871,59.478362,0 18.302293,59.478123,0 18.302778,59.477828,0 18.302889,59.477763,0 18.303003,59.477699,0 18.303628,59.477334,0 18.304936,59.476561,0 18.306895,59.475403,0 18.307229,59.475183,0 18.307386,59.475058,0 18.307664,59.474806,0 18.307836,59.474596,0 18.307923,59.474464,0 18.307993,59.474343,0 18.308076,59.474163,0 18.308125,59.474012,0 18.308163,59.473894,0 18.308241,59.473585,0 18.308331,59.473210,0 18.308372,59.472837,0 18.308378,59.472627,0 18.308361,59.472352,0 18.308329,59.472142,0 18.308281,59.471899,0 18.308210,59.471645,0 18.308010,59.471131,0 18.307567,59.470045,0 18.307485,59.469825,0 18.307438,59.469687,0 18.307415,59.469582,0 18.307403,59.469536,0 18.307354,59.469346,0 18.307316,59.469112,0 18.307309,59.468975,0 18.307248,59.467878,0 18.307215,59.467625,0 18.307180,59.467455,0 18.307137,59.467283,0 18.307021,59.466955,0 18.306907,59.466666,0 18.306803,59.466383,0 18.306720,59.466132,0 18.306681,59.465952,0 18.306658,59.465794,0 18.306668,59.465597,0 18.306699,59.465433,0 18.306752,59.465294,0 18.306819,59.465159,0 18.306869,59.465077,0 18.306949,59.464966,0 18.307105,59.464789,0 18.307410,59.464495,0 18.308976,59.463089,0 18.309705,59.462433,0 18.309826,59.462318,0 18.310293,59.461903,0 18.311069,59.461213,0</coordinates></LineString></MultiGeometry></Placemark><Placemark><name>Roslagsbanan 29 · Tekniska högskolan–Näsbypark</name><styleUrl>#line-roslag</styleUrl><MultiGeometry><LineString><tessellate>1</tessellate><coordinates>18.070028,59.346777,0 18.065295,59.350345,0 18.065126,59.350746,0 18.065118,59.350766,0 18.065098,59.350814,0 18.065025,59.350983,0 18.064955,59.351127,0 18.064867,59.351281,0 18.064777,59.351409,0 18.064688,59.351521,0 18.064590,59.351630,0 18.064495,59.351722,0 18.064395,59.351810,0 18.064321,59.351871,0 18.064245,59.351930,0 18.064167,59.351989,0 18.064085,59.352047,0 18.063942,59.352138,0 18.063793,59.352227,0 18.063615,59.352322,0 18.063432,59.352415,0 18.063235,59.352500,0 18.063058,59.352572,0 18.062857,59.352645,0 18.062638,59.352717,0 18.062406,59.352792,0 18.062156,59.352870,0 18.061926,59.352944,0 18.061703,59.353022,0 18.061495,59.353103,0 18.061296,59.353191,0 18.061125,59.353272,0 18.060965,59.353360,0 18.060792,59.353463,0 18.060635,59.353570,0 18.060505,59.353670,0 18.060390,59.353765,0 18.060290,59.353861,0 18.060205,59.353951,0 18.060125,59.354042,0 18.060008,59.354200,0 18.059933,59.354321,0 18.059858,59.354475,0 18.059802,59.354626,0 18.059764,59.354781,0 18.059742,59.354945,0 18.059742,59.355105,0 18.059757,59.355254,0 18.059768,59.355308,0 18.059799,59.355429,0 18.059833,59.355548,0 18.059910,59.355755,0 18.060019,59.356036,0 18.060062,59.356172,0 18.060086,59.356275,0 18.060099,59.356342,0 18.060115,59.356436,0 18.060113,59.356597,0 18.060101,59.356742,0 18.060075,59.356886,0 18.060034,59.357027,0 18.059979,59.357166,0 18.059892,59.357331,0 18.059817,59.357449,0 18.059773,59.357511,0 18.059726,59.357572,0 18.059675,59.357633,0 18.059622,59.357694,0 18.059543,59.357778,0 18.059466,59.357856,0 18.059365,59.357954,0 18.059215,59.358089,0 18.059061,59.358221,0 18.058785,59.358452,0 18.058509,59.358683,0 18.058004,59.359105,0 18.057426,59.359589,0 18.057243,59.359745,0 18.057071,59.359895,0 18.056963,59.359995,0 18.056863,59.360090,0 18.056527,59.360418,0 18.056422,59.360521,0 18.056022,59.360915,0 18.055138,59.361786,0 18.054720,59.362193,0 18.054598,59.362312,0 18.054522,59.362383,0 18.054381,59.362510,0 18.054290,59.362588,0 18.054069,59.362767,0 18.053843,59.362945,0 18.053299,59.363353,0 18.052888,59.363657,0 18.052350,59.364056,0 18.052134,59.364215,0 18.051788,59.364473,0 18.051559,59.364641,0 18.050844,59.365172,0 18.050325,59.365557,0 18.050098,59.365733,0 18.049879,59.365913,0 18.049742,59.366044,0 18.049608,59.366180,0 18.049491,59.366315,0 18.049381,59.366453,0 18.049287,59.366589,0 18.049201,59.366728,0 18.049103,59.366918,0 18.049020,59.367110,0 18.048932,59.367349,0 18.048862,59.367594,0 18.048810,59.367836,0 18.048777,59.368083,0 18.048763,59.368327,0 18.048765,59.368561,0 18.048783,59.368789,0 18.048819,59.369020,0 18.048871,59.369245,0 18.048937,59.369471,0 18.049020,59.369693,0 18.049118,59.369915,0 18.049178,59.370032,0 18.049237,59.370145,0 18.049279,59.370222,0 18.049323,59.370298,0 18.049415,59.370453,0 18.049540,59.370683,0 18.049618,59.370839,0 18.049692,59.371009,0 18.049745,59.371170,0 18.049782,59.371319,0 18.049809,59.371482,0 18.049820,59.371633,0 18.049817,59.371793,0 18.049803,59.371945,0 18.049774,59.372109,0 18.049735,59.372251,0 18.049682,59.372409,0 18.049618,59.372552,0 18.049540,59.372705,0 18.049455,59.372845,0 18.049350,59.372991,0 18.049240,59.373130,0 18.049114,59.373270,0 18.048978,59.373406,0 18.048840,59.373533,0 18.048692,59.373654,0 18.048540,59.373774,0 18.048373,59.373888,0 18.048127,59.374047,0 18.047878,59.374201,0 18.047556,59.374405,0 18.047458,59.374475,0 18.047359,59.374544,0 18.047280,59.374601,0 18.047201,59.374657,0 18.047086,59.374752,0 18.046974,59.374850,0 18.046841,59.374975,0 18.046709,59.375108,0 18.046646,59.375172,0 18.046474,59.375354,0 18.046347,59.375481,0 18.046127,59.375704,0 18.046012,59.375821,0 18.045488,59.376362,0 18.045404,59.376448,0 18.045179,59.376679,0 18.045063,59.376800,0 18.044953,59.376916,0 18.044737,59.377145,0 18.044637,59.377257,0 18.044535,59.377368,0 18.044417,59.377518,0 18.044298,59.377670,0 18.044201,59.377809,0 18.044194,59.377819,0 18.043923,59.378273,0 18.043660,59.378729,0 18.043652,59.378742,0 18.043123,59.379654,0 18.042948,59.379937,0 18.042783,59.380221,0 18.042684,59.380427,0 18.042589,59.380657,0 18.042507,59.380897,0 18.042419,59.381170,0 18.042386,59.381368,0 18.042363,59.381531,0 18.042349,59.381694,0 18.042341,59.381840,0 18.042345,59.382065,0 18.042360,59.382291,0 18.042395,59.382506,0 18.042442,59.382724,0 18.042506,59.382927,0 18.042584,59.383129,0 18.042675,59.383321,0 18.042786,59.383518,0 18.042898,59.383686,0 18.043128,59.383994,0 18.043338,59.384260,0 18.043537,59.384524,0 18.043623,59.384644,0 18.043681,59.384732,0 18.043735,59.384820,0 18.043786,59.384909,0 18.043834,59.384997,0 18.043881,59.385091,0 18.043928,59.385193,0 18.043970,59.385294,0 18.044012,59.385405,0 18.044040,59.385486,0 18.044080,59.385632,0 18.044095,59.385690,0 18.044129,59.385829,0 18.044157,59.385969,0 18.044195,59.386227,0 18.044219,59.386448,0 18.044228,59.386503,0 18.044267,59.386878,0 18.044280,59.386997,0 18.044320,59.387276,0 18.044355,59.387452,0 18.044393,59.387633,0 18.044455,59.387811,0 18.044526,59.387988,0 18.044608,59.388161,0 18.044701,59.388332,0 18.045146,59.389088,0 18.045527,59.389731,0 18.045752,59.390111,0 18.046059,59.390626,0 18.046370,59.391140,0 18.046452,59.391264,0 18.046494,59.391324,0 18.046594,59.391463,0 18.046700,59.391602,0 18.046847,59.391773,0 18.047007,59.391951,0 18.047179,59.392123,0 18.047363,59.392293,0 18.047557,59.392460,0 18.047782,59.392639,0 18.047962,59.392772,0 18.048128,59.392887,0 18.048325,59.393022,0 18.048532,59.393151,0 18.048792,59.393305,0 18.049077,59.393462,0 18.049376,59.393614,0 18.049571,59.393709,0 18.049769,59.393799,0 18.050078,59.393932,0 18.050397,59.394060,0 18.050673,59.394162,0 18.050954,59.394261,0 18.051113,59.394312,0 18.051374,59.394394,0 18.051792,59.394520,0 18.052836,59.394825,0 18.053306,59.394960,0 18.053626,59.395043,0 18.053958,59.395122,0 18.054217,59.395186,0 18.054572,59.395270,0 18.054987,59.395372,0 18.055228,59.395438,0 18.055421,59.395496,0 18.055576,59.395545,0 18.055727,59.395597,0 18.055879,59.395656,0 18.056029,59.395716,0 18.056298,59.395830,0 18.056468,59.395900,0 18.056635,59.395971,0 18.056814,59.396052,0 18.057007,59.396151,0 18.057197,59.396267,0 18.057370,59.396386,0 18.057533,59.396523,0 18.057681,59.396666,0 18.057918,59.396948,0 18.057950,59.396985,0 18.058174,59.397265,0 18.058220,59.397329,0 18.058263,59.397398,0 18.058304,59.397475,0 18.058344,59.397540,0 18.058388,59.397603,0 18.058444,59.397673,0 18.058500,59.397734,0 18.058557,59.397791,0 18.058625,59.397854,0 18.058681,59.397901,0 18.058821,59.398005,0 18.058935,59.398077,0 18.059074,59.398158,0 18.059213,59.398231,0 18.059334,59.398288,0 18.059466,59.398344,0 18.059611,59.398399,0 18.059775,59.398454,0 18.059918,59.398496,0 18.060070,59.398537,0 18.060273,59.398579,0 18.060452,59.398614,0 18.060653,59.398645,0 18.060814,59.398665,0 18.060976,59.398680,0 18.061183,59.398694,0 18.061362,59.398701,0 18.061990,59.398711,0 18.062054,59.398712,0 18.062554,59.398722,0 18.062975,59.398730,0 18.063373,59.398747,0 18.063433,59.398750,0 18.063779,59.398776,0 18.064120,59.398810,0 18.064470,59.398854,0 18.064807,59.398906,0 18.065037,59.398947,0 18.065091,59.398957,0 18.065465,59.399037,0 18.065780,59.399113,0 18.066086,59.399197,0 18.066355,59.399280,0 18.066635,59.399374,0 18.066908,59.399478,0 18.067178,59.399585,0 18.067590,59.399766,0 18.067923,59.399907,0 18.068258,59.400048,0 18.068369,59.400095,0 18.068465,59.400136,0 18.069010,59.400378,0 18.069406,59.400560,0 18.069793,59.400747,0 18.070162,59.400938,0 18.070522,59.401133,0 18.070869,59.401336,0 18.071204,59.401543,0 18.071529,59.401757,0 18.071842,59.401974,0 18.072138,59.402196,0 18.072426,59.402424,0 18.072694,59.402654,0 18.072956,59.402886,0 18.073243,59.403142,0 18.073445,59.403346,0 18.073584,59.403501,0 18.073704,59.403662,0 18.073800,59.403817,0 18.073893,59.403989,0 18.073977,59.404170,0 18.074039,59.404342,0 18.074077,59.404514,0 18.074103,59.404698,0 18.074110,59.404885,0 18.074098,59.405072,0 18.074075,59.405258,0 18.074039,59.405447,0 18.074011,59.405581,0 18.073946,59.405860,0 18.073893,59.406077,0 18.073518,59.407619,0 18.073179,59.408981,0 18.073163,59.409042,0 18.072975,59.409809,0 18.072961,59.409883,0 18.072922,59.410024,0 18.072894,59.410150,0 18.072870,59.410272,0 18.072860,59.410436,0 18.072852,59.410565,0 18.072840,59.410829,0 18.072828,59.411138,0 18.072831,59.411298,0 18.072826,59.411379,0 18.072817,59.411447,0 18.072803,59.411516,0 18.072742,59.411709,0 18.072709,59.411811,0 18.072648,59.411963,0 18.072573,59.412112,0 18.072473,59.412252,0 18.072358,59.412390,0 18.072335,59.412414,0 18.072229,59.412525,0 18.072106,59.412636,0 18.071952,59.412756,0 18.071788,59.412875,0 18.071662,59.412951,0 18.071541,59.413021,0 18.071413,59.413091,0 18.071192,59.413198,0 18.070964,59.413302,0 18.069602,59.413900,0 18.069421,59.413986,0 18.069243,59.414073,0 18.069088,59.414151,0 18.068949,59.414227,0 18.068832,59.414294,0 18.068645,59.414411,0 18.068465,59.414532,0 18.068302,59.414662,0 18.068159,59.414796,0 18.068035,59.414935,0 18.067928,59.415078,0 18.067861,59.415168,0 18.067800,59.415267,0 18.067749,59.415367,0 18.067694,59.415519,0 18.067649,59.415671,0 18.067617,59.415872,0 18.067597,59.416072,0 18.067569,59.416611,0 18.067569,59.417011,0 18.067578,59.417169,0 18.067607,59.417347,0 18.067645,59.417496,0 18.067702,59.417645,0 18.067778,59.417787,0 18.067870,59.417928,0 18.067977,59.418069,0 18.068095,59.418203,0 18.068230,59.418333,0 18.068388,59.418464,0 18.068500,59.418551,0 18.068642,59.418652,0 18.069009,59.418907,0 18.069920,59.419529,0 18.071203,59.420405,0 18.071501,59.420610,0 18.071796,59.420815,0 18.071983,59.420963,0 18.072159,59.421114,0 18.072323,59.421266,0 18.072479,59.421421,0 18.072618,59.421583,0 18.072744,59.421746,0 18.072841,59.421895,0 18.072923,59.422047,0 18.072988,59.422188,0 18.073068,59.422386,0 18.073097,59.422468,0 18.073236,59.422826,0 18.073314,59.423025,0 18.073405,59.423225,0 18.073504,59.423390,0 18.073635,59.423580,0 18.073751,59.423721,0 18.073894,59.423877,0 18.074033,59.424012,0 18.074210,59.424158,0 18.074426,59.424321,0 18.074576,59.424421,0 18.075127,59.424773,0 18.076489,59.425640,0 18.076747,59.425802,0 18.076940,59.425920,0 18.077141,59.426034,0 18.077346,59.426141,0 18.077560,59.426243,0 18.077604,59.426264,0 18.077862,59.426370,0 18.078079,59.426453,0 18.078330,59.426540,0 18.078617,59.426628,0 18.078897,59.426702,0 18.079189,59.426770,0 18.079485,59.426829,0 18.079787,59.426881,0 18.080119,59.426928,0 18.080458,59.426967,0 18.080949,59.427013,0 18.081448,59.427054,0 18.084423,59.427292,0 18.085215,59.427354,0 18.085340,59.427364,0 18.087337,59.427526,0 18.088397,59.427608,0 18.088751,59.427641,0 18.089098,59.427681,0 18.089440,59.427725,0 18.089778,59.427777,0 18.090151,59.427844,0 18.090518,59.427919,0 18.090859,59.428001,0 18.091195,59.428090,0 18.091493,59.428176,0 18.091783,59.428269,0 18.091845,59.428290,0 18.092154,59.428400,0 18.092456,59.428517,0 18.092741,59.428641,0 18.093014,59.428770,0 18.093279,59.428905,0 18.093531,59.429048,0 18.093651,59.429114,0 18.094876,59.429838,0 18.094907,59.429856,0 18.095472,59.430194,0</coordinates></LineString></MultiGeometry></Placemark><Placemark><name>Saltsjöbanan 25 · Henriksdal–Saltsjöbaden</name><styleUrl>#line-saltsjo</styleUrl><MultiGeometry><LineString><tessellate>1</tessellate><coordinates>18.108423,59.312141,0 18.108793,59.311892,0 18.108921,59.311796,0 18.109253,59.311540,0 18.109386,59.311436,0 18.109510,59.311342,0 18.110091,59.310960,0 18.110902,59.310397,0 18.111797,59.309745,0 18.113201,59.308950,0 18.113416,59.308848,0 18.113695,59.308736,0 18.113947,59.308649,0 18.114198,59.308569,0 18.114414,59.308510,0 18.115278,59.308291,0 18.116117,59.308083,0 18.116375,59.308019,0 18.117638,59.307709,0 18.118484,59.307525,0 18.119157,59.307393,0 18.119553,59.307311,0 18.120106,59.307171,0 18.120390,59.307098,0 18.120482,59.307074,0 18.120944,59.306917,0 18.121304,59.306815,0 18.121644,59.306719,0 18.121881,59.306660,0 18.122153,59.306602,0 18.122343,59.306565,0 18.122579,59.306530,0 18.122855,59.306489,0 18.123192,59.306453,0 18.123493,59.306424,0 18.123866,59.306400,0 18.124197,59.306379,0 18.125328,59.306386,0 18.126603,59.306401,0 18.127784,59.306440,0 18.128279,59.306454,0 18.128710,59.306473,0 18.129091,59.306494,0 18.129343,59.306509,0 18.129642,59.306530,0 18.129998,59.306556,0 18.130426,59.306585,0 18.130840,59.306612,0 18.131137,59.306625,0 18.131294,59.306631,0 18.131567,59.306636,0 18.131962,59.306639,0 18.132453,59.306637,0 18.132984,59.306634,0 18.133625,59.306628,0 18.133990,59.306624,0 18.134805,59.306618,0 18.135342,59.306615,0 18.135914,59.306610,0 18.136644,59.306605,0 18.137247,59.306601,0 18.137782,59.306602,0 18.138820,59.306633,0 18.139410,59.306640,0 18.141451,59.306691,0 18.142466,59.306709,0 18.143421,59.306723,0 18.144900,59.306763,0 18.145498,59.306780,0 18.146405,59.306802,0 18.146942,59.306813,0 18.147277,59.306822,0 18.147824,59.306855,0 18.148592,59.306890,0 18.148843,59.306894,0 18.149251,59.306902,0 18.149647,59.306907,0 18.150281,59.306919,0 18.150913,59.306925,0 18.151295,59.306921,0 18.151396,59.306919,0 18.151412,59.306919,0 18.152341,59.306907,0 18.152701,59.306902,0 18.153111,59.306893,0 18.153531,59.306865,0 18.153954,59.306824,0 18.154410,59.306762,0 18.154884,59.306688,0 18.155461,59.306577,0 18.155959,59.306469,0 18.156399,59.306354,0 18.158527,59.305759,0 18.159313,59.305529,0 18.159791,59.305411,0 18.160083,59.305346,0 18.160348,59.305294,0 18.160691,59.305236,0 18.161012,59.305186,0 18.161384,59.305134,0 18.161693,59.305096,0 18.162550,59.304996,0 18.163097,59.304930,0 18.163740,59.304840,0 18.164435,59.304735,0 18.165410,59.304603,0 18.165948,59.304547,0 18.166445,59.304508,0 18.166850,59.304489,0 18.167274,59.304481,0 18.167587,59.304484,0 18.167601,59.304484,0 18.168241,59.304499,0 18.168539,59.304511,0 18.168928,59.304537,0 18.169250,59.304566,0 18.169576,59.304604,0 18.169862,59.304651,0 18.170374,59.304739,0 18.170794,59.304819,0 18.171529,59.304965,0 18.172353,59.305146,0 18.173122,59.305296,0 18.173774,59.305418,0 18.174186,59.305480,0 18.174561,59.305531,0 18.174993,59.305581,0 18.175539,59.305636,0 18.175886,59.305659,0 18.176250,59.305674,0 18.176580,59.305679,0 18.176981,59.305677,0 18.177296,59.305666,0 18.177575,59.305649,0 18.177817,59.305629,0 18.178149,59.305593,0 18.178278,59.305577,0 18.178515,59.305542,0 18.178817,59.305490,0 18.179078,59.305438,0 18.179250,59.305400,0 18.179444,59.305351,0 18.179813,59.305258,0 18.180205,59.305147,0 18.180388,59.305089,0 18.180697,59.304990,0 18.181144,59.304815,0 18.182097,59.304465,0 18.182933,59.304140,0 18.183286,59.303987,0 18.183695,59.303802,0 18.183988,59.303668,0 18.184378,59.303491,0 18.184757,59.303333,0 18.185157,59.303192,0 18.185951,59.302923,0 18.187285,59.302492,0 18.188533,59.302076,0 18.188865,59.301972,0 18.189244,59.301871,0 18.189659,59.301788,0 18.190152,59.301708,0 18.191052,59.301586,0 18.192257,59.301443,0 18.192837,59.301346,0 18.193405,59.301231,0 18.194036,59.301108,0 18.194686,59.301001,0 18.195149,59.300938,0 18.195576,59.300887,0 18.196643,59.300777,0 18.197160,59.300724,0 18.197679,59.300666,0 18.199010,59.300522,0 18.199898,59.300425,0 18.200280,59.300373,0 18.200450,59.300349,0 18.200978,59.300265,0 18.201289,59.300216,0 18.201779,59.300132,0 18.202199,59.300035,0 18.202744,59.299882,0 18.203681,59.299603,0 18.203745,59.299583,0 18.205071,59.299161,0 18.206325,59.298848,0 18.207024,59.298733,0 18.207724,59.298646,0 18.208127,59.298581,0 18.208612,59.298481,0 18.209497,59.298258,0 18.209726,59.298198,0 18.209800,59.298178,0 18.210385,59.298046,0 18.210696,59.297985,0 18.211072,59.297927,0 18.211847,59.297841,0 18.212635,59.297765,0 18.213299,59.297679,0 18.213616,59.297624,0 18.213921,59.297552,0 18.214538,59.297385,0 18.214995,59.297217,0 18.215603,59.296926,0 18.215834,59.296786,0 18.216009,59.296686,0 18.216521,59.296391,0 18.216970,59.296133,0 18.217225,59.296014,0 18.217488,59.295908,0 18.218004,59.295726,0 18.218341,59.295630,0 18.218676,59.295550,0 18.219002,59.295489,0 18.219344,59.295444,0 18.219760,59.295397,0 18.220187,59.295370,0 18.220794,59.295353,0 18.221405,59.295348,0 18.221790,59.295340,0 18.222201,59.295314,0 18.222559,59.295282,0 18.222906,59.295234,0 18.223400,59.295147,0 18.223877,59.295033,0 18.224711,59.294782,0 18.225126,59.294605,0 18.225489,59.294385,0 18.225998,59.294103,0 18.226141,59.294025,0 18.226399,59.293915,0 18.226711,59.293795,0 18.227172,59.293637,0 18.227416,59.293563,0 18.227627,59.293509,0 18.227957,59.293440,0 18.228229,59.293398,0 18.228547,59.293358,0 18.228966,59.293317,0 18.229306,59.293298,0 18.229806,59.293278,0 18.230323,59.293273,0 18.230777,59.293291,0 18.231118,59.293317,0 18.231295,59.293334,0 18.231423,59.293345,0 18.231502,59.293361,0 18.231769,59.293398,0 18.232014,59.293436,0 18.232271,59.293489,0 18.232457,59.293531,0 18.232761,59.293621,0 18.233108,59.293729,0 18.233423,59.293845,0 18.233732,59.293978,0 18.233977,59.294099,0 18.234244,59.294248,0 18.234547,59.294432,0 18.234851,59.294615,0 18.235133,59.294788,0 18.235492,59.294993,0 18.235655,59.295078,0 18.235829,59.295161,0 18.236035,59.295256,0 18.236195,59.295329,0 18.236377,59.295406,0 18.236693,59.295539,0 18.237031,59.295672,0 18.237373,59.295792,0 18.237655,59.295877,0 18.238009,59.295965,0 18.238326,59.296032,0 18.238571,59.296077,0 18.238839,59.296115,0 18.239200,59.296157,0 18.239583,59.296180,0 18.240341,59.296194,0 18.241114,59.296152,0 18.242828,59.296061,0 18.243668,59.296014,0 18.244606,59.296020,0 18.245653,59.296042,0 18.246183,59.296045,0 18.246697,59.296029,0 18.247026,59.296007,0 18.247350,59.295973,0 18.247671,59.295925,0 18.247987,59.295859,0 18.248703,59.295688,0 18.249360,59.295451,0 18.249899,59.295177,0 18.250276,59.294939,0 18.250692,59.294673,0 18.251136,59.294449,0 18.251323,59.294370,0 18.251494,59.294313,0 18.251892,59.294189,0 18.252502,59.294065,0 18.252943,59.294015,0 18.253450,59.294011,0 18.253901,59.294026,0 18.254255,59.294049,0 18.254962,59.294101,0 18.256127,59.294189,0 18.257263,59.294235,0 18.257723,59.294254,0 18.258101,59.294275,0 18.258470,59.294319,0 18.258801,59.294362,0 18.259080,59.294426,0 18.259755,59.294570,0 18.259906,59.294606,0 18.260104,59.294671,0 18.260281,59.294723,0 18.260488,59.294774,0 18.260880,59.294877,0 18.261264,59.294960,0 18.261664,59.295022,0 18.262134,59.295082,0 18.262431,59.295103,0 18.262795,59.295119,0 18.262905,59.295123,0 18.263443,59.295125,0 18.263991,59.295114,0 18.264453,59.295071,0 18.264863,59.295008,0 18.265310,59.294919,0 18.265888,59.294756,0 18.266337,59.294597,0 18.266803,59.294379,0 18.268191,59.293729,0 18.270264,59.292823,0 18.270680,59.292612,0 18.271078,59.292407,0 18.271327,59.292245,0 18.271910,59.291871,0 18.272314,59.291605,0 18.272614,59.291401,0 18.272962,59.291195,0 18.273365,59.290978,0 18.273866,59.290737,0 18.274432,59.290464,0 18.274936,59.290225,0 18.275140,59.290126,0 18.275784,59.289811,0 18.276278,59.289570,0 18.276429,59.289494,0 18.276899,59.289259,0 18.277303,59.289069,0 18.277559,59.288959,0 18.277613,59.288933,0 18.278139,59.288735,0 18.278388,59.288651,0 18.278638,59.288579,0 18.278916,59.288506,0 18.279203,59.288445,0 18.279650,59.288369,0 18.279984,59.288323,0 18.280265,59.288285,0 18.280497,59.288262,0 18.280680,59.288249,0 18.280896,59.288235,0 18.281130,59.288228,0 18.281319,59.288227,0 18.281546,59.288229,0 18.281777,59.288235,0 18.282231,59.288252,0 18.282686,59.288279,0 18.283626,59.288341,0 18.283939,59.288361,0 18.287787,59.288606,0 18.288267,59.288641,0 18.288335,59.288644,0 18.289314,59.288708,0 18.289631,59.288721,0 18.289810,59.288724,0 18.289883,59.288725,0 18.289976,59.288727,0 18.290238,59.288729,0 18.290463,59.288730,0 18.290691,59.288724,0 18.290922,59.288715,0 18.291147,59.288699,0 18.291367,59.288674,0 18.291566,59.288649,0 18.291772,59.288617,0 18.292003,59.288571,0 18.292274,59.288513,0 18.292496,59.288458,0 18.292719,59.288390,0 18.292836,59.288348,0 18.292926,59.288316,0 18.293113,59.288243,0 18.293274,59.288171,0 18.293441,59.288091,0 18.293623,59.287984,0 18.293838,59.287851,0 18.294056,59.287696,0 18.294243,59.287582,0 18.294318,59.287522,0 18.294532,59.287352,0 18.294804,59.287108,0 18.295333,59.286603,0 18.295581,59.286367,0 18.296371,59.285613,0 18.296529,59.285462,0 18.296685,59.285319,0 18.296862,59.285189,0 18.297029,59.285063,0 18.297225,59.284928,0 18.297896,59.284571,0 18.298613,59.284222,0 18.299040,59.284050,0 18.299503,59.283894,0 18.300176,59.283689,0 18.300857,59.283486,0 18.302257,59.283086,0 18.302916,59.282894,0 18.302977,59.282876,0 18.303172,59.282818,0 18.303935,59.282579,0 18.304266,59.282449,0 18.304428,59.282374,0 18.304604,59.282291,0 18.304962,59.282084,0 18.305280,59.281856,0 18.305684,59.281488,0 18.306051,59.281094,0 18.306340,59.280789,0 18.306487,59.280641,0 18.306661,59.280494,0 18.306875,59.280333,0 18.307110,59.280183,0 18.307353,59.280040,0 18.307614,59.279909,0 18.307978,59.279748,0 18.308375,59.279601,0 18.309193,59.279341,0 18.309525,59.279244,0 18.309788,59.279194,0 18.309988,59.279167,0 18.310144,59.279148,0 18.310299,59.279134,0 18.310504,59.279121,0 18.310782,59.279104,0 18.310957,59.279096,0 18.311018,59.279093,0 18.311082,59.279090,0 18.311187,59.279086,0 18.312288,59.279040,0</coordinates></LineString></MultiGeometry></Placemark><Placemark><name>Saltsjöbanan 26 · Igelboda–Solsidan</name><styleUrl>#line-saltsjo</styleUrl><MultiGeometry><LineString><tessellate>1</tessellate><coordinates>18.275715,59.289757,0 18.275399,59.289908,0 18.275310,59.289953,0 18.276529,59.289364,0 18.276683,59.289274,0 18.276847,59.289173,0 18.277008,59.289065,0 18.277204,59.288916,0 18.277396,59.288724,0 18.277544,59.288561,0 18.277615,59.288465,0 18.277667,59.288389,0 18.277755,59.288239,0 18.277820,59.288104,0 18.277878,59.287891,0 18.277935,59.287678,0 18.277981,59.287470,0 18.277989,59.287345,0 18.277981,59.287197,0 18.277980,59.287045,0 18.277906,59.286606,0 18.277831,59.286141,0 18.277775,59.285779,0 18.277650,59.285086,0 18.277611,59.284914,0 18.277547,59.284698,0 18.277440,59.284431,0 18.277324,59.284187,0 18.277085,59.283749,0 18.277011,59.283609,0 18.276862,59.283354,0 18.276594,59.282836,0 18.276504,59.282558,0 18.276487,59.282275,0 18.276511,59.282050,0 18.276571,59.281829,0 18.276906,59.281290,0 18.277214,59.281011,0 18.277320,59.280920,0 18.277387,59.280866,0 18.277557,59.280739,0 18.277783,59.280597,0 18.278033,59.280464,0 18.278269,59.280351,0 18.278494,59.280249,0 18.278892,59.280117,0 18.279909,59.279787,0 18.280158,59.279710,0 18.280366,59.279638,0 18.281647,59.279219,0 18.282148,59.279004,0 18.282347,59.278928,0 18.282564,59.278841,0 18.282604,59.278828,0 18.282829,59.278749,0 18.283078,59.278663,0 18.283276,59.278569,0 18.283433,59.278490,0 18.283579,59.278408,0 18.283706,59.278331,0 18.283818,59.278260,0 18.283933,59.278179,0 18.284043,59.278095,0 18.284165,59.277999,0 18.284270,59.277906,0 18.284423,59.277765,0 18.284555,59.277581,0 18.284631,59.277484,0 18.284691,59.277366,0 18.284727,59.277288,0 18.284776,59.277192,0 18.284810,59.277100,0 18.284851,59.276976,0 18.284884,59.276820,0 18.284889,59.276614,0 18.284873,59.276403,0 18.284842,59.276237,0 18.284780,59.276049,0 18.284697,59.275869,0 18.284603,59.275689,0 18.284408,59.275416,0 18.284308,59.275269,0 18.284203,59.275031,0 18.284133,59.274779,0 18.284096,59.274520,0 18.284112,59.274300,0 18.284161,59.274055,0 18.284250,59.273835,0 18.284275,59.273783,0 18.284374,59.273643,0 18.284551,59.273457,0 18.284680,59.273324,0 18.284816,59.273199,0 18.284945,59.273093,0 18.285085,59.272985,0 18.285232,59.272884,0 18.285587,59.272672,0 18.285810,59.272561,0 18.286062,59.272451,0 18.286319,59.272351,0 18.286480,59.272295,0 18.286669,59.272236,0 18.286856,59.272179,0 18.287068,59.272120,0 18.287379,59.272041,0 18.292036,59.271001,0 18.292212,59.270967,0 18.292421,59.270926,0 18.292694,59.270882,0 18.292937,59.270852,0 18.293117,59.270834,0 18.293382,59.270814,0 18.293640,59.270803,0 18.293850,59.270797,0 18.294089,59.270793,0 18.294301,59.270793,0 18.294493,59.270798,0 18.294667,59.270804,0 18.294862,59.270813,0 18.295173,59.270831,0 18.295531,59.270861,0 18.296122,59.270910,0</coordinates></LineString></MultiGeometry></Placemark></Folder></Document></kml>